,exp,beta_i,t0,std,mean
0,10000,1.0,200,0.9949381852421331,3.00873224049635
1,10001,1.0,200,0.9951797446349714,2.998688666532224
2,10002,1.0,200,1.0072228429658723,2.995043996388302
3,10003,1.0,200,1.0113386412545293,2.9717148928897155
4,10004,1.0,200,1.0037079056326148,2.9843863661999017
5,10005,1.0,200,0.9875448454898669,2.9951806424576732
6,10006,1.0,200,0.9863784524271377,2.981337979646079
7,10007,1.0,200,1.013446859043023,2.9842422012390055
8,10008,1.0,200,1.0072577584277076,2.9836946952453363
9,10009,1.0,200,0.9914593289248866,2.9875690328453897
10,10010,1.0,200,1.0011406464401424,2.989013614470494
11,10011,1.0,200,1.0114290238570893,2.976186975311203
12,10012,1.0,200,0.9967514872141564,2.9917249428293924
13,10013,1.0,200,0.9921670639825748,2.9791056437929795
14,10014,1.0,200,1.0042489870462692,2.9767527880513827
15,10015,1.0,200,0.9909036946731492,2.9882012295253966
16,10016,1.0,200,0.9952818186584889,2.980842336834968
17,10017,1.0,200,0.9954885877082751,2.9864464641302866
18,10018,1.0,200,0.999331823791672,2.9847040405489316
19,10019,1.0,200,0.9980016677749154,2.9843369835086895
20,10020,1.0,200,1.0090724189519258,2.971535161808059
21,10021,1.0,200,1.005769958320898,2.9794613846130966
22,10022,1.0,200,0.9993520026189568,3.0004547375904713
23,10023,1.0,200,1.0070163242418149,2.9813010901453665
24,10024,1.0,200,0.9964384931509166,2.9952914870869543
25,10025,1.0,200,1.010035794205797,2.9980565266399593
26,10026,1.0,200,1.0011322893571744,2.9953011203063724
27,10027,1.0,200,0.9990018405386059,2.9799905849929464
28,10028,1.0,200,0.996275705736849,2.9861464026717353
29,10029,1.0,200,0.9915323404920358,3.00331019820461
30,10030,1.0,200,0.9997386536961896,2.972424092498332
31,10031,1.0,200,0.9846447567084045,2.9872012886713724
32,10032,1.0,200,1.0036003930497999,2.9884635239565442
33,10033,1.0,200,1.0089800749544415,2.97369871042775
34,10034,1.0,200,0.9979058380879053,2.97340522063815
35,10035,1.0,200,1.000166747126616,2.9868134248817504
36,10036,1.0,200,0.999895016177341,2.9872393603325453
37,10037,1.0,200,1.0055988476150568,2.986397161735169
38,10038,1.0,200,1.0055495523096565,2.9747623091821405
39,10039,1.0,200,0.9982492738792554,2.988411905574496
40,10040,1.0,200,0.9999911351476871,2.985733453398152
41,10041,1.0,200,1.0040104047754477,2.997663545952156
42,10042,1.0,200,0.9965695764876429,2.9660391700659963
43,10043,1.0,200,0.9872110248259615,2.9981280362087044
44,10044,1.0,200,1.0081419693477942,2.9938901283456465
45,10045,1.0,200,0.997875837119345,2.9786930767628346
46,10046,1.0,200,0.9998344709383475,2.992426354631566
47,10047,1.0,200,1.0024000696012607,2.995067456541778
48,10048,1.0,200,1.0144704757215528,2.9859489298940134
49,10049,1.0,200,0.9955017098076292,3.00630973848756
50,10050,1.0,200,1.005325214945969,2.9813693186621815
51,10051,1.0,200,0.9979510447969497,2.990613603400073
52,10052,1.0,200,0.9991993973736266,2.9890501385593606
53,10053,1.0,200,0.9995590547082932,2.9787938022927802
54,10054,1.0,200,0.9976188951706139,3.001117102598273
55,10055,1.0,200,1.0020971922860993,2.9875362675618806
56,10056,1.0,200,1.0017491147593318,2.987192089031974
57,10057,1.0,200,1.0007003401792018,2.993004726968166
58,10058,1.0,200,1.0071602683755543,2.9829424717382453
59,10059,1.0,200,0.9820407738576685,2.995815536824223
60,10060,1.0,200,0.9992793273214081,2.9979240281903308
61,10061,1.0,200,1.0009871016256424,2.988206809564774
62,10062,1.0,200,1.0047708347211204,2.981072062226171
63,10063,1.0,200,1.0110748461394279,3.0022458326106554
64,10064,1.0,200,0.9968556858892352,2.978546672320741
65,10065,1.0,200,0.9964839339008439,2.9873278023598298
66,10066,1.0,200,1.0079638501629753,2.9994563251891533
67,10067,1.0,200,1.0024860785577985,2.985985070200182
68,10068,1.0,200,0.9978440856718052,2.9978579460147126
69,10069,1.0,200,1.010009593690607,2.9779945202283122
70,10070,1.0,200,0.9926604308015559,2.9857999296058986
71,10071,1.0,200,0.9929632360751528,3.0043710239855534
72,10072,1.0,200,1.0046712132680975,2.9817341996863953
73,10073,1.0,200,1.002083872551593,2.990240940740949
74,10074,1.0,200,1.0073954159224405,2.9884546432946824
75,10075,1.0,200,0.9975008772208579,2.9947690969793492
76,10076,1.0,200,1.006516570667894,2.9816484074313006
77,10077,1.0,200,1.0062297875728743,2.982664302842695
78,10078,1.0,200,1.0089870239879226,2.9946313693860285
79,10079,1.0,200,1.0064526117173567,2.994838423354653
80,10080,1.0,200,0.9957695112490361,2.983190333633143
81,10081,1.0,200,1.0004748523827975,2.98667949690586
82,10082,1.0,200,0.9957795201399533,2.977937393207624
83,10083,1.0,200,1.0125017256841216,2.990594625113269
84,10084,1.0,200,0.9966678822233976,2.984542248649668
85,10085,1.0,200,1.0046808874499282,2.987315980659605
86,10086,1.0,200,1.014634602192562,2.9764856214686177
87,10087,1.0,200,1.0155781808436042,2.9931318932758666
88,10088,1.0,200,0.9944333939177575,2.986717572891963
89,10089,1.0,200,1.0098644034999835,2.9889863699357124
90,10090,1.0,200,1.0025269950465467,2.9911894739545213
91,10091,1.0,200,0.9944967432807058,2.98662892879002
92,10092,1.0,200,1.001253884926533,2.9782671446389655
93,10093,1.0,200,1.0104337098145588,3.0023572489407266
94,10094,1.0,200,1.0035086875910826,2.9910650681666313
95,10095,1.0,200,0.9944678123557932,2.980428327139231
96,10096,1.0,200,1.0034018920499514,3.006757266945166
97,10097,1.0,200,1.0016238310002135,2.994133944445428
98,10098,1.0,200,0.9990628100415344,2.985355927523762
99,10099,1.0,200,1.0042788470484925,2.994420797999894
100,10100,1.0,400,1.0156320957303022,2.982962946262287
101,10101,1.0,400,1.0080454141002377,2.9771494343844482
102,10102,1.0,400,1.000813214726573,2.977755144729637
103,10103,1.0,400,1.0003583892880568,2.985681251280628
104,10104,1.0,400,1.0048465650043286,2.991649512084888
105,10105,1.0,400,0.9874837571210879,2.999598420753723
106,10106,1.0,400,1.008827641857472,2.985652567460331
107,10107,1.0,400,0.992864482783635,2.996664589499021
108,10108,1.0,400,0.996219285440217,2.986949984473882
109,10109,1.0,400,1.00821617652648,2.9984273845445273
110,10110,1.0,400,0.992763572076299,2.9790244110103266
111,10111,1.0,400,1.0074516876831843,2.9761349626331386
112,10112,1.0,400,1.0035415400751484,2.988031096962783
113,10113,1.0,400,0.9949472691523467,2.986678568688008
114,10114,1.0,400,1.0107875111749032,2.9863741762929727
115,10115,1.0,400,0.9976731286581243,2.991686600377143
116,10116,1.0,400,0.9995882938022872,2.989096783373943
117,10117,1.0,400,0.997684969556289,2.987767434852863
118,10118,1.0,400,1.0094528506277094,2.9835148491456893
119,10119,1.0,400,1.007126611989733,2.992920385325008
120,10120,1.0,400,0.9994488912480417,2.9884534289262037
121,10121,1.0,400,0.9952529559743265,2.9762008627264387
122,10122,1.0,400,1.0003451433612143,2.9834018145868564
123,10123,1.0,400,0.9982059827521013,2.9942416249532147
124,10124,1.0,400,0.9844011800836265,3.0016969611302953
125,10125,1.0,400,1.0056334634732162,2.9707874018059384
126,10126,1.0,400,1.0019796290893206,2.975288096847338
127,10127,1.0,400,1.0083123502627012,2.983515189445979
128,10128,1.0,400,1.0033292057029934,2.9790038027484727
129,10129,1.0,400,1.0035419457114478,2.9843985858259137
130,10130,1.0,400,1.0109279849221555,2.986527838900795
131,10131,1.0,400,1.0047101755237708,2.9963046392820796
132,10132,1.0,400,0.9928707791992736,2.9861001065890664
133,10133,1.0,400,0.9978336702356108,2.995750749183922
134,10134,1.0,400,0.9993115313371301,2.9865698849490387
135,10135,1.0,400,1.0010968199774244,2.9917932072282776
136,10136,1.0,400,1.0102123267992245,2.9963214429419276
137,10137,1.0,400,0.9924297371248588,2.9869144626572774
138,10138,1.0,400,1.0033697846497378,2.992985831578955
139,10139,1.0,400,1.0098410666271487,2.9924108275507426
140,10140,1.0,400,1.0109602833161493,2.9993744287672106
141,10141,1.0,400,1.0027105386181987,2.9738544096616355
142,10142,1.0,400,0.9867135226271022,2.9914273415425763
143,10143,1.0,400,0.9918312777606749,2.9977700504549754
144,10144,1.0,400,1.0060919566860527,2.9858372667203836
145,10145,1.0,400,0.999619081025348,2.9936699802500777
146,10146,1.0,400,0.998825918160674,2.984323506331012
147,10147,1.0,400,0.9953040634607351,2.9955934393027754
148,10148,1.0,400,1.000181901889182,2.999417274999324
149,10149,1.0,400,0.9964130812247477,2.9954300107669605
150,10150,1.0,400,1.002806461620414,2.987422750464761
151,10151,1.0,400,1.0056205490416632,2.9864685365285135
152,10152,1.0,400,0.998129437896224,2.9921956341833686
153,10153,1.0,400,1.0081225948357646,2.9992278160823256
154,10154,1.0,400,0.9990434956258936,3.001189616515144
155,10155,1.0,400,1.0047993904890373,2.9929203959500876
156,10156,1.0,400,1.0002728265893166,2.998890956247871
157,10157,1.0,400,1.004621390762151,2.978197151216486
158,10158,1.0,400,1.0070345129320644,2.9824412182272733
159,10159,1.0,400,0.9933059778292719,2.986262877911148
160,10160,1.0,400,1.0126008059492517,2.9805866901488463
161,10161,1.0,400,1.0015130160758914,2.9910632006269853
162,10162,1.0,400,0.9898078731632047,2.9857249599752578
163,10163,1.0,400,0.992464084379898,2.987997773460584
164,10164,1.0,400,1.0111485683485948,2.9823345320034695
165,10167,1.0,400,0.9937529855199486,2.9832591984983536
166,10168,1.0,400,1.0022939474141495,2.9967965466962676
167,10169,1.0,400,1.0159798749352125,2.996037085347969
168,10170,1.0,400,1.012192528443407,2.975130026736406
169,10171,1.0,400,0.9988552685516415,2.9812776903474947
170,10172,1.0,400,0.9937635505159392,2.9993028503452397
171,10173,1.0,400,1.0046534756183771,2.9846969299136505
172,10174,1.0,400,0.9983427850038915,2.9961527668707766
173,10175,1.0,400,0.9974384309964186,2.9883461338706914
174,10176,1.0,400,0.9997875126341752,2.982644884255699
175,10177,1.0,400,1.005981526722676,2.995566220826402
176,10178,1.0,400,0.9998743577821152,2.9884341765558395
177,10179,1.0,400,0.9975321631380636,2.9897736104240455
178,10180,1.0,400,1.0067622418982274,2.975489601271452
179,10181,1.0,400,1.0028784320089799,2.9747539869042576
180,10182,1.0,400,0.9988760854264743,3.000721287726729
181,10183,1.0,400,0.997753303865594,3.003974461216805
182,10184,1.0,400,1.005141184517478,2.9836803648163697
183,10185,1.0,400,1.0058009301392459,2.9974915920503213
184,10186,1.0,400,1.0075997103584033,2.9893305827392718
185,10187,1.0,400,0.998955021762586,2.9715388025349343
186,10188,1.0,400,0.9877420572552318,2.996374568053934
187,10189,1.0,400,0.9962869683519339,2.9929765716706167
188,10190,1.0,400,1.0024436452296732,2.9781632591651443
189,10191,1.0,400,0.9997457878774357,2.978944894493973
190,10192,1.0,400,1.00376647737793,2.990534137446617
191,10193,1.0,400,1.0127864983331711,2.9840700616106126
192,10194,1.0,400,0.9988747325355565,2.9944129524009626
193,10195,1.0,400,1.0037465397408967,3.0006257272660184
194,10196,1.0,400,0.9962263962071105,2.97469563675842
195,10197,1.0,400,0.9998048552100964,2.9849397568700864
196,10198,1.0,400,0.9968249000316286,2.9890454204971055
197,10199,1.0,400,1.0150995165942018,2.975600333500542
198,10200,1.0,600,1.002321459618141,2.9808707910790653
199,10201,1.0,600,1.001781129479263,2.9858667883206307
200,10202,1.0,600,1.0007083168214388,2.963046326583057
201,10203,1.0,600,1.0020025519643982,2.984169253328342
202,10204,1.0,600,0.995132900885252,2.982290659201015
203,10205,1.0,600,1.0043366039380073,2.9912286979855893
204,10206,1.0,600,1.002168695722268,2.9793186537495875
205,10207,1.0,600,1.0108628593180078,2.9779585244618803
206,10208,1.0,600,0.9998128537771451,2.9977772672975385
207,10209,1.0,600,0.9899383319008926,3.004459363273738
208,10210,1.0,600,1.0010580508404008,3.00384704268696
209,10211,1.0,600,1.0062693425993596,3.011359361826602
210,10212,1.0,600,0.9918454186737208,2.9971287007922163
211,10213,1.0,600,1.0111923584755877,2.9767579948126315
212,10214,1.0,600,0.988882698270204,2.9726033566491292
213,10215,1.0,600,1.0079007475260473,2.9874845127216623
214,10216,1.0,600,1.0045214034149956,3.0005642481956114
215,10217,1.0,600,1.0010276589718612,3.0039242008865643
216,10218,1.0,600,1.0028034920388607,3.0028435859395737
217,10219,1.0,600,0.9960307572037316,2.999799733320272
218,10220,1.0,600,0.999874217375204,2.980894585631042
219,10221,1.0,600,0.99698847651323,2.995867823712419
220,10222,1.0,600,1.006070013602123,2.9946376184975194
221,10223,1.0,600,1.014699330412019,2.993245533226857
222,10224,1.0,600,1.003398679314316,2.9885112366075846
223,10225,1.0,600,0.991885513017633,2.988083928149652
224,10226,1.0,600,0.9949003056471784,2.979556150232594
225,10227,1.0,600,0.9965540291107106,2.9729766509617694
226,10228,1.0,600,1.0019611573621223,3.001639017999321
227,10229,1.0,600,1.0005946033229052,2.9908226911532423
228,10230,1.0,600,1.0048563359438436,3.002812242772592
229,10231,1.0,600,1.0065493420292935,2.9968945939344604
230,10232,1.0,600,0.9995545796862416,2.9677946827439974
231,10233,1.0,600,1.0078300658781312,2.9936343320061085
232,10234,1.0,600,0.9855130154653573,2.991334855975678
233,10235,1.0,600,0.9921480690602227,2.9916452990508224
234,10236,1.0,600,1.003092131000217,2.9889151741813347
235,10237,1.0,600,0.9974056970793367,2.9908037836962444
236,10238,1.0,600,1.0012839891156275,2.9848223354757244
237,10239,1.0,600,0.9982634452502959,2.992747268154609
238,10240,1.0,600,0.9906962673124227,2.9857904708375522
239,10241,1.0,600,1.0023920169073377,2.985848210821165
240,10242,1.0,600,0.9950432466707062,2.9878702745005885
241,10243,1.0,600,0.9944529119451356,2.9682905470449534
242,10244,1.0,600,1.0041080724682092,2.9923331013434966
243,10245,1.0,600,0.9812931751606089,2.974363986912825
244,10246,1.0,600,0.9955932643183697,2.9923748542562674
245,10247,1.0,600,1.007864301426207,2.9864994011792323
246,10248,1.0,600,0.9995007307124487,2.991945350566301
247,10249,1.0,600,1.00636464148739,3.0004342269286446
248,10250,1.0,600,1.0006808328108192,3.00343637840977
249,10251,1.0,600,1.0047006996593015,2.9913250363606765
250,10252,1.0,600,1.0041231065615372,2.985299313469429
251,10253,1.0,600,0.9906070673035178,2.9920484124223368
252,10254,1.0,600,1.008954447231119,2.984481488166691
253,10255,1.0,600,0.9957218091772168,2.987702401818767
254,10256,1.0,600,1.006425242553279,2.983552105951854
255,10257,1.0,600,1.0091120417749424,2.985930014381975
256,10258,1.0,600,1.001601569916553,2.9856561133300037
257,10259,1.0,600,1.0036411484023875,3.0043009703925945
258,10260,1.0,600,0.9986532452048273,2.9893754622355
259,10261,1.0,600,1.0010112897375125,2.9855138151051643
260,10262,1.0,600,1.0001765002067888,2.98691648988803
261,10263,1.0,600,0.9984266634577551,2.983976148468958
262,10264,1.0,600,1.0043176650842347,2.9851011562990055
263,10265,1.0,600,1.0205432761036541,2.9801531330285482
264,10266,1.0,600,1.009297322112384,2.9828435229577024
265,10267,1.0,600,1.012243530555882,2.9797724298974275
266,10268,1.0,600,1.0097081431634465,2.975191927744145
267,10269,1.0,600,1.0062203515993349,2.9858038146052914
268,10270,1.0,600,0.9957519411139405,2.9844025011715534
269,10271,1.0,600,1.005559388412883,2.9888258782394836
270,10272,1.0,600,1.0047914572202803,3.0050156539004895
271,10273,1.0,600,1.0008914373794804,2.9912316699723385
272,10274,1.0,600,1.0095193477120794,2.977815302120086
273,10275,1.0,600,1.0038015664906865,2.994217874593582
274,10276,1.0,600,0.9924574115329378,2.992913176137654
275,10277,1.0,600,1.007491288144131,2.9914586734407065
276,10278,1.0,600,0.9925775228405614,2.996077603684287
277,10279,1.0,600,1.0081019822274517,2.9663308647532416
278,10280,1.0,600,1.0022629824876832,2.985322357962665
279,10281,1.0,600,1.0153306398413666,2.976977695561063
280,10282,1.0,600,1.0056938295709372,2.9823639008700487
281,10283,1.0,600,1.0053070881613235,2.9925897036921647
282,10284,1.0,600,0.9901425787293616,2.9972835193475196
283,10285,1.0,600,0.995256799931257,2.9763372282287617
284,10286,1.0,600,1.0044225575176422,2.9892347536619157
285,10287,1.0,600,1.0039859526951194,2.9855707732722707
286,10288,1.0,600,0.9958202846547823,2.9727173731167995
287,10289,1.0,600,1.0064884140803876,2.984152008549747
288,10290,1.0,600,1.0004042023691155,2.992356230684247
289,10291,1.0,600,1.0124850954147617,2.9869187079949326
290,10292,1.0,600,1.0000578846524213,2.9870619706854695
291,10293,1.0,600,0.9914632933754222,3.000216836099944
292,10294,1.0,600,1.0139043072786347,2.9849891824621397
293,10295,1.0,600,1.0014164300949262,2.9759448405112927
294,10296,1.0,600,1.002143650073014,2.9869758988636574
295,10297,1.0,600,0.9969913767254607,2.974845865458451
296,10298,1.0,600,1.0085339857982647,2.9893394395525688
297,10299,1.0,600,1.0050700064621674,3.0006973673487263
298,10300,1.0,800,1.0070945132354214,2.9656697162260737
299,10301,1.0,800,1.0062075591081394,2.9896440351491664
300,10302,1.0,800,1.0108052996175618,3.007896146263653
301,10303,1.0,800,1.0036178783885634,2.996970366909629
302,10304,1.0,800,0.9990334816920476,2.996017372608055
303,10305,1.0,800,1.0046811035297825,2.9876684364547548
304,10306,1.0,800,0.997968618971018,2.9912045108740406
305,10307,1.0,800,0.99547268544243,2.9884373902657813
306,10308,1.0,800,0.9961431635271539,2.99885613607096
307,10309,1.0,800,0.9896009215819044,2.9889648116755128
308,10310,1.0,800,1.0011646283419344,3.0095818866084434
309,10311,1.0,800,1.0035526084772861,2.9887586282703014
310,10312,1.0,800,0.9960595979290474,2.997753496402036
311,10313,1.0,800,0.9925531381936764,2.9829967522373133
312,10314,1.0,800,0.9970753113639199,2.975009633783718
313,10315,1.0,800,0.993879508155018,2.982297223467743
314,10316,1.0,800,1.009540357193655,2.981682474503804
315,10317,1.0,800,0.9895948715269484,2.986453713748335
316,10318,1.0,800,0.9980006750355972,3.0030840877216596
317,10319,1.0,800,1.0031438277494762,2.987026210875125
318,10320,1.0,800,0.9873346093234485,3.0046684543946736
319,10321,1.0,800,1.0039861520060211,2.995002684220515
320,10322,1.0,800,1.0187280546784243,2.9844824306760587
321,10323,1.0,800,0.9989692458359821,2.981884878758678
322,10324,1.0,800,0.9998372785540182,3.0026059904509625
323,10325,1.0,800,1.0002038764136882,2.9783099486890157
324,10326,1.0,800,0.9949575689630794,2.992205225775456
325,10327,1.0,800,1.0122828791216343,2.981176105011742
326,10328,1.0,800,0.9946197223713817,2.993219139740958
327,10329,1.0,800,1.002841856183445,2.987142517747287
328,10330,1.0,800,1.0155804014022594,2.991330952966839
329,10331,1.0,800,0.9871843786095272,2.985058418652259
330,10332,1.0,800,1.0004432237167173,2.9781810242705093
331,10333,1.0,800,1.0077016463782638,2.986671539705795
332,10334,1.0,800,1.0052491828512935,2.980072354548622
333,10335,1.0,800,1.003901187330842,2.9974983825127204
334,10336,1.0,800,0.9872849055998575,2.996300992264829
335,10337,1.0,800,0.9992415736900376,3.010330345161848
336,10338,1.0,800,1.001023165784318,3.000872009171857
337,10339,1.0,800,0.9857467807269723,2.9770366615463724
338,10340,1.0,800,1.0039915109947035,2.9812097149353827
339,10341,1.0,800,1.0110722131056185,2.9894058767344456
340,10342,1.0,800,0.9956931884949798,2.991436789932851
341,10343,1.0,800,0.9923007693675192,2.9882415921862786
342,10344,1.0,800,1.0016220553436965,2.9989890744439585
343,10345,1.0,800,1.0030719608645575,2.9806220493961404
344,10346,1.0,800,1.0024734510285707,2.9813313569644238
345,10347,1.0,800,0.9971205034166328,2.982058343674634
346,10348,1.0,800,0.9891371384511854,2.9964337189996333
347,10349,1.0,800,1.004402919295405,2.981462724727643
348,10350,1.0,800,1.0082768257094428,2.9897687671512765
349,10351,1.0,800,1.0044462264503926,2.9823417315298535
350,10352,1.0,800,1.0086216036699827,2.9895122203321995
351,10353,1.0,800,1.0094651631921527,3.0111581270810284
352,10354,1.0,800,0.9992255773616311,3.0039861848699756
353,10355,1.0,800,0.9971207251272096,2.9843091195385845
354,10356,1.0,800,0.9914232326099739,2.986671300079176
355,10357,1.0,800,0.99585851924894,3.001220360250909
356,10358,1.0,800,1.0038811247359,2.969308520453576
357,10359,1.0,800,0.998150090362407,2.9882586042171164
358,10360,1.0,800,1.0000208679983174,2.978766730970311
359,10361,1.0,800,1.0034722867952575,2.980836740082392
360,10362,1.0,800,1.0011144515500092,2.9843343074506805
361,10363,1.0,800,0.9970716244911187,2.983380643245601
362,10364,1.0,800,0.9990702745378467,3.0035575078859233
363,10365,1.0,800,1.0010595472965427,2.975969323407328
364,10366,1.0,800,0.9838782439247288,2.9654240382265424
365,10367,1.0,800,0.9983151777367061,2.9833152510946612
366,10368,1.0,800,1.002301272918006,2.9831802062823423
367,10369,1.0,800,0.9938660784083868,2.9805917711648027
368,10370,1.0,800,1.0002165080302092,2.9989873311699706
369,10371,1.0,800,0.9995732241826133,3.0122207718382548
370,10372,1.0,800,0.9878773786528894,2.990823009117928
371,10373,1.0,800,1.0071524461643673,2.9896896874241956
372,10374,1.0,800,1.002388234511688,2.9985699396229144
373,10375,1.0,800,0.9934332018452287,2.9853989840833117
374,10376,1.0,800,1.0026987257836297,2.9878056958167916
375,10377,1.0,800,1.0040031054797836,2.9951103446574248
376,10378,1.0,800,1.005429770432367,3.0009192884950417
377,10379,1.0,800,1.0020792832549745,2.98744570456318
378,10380,1.0,800,1.0011338549593543,2.979934053157515
379,10381,1.0,800,0.9919124224034096,2.99362702022409
380,10382,1.0,800,1.0066627974664688,2.991994305687542
381,10383,1.0,800,1.0039942215964053,2.9902788167597687
382,10384,1.0,800,1.003269441481004,2.9906492504003905
383,10385,1.0,800,1.008219053097764,3.007203876416562
384,10386,1.0,800,1.0030486375997822,2.9791988112838625
385,10387,1.0,800,1.0092047587150608,2.9892137560015763
386,10388,1.0,800,1.0023680072661145,2.9895904260023505
387,10389,1.0,800,0.9910344958814019,2.9713795369961993
388,10391,1.0,800,0.9986795104533682,2.989556074478559
389,10392,1.0,800,0.9979463124032699,2.998713575137707
390,10393,1.0,800,1.0051706530087183,2.9884118656771954
391,10394,1.0,800,0.9983892089352127,3.0015628706387796
392,10395,1.0,800,1.0049044251403445,2.9888308564588124
393,10396,1.0,800,1.0035402547688608,2.9817193418356625
394,10397,1.0,800,0.9910218873038747,2.993469494049076
395,10398,1.0,800,0.9960744326123843,3.0008412963101896
396,10399,1.0,800,0.99545993773882,2.9993425984685826
397,10400,1.0,1000,0.9985038025431123,3.0029043737509515
398,10401,1.0,1000,1.0021241023180365,2.983921876461726
399,10402,1.0,1000,1.0048466642854839,2.99639066184391
400,10403,1.0,1000,1.0077634873681822,2.999915158300097
401,10404,1.0,1000,0.9989727184949999,2.9859375830871793
402,10405,1.0,1000,1.0159772741890798,2.9926539817428646
403,10406,1.0,1000,0.9957574707197503,2.9780152497009333
404,10407,1.0,1000,1.00660782001366,2.987461240174094
405,10408,1.0,1000,0.9996621848188832,2.9817000779866563
406,10409,1.0,1000,1.0137847324121183,2.9854115731524384
407,10410,1.0,1000,0.9923019093209767,2.9858742296694154
408,10411,1.0,1000,1.0081946911925919,2.9863544884083
409,10412,1.0,1000,0.9973753852153024,2.9913127935847017
410,10413,1.0,1000,0.9963161681488127,2.985230027316171
411,10414,1.0,1000,1.0066141387093963,3.00681350275311
412,10415,1.0,1000,1.0128506084241884,2.990803323166083
413,10416,1.0,1000,1.005966277064379,2.9731995387287853
414,10417,1.0,1000,1.0014223053340543,2.968446961313899
415,10418,1.0,1000,1.0000930349282477,2.999801955202918
416,10419,1.0,1000,0.9960801101986843,2.9749199748271944
417,10420,1.0,1000,1.0008656857951048,2.9941006752225845
418,10421,1.0,1000,1.0004607782196,2.9789591792958587
419,10422,1.0,1000,0.9904744094422204,2.970661676133347
420,10423,1.0,1000,1.0039363740629816,2.9862276825365166
421,10424,1.0,1000,0.9957099277685181,2.986877006212393
422,10425,1.0,1000,0.9934569370936351,2.978643988363655
423,10426,1.0,1000,0.9982166907351729,2.991851315179066
424,10427,1.0,1000,1.000968965345423,2.9994362751493444
425,10428,1.0,1000,0.9967696456837729,2.982927028030007
426,10429,1.0,1000,0.9917088802914986,2.991897197075926
427,10430,1.0,1000,1.0142033511963249,2.9894182421451463
428,10431,1.0,1000,1.0074002264451691,2.995580136501787
429,10432,1.0,1000,1.0111444319928997,2.9872647538517696
430,10433,1.0,1000,1.0030239689855438,2.9851396921433553
431,10434,1.0,1000,1.0059686760201405,3.0065437817257705
432,10435,1.0,1000,1.000970432435929,2.9892311351364533
433,10436,1.0,1000,0.9957282486801846,2.97611350749166
434,10437,1.0,1000,0.9989585693825467,2.992192299245056
435,10438,1.0,1000,0.987404040167287,2.9792297930772866
436,10439,1.0,1000,1.0128113821392575,2.996692486168636
437,10440,1.0,1000,1.004322148959438,2.982930214501834
438,10441,1.0,1000,1.001111088330357,2.9705405468436648
439,10442,1.0,1000,1.0078699168317538,2.9970539427687632
440,10443,1.0,1000,1.008303342190849,2.999373638135144
441,10444,1.0,1000,1.0005630524234888,2.994934987565153
442,10445,1.0,1000,0.9836366346313621,2.9771876828479202
443,10446,1.0,1000,0.9869383845265357,2.99504668940099
444,10447,1.0,1000,0.9948025829196936,2.993874993121397
445,10448,1.0,1000,1.0020855899584293,2.999694492312444
446,10449,1.0,1000,0.9981864712969054,2.968096412907613
447,10450,1.0,1000,1.0080861397971914,2.992210501376291
448,10451,1.0,1000,0.9943155313322553,2.99159684537518
449,10452,1.0,1000,0.9926406273061623,2.986178028033476
450,10453,1.0,1000,0.9987027305081702,2.9859105682414286
451,10454,1.0,1000,0.9866529726333624,2.9902090964715526
452,10455,1.0,1000,1.0039883265075753,3.0019897064563525
453,10456,1.0,1000,1.0037260300178183,2.970543965159815
454,10457,1.0,1000,1.0076688850420976,2.9996653100403585
455,10458,1.0,1000,1.0000366837849257,2.982796074073837
456,10459,1.0,1000,1.0000487693897857,3.0005139628105773
457,10460,1.0,1000,0.9947277155147027,2.9824821797904786
458,10461,1.0,1000,0.996150611874142,2.9997579232191085
459,10462,1.0,1000,0.9896782609931556,2.98630020014661
460,10463,1.0,1000,0.9954567953896358,2.9813687632234154
461,10464,1.0,1000,0.9997725933528393,2.997626061457294
462,10465,1.0,1000,1.0061832814962544,2.97283908301876
463,10466,1.0,1000,1.0004810377040807,2.9830818952185476
464,10467,1.0,1000,0.9967149085377892,2.978608161546603
465,10468,1.0,1000,1.0021925122181434,2.9859194199631305
466,10469,1.0,1000,0.9893465380668862,2.9758505264748756
467,10470,1.0,1000,0.9993328304574739,2.989621812352029
468,10471,1.0,1000,0.9920257648216317,2.994022820008073
469,10472,1.0,1000,0.996418281928016,2.996505133516492
470,10473,1.0,1000,1.0051669661447304,2.988258526090707
471,10474,1.0,1000,1.0028671077728972,2.993388627096842
472,10475,1.0,1000,0.9984555552219063,2.990422633884281
473,10476,1.0,1000,1.0082370070741757,2.981625652337808
474,10477,1.0,1000,0.9988959616711831,2.9898263305249264
475,10478,1.0,1000,1.00201833421203,2.9795294975329085
476,10479,1.0,1000,1.013165016260349,2.9647030726473464
477,10480,1.0,1000,1.002820907157337,3.0003871264344433
478,10481,1.0,1000,1.0025259881706743,3.0087228278545934
479,10482,1.0,1000,0.9940381781319196,2.9970888329589522
480,10483,1.0,1000,0.9990146814863616,2.9836354073064966
481,10484,1.0,1000,0.9932214550588053,3.000362022298897
482,10485,1.0,1000,0.9982930202938258,2.9937670216349686
483,10486,1.0,1000,0.9984943980680978,2.9866748488241557
484,10487,1.0,1000,1.0068196060779193,2.993144448833564
485,10488,1.0,1000,1.0043680092209302,2.992116458672048
486,10489,1.0,1000,0.9962404386395323,2.9818269100119594
487,10490,1.0,1000,1.005501105658555,2.98474452395815
488,10491,1.0,1000,1.0023040582678113,2.993096011302908
489,10492,1.0,1000,1.0109769915036062,2.9864437802885853
490,10493,1.0,1000,1.0004577195969298,2.987557927853092
491,10494,1.0,1000,1.0152835070257866,2.981905187922216
492,10495,1.0,1000,1.0158162042256966,2.9940405419878555
493,10496,1.0,1000,0.9898652245716792,3.0097065003442376
494,10497,1.0,1000,0.9938109442428342,2.9864823537844485
495,10498,1.0,1000,1.0036057910889498,2.9997148061881758
496,10499,1.0,1000,0.9963669718979871,2.9773032806383113
497,10500,1.0,1200,1.0117062747525492,3.0105706134520958
498,10501,1.0,1200,1.0035362951157656,2.9750668862066245
499,10502,1.0,1200,1.0053957786080643,2.98446459860707
500,10503,1.0,1200,1.0113448272697636,2.9950369883884362
501,10504,1.0,1200,0.9995332706433121,2.990870233932525
502,10505,1.0,1200,0.9929994086447713,2.9825004386001517
503,10506,1.0,1200,1.0032449364592033,2.9933321851905523
504,10507,1.0,1200,0.9992015087754549,2.9891109633263904
505,10508,1.0,1200,0.9972498227250017,2.9888998929102506
506,10509,1.0,1200,1.0158671084469812,2.997370077724539
507,10510,1.0,1200,0.9954231433337244,2.980226352910801
508,10511,1.0,1200,1.002551635317495,2.9860316218166942
509,10512,1.0,1200,0.9916086288905281,3.0036967111755906
510,10513,1.0,1200,1.0078785736082212,2.9805911279468305
511,10514,1.0,1200,0.9980363979943432,2.9917033788360605
512,10515,1.0,1200,1.0075621095345406,3.0001164758367733
513,10516,1.0,1200,1.0032078545311598,2.986547350998058
514,10517,1.0,1200,1.0010278186313826,2.99421836630417
515,10518,1.0,1200,1.0026259272868496,2.9906505392760714
516,10519,1.0,1200,0.9994147202711492,2.988750426719363
517,10520,1.0,1200,1.000405313217018,2.9895095928242528
518,10521,1.0,1200,1.0010532292572116,3.000066931501508
519,10522,1.0,1200,1.000047936600438,2.996982766963357
520,10523,1.0,1200,1.0027727213014792,2.9850356738688375
521,10524,1.0,1200,1.0172863451989553,2.971237056641445
522,10525,1.0,1200,1.0054588397723223,2.9964114124022148
523,10526,1.0,1200,0.9958091994604283,2.9897679316114836
524,10527,1.0,1200,0.9975271877527101,2.9862271044306166
525,10528,1.0,1200,0.9997340655896677,2.983542474703792
526,10529,1.0,1200,1.000405998307961,2.9907997659611816
527,10530,1.0,1200,0.9977345316177635,2.9747881268231566
528,10531,1.0,1200,1.0058441583857614,2.9874608720005402
529,10532,1.0,1200,0.9936091610431435,3.002052998039257
530,10533,1.0,1200,1.011696443370908,2.995781104015123
531,10534,1.0,1200,1.0101303834869868,2.9891414581186146
532,10535,1.0,1200,1.0040243858666922,2.960021218300704
533,10536,1.0,1200,1.0026468563906366,2.9951008466055273
534,10537,1.0,1200,0.9944251940725074,2.9800353582616217
535,10538,1.0,1200,1.0036282935093295,2.9923108979861217
536,10539,1.0,1200,0.9975490724217119,2.988521245976574
537,10540,1.0,1200,0.9979108891340733,2.997891305514754
538,10541,1.0,1200,1.0042599276126607,2.9881716023697735
539,10542,1.0,1200,0.997386003831358,3.002439188264431
540,10543,1.0,1200,0.9974345475442693,2.996611166378016
541,10544,1.0,1200,1.002122011491793,2.983647718238623
542,10545,1.0,1200,1.0184352075445875,2.9783880477009825
543,10546,1.0,1200,0.9996047174792059,2.992084828831693
544,10547,1.0,1200,0.9929064669485221,3.0043071539792425
545,10548,1.0,1200,1.0051983814691612,2.991679523006733
546,10549,1.0,1200,1.0087001505806856,2.996501720568435
547,10550,1.0,1200,0.9969214532666346,2.993339373820971
548,10551,1.0,1200,1.0025217115797767,2.9951542763657137
549,10552,1.0,1200,0.9960036927269993,2.983018136989206
550,10553,1.0,1200,0.9838905520839368,2.983915580930094
551,10554,1.0,1200,0.9991186474359385,3.0000978190352505
552,10555,1.0,1200,1.0035794530837343,2.9752390886144764
553,10556,1.0,1200,1.0035910721469814,2.989187150582922
554,10557,1.0,1200,0.9904536515987408,2.9874866278121313
555,10558,1.0,1200,0.9926682392268583,2.963137438488057
556,10559,1.0,1200,0.9976054963822698,2.9922993442726775
557,10560,1.0,1200,1.0097764562281157,2.9902730051639126
558,10561,1.0,1200,1.0026470780403822,2.980234817690426
559,10562,1.0,1200,1.008835348283382,3.000546447033693
560,10563,1.0,1200,1.002163590893132,2.9872006029908578
561,10564,1.0,1200,1.006861455878018,2.991813739002212
562,10565,1.0,1200,0.9967130415250601,2.983776264512402
563,10566,1.0,1200,0.999288362879113,2.9899713443665177
564,10567,1.0,1200,0.9989658338183105,2.979539673472167
565,10568,1.0,1200,1.0058210642411365,2.993875571459945
566,10569,1.0,1200,0.9985821154805796,2.988098699314036
567,10570,1.0,1200,0.9981050010814524,2.9893727504636267
568,10571,1.0,1200,0.9950664295759376,2.9847401937757514
569,10572,1.0,1200,1.0037865148970284,2.9821898766954695
570,10573,1.0,1200,0.9948937438262917,2.9741106478335615
571,10574,1.0,1200,1.0028545832771314,2.9991005264419535
572,10575,1.0,1200,1.0158204969443474,2.9955149948359234
573,10576,1.0,1200,1.0019522603689686,3.0064439532306553
574,10577,1.0,1200,0.9959513313690262,2.992357834927609
575,10578,1.0,1200,0.9940228852136773,2.985068307318229
576,10579,1.0,1200,0.9975418563780064,2.9962269963329815
577,10580,1.0,1200,0.9997726105765812,2.9940462939395127
578,10581,1.0,1200,1.0038204951828795,3.00718531317175
579,10582,1.0,1200,1.0055702448035195,2.993190426260196
580,10583,1.0,1200,1.0002123587122518,3.0049628770850894
581,10584,1.0,1200,0.9949133360219455,2.9912430802401753
582,10585,1.0,1200,1.013177813283465,2.9911302160632487
583,10586,1.0,1200,0.9895715236679733,2.975311727538992
584,10587,1.0,1200,1.0004279321681486,2.992552463173916
585,10588,1.0,1200,1.0036258119520012,2.9962545688557016
586,10589,1.0,1200,0.999380075123972,2.982908846742105
587,10590,1.0,1200,1.0126006757525197,2.992315587539221
588,10591,1.0,1200,1.0046692312912935,2.977981123333092
589,10592,1.0,1200,0.9985444236744737,2.9888777767051584
590,10593,1.0,1200,0.9987635413867831,3.0006626682553423
591,10594,1.0,1200,1.0034385110052175,2.9957365343891476
592,10595,1.0,1200,0.9977103977348719,2.996693333074075
593,10596,1.0,1200,1.011712500872431,3.0034788055528088
594,10597,1.0,1200,1.0056935340346889,2.9848441113781825
595,10598,1.0,1200,1.0001459577066034,2.988013035624498
596,10599,1.0,1200,1.0052626209730473,2.994293732822169
597,10600,1.0,1400,0.9953244334172024,2.975022138746563
598,10601,1.0,1400,0.9997076341706113,2.995311128430879
599,10602,1.0,1400,1.0085652458803938,2.9938992553181287
600,10603,1.0,1400,1.0033366921812323,3.0003512385603543
601,10604,1.0,1400,1.0050808777604245,2.99349542591814
602,10605,1.0,1400,0.9949305356706327,3.0103486277404143
603,10606,1.0,1400,0.996376479440442,2.982316010138722
604,10607,1.0,1400,0.9960068699939152,3.0030906852959474
605,10608,1.0,1400,1.0045879689679895,2.9916190442917765
606,10609,1.0,1400,0.9994175952717799,2.9823111458573637
607,10610,1.0,1400,0.9924464546414351,2.9844692433187423
608,10611,1.0,1400,0.9974974738012123,2.989538535986166
609,10612,1.0,1400,0.9942363338376987,2.9892971813556035
610,10613,1.0,1400,1.0038864272424735,2.983109468255867
611,10614,1.0,1400,1.0076816506963335,2.9910034270051513
612,10615,1.0,1400,1.0003223741686234,2.984077451012781
613,10616,1.0,1400,1.0059759620295694,2.9853491297823185
614,10617,1.0,1400,1.0030408345942656,2.9786137725905992
615,10618,1.0,1400,1.0013210504745076,3.000058365371182
616,10619,1.0,1400,0.9841445426287112,3.0029878521436455
617,10620,1.0,1400,0.9985906935600857,2.996315567769989
618,10621,1.0,1400,1.004451950646068,2.9946117672271564
619,10622,1.0,1400,1.0021783471404857,3.0005888373479737
620,10623,1.0,1400,0.9990940874687745,3.0002072795170944
621,10624,1.0,1400,0.9912837134231772,3.004221774610343
622,10625,1.0,1400,0.9998648095092358,3.0019525848486053
623,10626,1.0,1400,0.9987993253246927,2.998299663246677
624,10627,1.0,1400,0.9932137429194622,2.9947884046409756
625,10628,1.0,1400,1.0013686313178973,2.9715039872985
626,10629,1.0,1400,0.9933313133653778,2.9692409548662004
627,10630,1.0,1400,0.9949545909934351,2.9785943729664037
628,10631,1.0,1400,1.0119291014852712,2.99424772762461
629,10632,1.0,1400,1.006886744363824,2.9824350676613975
630,10633,1.0,1400,0.9958904335643718,2.986710372771035
631,10634,1.0,1400,0.9970960465596022,2.992220688302911
632,10635,1.0,1400,0.9962946524016747,2.982888654723714
633,10636,1.0,1400,0.9897322834157809,3.0012060670658065
634,10637,1.0,1400,0.9956606795928957,2.9942618347332988
635,10638,1.0,1400,1.0058338561618645,2.9989995290957037
636,10639,1.0,1400,1.0054744433692229,3.010092782883713
637,10640,1.0,1400,1.002753949899624,2.998614058601632
638,10641,1.0,1400,0.9868319302146962,2.9976788062576287
639,10642,1.0,1400,1.0019607718602261,2.9945791498838856
640,10643,1.0,1400,0.9986838751995263,2.9773321628783553
641,10644,1.0,1400,1.0043915830845456,2.992787611855544
642,10645,1.0,1400,0.996511166459191,2.9829726355840993
643,10646,1.0,1400,1.0021800613005094,2.992394024519849
644,10647,1.0,1400,1.0003576111117194,2.99504447137718
645,10648,1.0,1400,1.0023797838870352,3.006683630314047
646,10649,1.0,1400,1.0051176797490706,2.977754789969075
647,10650,1.0,1400,1.001275829781801,3.009423912570453
648,10651,1.0,1400,1.0051843819537312,3.0125366204034605
649,10652,1.0,1400,0.9988084964764695,2.997585088923736
650,10653,1.0,1400,0.9929732122782042,2.985361086460421
651,10654,1.0,1400,1.0043491306705294,2.9731236924564834
652,10655,1.0,1400,0.9970362859372397,2.989491210006899
653,10656,1.0,1400,0.9962753035480352,2.9906065619708193
654,10657,1.0,1400,1.001671345766945,2.9737807213229215
655,10658,1.0,1400,0.993998752811929,2.988561506922681
656,10659,1.0,1400,1.0014328177787564,2.9675576583492633
657,10660,1.0,1400,0.9998368804657568,2.9931651400163215
658,10661,1.0,1400,0.9914770194063973,3.0072883163479047
659,10662,1.0,1400,1.00040515537503,2.9841700058742404
660,10663,1.0,1400,1.0037116262295633,3.0173183718768257
661,10664,1.0,1400,0.9855067050552992,2.976179753073799
662,10665,1.0,1400,1.0050457177497576,2.9895637690153434
663,10666,1.0,1400,1.001130191591519,3.0031257854267293
664,10667,1.0,1400,0.9903554437438963,2.977412164640658
665,10668,1.0,1400,1.0082118683383277,3.0070425021413265
666,10669,1.0,1400,1.00621536729378,2.9989811548118905
667,10670,1.0,1400,0.9866653027524794,2.985563021986631
668,10671,1.0,1400,0.9972183363934206,2.9774187717177933
669,10672,1.0,1400,1.012938293267263,2.998627744367315
670,10673,1.0,1400,0.9893603318114341,2.997709816482293
671,10674,1.0,1400,1.0151352820067738,2.9830796553442487
672,10675,1.0,1400,0.996602814689696,2.9899690723360868
673,10676,1.0,1400,1.0000599961655852,2.9909680827563236
674,10677,1.0,1400,1.019042301482301,2.985558887426732
675,10678,1.0,1400,0.998976322322706,2.9836409417667644
676,10679,1.0,1400,1.0038120850146008,2.984660973340519
677,10680,1.0,1400,0.9965382921186295,2.998548669097145
678,10681,1.0,1400,0.9958717937427908,2.9931032722677564
679,10682,1.0,1400,1.0008308518685856,2.992764607259709
680,10683,1.0,1400,1.0035685091525186,2.983857843139523
681,10684,1.0,1400,0.9938304636577499,2.984515174806427
682,10685,1.0,1400,0.9996837036179651,2.9819714333080833
683,10686,1.0,1400,0.9980107687493872,2.9883904857674355
684,10687,1.0,1400,0.9969098703490398,2.9812697439382796
685,10688,1.0,1400,1.0061654112705734,2.974014677102658
686,10689,1.0,1400,1.0076328958411669,2.990470344450659
687,10690,1.0,1400,1.0074904859795253,2.979526112249125
688,10691,1.0,1400,0.9910785551268624,3.022026808969092
689,10692,1.0,1400,0.9926995250864001,2.9937103960460827
690,10693,1.0,1400,0.9996654579404767,2.984764530317384
691,10694,1.0,1400,1.00478791716465,3.000411049500855
692,10695,1.0,1400,0.992912872037293,2.985885300124034
693,10696,1.0,1400,1.0035074052176338,2.984165732792714
694,10697,1.0,1400,1.007224960548463,3.000116210262375
695,10698,1.0,1400,0.9946427337604064,2.996873788882836
696,10699,1.0,1400,1.0027845547670056,2.984246921833334
697,10700,1.0,1600,1.005004691186334,2.9907882398051826
698,10701,1.0,1600,1.0091714790361996,2.997662620079068
699,10702,1.0,1600,1.0024907144090092,2.99208627219434
700,10703,1.0,1600,1.0012761067114209,2.9845003071375
701,10704,1.0,1600,1.010644839547151,2.9956189760640046
702,10705,1.0,1600,0.9919537581524029,3.0055363670909556
703,10706,1.0,1600,1.0102913640624118,2.991915916823178
704,10707,1.0,1600,1.0008567747788084,3.000043397642798
705,10708,1.0,1600,1.012737271044179,2.9939942330962137
706,10709,1.0,1600,1.0008176660111068,2.996877605009137
707,10710,1.0,1600,1.009996879903044,2.9866012888322553
708,10711,1.0,1600,1.0091719861858288,2.9867502514213404
709,10712,1.0,1600,0.9989114901605276,2.9989245206572663
710,10713,1.0,1600,1.0058540437225971,3.004210078129121
711,10714,1.0,1600,1.0043377819209764,2.993418638601173
712,10715,1.0,1600,1.0011832210742948,2.994164215121474
713,10716,1.0,1600,0.9951134252156708,2.9831320268740407
714,10717,1.0,1600,1.001880321135386,2.98412888980591
715,10718,1.0,1600,0.9969396610772971,2.972509268616121
716,10719,1.0,1600,0.9967052558170039,2.980912151902168
717,10720,1.0,1600,1.0074481518573835,3.0030022519688666
718,10721,1.0,1600,1.000841755697837,2.990119689548357
719,10722,1.0,1600,0.9933543073165039,2.985760581148182
720,10723,1.0,1600,1.001973195430999,2.9875989306092996
721,10724,1.0,1600,1.0048525428636055,2.9987877926436415
722,10725,1.0,1600,1.0008234202882256,2.9877641474184715
723,10726,1.0,1600,1.0051274010661673,2.9877732751324557
724,10727,1.0,1600,1.0091605887396884,2.9770584208678517
725,10728,1.0,1600,0.9945126518587972,2.994284231408472
726,10729,1.0,1600,1.0137404962565402,2.9981947409453698
727,10730,1.0,1600,0.9983505641311474,2.9950170908915634
728,10731,1.0,1600,1.007673267796004,3.0066411314056873
729,10732,1.0,1600,0.9935276340095459,2.99552425074421
730,10733,1.0,1600,1.0038989341698725,2.977427361358002
731,10734,1.0,1600,0.9979917930998348,2.993533180474864
732,10735,1.0,1600,0.9900611835809476,2.993406791263396
733,10736,1.0,1600,1.0015889369765216,2.9955521286616653
734,10737,1.0,1600,0.9976048661156016,2.9835300806610605
735,10738,1.0,1600,0.9960010902985367,3.0020735678727193
736,10739,1.0,1600,1.0031549874591636,2.9819980745030854
737,10740,1.0,1600,0.9904536224096334,2.9856478558241406
738,10741,1.0,1600,0.9897457939670161,2.992552072429229
739,10742,1.0,1600,1.0005208129064753,2.994163405245001
740,10743,1.0,1600,1.0011344161806375,2.992339792911328
741,10744,1.0,1600,1.012883803155781,2.9615395348421893
742,10745,1.0,1600,1.0008772360027143,2.9997314868177085
743,10746,1.0,1600,0.9848011925584894,2.991387157307089
744,10747,1.0,1600,1.0045911143808604,2.983543827057132
745,10748,1.0,1600,0.9948845824127718,3.001211373513444
746,10749,1.0,1600,1.008580728034332,2.974894767160111
747,10750,1.0,1600,1.0087118420684256,2.998641226885236
748,10751,1.0,1600,1.0088679085594405,3.0021706255640077
749,10752,1.0,1600,0.9957974153508877,2.986038567178167
750,10753,1.0,1600,0.998899682989763,3.0063450978283144
751,10754,1.0,1600,1.0191289870477689,2.9835468320751977
752,10755,1.0,1600,0.99765340839381,2.984485083585522
753,10756,1.0,1600,0.9950538273604131,2.985030425533485
754,10757,1.0,1600,0.9933696809703111,2.9853835619804614
755,10758,1.0,1600,1.00634228792419,2.988833125863309
756,10759,1.0,1600,1.0158399200680868,2.9918503154933456
757,10760,1.0,1600,1.0070317043117738,2.9967990306948167
758,10761,1.0,1600,1.0022711123129173,2.9904422156721315
759,10762,1.0,1600,0.9998316263057336,3.006863129516312
760,10763,1.0,1600,0.9880481445711782,2.990688107202594
761,10764,1.0,1600,1.0064373113341087,2.9822652285164106
762,10765,1.0,1600,1.0029788618959463,2.978940746118414
763,10766,1.0,1600,1.005829755823139,2.9771434000578956
764,10767,1.0,1600,0.9965380729865071,2.981358594500128
765,10768,1.0,1600,1.0040496815170528,2.981577723819907
766,10769,1.0,1600,1.0069090588555498,3.003222218137412
767,10770,1.0,1600,1.0071090841868533,3.002378530913931
768,10771,1.0,1600,1.0035184865678832,3.001511088913488
769,10772,1.0,1600,1.0034012023911951,2.9847272613336537
770,10773,1.0,1600,0.9961402323412101,2.977911961657541
771,10774,1.0,1600,0.9981542527017739,2.9924676561286097
772,10775,1.0,1600,1.0017820247726867,2.973027396764612
773,10776,1.0,1600,0.9909510804162116,2.9885548538670488
774,10777,1.0,1600,1.0129677822131724,2.9795182114587857
775,10778,1.0,1600,0.9970390502199233,2.9890996774293463
776,10779,1.0,1600,1.0086406674372617,3.001974202967441
777,10780,1.0,1600,1.0038280998179527,2.992645032383025
778,10781,1.0,1600,1.0046376766125185,3.013184058905941
779,10782,1.0,1600,1.0029108762585932,2.9781885776149903
780,10783,1.0,1600,1.0071432672751999,2.994441146459978
781,10784,1.0,1600,0.9998521209025691,3.0041834352767767
782,10785,1.0,1600,0.995401496365683,3.0017332091658218
783,10786,1.0,1600,1.0020056687701417,2.987848091076244
784,10787,1.0,1600,1.0002980973948816,2.984141305832492
785,10788,1.0,1600,0.9938705976502351,2.980208584519615
786,10789,1.0,1600,1.009736483212834,2.990306459267779
787,10790,1.0,1600,1.0052696217121588,2.9995386085377524
788,10791,1.0,1600,0.9935921685217218,2.996846570712241
789,10792,1.0,1600,1.0090040022071929,2.990094707392454
790,10793,1.0,1600,0.9947892873751861,2.986823477152986
791,10794,1.0,1600,0.9891316844815771,2.9721701437866423
792,10795,1.0,1600,0.9923296506371525,2.9891377652988167
793,10796,1.0,1600,1.0028638436980086,2.9783349018740823
794,10797,1.0,1600,1.0082619227036507,2.996097674991493
795,10798,1.0,1600,0.996758837113642,2.990185096888709
796,10799,1.0,1600,1.0024126637562616,2.995443879451345
797,10800,1.0,1800,1.0033872151017291,2.980579333751522
798,10801,1.0,1800,0.9913080030985763,2.9945319526047625
799,10802,1.0,1800,1.0091593252355646,2.988415555260345
800,10803,1.0,1800,0.9924175041597991,2.99246913361013
801,10804,1.0,1800,0.9987920827051185,2.974163501752313
802,10805,1.0,1800,1.0018828158852935,3.004442223239093
803,10806,1.0,1800,0.9908872402099422,3.004224236101272
804,10807,1.0,1800,0.9971954261417908,2.9938890911225697
805,10808,1.0,1800,1.0000994158528804,2.9830869754732667
806,10809,1.0,1800,1.0052203738523127,2.9996022609460526
807,10810,1.0,1800,0.9890823401520688,2.9903280403734867
808,10811,1.0,1800,1.0037257793993715,3.0134561420357393
809,10812,1.0,1800,0.9983066697061815,2.991543782780399
810,10813,1.0,1800,1.0039150608985592,3.009906329841455
811,10814,1.0,1800,0.9993803781858969,2.993029055735853
812,10815,1.0,1800,1.014885310419995,2.9917031465465445
813,10816,1.0,1800,0.987861611148241,2.9930705074873347
814,10817,1.0,1800,1.0168943206529224,2.985284478231411
815,10818,1.0,1800,1.0092478300687326,3.0130832679722834
816,10819,1.0,1800,1.001408616409977,2.9822722190940505
817,10820,1.0,1800,0.999119361627842,2.9890318683293042
818,10821,1.0,1800,1.0091308797033756,2.9764378522551995
819,10822,1.0,1800,1.0104374821552073,2.9725039918364486
820,10823,1.0,1800,1.0049304369074203,2.9916474109324005
821,10824,1.0,1800,1.0085274366892258,3.007974161665393
822,10825,1.0,1800,1.0073436839341425,3.0016601530771627
823,10826,1.0,1800,1.0035105205370962,2.9957563823185507
824,10827,1.0,1800,1.007740711619962,2.9942404419538606
825,10828,1.0,1800,0.9958339621885453,2.9876813249549463
826,10829,1.0,1800,0.9975701422151044,2.987817006954497
827,10830,1.0,1800,1.0064153902491282,2.9952075532087497
828,10831,1.0,1800,1.0139577361497427,2.980544645375365
829,10832,1.0,1800,0.9993571489101163,2.9916176369060246
830,10833,1.0,1800,1.0050876589836726,2.99607720226696
831,10834,1.0,1800,0.9834083240329832,2.973626697801967
832,10835,1.0,1800,0.992761819463662,2.98490755584821
833,10836,1.0,1800,1.0055527430838906,2.9867376776845944
834,10837,1.0,1800,1.006188703911408,3.002009458765907
835,10838,1.0,1800,1.0053868092632856,2.9825598882847926
836,10839,1.0,1800,1.0057354277731672,2.99023913944233
837,10840,1.0,1800,0.995597802327859,2.988165812768176
838,10841,1.0,1800,0.9891219293128936,3.002893733521744
839,10842,1.0,1800,0.9997375907714028,2.998564571250846
840,10843,1.0,1800,1.000945501147222,2.98963881066839
841,10844,1.0,1800,1.0096898715656455,2.9934218982561918
842,10845,1.0,1800,1.0073795441301978,3.007929699204614
843,10846,1.0,1800,1.001311909324812,3.0019593167793164
844,10847,1.0,1800,0.9968774538398895,2.9869143131642
845,10848,1.0,1800,1.0011777485763425,2.9828395403823404
846,10849,1.0,1800,1.001783214080579,2.986095976842223
847,10850,1.0,1800,0.9960665125593593,2.9883188493363333
848,10851,1.0,1800,1.0046196686138813,2.9664214223541956
849,10852,1.0,1800,0.9933156551280987,2.992561762030499
850,10853,1.0,1800,0.9953804415018588,2.9828063670468175
851,10854,1.0,1800,1.002122067733338,3.0048467860558254
852,10855,1.0,1800,1.0071709535501254,2.9929387614995444
853,10856,1.0,1800,0.994122848500804,2.983637342468806
854,10857,1.0,1800,1.0020870464214668,3.003470816319837
855,10858,1.0,1800,1.0088218509435447,2.989153717042238
856,10859,1.0,1800,0.9976555999337909,3.0043233272151006
857,10860,1.0,1800,1.0056279335439622,2.992997537111473
858,10861,1.0,1800,1.0094360537187597,2.9831289756670683
859,10862,1.0,1800,0.9885575662165313,2.979530286802876
860,10863,1.0,1800,0.9845824061473059,2.999366841895062
861,10864,1.0,1800,1.0028961729398094,2.982942588516991
862,10865,1.0,1800,1.0106484540275322,2.9706388782335007
863,10866,1.0,1800,0.9944987365596474,3.0143801883080465
864,10867,1.0,1800,0.9922935609667627,2.986111237235925
865,10868,1.0,1800,1.0011840831729248,2.97268555919936
866,10869,1.0,1800,1.0003750787649968,2.994177250678055
867,10870,1.0,1800,0.9831599296460001,3.000725421442046
868,10871,1.0,1800,1.0037385599068398,3.0073784329804214
869,10872,1.0,1800,0.9921436761050529,3.024774300864469
870,10873,1.0,1800,1.002816796405885,2.992093150783199
871,10874,1.0,1800,1.017790716957609,2.989555459881783
872,10875,1.0,1800,1.0014502269217016,2.9854455637534345
873,10876,1.0,1800,1.0024814490705691,2.9762734349007625
874,10877,1.0,1800,1.0079984721513509,2.9796830647841914
875,10878,1.0,1800,0.9899120837978801,2.994485883159123
876,10879,1.0,1800,0.9929179030286605,2.984584404483183
877,10880,1.0,1800,0.9962642321157379,2.994297708263683
878,10881,1.0,1800,0.9923428369360808,2.992095606643683
879,10882,1.0,1800,1.0096635543002181,2.9953143709729413
880,10883,1.0,1800,1.0090357927702418,3.010209337964073
881,10884,1.0,1800,0.9955853248565021,3.002575516794225
882,10885,1.0,1800,1.0001010226056828,2.9706870700382497
883,10886,1.0,1800,0.9960562428015887,2.979155728644693
884,10887,1.0,1800,1.007294385907157,3.002033896006595
885,10888,1.0,1800,0.9966675302448852,2.9614619736487446
886,10889,1.0,1800,0.9886950046940919,2.9905108842745785
887,10890,1.0,1800,0.9969994207965138,2.9914831832845925
888,10891,1.0,1800,0.99363118931592,2.9973245159837996
889,10892,1.0,1800,0.9963974597315716,2.989784162498809
890,10893,1.0,1800,1.0082837558028168,3.0074839269860942
891,10894,1.0,1800,1.0053281529981757,2.975931620259231
892,10895,1.0,1800,1.0101441355875427,2.989235803659718
893,10896,1.0,1800,0.9990822082595565,2.983502992585637
894,10897,1.0,1800,1.00201524249076,2.9799522590743504
895,10898,1.0,1800,1.006824790308695,2.9834257123713317
896,10899,1.0,1800,0.9999412488296237,2.994650916933171
897,10900,1.0,2000,0.9999248799023212,2.977060519843836
898,10901,1.0,2000,0.9969834916479059,2.982168469102912
899,10902,1.0,2000,1.011106591703042,3.0022661750618567
900,10903,1.0,2000,0.9953805809328156,2.9736527532943975
901,10904,1.0,2000,1.0210017131813438,2.98614520397718
902,10905,1.0,2000,0.9923507692679963,2.9817197698083358
903,10906,1.0,2000,1.009586388181644,2.976287134490172
904,10907,1.0,2000,0.9942517360438814,2.985104524693706
905,10908,1.0,2000,0.9949823642482224,2.9855625119647473
906,10909,1.0,2000,1.0009739905084587,3.004329846786964
907,10910,1.0,2000,0.9869116581727049,2.9750832833593597
908,10911,1.0,2000,1.0009170194672259,2.9991847148199873
909,10912,1.0,2000,1.0140704510179672,2.9691876537614923
910,10913,1.0,2000,0.9883087917211821,3.003302296139145
911,10914,1.0,2000,1.0090566338614808,2.9790385716655443
912,10915,1.0,2000,0.9837804813157126,2.9800163745506985
913,10916,1.0,2000,0.9951007052476388,2.9826743534682003
914,10917,1.0,2000,1.0107048394241247,3.0014829041777933
915,10918,1.0,2000,0.9989972427890589,2.987760767152918
916,10919,1.0,2000,1.0093512370720419,2.994574997112003
917,10920,1.0,2000,1.007060215539878,2.981613974133528
918,10921,1.0,2000,0.992793579756188,2.9832753642803995
919,10922,1.0,2000,1.0049745951319278,2.984301772469272
920,10923,1.0,2000,0.9938565331112607,2.992087407040361
921,10924,1.0,2000,1.0133663980957412,2.9800703763593774
922,10925,1.0,2000,1.0011645917033392,2.9938292040516568
923,10926,1.0,2000,1.0012182612391736,2.9967114872878375
924,10927,1.0,2000,0.9905515017314915,3.002571229847047
925,10928,1.0,2000,1.0026061474556691,3.005606118052118
926,10929,1.0,2000,1.0023456603334708,2.996020696018351
927,10930,1.0,2000,1.0072892142109011,2.9956267218896495
928,10931,1.0,2000,1.0066056729716195,2.966418122511725
929,10932,1.0,2000,1.0051087279953417,2.9991330684344355
930,10933,1.0,2000,1.0090409910505753,2.9751036679021263
931,10934,1.0,2000,1.0064289975972114,2.9783792723585196
932,10935,1.0,2000,0.9973594182768231,2.9788292449235625
933,10936,1.0,2000,0.997720814642312,2.9888916462026542
934,10937,1.0,2000,1.0025370906765643,3.0159609099653646
935,10938,1.0,2000,1.009055734133086,2.9906957063892627
936,10939,1.0,2000,1.006896606837809,2.9856177746211596
937,10940,1.0,2000,0.9963904427484289,2.995607295834982
938,10941,1.0,2000,1.0000322615315969,2.99474440712346
939,10942,1.0,2000,1.0138722941072078,2.9863767917651844
940,10943,1.0,2000,0.9940472230616525,2.9758902050273264
941,10944,1.0,2000,0.9944711008568994,2.9867553560478686
942,10945,1.0,2000,0.9980867416951538,2.996553817707457
943,10946,1.0,2000,1.003019268661426,2.983818266113252
944,10947,1.0,2000,0.9799004874426023,2.986018208921572
945,10948,1.0,2000,1.0158083309883237,2.977176823538415
946,10949,1.0,2000,0.9889196048542106,2.996414073824769
947,10950,1.0,2000,1.0134020153944605,2.9766155139746133
948,10951,1.0,2000,1.0061853303408883,2.9706549006246226
949,10952,1.0,2000,1.0083645291512993,3.0207815496201667
950,10953,1.0,2000,1.0138886744121025,2.97982297884508
951,10954,1.0,2000,1.0026222502419073,2.978330826072286
952,10955,1.0,2000,1.0042779142488572,2.9927032650333367
953,10956,1.0,2000,0.9952579186144721,2.9977260787741704
954,10957,1.0,2000,1.005251778969159,3.0052764753907146
955,10958,1.0,2000,1.0053419401467125,2.9809336746345743
956,10959,1.0,2000,1.0109160299830604,3.014587258612065
957,10960,1.0,2000,1.0050625686342254,2.973944288683489
958,10961,1.0,2000,0.9962924990783218,2.9910022861405756
959,10962,1.0,2000,0.9984020214426144,3.001382826760012
960,10963,1.0,2000,0.9822434829374178,2.984453046201902
961,10964,1.0,2000,0.9933814684430186,2.9707662570954465
962,10965,1.0,2000,0.9855969942275337,2.9939216913589926
963,10966,1.0,2000,0.9966663612230509,2.994637176531797
964,10967,1.0,2000,1.0035136047237259,2.9957274242718137
965,10968,1.0,2000,1.0016101603061969,3.0182357988943127
966,10969,1.0,2000,0.9993308201113503,2.982095758926185
967,10970,1.0,2000,1.0068592136683763,2.9975133738532707
968,10971,1.0,2000,0.9985541792016983,2.9936300225905135
969,10972,1.0,2000,1.0093209403709733,2.9713868342688308
970,10973,1.0,2000,0.9955985167218918,2.98413049742217
971,10974,1.0,2000,1.0111342354005293,3.0082912914348
972,10975,1.0,2000,1.0014349556519815,3.0124378910824787
973,10976,1.0,2000,1.003948525192213,2.978778168584686
974,10977,1.0,2000,1.0040139198131635,3.0056409446159833
975,10978,1.0,2000,0.9985228114951497,3.0017231902036596
976,10979,1.0,2000,0.9989248793182022,2.9976056798329793
977,10980,1.0,2000,0.9941391148457981,3.0063425897121943
978,10981,1.0,2000,1.0020090903864016,2.9664330985079554
979,10982,1.0,2000,0.9915098139250448,3.005855602882133
980,10983,1.0,2000,1.00370860981189,3.004103382142593
981,10984,1.0,2000,1.0020512061919777,2.981181863165546
982,10985,1.0,2000,0.992797682419307,2.9826693014748336
983,10986,1.0,2000,1.0026376509824497,2.9821528469362333
984,10987,1.0,2000,0.9922337405499665,3.009123466525046
985,10988,1.0,2000,1.0020539701755764,3.0018168418884983
986,10989,1.0,2000,0.9946214248210536,2.9942893119527882
987,10990,1.0,2000,0.9988355299674035,3.018008163590358
988,10991,1.0,2000,0.996926521360612,2.981286383149307
989,10992,1.0,2000,0.9978719880338375,2.9943526785911656
990,10993,1.0,2000,1.0003283855042944,3.0055805993788036
991,10994,1.0,2000,0.9971608752242848,2.979975785847063
992,10995,1.0,2000,1.0013879513836215,3.0023183044348647
993,10996,1.0,2000,1.0024174714967684,2.9926946362939235
994,10997,1.0,2000,0.9954106415389633,3.00852420867932
995,10998,1.0,2000,0.9986631827644532,2.99002431801939
996,10999,1.0,2000,0.9986928714759807,3.008357084012278
997,11000,0.6248236946559435,200,0.992863832887912,3.001544281705436
998,11001,0.6248236946559435,200,0.996230247381563,2.996333206415325
999,11002,0.6248236946559435,200,1.0091893726980774,2.9950568200091743
1000,11003,0.6248236946559435,200,1.012665027009446,2.970768513882464
1001,11004,0.6248236946559435,200,1.0044037621192161,2.9778304225817274
1002,11005,0.6248236946559435,200,0.9865078739498129,2.989884618268916
1003,11006,0.6248236946559435,200,0.9862687412548047,2.994248028092841
1004,11007,0.6248236946559435,200,1.0137714017464257,2.9846098564729076
1005,11008,0.6248236946559435,200,1.0077907546105331,2.9816695538024396
1006,11009,0.6248236946559435,200,0.9910522860092824,2.985025317389375
1007,11010,0.6248236946559435,200,1.0007960530069144,2.9821596239994705
1008,11011,0.6248236946559435,200,1.0108148913142596,2.977865805671422
1009,11012,0.6248236946559435,200,0.9971018626635455,2.990149636725478
1010,11013,0.6248236946559435,200,0.9935382994211327,2.982294450272324
1011,11014,0.6248236946559435,200,1.0070427265839483,2.980729143216508
1012,11015,0.6248236946559435,200,0.9911244735276054,2.9923362318044107
1013,11016,0.6248236946559435,200,0.9924685652903659,2.985278292048883
1014,11017,0.6248236946559435,200,0.9969296566058592,2.9771784772341734
1015,11018,0.6248236946559435,200,0.9996038193657888,2.9871869870664254
1016,11019,0.6248236946559435,200,0.9973979023003693,2.987733991203895
1017,11020,0.6248236946559435,200,1.0111304229910214,2.973969079105929
1018,11021,0.6248236946559435,200,1.0040673975931445,2.9724968104621268
1019,11022,0.6248236946559435,200,1.0021276122912666,2.9974146268314006
1020,11023,0.6248236946559435,200,1.009261428002227,2.9833499182040595
1021,11024,0.6248236946559435,200,0.9978849877758231,2.993506638678589
1022,11025,0.6248236946559435,200,1.0095640030906368,3.000876937683026
1023,11026,0.6248236946559435,200,1.0007182445198375,3.0002062069052764
1024,11027,0.6248236946559435,200,1.000324039346662,2.982182122991601
1025,11028,0.6248236946559435,200,1.000951598142675,2.968220522547028
1026,11029,0.6248236946559435,200,0.9908093108454127,2.99973069037753
1027,11030,0.6248236946559435,200,1.0004372524315905,2.978087091780366
1028,11031,0.6248236946559435,200,0.9855929436906843,2.9887635307394396
1029,11032,0.6248236946559435,200,1.0036266166917671,2.994186319775909
1030,11033,0.6248236946559435,200,1.0082820387407072,2.9766921298391424
1031,11034,0.6248236946559435,200,0.998143403143783,2.9843427057611907
1032,11035,0.6248236946559435,200,0.9999881069270462,2.980023330963894
1033,11036,0.6248236946559435,200,1.0025653531085978,2.9813183057575823
1034,11037,0.6248236946559435,200,1.0091064516443202,2.9880117790670733
1035,11038,0.6248236946559435,200,1.003743599979356,2.9871518693133643
1036,11039,0.6248236946559435,200,0.9988253773051886,2.98855599088377
1037,11040,0.6248236946559435,200,1.0043279317280416,2.988389889940265
1038,11041,0.6248236946559435,200,1.0021935244027582,2.9927305273567795
1039,11042,0.6248236946559435,200,0.9980031024182534,2.97466132095445
1040,11043,0.6248236946559435,200,0.9899914242429102,2.9963306036409842
1041,11044,0.6248236946559435,200,1.0117652320337003,2.983043440310044
1042,11045,0.6248236946559435,200,1.0009723214841941,2.990652978637004
1043,11046,0.6248236946559435,200,0.9987894617917512,3.0067506666439914
1044,11047,0.6248236946559435,200,1.0003897955143086,3.0019943358303385
1045,11048,0.6248236946559435,200,1.0152790112153292,2.986184008733223
1046,11049,0.6248236946559435,200,0.9961002183068531,3.0005281863240976
1047,11050,0.6248236946559435,200,1.0044012680194283,2.9876969229614083
1048,11051,0.6248236946559435,200,0.9969702374132853,2.9826589148122804
1049,11052,0.6248236946559435,200,0.9979244055931218,2.9925831805273155
1050,11053,0.6248236946559435,200,1.0001457856380154,2.973271826266072
1051,11054,0.6248236946559435,200,0.996751811738642,2.99647441937297
1052,11055,0.6248236946559435,200,1.0010236294799895,2.984102944330003
1053,11056,0.6248236946559435,200,1.0001239910584923,2.985446819958016
1054,11057,0.6248236946559435,200,1.0009676949921167,2.990398610511015
1055,11058,0.6248236946559435,200,1.0096091763918251,2.982057430032418
1056,11059,0.6248236946559435,200,0.9827656650563268,2.994475587747831
1057,11060,0.6248236946559435,200,1.0009871264510917,3.0015672236037108
1058,11061,0.6248236946559435,200,1.000755139347667,2.988479657503092
1059,11062,0.6248236946559435,200,1.0083938389435816,2.984311664127648
1060,11063,0.6248236946559435,200,1.015780898438456,3.001598407962502
1061,11064,0.6248236946559435,200,0.9991196862858145,2.978260750058067
1062,11065,0.6248236946559435,200,0.9961775669779398,2.9854415977124824
1063,11066,0.6248236946559435,200,1.0071980411873507,2.998271879585443
1064,11067,0.6248236946559435,200,1.0007498622046263,2.985818830285198
1065,11068,0.6248236946559435,200,0.9993118851098617,2.9986291461474583
1066,11069,0.6248236946559435,200,1.0100467803997,2.974438594812089
1067,11070,0.6248236946559435,200,0.9930107562562787,2.9909328699574766
1068,11071,0.6248236946559435,200,0.9934592965386193,3.000184645918865
1069,11072,0.6248236946559435,200,1.0106094226048312,2.979716650958758
1070,11073,0.6248236946559435,200,1.0031478506276827,2.9847143721374527
1071,11074,0.6248236946559435,200,1.0069956444575583,2.998371446126199
1072,11075,0.6248236946559435,200,0.9977269435982918,2.9904582777197115
1073,11076,0.6248236946559435,200,1.0040777163389125,2.9834954077463167
1074,11077,0.6248236946559435,200,1.0105369815309537,2.9792529898187583
1075,11078,0.6248236946559435,200,1.009688854212407,2.9921993327619854
1076,11079,0.6248236946559435,200,1.0058977575834378,2.9907046384656693
1077,11080,0.6248236946559435,200,0.9927533385968357,2.9853808181649053
1078,11081,0.6248236946559435,200,1.0024041280694063,2.988725191571178
1079,11082,0.6248236946559435,200,0.9951842101384216,2.979117568867042
1080,11083,0.6248236946559435,200,1.0117441945688974,2.9887345767267095
1081,11084,0.6248236946559435,200,0.9978336644322425,2.9836658694316975
1082,11085,0.6248236946559435,200,1.0047868943905953,2.992150691192098
1083,11086,0.6248236946559435,200,1.0153530202718946,2.974544012578886
1084,11087,0.6248236946559435,200,1.021723451239037,2.9866186698961066
1085,11088,0.6248236946559435,200,0.9965191149788961,2.9853892754496036
1086,11089,0.6248236946559435,200,1.0069551167417607,2.990798824990469
1087,11090,0.6248236946559435,200,1.003452927197039,2.991377523529336
1088,11091,0.6248236946559435,200,0.9999175240666581,2.9895128079811135
1089,11092,0.6248236946559435,200,1.0013656321246582,2.972816422822203
1090,11093,0.6248236946559435,200,1.0120056037899137,3.0022343853238205
1091,11094,0.6248236946559435,200,1.0035152510158958,2.983382500326968
1092,11095,0.6248236946559435,200,0.9959513680801171,2.9815137486918735
1093,11096,0.6248236946559435,200,1.0044605070604402,3.0085495071817574
1094,11097,0.6248236946559435,200,1.0033014200609294,2.989630084907032
1095,11098,0.6248236946559435,200,0.9996210115282519,2.9790037121624584
1096,11099,0.6248236946559435,200,1.0044449919330316,2.9967117904694067
1097,11100,0.6248236946559435,400,1.0191177760303556,2.9905100784012455
1098,11101,0.6248236946559435,400,1.0115412303319544,2.978432856865817
1099,11104,0.6248236946559435,400,1.0047530044666906,2.9879703261651738
1100,11105,0.6248236946559435,400,0.9913433028127336,2.9955876096756526
1101,11106,0.6248236946559435,400,1.009422594576045,2.9875801553360084
1102,11107,0.6248236946559435,400,0.9931048868162693,2.9849860987553045
1103,11108,0.6248236946559435,400,1.008228426420232,2.972769506180219
1104,11109,0.6248236946559435,400,1.0071896152320796,2.995238350960378
1105,11110,0.6248236946559435,400,0.9946515035379916,2.9822670561617515
1106,11111,0.6248236946559435,400,1.0074121537099892,2.9842631872454612
1107,11112,0.6248236946559435,400,1.0044458037676987,2.973410750458399
1108,11113,0.6248236946559435,400,0.9979761767480966,2.985364726324574
1109,11114,0.6248236946559435,400,1.0108617169693337,2.9837569774367756
1110,11115,0.6248236946559435,400,1.0011447635331017,2.9912691216727865
1111,11116,0.6248236946559435,400,0.9997128752870104,2.989080382947192
1112,11117,0.6248236946559435,400,0.9996406480015437,2.9878048886142503
1113,11118,0.6248236946559435,400,1.0089133492098892,2.9800934145226843
1114,11119,0.6248236946559435,400,1.0085777938883038,2.991237824079102
1115,11120,0.6248236946559435,400,1.01635500956379,2.98564461484251
1116,11121,0.6248236946559435,400,0.9976493417015663,2.981893709945257
1117,11122,0.6248236946559435,400,1.0013872081313202,2.9816573842934604
1118,11123,0.6248236946559435,400,1.0184349713360752,2.9701526048905587
1119,11124,0.6248236946559435,400,0.9870126661990455,2.998400181723846
1120,11125,0.6248236946559435,400,1.0054364132471534,2.981850849828245
1121,11126,0.6248236946559435,400,1.0039060202015024,2.9796683936199355
1122,11127,0.6248236946559435,400,1.0079700060896173,2.983294457736039
1123,11128,0.6248236946559435,400,1.0037760937268678,2.9786987758849937
1124,11129,0.6248236946559435,400,1.0104531891169164,2.9848992013642808
1125,11130,0.6248236946559435,400,1.0185350179929913,2.9949894670066612
1126,11131,0.6248236946559435,400,1.0153760749984133,2.9827851928334033
1127,11132,0.6248236946559435,400,0.9997040441382996,2.9842305647795113
1128,11133,0.6248236946559435,400,0.9992553850134633,2.9919129893471537
1129,11134,0.6248236946559435,400,1.0304915639056809,2.9665037912839547
1130,11135,0.6248236946559435,400,1.0015332910001795,2.9862123062497106
1131,11136,0.6248236946559435,400,1.0108044417042144,2.9921878275026113
1132,11137,0.6248236946559435,400,1.0001079924406109,2.985668377649731
1133,11138,0.6248236946559435,400,1.0044495020491577,2.993222293407313
1134,11139,0.6248236946559435,400,1.0099433693703666,3.0074963296540798
1135,11140,0.6248236946559435,400,1.017377270606388,3.0000749235891115
1136,11141,0.6248236946559435,400,1.0043547259788814,2.977897055365782
1137,11142,0.6248236946559435,400,0.9944913519871399,2.988121130939047
1138,11143,0.6248236946559435,400,0.9919553097633591,2.9957759360838385
1139,11144,0.6248236946559435,400,1.0123512109539567,2.9815056358762684
1140,11145,0.6248236946559435,400,1.010155419803184,2.9846992831786587
1141,11146,0.6248236946559435,400,1.0019930352606872,2.9900575672675065
1142,11147,0.6248236946559435,400,0.9978845651612179,2.9892476377842536
1143,11148,0.6248236946559435,400,0.998031016038138,2.9929695912936767
1144,11149,0.6248236946559435,400,0.9985419869346959,2.9965380164758906
1145,11150,0.6248236946559435,400,1.0011517346981789,2.984037346162544
1146,11151,0.6248236946559435,400,1.0096711375351595,2.9918927154190746
1147,11152,0.6248236946559435,400,0.9994059769750507,2.9934293321535255
1148,11153,0.6248236946559435,400,1.0195325999447558,2.9913063683770593
1149,11154,0.6248236946559435,400,0.9996689901629969,3.002885160025533
1150,11155,0.6248236946559435,400,1.0045672023246672,2.9938522822344824
1151,11156,0.6248236946559435,400,0.998869493414192,3.0007980890705683
1152,11157,0.6248236946559435,400,1.0007201934251189,2.981215820005811
1153,11158,0.6248236946559435,400,1.0113602131517427,2.9867845398697286
1154,11159,0.6248236946559435,400,0.996267816001905,2.98817600006288
1155,11160,0.6248236946559435,400,1.0129834422657458,2.989042112921883
1156,11161,0.6248236946559435,400,1.0003768450069597,2.9927293994809707
1157,11162,0.6248236946559435,400,0.9929010300829834,2.9848210730658282
1158,11163,0.6248236946559435,400,0.9958654725711069,2.9945540523008978
1159,11164,0.6248236946559435,400,1.0137028231792953,2.9756586316467586
1160,11165,0.6248236946559435,400,1.0035618155007011,2.9867636572375273
1161,11166,0.6248236946559435,400,0.9866026155912475,2.993062966282315
1162,11167,0.6248236946559435,400,0.9933704058249504,2.988665613281604
1163,11168,0.6248236946559435,400,1.03050134595195,2.9824166816946773
1164,11169,0.6248236946559435,400,1.0158455333949736,2.9981068738799723
1165,11170,0.6248236946559435,400,1.0138761214751122,2.9833548717148477
1166,11171,0.6248236946559435,400,0.9982590311298983,2.9752788144983224
1167,11172,0.6248236946559435,400,0.9992975556474134,2.9942797120021263
1168,11173,0.6248236946559435,400,1.0035951359360704,2.9872855683334723
1169,11174,0.6248236946559435,400,0.9977414865486944,2.9937912524998533
1170,11175,0.6248236946559435,400,0.9949239959983686,2.98305811033166
1171,11176,0.6248236946559435,400,1.0017597569934793,2.986709154401553
1172,11177,0.6248236946559435,400,1.0073074768606156,2.9886563671599014
1173,11178,0.6248236946559435,400,1.0000445826717257,2.9832159643499665
1174,11179,0.6248236946559435,400,0.9975509204003405,2.99415120832923
1175,11180,0.6248236946559435,400,1.0096806297345275,2.9740551388584002
1176,11181,0.6248236946559435,400,1.0133119339225085,2.970475874394371
1177,11182,0.6248236946559435,400,0.9994480487649933,2.998164414061922
1178,11183,0.6248236946559435,400,1.0021149738237078,2.9986020306564845
1179,11184,0.6248236946559435,400,1.0053877549830246,2.976645549060363
1180,11185,0.6248236946559435,400,1.0086599003332302,2.9808303836523775
1181,11186,0.6248236946559435,400,1.010376569214373,2.9788198028592054
1182,11187,0.6248236946559435,400,1.0060471146205292,2.9774111144194717
1183,11188,0.6248236946559435,400,0.9895803189680187,2.993804670934387
1184,11189,0.6248236946559435,400,0.9991672320429409,2.9947247918890936
1185,11190,0.6248236946559435,400,1.0032259505966201,2.9818324297990477
1186,11191,0.6248236946559435,400,0.9993767004451257,2.979272473872366
1187,11192,0.6248236946559435,400,1.0035415423234322,2.9854367442242147
1188,11193,0.6248236946559435,400,1.0140393337960176,2.9846399346879373
1189,11194,0.6248236946559435,400,0.9986467175382556,2.995274690325263
1190,11195,0.6248236946559435,400,1.0103046561833673,2.9933816107559514
1191,11196,0.6248236946559435,400,0.9951827535417058,2.976241722638294
1192,11197,0.6248236946559435,400,1.001289071531922,2.9947938451886666
1193,11198,0.6248236946559435,400,1.002362523809305,2.9865464060104046
1194,11199,0.6248236946559435,400,1.0157605997598187,2.980766650781706
1195,11200,0.6248236946559435,600,1.0316525563477401,2.9644844589413055
1196,11201,0.6248236946559435,600,1.0300683964496935,2.978044759860894
1197,11202,0.6248236946559435,600,1.007543370023199,2.9661605785623855
1198,11203,0.6248236946559435,600,1.0176704428154362,2.971154470695896
1199,11204,0.6248236946559435,600,1.0076530952915976,2.974151510905459
1200,11206,0.6248236946559435,600,1.0297351071089547,2.9706067777427068
1201,11207,0.6248236946559435,600,1.016100631559769,2.982850869882104
1202,11208,0.6248236946559435,600,1.016745631728194,2.9859825238499207
1203,11209,0.6248236946559435,600,0.9913402847930588,3.0085542840500183
1204,11210,0.6248236946559435,600,1.010187288206553,2.995949250395804
1205,11211,0.6248236946559435,600,1.0108625862311151,3.001956811967566
1206,11212,0.6248236946559435,600,1.0039028753990502,2.9963515247449775
1207,11213,0.6248236946559435,600,1.0882227373132773,2.943866654262392
1208,11214,0.6248236946559435,600,1.0043658628526055,2.966165523203988
1209,11215,0.6248236946559435,600,1.0243537376656726,2.9761742418793062
1210,11216,0.6248236946559435,600,1.0116149261346403,2.9969971557936077
1211,11217,0.6248236946559435,600,1.0146774033597563,2.996254589651154
1212,11218,0.6248236946559435,600,1.0101325930577214,3.0026405271384364
1213,11219,0.6248236946559435,600,0.9984316239023625,3.0041502966541613
1214,11220,0.6248236946559435,600,1.076863895192445,2.9433693356275774
1215,11221,0.6248236946559435,600,0.9978493552165244,2.9911088488428055
1216,11222,0.6248236946559435,600,1.0106715076394217,2.9990909053681762
1217,11223,0.6248236946559435,600,1.0782870164981584,2.9634840571271983
1218,11224,0.6248236946559435,600,1.0099695467374388,2.9878456927944366
1219,11225,0.6248236946559435,600,1.0131209866650646,2.987231667554169
1220,11226,0.6248236946559435,600,1.003398459841418,2.976511934606234
1221,11227,0.6248236946559435,600,1.0029894922188354,2.977199409400699
1222,11228,0.6248236946559435,600,1.0028074847515263,2.996806406361743
1223,11229,0.6248236946559435,600,1.010435166260565,2.9844502749974735
1224,11230,0.6248236946559435,600,1.0079188855510268,2.9886682687587847
1225,11231,0.6248236946559435,600,1.0411601120473088,2.987348713745328
1226,11232,0.6248236946559435,600,1.037272723141214,2.948144492446065
1227,11233,0.6248236946559435,600,1.012588501274262,2.9802787279516476
1228,11234,0.6248236946559435,600,1.0079753269959422,2.9752087308877764
1229,11235,0.6248236946559435,600,1.0051493195077947,2.9780718380804303
1230,11236,0.6248236946559435,600,1.0141070787865358,2.9847968125362945
1231,11237,0.6248236946559435,600,1.0182566470586525,2.976837865371102
1232,11238,0.6248236946559435,600,1.0012153923021576,2.9853220527351487
1233,11239,0.6248236946559435,600,1.0198652817701275,2.983650426105001
1234,11240,0.6248236946559435,600,1.0167994745535167,2.9739042759350163
1235,11241,0.6248236946559435,600,1.0044757376535096,2.979667940176829
1236,11242,0.6248236946559435,600,1.0618866863026364,2.949967285685735
1237,11243,0.6248236946559435,600,1.002790801150261,2.9694743039486626
1238,11244,0.6248236946559435,600,1.0216473309604237,2.9714140911721083
1239,11245,0.6248236946559435,600,1.0390275515555714,2.9493567784497854
1240,11246,0.6248236946559435,600,1.0051528932174802,2.9909534601751737
1241,11247,0.6248236946559435,600,1.009127192389856,2.9876807458377606
1242,11248,0.6248236946559435,600,1.0146320750104318,2.983723625057027
1243,11249,0.6248236946559435,600,1.0089249990222993,3.0059027822753643
1244,11250,0.6248236946559435,600,1.0092058303395834,2.993620805439753
1245,11251,0.6248236946559435,600,1.0047906340414108,2.991033635098879
1246,11252,0.6248236946559435,600,1.0237631159161076,2.9719275447086857
1247,11253,0.6248236946559435,600,1.065414409322755,2.9524532674730675
1248,11254,0.6248236946559435,600,1.0141023006132452,2.9846710375454353
1249,11255,0.6248236946559435,600,0.998150172027216,2.9848222718854784
1250,11256,0.6248236946559435,600,1.0139732297493118,2.9745403741527703
1251,11257,0.6248236946559435,600,1.0360205667965556,2.980534119329854
1252,11258,0.6248236946559435,600,1.034216421467264,2.9583456533560866
1253,11259,0.6248236946559435,600,1.0130426963244212,3.001584011194317
1254,11260,0.6248236946559435,600,1.003088400689575,2.9905803023261637
1255,11261,0.6248236946559435,600,1.0123779730088482,2.9937458231029552
1256,11262,0.6248236946559435,600,1.0163704480325348,2.9733849689312537
1257,11263,0.6248236946559435,600,1.0235602988956614,2.963773919618223
1258,11264,0.6248236946559435,600,1.009925768092522,2.9860318461977418
1259,11265,0.6248236946559435,600,1.072118967790461,2.9482642925951636
1260,11266,0.6248236946559435,600,1.0145711963403428,2.9841895587755203
1261,11267,0.6248236946559435,600,1.0671148354543714,2.9426021165089318
1262,11268,0.6248236946559435,600,1.0401592922910885,2.9657971947079704
1263,11269,0.6248236946559435,600,1.0245532523408982,2.979314411549912
1264,11270,0.6248236946559435,600,0.9995168392763075,2.9859384540128793
1265,11271,0.6248236946559435,600,1.0138852968335688,2.9849781688829493
1266,11272,0.6248236946559435,600,1.0113889155311742,3.0027174124152256
1267,11273,0.6248236946559435,600,1.0236062673616524,2.9764062490480154
1268,11274,0.6248236946559435,600,1.0178792004871007,2.9778908327771867
1269,11275,0.6248236946559435,600,1.0560130551551392,2.967612857065584
1270,11276,0.6248236946559435,600,1.1085377196990487,2.9434899612371646
1271,11277,0.6248236946559435,600,1.071204858269879,2.9538325155715275
1272,11278,0.6248236946559435,600,1.0019154218669195,2.987689586453107
1273,11279,0.6248236946559435,600,1.0109947040286504,2.970654183479447
1274,11280,0.6248236946559435,600,1.0676665710356406,2.9652813389056525
1275,11281,0.6248236946559435,600,1.0345669796001888,2.9673403952353694
1276,11282,0.6248236946559435,600,1.0753666972929197,2.9504002214993763
1277,11283,0.6248236946559435,600,1.0398239111084293,2.964662107834495
1278,11284,0.6248236946559435,600,0.9973620722428201,2.9902080149095367
1279,11285,0.6248236946559435,600,1.0312488487425608,2.9555621874859765
1280,11286,0.6248236946559435,600,1.0074300568687193,2.9886569705667454
1281,11287,0.6248236946559435,600,1.037068124957958,2.9672713638393233
1282,11288,0.6248236946559435,600,1.0628195871208006,2.9388840206017077
1283,11289,0.6248236946559435,600,1.0244283129930474,2.968094330267313
1284,11290,0.6248236946559435,600,1.0052865856742357,2.990149547216082
1285,11291,0.6248236946559435,600,1.0247214818286974,2.9746026364215523
1286,11292,0.6248236946559435,600,1.0125249648818635,2.9782223974478987
1287,11293,0.6248236946559435,600,0.9968565358007708,3.0011141352212265
1288,11294,0.6248236946559435,600,1.016380096432652,2.9841862950270146
1289,11295,0.6248236946559435,600,1.0603778899634995,2.957760187619079
1290,11296,0.6248236946559435,600,1.0217992253743717,2.9701094109488357
1291,11297,0.6248236946559435,600,1.0010169399026236,2.9817239234883277
1292,11298,0.6248236946559435,600,1.0412576771601514,2.9779965628289915
1293,11299,0.6248236946559435,600,1.0070120967160143,3.0029552148750946
1294,11300,0.6248236946559435,800,1.1005594375366634,2.91895852033887
1295,11301,0.6248236946559435,800,1.2985088430741292,2.860612742345237
1296,11302,0.6248236946559435,800,1.0453211258654727,2.987435760526487
1297,11303,0.6248236946559435,800,1.2110396848038145,2.8870939899502854
1298,11304,0.6248236946559435,800,1.2295258392026542,2.893253100203149
1299,11305,0.6248236946559435,800,1.018967832429662,2.972835691868036
1300,11306,0.6248236946559435,800,1.0443017867713962,2.9661951611777484
1301,11307,0.6248236946559435,800,1.0263221820125814,2.971756133231218
1302,11308,0.6248236946559435,800,1.0563229276218589,2.958921906078542
1303,11309,0.6248236946559435,800,1.1706605616291843,2.9113104761454593
1304,11310,0.6248236946559435,800,1.0202340729064459,2.985710949258498
1305,11311,0.6248236946559435,800,1.0103676319886898,2.989665904162403
1306,11312,0.6248236946559435,800,1.479237996004378,2.76135782848405
1307,11313,0.6248236946559435,800,1.619262175572615,2.7071382737740333
1308,11314,0.6248236946559435,800,1.0506014212484225,2.9472197297037797
1309,11315,0.6248236946559435,800,1.0011795870211624,2.9819950870183
1310,11316,0.6248236946559435,800,1.1431112848723441,2.9140108588740867
1311,11317,0.6248236946559435,800,1.045443197788282,2.9664437879078416
1312,11318,0.6248236946559435,800,1.044668428408981,2.9762909948864786
1313,11319,0.6248236946559435,800,1.0461298264158976,2.965560059214476
1314,11320,0.6248236946559435,800,1.1357119013755064,2.9366072966941124
1315,11321,0.6248236946559435,800,1.0425445701505331,2.986660754331673
1316,11322,0.6248236946559435,800,1.1828716287061949,2.9201424280302084
1317,11323,0.6248236946559435,800,1.073788305179527,2.950166026951419
1318,11324,0.6248236946559435,800,1.0680322109243507,2.9661448948890077
1319,11325,0.6248236946559435,800,1.0464843730518198,2.9600959927418353
1320,11326,0.6248236946559435,800,1.0152430285563108,2.9750239203154316
1321,11327,0.6248236946559435,800,1.070189667660278,2.953862024491637
1322,11328,0.6248236946559435,800,1.2272804405967657,2.89110020885781
1323,11329,0.6248236946559435,800,1.040660082214012,2.9554918641416
1324,11330,0.6248236946559435,800,1.0399925384632218,2.9724827693617386
1325,11331,0.6248236946559435,800,1.4018502572973786,2.805850970197285
1326,11332,0.6248236946559435,800,1.7174937897143667,2.614612862704962
1327,11333,0.6248236946559435,800,1.169675526054404,2.919025433472028
1328,11334,0.6248236946559435,800,1.4096948973928,2.79120827672062
1329,11335,0.6248236946559435,800,1.040534217250492,2.974335542644107
1330,11336,0.6248236946559435,800,1.0539636217749015,2.961587662302987
1331,11337,0.6248236946559435,800,1.0196457796482974,2.9963497260937166
1332,11338,0.6248236946559435,800,1.0121578648389504,2.997571044332927
1333,11339,0.6248236946559435,800,1.2844025514615722,2.8541036370889925
1334,11340,0.6248236946559435,800,1.1260848041002847,2.9206971879966543
1335,11341,0.6248236946559435,800,1.2867602684986033,2.842793112984234
1336,11342,0.6248236946559435,800,1.0200229585577891,2.9844430840260165
1337,11343,0.6248236946559435,800,1.1101282847260427,2.932431528361883
1338,11344,0.6248236946559435,800,1.0930723886977192,2.960272055033788
1339,11345,0.6248236946559435,800,1.2452614765917382,2.865870347491627
1340,11346,0.6248236946559435,800,1.079011293780747,2.946348344144988
1341,11347,0.6248236946559435,800,1.343734896072323,2.8195832560230216
1342,11348,0.6248236946559435,800,1.0620951435222317,2.9505710506360296
1343,11349,0.6248236946559435,800,1.0372904622196348,2.9665143660572446
1344,11350,0.6248236946559435,800,1.0276999977509564,2.981704849567858
1345,11351,0.6248236946559435,800,1.4032113435295515,2.8017324248295212
1346,11352,0.6248236946559435,800,1.0250491480074007,2.9772534619329227
1347,11353,0.6248236946559435,800,1.178925213960554,2.932224202042064
1348,11354,0.6248236946559435,800,1.27329776199189,2.8702308162864343
1349,11355,0.6248236946559435,800,1.0520334119078951,2.955016574360543
1350,11356,0.6248236946559435,800,1.2586417078850753,2.8661307653295185
1351,11357,0.6248236946559435,800,1.0178692735936212,2.982702859081253
1352,11358,0.6248236946559435,800,1.072566928310192,2.9332154963198107
1353,11359,0.6248236946559435,800,1.1590744883784148,2.906287719947107
1354,11360,0.6248236946559435,800,1.0118271087771047,2.9700266016011616
1355,11361,0.6248236946559435,800,1.033576163891344,2.970429401086034
1356,11362,0.6248236946559435,800,1.0303184689369156,2.969495666292803
1357,11363,0.6248236946559435,800,1.0738880260602177,2.938127379557307
1358,11364,0.6248236946559435,800,1.0354355470825622,2.9773849998315933
1359,11365,0.6248236946559435,800,1.0942477930891628,2.943904224520946
1360,11366,0.6248236946559435,800,1.0336132654774104,2.940360931880261
1361,11367,0.6248236946559435,800,1.1286536854872342,2.9225378123395815
1362,11368,0.6248236946559435,800,1.1144441326642804,2.938030988360289
1363,11369,0.6248236946559435,800,1.0882580410521405,2.9516072334758734
1364,11370,0.6248236946559435,800,1.0816219354113978,2.957796880724769
1365,11371,0.6248236946559435,800,1.3194861380320222,2.8359413212370184
1366,11372,0.6248236946559435,800,1.047165212290562,2.9603274652267517
1367,11373,0.6248236946559435,800,1.5508369309741854,2.711109901710355
1368,11374,0.6248236946559435,800,1.1768645391111383,2.913934536664839
1369,11375,0.6248236946559435,800,1.0761507484883528,2.949893870442505
1370,11376,0.6248236946559435,800,1.2321666156127016,2.883342020622428
1371,11377,0.6248236946559435,800,1.1351374373883836,2.9220410244250856
1372,11378,0.6248236946559435,800,1.0094189391802553,2.996672796239793
1373,11379,0.6248236946559435,800,1.2810467335816316,2.8634571434967806
1374,11380,0.6248236946559435,800,1.1105606702269506,2.9253161291319847
1375,11381,0.6248236946559435,800,1.1085262290892688,2.9331950470927746
1376,11382,0.6248236946559435,800,1.388548795744618,2.840710174132859
1377,11383,0.6248236946559435,800,1.0939704165351691,2.952072705847887
1378,11384,0.6248236946559435,800,1.4156094467039195,2.784699989833689
1379,11385,0.6248236946559435,800,1.5228653672984396,2.76597942095341
1380,11386,0.6248236946559435,800,1.0574529091374631,2.9639464955996266
1381,11387,0.6248236946559435,800,1.0330507447591404,2.9769620210490557
1382,11388,0.6248236946559435,800,1.3103194255603396,2.8429234332778313
1383,11389,0.6248236946559435,800,1.0234799495672213,2.9565505464218385
1384,11390,0.6248236946559435,800,1.1021491105561245,2.939817509001483
1385,11391,0.6248236946559435,800,1.0684012096612476,2.9601975575583963
1386,11392,0.6248236946559435,800,1.0194400128298349,2.985771552568562
1387,11393,0.6248236946559435,800,1.0675938095083917,2.9577147593601003
1388,11394,0.6248236946559435,800,1.4650852948281636,2.765688586882698
1389,11395,0.6248236946559435,800,1.0248934016169053,2.9740713988028036
1390,11396,0.6248236946559435,800,1.0382333882090582,2.966895466379495
1391,11397,0.6248236946559435,800,1.0484280006011821,2.962761898645991
1392,11398,0.6248236946559435,800,1.031804421201565,2.979238527122372
1393,11399,0.6248236946559435,800,1.0719455521689611,2.961783843368838
1394,11400,0.6248236946559435,1000,1.252018037660585,2.9047538889901316
1395,11401,0.6248236946559435,1000,1.5030424843133083,2.7666960911909078
1396,11402,0.6248236946559435,1000,1.0341621116591555,2.9805797551175757
1397,11403,0.6248236946559435,1000,1.385633921284436,2.8160164672965196
1398,11404,0.6248236946559435,1000,1.8048721031732828,2.5511952212862132
1399,11405,0.6248236946559435,1000,1.0968191178749733,2.946918744666436
1400,11406,0.6248236946559435,1000,1.244458878736403,2.8733191292004685
1401,11407,0.6248236946559435,1000,1.1678825570721725,2.923622982079113
1402,11408,0.6248236946559435,1000,1.1908997943491002,2.9006364803520226
1403,11409,0.6248236946559435,1000,1.345029507875848,2.83055121849029
1404,11410,0.6248236946559435,1000,1.211153844155292,2.888168838686996
1405,11411,0.6248236946559435,1000,1.1352972553964704,2.9168817093496693
1406,11412,0.6248236946559435,1000,1.3927871358997734,2.804954887958411
1407,11413,0.6248236946559435,1000,1.288461027959587,2.8743276454987905
1408,11414,0.6248236946559435,1000,1.0649074441467246,2.9823957548608795
1409,11415,0.6248236946559435,1000,1.0747759251345608,2.961569489092935
1410,11416,0.6248236946559435,1000,1.1878422498884667,2.884912634646788
1411,11417,0.6248236946559435,1000,1.0884547964001818,2.9238807914947653
1412,11418,0.6248236946559435,1000,1.0451842421874837,2.9759353735489995
1413,11419,0.6248236946559435,1000,1.556921019898253,2.717644491374699
1414,11420,0.6248236946559435,1000,1.0952770525881785,2.9459035197705523
1415,11421,0.6248236946559435,1000,1.6662098941421377,2.63711861739829
1416,11422,0.6248236946559435,1000,1.27925802113116,2.843459786432122
1417,11423,0.6248236946559435,1000,1.0557860952400928,2.9569227115771395
1418,11424,0.6248236946559435,1000,1.616210161360754,2.691655144607694
1419,11425,0.6248236946559435,1000,1.122087072650054,2.9358595001874095
1420,11426,0.6248236946559435,1000,1.021794349076327,2.9798557380902344
1421,11427,0.6248236946559435,1000,1.0433606077174506,2.9720917477220636
1422,11428,0.6248236946559435,1000,1.215506309830067,2.886917637263105
1423,11429,0.6248236946559435,1000,1.35802115732343,2.826503342445969
1424,11430,0.6248236946559435,1000,1.7294929346612342,2.6014281524617537
1425,11431,0.6248236946559435,1000,1.0976076360946074,2.9451682150175484
1426,11432,0.6248236946559435,1000,1.0872882187176105,2.963029783823197
1427,11433,0.6248236946559435,1000,1.4526126613062293,2.787045949556208
1428,11434,0.6248236946559435,1000,1.190238871151926,2.919205159980792
1429,11435,0.6248236946559435,1000,1.2376139857534791,2.8864777463240374
1430,11436,0.6248236946559435,1000,1.2520757039364452,2.8685410936111624
1431,11437,0.6248236946559435,1000,1.0385123453588119,2.9718758598876147
1432,11438,0.6248236946559435,1000,1.220191949932333,2.8758035859880398
1433,11439,0.6248236946559435,1000,1.6083317596163045,2.719732131960521
1434,11440,0.6248236946559435,1000,1.8647041036623921,2.489660870917587
1435,11441,0.6248236946559435,1000,1.1023437103177702,2.929790696305781
1436,11442,0.6248236946559435,1000,1.0319955782059862,2.975134180183503
1437,11443,0.6248236946559435,1000,1.6301004277688214,2.675430423241884
1438,11444,0.6248236946559435,1000,1.1863240216354962,2.920917213590333
1439,11445,0.6248236946559435,1000,1.854933324792387,2.5118843019156065
1440,11446,0.6248236946559435,1000,1.4049236095526727,2.796739812399725
1441,11447,0.6248236946559435,1000,1.07588973224833,2.951450518042263
1442,11448,0.6248236946559435,1000,1.2089384631148465,2.9035702129931398
1443,11449,0.6248236946559435,1000,1.3737502850295649,2.819190714217976
1444,11450,0.6248236946559435,1000,1.215137586339478,2.8924213392242772
1445,11451,0.6248236946559435,1000,1.045637003267152,2.948528501771622
1446,11452,0.6248236946559435,1000,1.0056556196317954,2.9725149419763714
1447,11453,0.6248236946559435,1000,1.0219403678903718,2.9774775904918664
1448,11454,0.6248236946559435,1000,1.0599942426830355,2.949801295607638
1449,11455,0.6248236946559435,1000,1.087157691891567,2.9487781765305074
1450,11456,0.6248236946559435,1000,1.3722220395063762,2.8058660423436277
1451,11457,0.6248236946559435,1000,1.523212176561441,2.7601628172201425
1452,11458,0.6248236946559435,1000,1.268758233056905,2.8701379124352826
1453,11459,0.6248236946559435,1000,1.325431567978497,2.851981772990887
1454,11460,0.6248236946559435,1000,1.6487371649698974,2.664566300604736
1455,11461,0.6248236946559435,1000,1.6391588199781886,2.6535268161968335
1456,11462,0.6248236946559435,1000,1.5093669208948524,2.7110191699520847
1457,11463,0.6248236946559435,1000,1.8460300052886427,2.531698935596863
1458,11464,0.6248236946559435,1000,1.2897175388351751,2.884598613286838
1459,11465,0.6248236946559435,1000,1.1676014843195364,2.892332470172667
1460,11466,0.6248236946559435,1000,1.3173087544167879,2.8492040838455703
1461,11467,0.6248236946559435,1000,1.2520928788315948,2.8776811409277543
1462,11468,0.6248236946559435,1000,1.3894057031364135,2.798020942046331
1463,11469,0.6248236946559435,1000,1.3923329143816678,2.7810823601217094
1464,11470,0.6248236946559435,1000,1.0344910653742274,2.9786520117191997
1465,11471,0.6248236946559435,1000,1.0158227164025724,2.981796270052385
1466,11472,0.6248236946559435,1000,1.460153996093081,2.7721379976321723
1467,11473,0.6248236946559435,1000,1.2540957070805672,2.8832006595041295
1468,11474,0.6248236946559435,1000,1.3178317760838918,2.8419929692093753
1469,11475,0.6248236946559435,1000,1.6185282258292109,2.6524867863788057
1470,11476,0.6248236946559435,1000,1.533947795615056,2.724436509051801
1471,11477,0.6248236946559435,1000,1.1468453938304501,2.914163194187156
1472,11478,0.6248236946559435,1000,1.6737702246216268,2.604654255282441
1473,11479,0.6248236946559435,1000,1.503874327384358,2.728439722570009
1474,11480,0.6248236946559435,1000,1.735626096439765,2.5738367481447946
1475,11481,0.6248236946559435,1000,1.1097165296581835,2.9539942890308333
1476,11482,0.6248236946559435,1000,1.1986654504918184,2.8837592592575234
1477,11483,0.6248236946559435,1000,1.0567794092949834,2.94793385952699
1478,11484,0.6248236946559435,1000,1.4513910375214525,2.7750162705123196
1479,11485,0.6248236946559435,1000,1.554536329843319,2.701949996736299
1480,11486,0.6248236946559435,1000,1.1625321451974753,2.9209670189928127
1481,11487,0.6248236946559435,1000,1.0416999658423232,2.975458482099524
1482,11488,0.6248236946559435,1000,1.4881150666898921,2.747968376777788
1483,11489,0.6248236946559435,1000,1.2342344513711745,2.8908294343362946
1484,11490,0.6248236946559435,1000,1.2419499790724724,2.8798335267992172
1485,11491,0.6248236946559435,1000,1.7643041967327977,2.5818101727567595
1486,11492,0.6248236946559435,1000,1.1258414806030643,2.9331622026037367
1487,11493,0.6248236946559435,1000,1.3249117406237236,2.8382466128279065
1488,11494,0.6248236946559435,1000,1.731707997298678,2.6123747598844735
1489,11495,0.6248236946559435,1000,1.3441168421031389,2.857461363712948
1490,11496,0.6248236946559435,1000,1.1047952223052635,2.9532775938492843
1491,11497,0.6248236946559435,1000,1.18752128522965,2.895567648911224
1492,11498,0.6248236946559435,1000,1.09633017393044,2.9481400454809497
1493,11499,0.6248236946559435,1000,1.0876735492957326,2.935974722538149
1494,11500,0.6248236946559435,1200,1.7158804595699695,2.6584095735579067
1495,11501,0.6248236946559435,1200,2.2944437718976847,2.1729063944372387
1496,11502,0.6248236946559435,1200,1.1470222847886806,2.922417179115476
1497,11503,0.6248236946559435,1200,2.162683946681005,2.2956863741606117
1498,11504,0.6248236946559435,1200,1.4028976585074586,2.822252572456093
1499,11505,0.6248236946559435,1200,1.527572544134894,2.7681880650511457
1500,11506,0.6248236946559435,1200,1.7944465118288382,2.560290377293053
1501,11507,0.6248236946559435,1200,1.2294528835179295,2.8865326100234148
1502,11508,0.6248236946559435,1200,1.1711247767957091,2.9000223954022673
1503,11509,0.6248236946559435,1200,1.3655668673502097,2.840491212690339
1504,11510,0.6248236946559435,1200,1.5039100902690097,2.7341304846593317
1505,11511,0.6248236946559435,1200,1.6751580630102023,2.6246644447774807
1506,11512,0.6248236946559435,1200,1.002217295990756,2.992915536060582
1507,11513,0.6248236946559435,1200,1.712806961639575,2.636779501411413
1508,11514,0.6248236946559435,1200,1.5228767213996637,2.7370013565814784
1509,11515,0.6248236946559435,1200,2.064282175570217,2.39897590115627
1510,11516,0.6248236946559435,1200,1.623837350557927,2.680053229188686
1511,11517,0.6248236946559435,1200,1.3464464761537418,2.840538422656649
1512,11518,0.6248236946559435,1200,1.474231384861741,2.7570920404968606
1513,11519,0.6248236946559435,1200,1.396657100778009,2.8123975497436353
1514,11520,0.6248236946559435,1200,1.666120981770113,2.6056761012038634
1515,11521,0.6248236946559435,1200,1.326510419626227,2.8522968077544775
1516,11522,0.6248236946559435,1200,1.1786381579880854,2.913957309303396
1517,11523,0.6248236946559435,1200,1.6099751879282274,2.669314242301051
1518,11524,0.6248236946559435,1200,1.0678068594286199,2.948786642172776
1519,11525,0.6248236946559435,1200,1.5563938104849404,2.730880621951128
1520,11526,0.6248236946559435,1200,1.0181652083941264,2.974499705280745
1521,11527,0.6248236946559435,1200,1.047365577804738,2.972858052738612
1522,11528,0.6248236946559435,1200,1.785038473639446,2.581245583427725
1523,11529,0.6248236946559435,1200,1.9312377745870943,2.5039940097086455
1524,11530,0.6248236946559435,1200,1.3993004832435223,2.7967840175281964
1525,11531,0.6248236946559435,1200,1.2327543685855447,2.882325546912902
1526,11532,0.6248236946559435,1200,2.140896756088736,2.1436492500286937
1527,11533,0.6248236946559435,1200,1.6997876502021267,2.590537040911486
1528,11534,0.6248236946559435,1200,1.1759692722417205,2.932104559831988
1529,11535,0.6248236946559435,1200,1.2912786707015602,2.840762756310016
1530,11536,0.6248236946559435,1200,1.190308914067275,2.922156315815626
1531,11537,0.6248236946559435,1200,1.0159109234784665,2.9667609482880017
1532,11538,0.6248236946559435,1200,1.5887005577538615,2.7158796965855005
1533,11539,0.6248236946559435,1200,1.4620302389883888,2.7854398394121245
1534,11540,0.6248236946559435,1200,1.1313758126581948,2.930446493133672
1535,11541,0.6248236946559435,1200,1.0539495471505924,2.9668295847349277
1536,11542,0.6248236946559435,1200,1.3186115294883891,2.8663435817398955
1537,11543,0.6248236946559435,1200,1.0391607827261435,2.967102164109817
1538,11544,0.6248236946559435,1200,1.3395618334771449,2.8326144233278905
1539,11545,0.6248236946559435,1200,1.2141469707914927,2.91246540424195
1540,11546,0.6248236946559435,1200,1.0080988329795075,2.9727816939260494
1541,11547,0.6248236946559435,1200,1.298469362944842,2.8650077096777298
1542,11548,0.6248236946559435,1200,1.6533433636219605,2.6248120655203175
1543,11549,0.6248236946559435,1200,1.4843676747459926,2.778716223381609
1544,11550,0.6248236946559435,1200,1.2782788421613,2.869148161939952
1545,11551,0.6248236946559435,1200,1.342562376124969,2.8411094829157597
1546,11552,0.6248236946559435,1200,1.8877162708671285,2.545742902946904
1547,11553,0.6248236946559435,1200,1.1916920096131771,2.912469388385717
1548,11554,0.6248236946559435,1200,1.6492367175110978,2.666670004767349
1549,11555,0.6248236946559435,1200,1.6532749973549756,2.6669782448963946
1550,11556,0.6248236946559435,1200,2.0060347741277815,2.4274393270388632
1551,11557,0.6248236946559435,1200,1.30196374889299,2.83883529605843
1552,11558,0.6248236946559435,1200,1.2132455945238725,2.8787330166638414
1553,11559,0.6248236946559435,1200,1.6884879168541336,2.6196043354084444
1554,11560,0.6248236946559435,1200,1.4482525716337737,2.7858844836500594
1555,11561,0.6248236946559435,1200,1.2897894519977695,2.856848973944628
1556,11562,0.6248236946559435,1200,1.5632934960645262,2.7278071998546913
1557,11563,0.6248236946559435,1200,2.0150475956514895,2.4068904301793177
1558,11564,0.6248236946559435,1200,1.4142248821272816,2.826339098419391
1559,11565,0.6248236946559435,1200,1.619964657272932,2.7159777097613835
1560,11566,0.6248236946559435,1200,1.178973855054093,2.904050674502668
1561,11567,0.6248236946559435,1200,1.5655279317059718,2.6989355399053787
1562,11568,0.6248236946559435,1200,1.4548329761093226,2.774171588729125
1563,11569,0.6248236946559435,1200,1.1635683887058907,2.9336342031511915
1564,11570,0.6248236946559435,1200,1.3666610048883445,2.8057232516777324
1565,11571,0.6248236946559435,1200,1.027969735590317,2.9739408737103554
1566,11572,0.6248236946559435,1200,1.030784035721025,2.9642108716339846
1567,11573,0.6248236946559435,1200,1.4852520445025401,2.7442356994596957
1568,11574,0.6248236946559435,1200,1.7182745621038709,2.6411230358335116
1569,11575,0.6248236946559435,1200,1.484791063855139,2.7772030327220407
1570,11576,0.6248236946559435,1200,1.6389071586129333,2.677917029067298
1571,11577,0.6248236946559435,1200,1.1089938799478034,2.9421604252512163
1572,11578,0.6248236946559435,1200,1.3632314468838524,2.820387153034126
1573,11579,0.6248236946559435,1200,1.4020599817119173,2.805776761236717
1574,11580,0.6248236946559435,1200,1.1664644762680405,2.9144228938793524
1575,11581,0.6248236946559435,1200,1.2419013614547583,2.9036925219160934
1576,11582,0.6248236946559435,1200,1.3181352755313367,2.8780249516808842
1577,11583,0.6248236946559435,1200,1.4016227820727445,2.834201169229265
1578,11584,0.6248236946559435,1200,1.0374546599746757,2.973529048618901
1579,11585,0.6248236946559435,1200,1.9420373020248185,2.4974660255673315
1580,11586,0.6248236946559435,1200,1.1062816020356068,2.929831037134583
1581,11587,0.6248236946559435,1200,1.0125844544274958,2.9900950254722445
1582,11588,0.6248236946559435,1200,1.3017924213527177,2.871374124816172
1583,11589,0.6248236946559435,1200,1.8140421627256764,2.5718981230728373
1584,11590,0.6248236946559435,1200,1.251194513168589,2.885847257902925
1585,11591,0.6248236946559435,1200,1.68827554081945,2.6134139377683576
1586,11592,0.6248236946559435,1200,1.3323462643539834,2.8561815080679134
1587,11593,0.6248236946559435,1200,1.2977285717214464,2.8675742470514143
1588,11594,0.6248236946559435,1200,1.363905999850037,2.823285233207034
1589,11595,0.6248236946559435,1200,1.49331916122448,2.770497894602393
1590,11596,0.6248236946559435,1200,1.1025745714862334,2.949821342064939
1591,11597,0.6248236946559435,1200,1.1658582873254875,2.9146544602931566
1592,11598,0.6248236946559435,1200,1.3629354422867217,2.826831222352852
1593,11599,0.6248236946559435,1200,1.08373891738127,2.952924615401341
1594,11600,0.6248236946559435,1400,1.3647150544034883,2.835140463119401
1595,11601,0.6248236946559435,1400,1.0536728415592567,2.9676735448600717
1596,11602,0.6248236946559435,1400,1.7829771846767177,2.5954089597345424
1597,11603,0.6248236946559435,1400,1.4671473107402062,2.778070634972419
1598,11604,0.6248236946559435,1400,1.2540400005012446,2.884122319940517
1599,11605,0.6248236946559435,1400,1.0485316924752233,2.9837975762001014
1600,11606,0.6248236946559435,1400,1.6839028519090449,2.6218260255298387
1601,11607,0.6248236946559435,1400,1.2147403148256088,2.9020358495344607
1602,11608,0.6248236946559435,1400,1.6802158625015018,2.6540381460884594
1603,11609,0.6248236946559435,1400,1.872153314096672,2.5156566286953153
1604,11610,0.6248236946559435,1400,1.196074551207945,2.8990405142225293
1605,11611,0.6248236946559435,1400,1.449088611809503,2.781165877777732
1606,11612,0.6248236946559435,1400,1.3703077548877578,2.8288754274119503
1607,11613,0.6248236946559435,1400,1.3248632840917582,2.8595373227342673
1608,11614,0.6248236946559435,1400,2.03389436052491,2.4285835450523527
1609,11615,0.6248236946559435,1400,1.2557985128143572,2.885261488240489
1610,11616,0.6248236946559435,1400,1.890912154118967,2.5196810151981044
1611,11617,0.6248236946559435,1400,1.578681418769483,2.724069571802147
1612,11618,0.6248236946559435,1400,1.0348260594733365,2.9775884057539725
1613,11619,0.6248236946559435,1400,1.5963552492277127,2.7004637672592424
1614,11620,0.6248236946559435,1400,1.3656229736949412,2.7951568301579535
1615,11621,0.6248236946559435,1400,1.5642012992041425,2.7311179196497637
1616,11622,0.6248236946559435,1400,1.4069752361436056,2.8203672326337115
1617,11623,0.6248236946559435,1400,1.1885140617390622,2.885102669194988
1618,11624,0.6248236946559435,1400,1.7486165721201483,2.632862632455158
1619,11625,0.6248236946559435,1400,1.260030928725588,2.8938817857355454
1620,11626,0.6248236946559435,1400,1.0264448601270841,2.9832563040805327
1621,11627,0.6248236946559435,1400,1.2378682223783732,2.868726343594816
1622,11628,0.6248236946559435,1400,1.9284270618152834,2.5061932906140147
1623,11629,0.6248236946559435,1400,1.3064903696226065,2.839254247477298
1624,11630,0.6248236946559435,1400,1.3109031256064168,2.844247088078102
1625,11631,0.6248236946559435,1400,1.68776643954778,2.64170863523026
1626,11632,0.6248236946559435,1400,1.3830472332185997,2.8421999987985425
1627,11633,0.6248236946559435,1400,1.361882956458297,2.8172219544259365
1628,11634,0.6248236946559435,1400,1.8356065628209646,2.521340059793801
1629,11635,0.6248236946559435,1400,1.554822782615751,2.7255391186421374
1630,11636,0.6248236946559435,1400,1.6620850086565369,2.673256576911041
1631,11637,0.6248236946559435,1400,1.0273522764867031,2.9716258264619233
1632,11638,0.6248236946559435,1400,1.2522122901962343,2.876513978655857
1633,11639,0.6248236946559435,1400,1.231765971591027,2.9189723799161476
1634,11640,0.6248236946559435,1400,2.214069037729272,2.231822073391469
1635,11641,0.6248236946559435,1400,1.041461006782832,2.957769090324371
1636,11642,0.6248236946559435,1400,1.0360511492058562,2.9876839295440853
1637,11643,0.6248236946559435,1400,1.0451521669532504,2.962370732261756
1638,11644,0.6248236946559435,1400,1.3117882555869245,2.873857171308191
1639,11645,0.6248236946559435,1400,1.9608298283796148,2.4208033425782576
1640,11646,0.6248236946559435,1400,1.0812096167952552,2.97091037449865
1641,11647,0.6248236946559435,1400,1.3545648127223493,2.855049615669884
1642,11648,0.6248236946559435,1400,1.4093632445898454,2.838985866885932
1643,11649,0.6248236946559435,1400,2.4364028949326095,2.0239443730699187
1644,11650,0.6248236946559435,1400,1.0443083274948357,2.9743791575063385
1645,11651,0.6248236946559435,1400,1.0713603279570099,2.9753772377891066
1646,11652,0.6248236946559435,1400,1.3964426544954505,2.824431831383098
1647,11653,0.6248236946559435,1400,1.2774065547676934,2.8793570188713873
1648,11654,0.6248236946559435,1400,1.2440434057385992,2.8761879625034243
1649,11655,0.6248236946559435,1400,1.4778610576834907,2.7982401050093832
1650,11656,0.6248236946559435,1400,1.0540530558808787,2.958523100830237
1651,11657,0.6248236946559435,1400,1.3121789212082942,2.837708128654157
1652,11658,0.6248236946559435,1400,1.1530859496797936,2.923893848744123
1653,11659,0.6248236946559435,1400,1.9170233267893875,2.4677718185747364
1654,11660,0.6248236946559435,1400,2.337334560269896,2.073779249670354
1655,11661,0.6248236946559435,1400,1.705815124158212,2.666762727724019
1656,11662,0.6248236946559435,1400,1.6319340386252255,2.703380555060464
1657,11663,0.6248236946559435,1400,1.8071723263983213,2.5429965723824037
1658,11664,0.6248236946559435,1400,1.347529081203948,2.8099663460369446
1659,11665,0.6248236946559435,1400,1.1094811479442948,2.930903874003884
1660,11666,0.6248236946559435,1400,1.2913295576095731,2.893925166267061
1661,11667,0.6248236946559435,1400,1.1276687517274473,2.9214577854686956
1662,11668,0.6248236946559435,1400,1.5317972844382248,2.743400791109166
1663,11669,0.6248236946559435,1400,1.1586475404302656,2.913653707869088
1664,11670,0.6248236946559435,1400,1.0401447718917765,2.9760904134964674
1665,11671,0.6248236946559435,1400,1.0589692932875805,2.9307330608767175
1666,11672,0.6248236946559435,1400,1.3155010833744505,2.863145102968816
1667,11673,0.6248236946559435,1400,1.8597189836273333,2.489867377927816
1668,11674,0.6248236946559435,1400,1.162295626755926,2.924072257434807
1669,11675,0.6248236946559435,1400,1.6249585532284971,2.701304439324607
1670,11676,0.6248236946559435,1400,1.7210196630846748,2.621581783025609
1671,11677,0.6248236946559435,1400,1.6228692407625194,2.6988806476362974
1672,11678,0.6248236946559435,1400,1.6174763234183849,2.6869983838989633
1673,11679,0.6248236946559435,1400,1.1284077080282158,2.952692142471228
1674,11680,0.6248236946559435,1400,1.8027898005147076,2.5703119434939863
1675,11681,0.6248236946559435,1400,1.0401919507385629,2.9521119013457113
1676,11682,0.6248236946559435,1400,2.098701294875889,2.3323585857239864
1677,11683,0.6248236946559435,1400,1.0929618612184935,2.949079029486471
1678,11684,0.6248236946559435,1400,1.6823598360961813,2.6345726197999353
1679,11685,0.6248236946559435,1400,1.6528354659839812,2.6881141457773463
1680,11686,0.6248236946559435,1400,1.3185781978096904,2.8559078218703013
1681,11687,0.6248236946559435,1400,1.0362098358829415,2.9613759586160837
1682,11688,0.6248236946559435,1400,1.1662724230920236,2.903873284238824
1683,11689,0.6248236946559435,1400,1.8109876602991277,2.570345150259771
1684,11690,0.6248236946559435,1400,1.2820801969394497,2.8376979196106875
1685,11691,0.6248236946559435,1400,1.6853486942851763,2.6653174405512514
1686,11692,0.6248236946559435,1400,1.900210508634776,2.4909659867222147
1687,11693,0.6248236946559435,1400,1.9783504795531919,2.4142114470404232
1688,11694,0.6248236946559435,1400,1.5866073424088516,2.7161796745870745
1689,11695,0.6248236946559435,1400,1.570525158579498,2.7175805648009943
1690,11696,0.6248236946559435,1400,1.6717285939193627,2.6505053794300233
1691,11697,0.6248236946559435,1400,1.3133257320043525,2.8255488856998126
1692,11698,0.6248236946559435,1400,1.0366142425366784,2.975726078057284
1693,11699,0.6248236946559435,1400,1.232302486630553,2.8770973709762613
1694,11700,0.6248236946559435,1600,1.8218459081565868,2.550254525004082
1695,11701,0.6248236946559435,1600,1.2602836735850638,2.879775014753201
1696,11702,0.6248236946559435,1600,1.585494417771966,2.6902144495960365
1697,11703,0.6248236946559435,1600,1.6467713412632978,2.6494696254536687
1698,11704,0.6248236946559435,1600,1.6917252580675872,2.5843942495114387
1699,11705,0.6248236946559435,1600,1.0648201352046527,2.965867121775648
1700,11706,0.6248236946559435,1600,1.7382634603302871,2.659471956746828
1701,11707,0.6248236946559435,1600,1.5860408108667143,2.743240204564478
1702,11708,0.6248236946559435,1600,1.164011592676529,2.9295640104290124
1703,11709,0.6248236946559435,1600,1.6464505823902005,2.6650567487885115
1704,11710,0.6248236946559435,1600,2.2324080774943202,2.2522185299975264
1705,11711,0.6248236946559435,1600,1.5307556532959077,2.7448432102645794
1706,11712,0.6248236946559435,1600,1.1860035500800001,2.916008928016258
1707,11713,0.6248236946559435,1600,1.3360291030534623,2.8918310407060908
1708,11714,0.6248236946559435,1600,2.2705284217641775,2.167891429937418
1709,11715,0.6248236946559435,1600,1.4801191931192017,2.7703271809172922
1710,11716,0.6248236946559435,1600,1.108695127416636,2.9387051839106055
1711,11717,0.6248236946559435,1600,1.4082524971716,2.799917107377215
1712,11718,0.6248236946559435,1600,1.7656715083871741,2.6049780748584803
1713,11719,0.6248236946559435,1600,1.0528563680355685,2.969506485276724
1714,11720,0.6248236946559435,1600,1.3418442474326508,2.84787804360835
1715,11721,0.6248236946559435,1600,2.1421810668791403,2.291061240604644
1716,11722,0.6248236946559435,1600,1.6889303420300266,2.638617129265684
1717,11723,0.6248236946559435,1600,1.6390266736918817,2.663265751302023
1718,11724,0.6248236946559435,1600,1.3168952220155934,2.886600600810063
1719,11725,0.6248236946559435,1600,1.5312300472394194,2.7373815881031183
1720,11726,0.6248236946559435,1600,1.02861529791123,2.9595342172439487
1721,11727,0.6248236946559435,1600,1.0770509418357677,2.936947551803923
1722,11728,0.6248236946559435,1600,1.2582359659349034,2.8850019733297207
1723,11729,0.6248236946559435,1600,1.5038031523219728,2.749628351848744
1724,11730,0.6248236946559435,1600,2.079413845278477,2.385161984517322
1725,11731,0.6248236946559435,1600,1.6280825383746198,2.6991317969515185
1726,11732,0.6248236946559435,1600,1.1696306347145604,2.9149109999978675
1727,11733,0.6248236946559435,1600,1.5468727287275232,2.7421685149562043
1728,11734,0.6248236946559435,1600,1.6505289210651,2.6949396519218647
1729,11735,0.6248236946559435,1600,1.4308631780629266,2.790654949644373
1730,11736,0.6248236946559435,1600,1.041272906637212,2.978879546552542
1731,11737,0.6248236946559435,1600,1.017053544026488,2.971887410468303
1732,11738,0.6248236946559435,1600,1.7515288140803413,2.6100771240618874
1733,11739,0.6248236946559435,1600,1.8151302023193032,2.5389764132608925
1734,11740,0.6248236946559435,1600,1.4793215814177887,2.7461803225690553
1735,11741,0.6248236946559435,1600,1.627003978295002,2.6435001911904177
1736,11742,0.6248236946559435,1600,1.4016983766730347,2.8043230858170114
1737,11743,0.6248236946559435,1600,1.2186615731353014,2.9181404584508615
1738,11744,0.6248236946559435,1600,1.3003189543205549,2.828040089149417
1739,11745,0.6248236946559435,1600,2.402273606471916,1.9959926920114814
1740,11746,0.6248236946559435,1600,2.0556531312765225,2.337715241622441
1741,11747,0.6248236946559435,1600,1.6818465157225486,2.622052550022027
1742,11748,0.6248236946559435,1600,1.1883655833437181,2.9219333113981065
1743,11749,0.6248236946559435,1600,1.8404278880869156,2.527064636896648
1744,11750,0.6248236946559435,1600,1.3610913104835412,2.8276314566174805
1745,11751,0.6248236946559435,1600,1.3939330965133965,2.8187413585811654
1746,11752,0.6248236946559435,1600,1.6404541157058508,2.667059144806804
1747,11753,0.6248236946559435,1600,1.5840703590253724,2.7169420440350533
1748,11754,0.6248236946559435,1600,1.2379220521600278,2.860744629106378
1749,11755,0.6248236946559435,1600,1.4159049094862477,2.784161072070037
1750,11756,0.6248236946559435,1600,2.218749700180614,2.2104230682937405
1751,11757,0.6248236946559435,1600,1.5714968385953079,2.7253398572544656
1752,11758,0.6248236946559435,1600,1.4664700914332172,2.7768120628650075
1753,11759,0.6248236946559435,1600,1.2220899105326175,2.9148737111754874
1754,11760,0.6248236946559435,1600,2.075334481193186,2.377596801470713
1755,11761,0.6248236946559435,1600,1.6707349744163775,2.671349617816081
1756,11762,0.6248236946559435,1600,1.3441236098549258,2.8671510459317604
1757,11763,0.6248236946559435,1600,1.5741830107818868,2.687725909288397
1758,11764,0.6248236946559435,1600,1.1238712387662566,2.9366888066622274
1759,11765,0.6248236946559435,1600,1.0489452338189633,2.9599948115760535
1760,11766,0.6248236946559435,1600,1.7680252415890583,2.5856061514622994
1761,11767,0.6248236946559435,1600,1.2470313358757739,2.873119458097004
1762,11768,0.6248236946559435,1600,1.3069628729527059,2.852489611853424
1763,11769,0.6248236946559435,1600,1.6309745896257148,2.6938440810400026
1764,11770,0.6248236946559435,1600,1.9740251436651568,2.467218037734402
1765,11771,0.6248236946559435,1600,1.1510245750087365,2.9346503820399796
1766,11772,0.6248236946559435,1600,1.675427194400242,2.6785119572982374
1767,11773,0.6248236946559435,1600,1.5566199311905786,2.6883751399179783
1768,11774,0.6248236946559435,1600,1.2860520547370244,2.8767256437457602
1769,11775,0.6248236946559435,1600,2.2001467392354765,2.1908001885760973
1770,11776,0.6248236946559435,1600,1.737825592738058,2.626550236129325
1771,11777,0.6248236946559435,1600,1.268609329721167,2.8376236305219757
1772,11778,0.6248236946559435,1600,1.427827956387718,2.81358226068959
1773,11779,0.6248236946559435,1600,1.1189923594797804,2.959580500208627
1774,11780,0.6248236946559435,1600,1.8353627729937052,2.553413998372008
1775,11781,0.6248236946559435,1600,1.4343410706761042,2.829425509054136
1776,11782,0.6248236946559435,1600,1.3962735586999626,2.8136242838569467
1777,11783,0.6248236946559435,1600,1.6957377653497439,2.643230233641387
1778,11784,0.6248236946559435,1600,1.7065861084470875,2.664492186260784
1779,11785,0.6248236946559435,1600,2.212448712827818,2.25724747205006
1780,11786,0.6248236946559435,1600,1.6744336338106496,2.625696627569647
1781,11787,0.6248236946559435,1600,1.032340417421318,2.985393994345114
1782,11788,0.6248236946559435,1600,1.6600142346613729,2.61205395193661
1783,11789,0.6248236946559435,1600,1.4550585555927698,2.792326374236899
1784,11790,0.6248236946559435,1600,1.096427451343095,2.9516636736869386
1785,11791,0.6248236946559435,1600,1.328869710803538,2.828460222266716
1786,11792,0.6248236946559435,1600,1.7498947707949672,2.6221485577971615
1787,11793,0.6248236946559435,1600,1.3076602012819483,2.8589059847404545
1788,11794,0.6248236946559435,1600,1.125374811922568,2.913278434777146
1789,11795,0.6248236946559435,1600,1.9069790678226641,2.4302533691241157
1790,11796,0.6248236946559435,1600,1.047823290368289,2.958840249283088
1791,11797,0.6248236946559435,1600,1.5733086388995468,2.692031982813973
1792,11798,0.6248236946559435,1600,1.7314638573136965,2.614913629902258
1793,11799,0.6248236946559435,1600,1.207119192839309,2.9090479648223058
1794,11800,0.6248236946559435,1800,1.3136180372413455,2.864255744036134
1795,11801,0.6248236946559435,1800,1.5515039832087782,2.696347388794263
1796,11802,0.6248236946559435,1800,1.5905773908252416,2.6921375139860495
1797,11803,0.6248236946559435,1800,2.1323440603796455,2.3150378484961815
1798,11804,0.6248236946559435,1800,1.512050000226679,2.7246249637720394
1799,11805,0.6248236946559435,1800,1.8509844981836434,2.5449869313111373
1800,11806,0.6248236946559435,1800,1.8520873093696835,2.507495910778938
1801,11807,0.6248236946559435,1800,1.3100153830924777,2.8745557549509577
1802,11808,0.6248236946559435,1800,1.6823428118974135,2.6123661805320344
1803,11809,0.6248236946559435,1800,1.7920278178482225,2.5830361170458813
1804,11810,0.6248236946559435,1800,1.648355554294103,2.652154417978905
1805,11811,0.6248236946559435,1800,1.9160041538056682,2.482796132107218
1806,11812,0.6248236946559435,1800,1.4596990303595354,2.78469565318584
1807,11813,0.6248236946559435,1800,1.8477671396822206,2.5304487188108276
1808,11814,0.6248236946559435,1800,1.0953241877788025,2.955369854921676
1809,11815,0.6248236946559435,1800,1.0703858337550507,2.9670322711001225
1810,11816,0.6248236946559435,1800,1.5975311465421034,2.7113330083653238
1811,11817,0.6248236946559435,1800,1.3868117474768913,2.846061874564413
1812,11818,0.6248236946559435,1800,1.0443912445099404,2.992639234556841
1813,11819,0.6248236946559435,1800,1.4904533700707825,2.7584031639321993
1814,11820,0.6248236946559435,1800,1.4837639246100012,2.7629460681768983
1815,11821,0.6248236946559435,1800,1.4205620241320633,2.800119877016602
1816,11822,0.6248236946559435,1800,1.2041084519701926,2.902934134496931
1817,11823,0.6248236946559435,1800,1.4013574571777532,2.811053121524579
1818,11824,0.6248236946559435,1800,1.443762093422999,2.8107684744038877
1819,11825,0.6248236946559435,1800,1.1482532027787857,2.9374097671488277
1820,11826,0.6248236946559435,1800,1.0422292654598604,2.970820752565099
1821,11827,0.6248236946559435,1800,1.662285588662431,2.693048934024638
1822,11828,0.6248236946559435,1800,1.5712582888945923,2.6456324327338434
1823,11829,0.6248236946559435,1800,2.239112088512566,2.1840147727387613
1824,11830,0.6248236946559435,1800,1.9251727625841757,2.4490693627604068
1825,11831,0.6248236946559435,1800,1.1841036078522682,2.9146071504738122
1826,11832,0.6248236946559435,1800,1.8931755532099124,2.4663591223263177
1827,11833,0.6248236946559435,1800,1.2078972156600372,2.9096165652930805
1828,11834,0.6248236946559435,1800,1.8617803697425033,2.5455217327923325
1829,11835,0.6248236946559435,1800,1.3766084663834257,2.8281790764972863
1830,11836,0.6248236946559435,1800,1.4566795241911996,2.7986988491093125
1831,11837,0.6248236946559435,1800,1.0462078995693194,2.974761987583964
1832,11838,0.6248236946559435,1800,1.6100714797546338,2.6472048391710796
1833,11839,0.6248236946559435,1800,1.4514408411473494,2.768107903541643
1834,11840,0.6248236946559435,1800,1.6751263550789623,2.6723850287583515
1835,11841,0.6248236946559435,1800,1.7601879984133273,2.527014901278509
1836,11842,0.6248236946559435,1800,1.0798158343930928,2.9473870271599187
1837,11843,0.6248236946559435,1800,1.7849588695719003,2.600484664986804
1838,11844,0.6248236946559435,1800,1.6085987988284107,2.698433181787658
1839,11845,0.6248236946559435,1800,1.7259932886384515,2.649904532796019
1840,11846,0.6248236946559435,1800,1.7570107575401934,2.6747808272024898
1841,11847,0.6248236946559435,1800,1.614410794864264,2.678525869069715
1842,11848,0.6248236946559435,1800,1.430995481940354,2.7835349903740902
1843,11849,0.6248236946559435,1800,1.6376249911833363,2.6646214376200783
1844,11850,0.6248236946559435,1800,1.5297295882344213,2.7269133855856964
1845,11851,0.6248236946559435,1800,1.088877798439913,2.9396336857719136
1846,11852,0.6248236946559435,1800,1.8865956360374365,2.4688571761158964
1847,11853,0.6248236946559435,1800,2.0998489904415916,2.347248995084944
1848,11854,0.6248236946559435,1800,1.3244984461117255,2.8115898278363787
1849,11855,0.6248236946559435,1800,2.042369207603534,2.3901994526268884
1850,11856,0.6248236946559435,1800,1.2196018129244324,2.884698442422548
1851,11857,0.6248236946559435,1800,1.4544970498328236,2.7838669470927715
1852,11858,0.6248236946559435,1800,2.1063491707484263,2.311565125129492
1853,11859,0.6248236946559435,1800,1.1657177879711187,2.935446846277135
1854,11860,0.6248236946559435,1800,1.5378368959623299,2.7535809926146735
1855,11861,0.6248236946559435,1800,1.4530376588938272,2.7589664505584905
1856,11862,0.6248236946559435,1800,2.256023964764944,2.0762193732200713
1857,11863,0.6248236946559435,1800,1.5954929562055917,2.722630121047294
1858,11864,0.6248236946559435,1800,1.6738382395765357,2.6692323067091106
1859,11865,0.6248236946559435,1800,1.0663014686551024,2.9430703359157064
1860,11866,0.6248236946559435,1800,1.4751101051975328,2.7928130492650216
1861,11867,0.6248236946559435,1800,1.2970338935589942,2.8609548374824834
1862,11868,0.6248236946559435,1800,1.9659991580434943,2.4201265874314783
1863,11869,0.6248236946559435,1800,1.897254556740636,2.4755533952793987
1864,11870,0.6248236946559435,1800,1.1980066902187116,2.9118356608126574
1865,11871,0.6248236946559435,1800,2.0138415282391193,2.404969560604287
1866,11872,0.6248236946559435,1800,1.4976867000939436,2.76594545852403
1867,11873,0.6248236946559435,1800,1.3991444951429215,2.808195449091651
1868,11874,0.6248236946559435,1800,1.280273115847025,2.870899260588621
1869,11875,0.6248236946559435,1800,1.1352009055208656,2.9362909358938816
1870,11876,0.6248236946559435,1800,1.4594658846768853,2.785465873595892
1871,11877,0.6248236946559435,1800,1.5991014444348715,2.7344159260451524
1872,11878,0.6248236946559435,1800,1.8112529575402578,2.547533457315986
1873,11879,0.6248236946559435,1800,1.1329378923926592,2.9253843918371145
1874,11880,0.6248236946559435,1800,1.8205283675481616,2.543729239183935
1875,11881,0.6248236946559435,1800,1.5345285646559081,2.7163185857495877
1876,11882,0.6248236946559435,1800,1.7680725372306338,2.598642563371874
1877,11883,0.6248236946559435,1800,1.7864188270141503,2.5967214048811327
1878,11884,0.6248236946559435,1800,1.6137292805283785,2.6918424883570418
1879,11885,0.6248236946559435,1800,1.2349521613475185,2.8879019088429856
1880,11886,0.6248236946559435,1800,1.2323356900798328,2.8605224026839022
1881,11887,0.6248236946559435,1800,1.0333166561189457,2.993456555387283
1882,11888,0.6248236946559435,1800,1.6592295276485836,2.665134976855038
1883,11889,0.6248236946559435,1800,1.1409690340481229,2.939257605914379
1884,11890,0.6248236946559435,1800,1.7103252164638998,2.6103082036678624
1885,11891,0.6248236946559435,1800,1.2240879406199394,2.921109300660736
1886,11892,0.6248236946559435,1800,1.1000706859570166,2.950477108704981
1887,11893,0.6248236946559435,1800,1.700542008544001,2.652282950513791
1888,11894,0.6248236946559435,1800,1.0287250954423675,2.9669622299137988
1889,11895,0.6248236946559435,1800,1.9343229758251141,2.4628982191832947
1890,11896,0.6248236946559435,1800,1.4482144053395112,2.779751006406066
1891,11897,0.6248236946559435,1800,1.9515818466369903,2.4530510245497283
1892,11898,0.6248236946559435,1800,1.2196494914135763,2.9038235003065673
1893,11899,0.6248236946559435,1800,1.4392324773805636,2.802742420539242
1894,11900,0.6248236946559435,2000,1.1744575973010725,2.9128397598974884
1895,11901,0.6248236946559435,2000,1.2480945630328963,2.8695490883443533
1896,11902,0.6248236946559435,2000,2.094753223413241,2.343352133342054
1897,11903,0.6248236946559435,2000,2.1719767932025182,2.2419776707101176
1898,11904,0.6248236946559435,2000,2.1796542136647057,2.2495986687691345
1899,11905,0.6248236946559435,2000,1.5470035439816407,2.7124124739293998
1900,11906,0.6248236946559435,2000,1.6789119697273214,2.674133343755693
1901,11907,0.6248236946559435,2000,1.4910348374793143,2.751564339165691
1902,11908,0.6248236946559435,2000,1.9974088279517175,2.3692785368895395
1903,11909,0.6248236946559435,2000,2.2076871002606473,2.272883750235186
1904,11910,0.6248236946559435,2000,1.8173639880894346,2.5552001710111396
1905,11911,0.6248236946559435,2000,2.0964501338830974,2.3433072872354472
1906,11912,0.6248236946559435,2000,1.1855295150008451,2.908984245760789
1907,11913,0.6248236946559435,2000,1.5834260255199055,2.714733472704581
1908,11914,0.6248236946559435,2000,1.4904336662047015,2.7388688927100637
1909,11915,0.6248236946559435,2000,1.4897616120417725,2.7536987409083897
1910,11916,0.6248236946559435,2000,1.706906630414086,2.6326480852372853
1911,11917,0.6248236946559435,2000,1.0440668057965845,2.978411037733019
1912,11918,0.6248236946559435,2000,1.7238145276376167,2.621880108478485
1913,11919,0.6248236946559435,2000,1.4155400119469235,2.829500723261457
1914,11920,0.6248236946559435,2000,2.097315997363591,2.3537796287813686
1915,11921,0.6248236946559435,2000,1.581684596889803,2.730101378315746
1916,11922,0.6248236946559435,2000,1.3806987250214917,2.809260652070052
1917,11923,0.6248236946559435,2000,1.8601570162623404,2.528012230167815
1918,11924,0.6248236946559435,2000,1.5753298607589428,2.719758486765515
1919,11925,0.6248236946559435,2000,2.1070132274012217,2.325191533621545
1920,11926,0.6248236946559435,2000,1.0269822808994622,2.9819363085344555
1921,11927,0.6248236946559435,2000,1.2659266367207058,2.8881233731012808
1922,11928,0.6248236946559435,2000,1.3853142517676553,2.816793739273198
1923,11929,0.6248236946559435,2000,1.9943576480050482,2.392643231092787
1924,11930,0.6248236946559435,2000,1.3173009914818483,2.867217468058448
1925,11931,0.6248236946559435,2000,2.2535276410225737,2.1317196308495667
1926,11932,0.6248236946559435,2000,1.380050728154583,2.817298222759855
1927,11933,0.6248236946559435,2000,1.9565051697782572,2.441503817313009
1928,11934,0.6248236946559435,2000,1.8683478890415064,2.54270456701879
1929,11935,0.6248236946559435,2000,1.0340625884710577,2.95741517245939
1930,11936,0.6248236946559435,2000,1.648652899007509,2.6506572162637982
1931,11937,0.6248236946559435,2000,1.0367840331358669,2.9981073721223415
1932,11938,0.6248236946559435,2000,1.8113279151583064,2.5906897075480924
1933,11939,0.6248236946559435,2000,1.8506217357245092,2.495247834680009
1934,11940,0.6248236946559435,2000,1.3567194910811053,2.8475189044620004
1935,11941,0.6248236946559435,2000,1.0704972684859726,2.9615265614178377
1936,11942,0.6248236946559435,2000,1.7239189009890368,2.6104324671451535
1937,11943,0.6248236946559435,2000,1.3580135196592984,2.8277689679686633
1938,11944,0.6248236946559435,2000,1.548208251406539,2.7108918359787286
1939,11945,0.6248236946559435,2000,1.272791669926692,2.8784818751160177
1940,11946,0.6248236946559435,2000,1.6296828436177027,2.672843773165015
1941,11947,0.6248236946559435,2000,1.503133617574883,2.7165331755726947
1942,11948,0.6248236946559435,2000,1.3110391685437057,2.848964448115585
1943,11949,0.6248236946559435,2000,1.046581858976436,2.982951046381329
1944,11950,0.6248236946559435,2000,1.77738255790907,2.5893642088068693
1945,11951,0.6248236946559435,2000,1.2608078352236904,2.8621137227194895
1946,11952,0.6248236946559435,2000,1.4124839320422171,2.8513296373077455
1947,11953,0.6248236946559435,2000,1.3437565838005203,2.8380871444063205
1948,11954,0.6248236946559435,2000,1.6887769364999088,2.6449034703418177
1949,11955,0.6248236946559435,2000,2.128140205325262,2.2571114110306185
1950,11956,0.6248236946559435,2000,1.187527379112927,2.927027666213961
1951,11957,0.6248236946559435,2000,1.8082164765544424,2.5573553091355286
1952,11958,0.6248236946559435,2000,1.4293424292869825,2.795525354495566
1953,11959,0.6248236946559435,2000,1.7793677377068646,2.5441040034836204
1954,11960,0.6248236946559435,2000,1.2232702732233158,2.8777146650806573
1955,11961,0.6248236946559435,2000,1.413052984084537,2.8003878687045463
1956,11962,0.6248236946559435,2000,1.439539093366545,2.804422632666896
1957,11963,0.6248236946559435,2000,1.2639940719789284,2.8787850545608826
1958,11964,0.6248236946559435,2000,1.8119730284778086,2.548915113869511
1959,11965,0.6248236946559435,2000,1.094998802656818,2.9254093533716388
1960,11966,0.6248236946559435,2000,1.2038999861948194,2.857640940967844
1961,11967,0.6248236946559435,2000,2.015279006274635,2.4129050511299868
1962,11968,0.6248236946559435,2000,1.7536286252361184,2.6293298573604345
1963,11969,0.6248236946559435,2000,1.59409048076374,2.7214460525847337
1964,11970,0.6248236946559435,2000,1.88271400624216,2.576807927089546
1965,11971,0.6248236946559435,2000,1.885438236697846,2.4455017621876545
1966,11972,0.6248236946559435,2000,1.404163803392494,2.802023276429435
1967,11973,0.6248236946559435,2000,1.7208846074766861,2.5853446451426882
1968,11974,0.6248236946559435,2000,1.3879645073380378,2.835974099136041
1969,11975,0.6248236946559435,2000,1.49078781940288,2.780572155571722
1970,11976,0.6248236946559435,2000,1.378222445594892,2.815798803968576
1971,11977,0.6248236946559435,2000,1.5837904968414183,2.73399356648971
1972,11978,0.6248236946559435,2000,1.376866410868162,2.8424868047859673
1973,11979,0.6248236946559435,2000,1.3439378994927824,2.8438904194234618
1974,11980,0.6248236946559435,2000,1.57429659925235,2.7220198916812555
1975,11981,0.6248236946559435,2000,1.4273493460129099,2.7825792542898595
1976,11982,0.6248236946559435,2000,1.6330352140229714,2.6960436471435516
1977,11983,0.6248236946559435,2000,1.4641515936698852,2.787827778594326
1978,11984,0.6248236946559435,2000,2.007284531975586,2.4557196136209587
1979,11985,0.6248236946559435,2000,1.6628809983757524,2.6426445553288627
1980,11986,0.6248236946559435,2000,1.1825063276318386,2.871622586512819
1981,11987,0.6248236946559435,2000,1.0379305957184315,2.963344528112843
1982,11988,0.6248236946559435,2000,1.304760836654894,2.876768473650959
1983,11989,0.6248236946559435,2000,1.6944114971131872,2.6571312148258426
1984,11990,0.6248236946559435,2000,1.7337503063145725,2.6343231487790613
1985,11991,0.6248236946559435,2000,2.1463240443343246,2.2500662824347972
1986,11992,0.6248236946559435,2000,1.7938340470305754,2.5908044161665273
1987,11993,0.6248236946559435,2000,1.3818949734335617,2.835504089453785
1988,11994,0.6248236946559435,2000,1.4355315004816485,2.7751216595460257
1989,11995,0.6248236946559435,2000,1.025110861526356,2.984906894309066
1990,11996,0.6248236946559435,2000,2.0571115587320192,2.314742378341812
1991,11997,0.6248236946559435,2000,1.3755494358224576,2.8240040186537696
1992,11998,0.6248236946559435,2000,1.2530355633956494,2.861549017704845
1993,11999,0.6248236946559435,2000,1.4225442759251603,2.782498157385091
1994,12000,0.35136418446315326,200,1.6660122816850733,2.7027650270609858
1995,12001,0.35136418446315326,200,1.1114154052544531,2.9396532859218083
1996,12002,0.35136418446315326,200,1.7487343992833289,2.5684923356853124
1997,12003,0.35136418446315326,200,1.8919251245804287,2.474558393045646
1998,12004,0.35136418446315326,200,1.0891998435530597,2.945522349576521
1999,12005,0.35136418446315326,200,2.571174272194031,1.8473863260043952
2000,12006,0.35136418446315326,200,1.243747594250023,2.875187551542203
2001,12007,0.35136418446315326,200,1.0718998921132266,2.9520102129874912
2002,12008,0.35136418446315326,200,1.0541440709231105,2.9553265203471826
2003,12009,0.35136418446315326,200,1.209334959227366,2.910464528538345
2004,12010,0.35136418446315326,200,1.3529783013049876,2.832007555687533
2005,12011,0.35136418446315326,200,1.200833472911674,2.8801555781716983
2006,12012,0.35136418446315326,200,1.3002494548693797,2.8875638375846804
2007,12013,0.35136418446315326,200,1.6334558476663048,2.6723174530130307
2008,12014,0.35136418446315326,200,1.42875340439113,2.773556460587156
2009,12015,0.35136418446315326,200,1.301031270863406,2.8480167504415745
2010,12016,0.35136418446315326,200,1.0030948323852216,2.98490693627008
2011,12017,0.35136418446315326,200,1.5700868205400478,2.681385154882581
2012,12018,0.35136418446315326,200,1.2755456032860502,2.859715357261619
2013,12019,0.35136418446315326,200,1.540468146055337,2.681534382735401
2014,12020,0.35136418446315326,200,1.938720176381229,2.478834569338116
2015,12021,0.35136418446315326,200,1.2814100006183906,2.834312560732341
2016,12022,0.35136418446315326,200,1.4325968304792192,2.7861688838511984
2017,12023,0.35136418446315326,200,1.043924740080675,2.95415499061485
2018,12024,0.35136418446315326,200,1.9301949096731117,2.4592850426244675
2019,12025,0.35136418446315326,200,1.0901043803305708,2.9580177284273903
2020,12026,0.35136418446315326,200,1.2134314843466263,2.8977282787046557
2021,12027,0.35136418446315326,200,1.8474600430387735,2.4890100827541937
2022,12028,0.35136418446315326,200,1.2150837468257074,2.882872276372123
2023,12029,0.35136418446315326,200,1.102191352594951,2.949257907820276
2024,12030,0.35136418446315326,200,1.0478993611936487,2.9479140290135506
2025,12031,0.35136418446315326,200,1.011687678879476,2.9704894839554283
2026,12032,0.35136418446315326,200,1.0364073010925732,2.976924851848479
2027,12033,0.35136418446315326,200,1.106735017118314,2.9328858967782887
2028,12034,0.35136418446315326,200,1.315426869544249,2.839849577254359
2029,12035,0.35136418446315326,200,1.723747023091588,2.572177030643126
2030,12036,0.35136418446315326,200,1.023786469553501,2.9670489102038236
2031,12037,0.35136418446315326,200,1.2391560292924537,2.885083108026137
2032,12038,0.35136418446315326,200,1.4539575686559574,2.7747052945347113
2033,12039,0.35136418446315326,200,1.0665189132451909,2.96007571995414
2034,12040,0.35136418446315326,200,1.3993998982515172,2.807793305440285
2035,12041,0.35136418446315326,200,1.3688194161201008,2.813854516165459
2036,12042,0.35136418446315326,200,1.1857504479497678,2.880885571142933
2037,12043,0.35136418446315326,200,1.0284508101244652,2.9793644259215157
2038,12044,0.35136418446315326,200,1.0864796841582465,2.9455361002257914
2039,12045,0.35136418446315326,200,1.5637099820914295,2.7071897343102127
2040,12046,0.35136418446315326,200,1.6947604612524259,2.6317484188570957
2041,12047,0.35136418446315326,200,1.129459325271231,2.9514910677722552
2042,12048,0.35136418446315326,200,1.821245820351005,2.5063535546680735
2043,12049,0.35136418446315326,200,1.6433662515942373,2.686513936868843
2044,12050,0.35136418446315326,200,1.6671248934392455,2.601505281868107
2045,12051,0.35136418446315326,200,1.4012381989104448,2.7988514959490733
2046,12052,0.35136418446315326,200,2.4239164335971592,1.8582236990464676
2047,12053,0.35136418446315326,200,1.2542459322410178,2.8566261124726204
2048,12054,0.35136418446315326,200,1.1533841452197575,2.9309176634562055
2049,12055,0.35136418446315326,200,1.1101004046401541,2.938771755338773
2050,12056,0.35136418446315326,200,1.1120362702041435,2.9168056320900773
2051,12057,0.35136418446315326,200,1.1236118197071876,2.9347013991997577
2052,12058,0.35136418446315326,200,1.1231159977968073,2.9421372000511763
2053,12059,0.35136418446315326,200,1.02404937798974,2.963998968921656
2054,12060,0.35136418446315326,200,1.1947999435606202,2.907919636150769
2055,12061,0.35136418446315326,200,1.2690557031226988,2.859162606367722
2056,12062,0.35136418446315326,200,1.0609368055900046,2.950958234922718
2057,12063,0.35136418446315326,200,1.7367363758358938,2.6316502189869757
2058,12064,0.35136418446315326,200,1.4210012900645697,2.760089523500892
2059,12065,0.35136418446315326,200,1.1572544162584915,2.931436870502258
2060,12066,0.35136418446315326,200,1.4583165890577983,2.762132691381108
2061,12067,0.35136418446315326,200,1.092195684761356,2.9483177356628802
2062,12068,0.35136418446315326,200,1.4693075308779477,2.712870617434267
2063,12069,0.35136418446315326,200,1.3958475830439752,2.806764515299762
2064,12070,0.35136418446315326,200,1.3816247928500833,2.806653763734146
2065,12071,0.35136418446315326,200,1.079219609450535,2.9635387856871085
2066,12072,0.35136418446315326,200,1.2336673385523595,2.9043094726294676
2067,12073,0.35136418446315326,200,1.4563440202476599,2.7800799723814897
2068,12074,0.35136418446315326,200,1.1120506729997166,2.9446778328071743
2069,12075,0.35136418446315326,200,1.428170322349421,2.790502647366667
2070,12076,0.35136418446315326,200,1.4785980853437641,2.7724142591342162
2071,12077,0.35136418446315326,200,1.2780817553089916,2.8456828284902356
2072,12078,0.35136418446315326,200,1.7071497192922926,2.603960795715835
2073,12079,0.35136418446315326,200,1.9527256600515948,2.445678454341063
2074,12080,0.35136418446315326,200,1.0311694411201642,2.9576649847087118
2075,12081,0.35136418446315326,200,1.3141526656567082,2.8553238750941543
2076,12082,0.35136418446315326,200,1.3694927440437312,2.827650915576526
2077,12083,0.35136418446315326,200,1.4026847595148728,2.805667238022476
2078,12084,0.35136418446315326,200,1.0179514103245448,2.9710247206388702
2079,12085,0.35136418446315326,200,1.5166870187709314,2.7613281954005116
2080,12086,0.35136418446315326,200,1.3628311970921663,2.823942959449941
2081,12087,0.35136418446315326,200,1.144571126286514,2.9282577250877395
2082,12088,0.35136418446315326,200,1.676485633959262,2.6213867824551738
2083,12089,0.35136418446315326,200,2.1689631508501774,2.2607586101074575
2084,12090,0.35136418446315326,200,1.802879096856055,2.544404650267513
2085,12091,0.35136418446315326,200,1.6541975940379412,2.6618491473114325
2086,12092,0.35136418446315326,200,1.1071775472530898,2.9548157201863976
2087,12093,0.35136418446315326,200,1.4232278847835615,2.7967216703644087
2088,12094,0.35136418446315326,200,1.012143674590235,2.9738484762013497
2089,12095,0.35136418446315326,200,1.5200023361232033,2.7528731433725095
2090,12096,0.35136418446315326,200,1.5540344378239939,2.7531911466736223
2091,12097,0.35136418446315326,200,1.304328085577064,2.8575390386482993
2092,12098,0.35136418446315326,200,1.5917098172966635,2.692171985516437
2093,12099,0.35136418446315326,200,1.2988975560466376,2.872977531699427
2094,12100,0.35136418446315326,400,1.0293622278707721,2.969273765217562
2095,12101,0.35136418446315326,400,1.4822988324759945,2.770506648480497
2096,12102,0.35136418446315326,400,1.7820236502430142,2.505553414074169
2097,12103,0.35136418446315326,400,1.7325688932732153,2.6443074945498215
2098,12104,0.35136418446315326,400,1.5097520762510908,2.7739076967909426
2099,12105,0.35136418446315326,400,1.8338675925244359,2.526811298493409
2100,12106,0.35136418446315326,400,1.424583066226553,2.800489539383281
2101,12107,0.35136418446315326,400,1.0688962849310077,2.9596541797141707
2102,12108,0.35136418446315326,400,1.4918393564573793,2.702982799161909
2103,12109,0.35136418446315326,400,1.2706856544203862,2.869982436696996
2104,12110,0.35136418446315326,400,1.4727925265314123,2.7591325521338144
2105,12111,0.35136418446315326,400,1.0572619994139418,2.957051959986633
2106,12112,0.35136418446315326,400,1.0320691958049595,2.9774784815579816
2107,12113,0.35136418446315326,400,1.5435021465213288,2.667771126504343
2108,12114,0.35136418446315326,400,1.2087051419884176,2.894527349174486
2109,12115,0.35136418446315326,400,2.0404168204921183,2.389063268991839
2110,12116,0.35136418446315326,400,1.179933870289138,2.902193982440811
2111,12117,0.35136418446315326,400,1.9917465034174726,2.4687977639765086
2112,12118,0.35136418446315326,400,1.7762144236627215,2.579290603582899
2113,12119,0.35136418446315326,400,1.876237895599245,2.53200770483823
2114,12120,0.35136418446315326,400,1.1860514846737502,2.919886865766837
2115,12121,0.35136418446315326,400,1.7242731627453307,2.5852353455523547
2116,12122,0.35136418446315326,400,2.1766292390455027,2.2059918803968186
2117,12123,0.35136418446315326,400,1.007644893362859,2.971911438806365
2118,12124,0.35136418446315326,400,1.0549235149601899,2.9827040555944793
2119,12125,0.35136418446315326,400,1.7375372067154202,2.5943223437892238
2120,12126,0.35136418446315326,400,1.8697976000624756,2.5065637574482804
2121,12127,0.35136418446315326,400,2.012721312382074,2.365753638350872
2122,12128,0.35136418446315326,400,1.6542873887513803,2.588241901097058
2123,12129,0.35136418446315326,400,1.714075121656231,2.6276645043271856
2124,12130,0.35136418446315326,400,1.4479553097849442,2.8074380546039284
2125,12131,0.35136418446315326,400,1.0649925180712672,2.957676863394136
2126,12132,0.35136418446315326,400,1.837639838332342,2.5394766355288376
2127,12133,0.35136418446315326,400,1.7832008388848357,2.5771581335563214
2128,12134,0.35136418446315326,400,2.0089132697412806,2.357440767265059
2129,12135,0.35136418446315326,400,1.1130883346347333,2.928355600471433
2130,12136,0.35136418446315326,400,1.866303933185182,2.54891323321257
2131,12137,0.35136418446315326,400,1.4184802562997172,2.7861594750490353
2132,12138,0.35136418446315326,400,1.5834491170763603,2.69482531117844
2133,12139,0.35136418446315326,400,1.8839780374622854,2.488415143905022
2134,12140,0.35136418446315326,400,1.0919141458069168,2.9641269970531967
2135,12141,0.35136418446315326,400,1.744365400073503,2.5734734599095104
2136,12142,0.35136418446315326,400,2.1314585790454794,2.2594783198281956
2137,12143,0.35136418446315326,400,1.7922595517467896,2.5847262396022614
2138,12144,0.35136418446315326,400,1.6638306712868083,2.6487818907034186
2139,12145,0.35136418446315326,400,1.3406830866829842,2.8501307981772697
2140,12146,0.35136418446315326,400,1.3897012417190773,2.819810900971315
2141,12147,0.35136418446315326,400,1.3599713916002851,2.829240869353927
2142,12148,0.35136418446315326,400,1.5437806350648597,2.7416898840011212
2143,12149,0.35136418446315326,400,1.5955007566179003,2.7069420501569126
2144,12150,0.35136418446315326,400,1.125378406462465,2.931347928553744
2145,12151,0.35136418446315326,400,1.1712927163334825,2.8998619721646652
2146,12152,0.35136418446315326,400,1.35571661252609,2.841043901389841
2147,12153,0.35136418446315326,400,1.4732563572865378,2.753723993752721
2148,12154,0.35136418446315326,400,1.4945191099169834,2.7551635170230933
2149,12155,0.35136418446315326,400,1.0908149880837434,2.954181258157409
2150,12156,0.35136418446315326,400,1.8405018718096016,2.532780750542215
2151,12157,0.35136418446315326,400,1.3643855999650991,2.796569716403868
2152,12158,0.35136418446315326,400,1.1370910832439687,2.9352060440220877
2153,12159,0.35136418446315326,400,1.9421149411872893,2.3580416745306936
2154,12160,0.35136418446315326,400,1.8624275924145341,2.543915139961015
2155,12161,0.35136418446315326,400,1.2484498242085218,2.879141955568204
2156,12162,0.35136418446315326,400,1.3082020414263644,2.8547047196311284
2157,12163,0.35136418446315326,400,1.300650781053007,2.885855116915496
2158,12164,0.35136418446315326,400,1.9986742997628912,2.4737116622073105
2159,12165,0.35136418446315326,400,1.7932029126002782,2.580409609965711
2160,12166,0.35136418446315326,400,1.3787598331672601,2.8354050510302087
2161,12167,0.35136418446315326,400,1.68000517817112,2.6254667169441195
2162,12168,0.35136418446315326,400,1.26017378533497,2.867476425969398
2163,12169,0.35136418446315326,400,1.300918599251267,2.881425995568246
2164,12170,0.35136418446315326,400,1.827499899666164,2.534965312672602
2165,12171,0.35136418446315326,400,1.86778291305015,2.516477852624893
2166,12172,0.35136418446315326,400,1.6901774744495235,2.670225441235074
2167,12173,0.35136418446315326,400,1.8940725511695646,2.4884658727899254
2168,12174,0.35136418446315326,400,1.165682290311913,2.929899631922973
2169,12175,0.35136418446315326,400,1.285996602536818,2.8543810117109927
2170,12176,0.35136418446315326,400,1.1502998049019022,2.9196094955141523
2171,12177,0.35136418446315326,400,2.099880972367397,2.3515831675926613
2172,12178,0.35136418446315326,400,1.1604319526704647,2.9073226550984996
2173,12179,0.35136418446315326,400,1.3020734014706166,2.857976858737148
2174,12180,0.35136418446315326,400,1.2425687079611247,2.8653409108994454
2175,12181,0.35136418446315326,400,1.9790042779085162,2.4163690477709294
2176,12182,0.35136418446315326,400,1.1397172063392662,2.927667364834585
2177,12183,0.35136418446315326,400,1.9066280646120166,2.5247766617281213
2178,12184,0.35136418446315326,400,1.1134690249743242,2.9387741021581766
2179,12185,0.35136418446315326,400,1.2025692428106534,2.912572308324126
2180,12186,0.35136418446315326,400,1.0827235176696546,2.953369505830058
2181,12187,0.35136418446315326,400,1.5227610374804095,2.7357040043783414
2182,12188,0.35136418446315326,400,1.537595209170755,2.713562340842897
2183,12189,0.35136418446315326,400,1.9115257674091484,2.463899941175865
2184,12190,0.35136418446315326,400,1.0942862015808463,2.9495953770775842
2185,12191,0.35136418446315326,400,1.837752303124774,2.519896379870544
2186,12192,0.35136418446315326,400,1.3171150351652785,2.8565478566813645
2187,12193,0.35136418446315326,400,1.6088522088443327,2.6932461612890237
2188,12194,0.35136418446315326,400,1.3473653563319463,2.838428757611958
2189,12195,0.35136418446315326,400,1.4797341950473908,2.7429802151066793
2190,12196,0.35136418446315326,400,1.6083157938000707,2.609027736517985
2191,12197,0.35136418446315326,400,1.7338865211871415,2.6148261166504225
2192,12198,0.35136418446315326,400,1.3550527231553873,2.846778705525565
2193,12199,0.35136418446315326,400,1.7270670516764408,2.619648662906185
2194,12200,0.35136418446315326,600,1.3246111024186578,2.840065790271736
2195,12201,0.35136418446315326,600,1.5583971691107075,2.7083100985293136
2196,12202,0.35136418446315326,600,1.0210024406262201,2.9689690955394794
2197,12203,0.35136418446315326,600,1.4137047412643926,2.780504503985333
2198,12204,0.35136418446315326,600,1.3288497917670756,2.8436094299188968
2199,12205,0.35136418446315326,600,1.2225238890914434,2.9050041284998227
2200,12206,0.35136418446315326,600,1.747486470982166,2.5927057631696
2201,12207,0.35136418446315326,600,1.8066227843347786,2.540412742120054
2202,12208,0.35136418446315326,600,1.499203129199521,2.756289488476081
2203,12209,0.35136418446315326,600,1.999934721844387,2.4576839893234217
2204,12210,0.35136418446315326,600,1.9428654446907327,2.416657118330495
2205,12211,0.35136418446315326,600,1.8315120687644206,2.5066777214511307
2206,12212,0.35136418446315326,600,1.0979617872158718,2.9541598557265125
2207,12213,0.35136418446315326,600,1.756755406026856,2.6053250237296597
2208,12214,0.35136418446315326,600,1.7577670587604288,2.537796989947872
2209,12215,0.35136418446315326,600,1.0806347247960564,2.97338799377523
2210,12216,0.35136418446315326,600,1.7815195026164186,2.5961853493097053
2211,12217,0.35136418446315326,600,1.8682964758375307,2.505630561478845
2212,12218,0.35136418446315326,600,2.031767190153694,2.3618783531217344
2213,12219,0.35136418446315326,600,1.3074022487028567,2.8611789899641904
2214,12220,0.35136418446315326,600,2.306445532923908,2.1625677858212304
2215,12221,0.35136418446315326,600,1.455169792563061,2.7783237364235287
2216,12222,0.35136418446315326,600,1.2083000105955322,2.9260780317983244
2217,12223,0.35136418446315326,600,1.4201637145788901,2.8018921916541633
2218,12224,0.35136418446315326,600,1.3220631897961508,2.84738809861933
2219,12225,0.35136418446315326,600,2.122982088313934,2.199541787839878
2220,12226,0.35136418446315326,600,1.7275255414490016,2.621911122824944
2221,12227,0.35136418446315326,600,2.00157248597074,2.4320325212843974
2222,12228,0.35136418446315326,600,1.6401265278384365,2.6262456296460197
2223,12229,0.35136418446315326,600,1.0218528636471567,2.977380478362549
2224,12230,0.35136418446315326,600,1.1263277966780536,2.943586656319416
2225,12231,0.35136418446315326,600,1.1786321111617524,2.9260038964804123
2226,12232,0.35136418446315326,600,1.1181433923022515,2.9130943536130727
2227,12233,0.35136418446315326,600,1.2490980144640331,2.875014178726656
2228,12234,0.35136418446315326,600,1.4209526263757097,2.8033475520648934
2229,12235,0.35136418446315326,600,1.781272324908495,2.5925465295170316
2230,12236,0.35136418446315326,600,1.0868989597495575,2.966346680824462
2231,12237,0.35136418446315326,600,1.938581926325329,2.3995288949358953
2232,12238,0.35136418446315326,600,1.3848163189384488,2.833469444818827
2233,12239,0.35136418446315326,600,1.1952580184721833,2.887237686371899
2234,12240,0.35136418446315326,600,1.4960287565352528,2.762189870313744
2235,12241,0.35136418446315326,600,1.34924351009072,2.8216627124836924
2236,12242,0.35136418446315326,600,1.3023057935057614,2.8421835863470135
2237,12243,0.35136418446315326,600,1.9365094298214356,2.3194531778687684
2238,12244,0.35136418446315326,600,1.6119025741109732,2.704883708372374
2239,12245,0.35136418446315326,600,1.3343710762303798,2.827633173749616
2240,12246,0.35136418446315326,600,1.963974620974281,2.4170982747797773
2241,12247,0.35136418446315326,600,1.9854622316492563,2.3315432775170883
2242,12248,0.35136418446315326,600,1.0337675203641905,2.9797885327854456
2243,12249,0.35136418446315326,600,1.9738339520600015,2.446795557572416
2244,12250,0.35136418446315326,600,1.6664598337245942,2.675588669209477
2245,12251,0.35136418446315326,600,1.1351983270986206,2.9450224623588888
2246,12252,0.35136418446315326,600,1.4259293747567632,2.8068122368038337
2247,12253,0.35136418446315326,600,1.7930676119082143,2.511679041198957
2248,12254,0.35136418446315326,600,1.6497707961580954,2.6563522349379998
2249,12255,0.35136418446315326,600,1.0742481395926877,2.965648055087861
2250,12256,0.35136418446315326,600,2.156723540982254,2.2692569178643436
2251,12257,0.35136418446315326,600,1.9278186561141406,2.4377833622234744
2252,12258,0.35136418446315326,600,1.7693361477239347,2.5801034734313513
2253,12259,0.35136418446315326,600,1.9245797750051217,2.4498590162856155
2254,12260,0.35136418446315326,600,1.1882087362891651,2.90845023941987
2255,12261,0.35136418446315326,600,2.509195352181906,2.014285341581282
2256,12262,0.35136418446315326,600,1.9899467367806327,2.427672043852586
2257,12263,0.35136418446315326,600,1.7528968394357154,2.616111004428315
2258,12264,0.35136418446315326,600,1.4338036199511737,2.7968925576518786
2259,12265,0.35136418446315326,600,1.6416202400944289,2.6781370197778203
2260,12266,0.35136418446315326,600,1.0967309729303454,2.93932338791413
2261,12267,0.35136418446315326,600,1.9857488222107034,2.4367855269236567
2262,12268,0.35136418446315326,600,1.9456795782311704,2.432320676448881
2263,12269,0.35136418446315326,600,1.1732979498259424,2.92664488266078
2264,12270,0.35136418446315326,600,2.21842373170895,2.2357053712283803
2265,12271,0.35136418446315326,600,1.1475612847124803,2.9330599556541297
2266,12272,0.35136418446315326,600,1.3830431049896768,2.842822088003625
2267,12273,0.35136418446315326,600,1.6331143362119356,2.6811350189763936
2268,12274,0.35136418446315326,600,1.4252358036584312,2.7890249824186757
2269,12275,0.35136418446315326,600,2.3377279005427956,2.0859304096505733
2270,12276,0.35136418446315326,600,2.2161433048689014,2.185742868590316
2271,12277,0.35136418446315326,600,1.6059426907307242,2.6595739526905757
2272,12278,0.35136418446315326,600,1.4357437639134605,2.7920901338068966
2273,12279,0.35136418446315326,600,1.1028018864691975,2.9441391974239624
2274,12280,0.35136418446315326,600,2.3103881313222834,2.0060458666173746
2275,12281,0.35136418446315326,600,1.4013924807562435,2.780083208098388
2276,12282,0.35136418446315326,600,1.7382897102552057,2.636032902794132
2277,12283,0.35136418446315326,600,1.8491521461363605,2.560379200328736
2278,12284,0.35136418446315326,600,1.2593802792063342,2.8674874625802245
2279,12285,0.35136418446315326,600,1.374050820732307,2.8116629109212723
2280,12286,0.35136418446315326,600,1.749062561083597,2.6229495963147462
2281,12287,0.35136418446315326,600,1.5418644393641405,2.689260217887442
2282,12288,0.35136418446315326,600,1.2076930301010713,2.8983043931521286
2283,12289,0.35136418446315326,600,1.0199400316259024,2.9777705579542375
2284,12290,0.35136418446315326,600,1.162113284906114,2.906557024437712
2285,12291,0.35136418446315326,600,1.3890289421175,2.815579244248624
2286,12292,0.35136418446315326,600,1.1832700905303373,2.9004779934858185
2287,12293,0.35136418446315326,600,1.1132646737631415,2.9513074886889603
2288,12294,0.35136418446315326,600,1.5727025277305091,2.7242924622383518
2289,12295,0.35136418446315326,600,1.067684540320435,2.9494914891305855
2290,12296,0.35136418446315326,600,1.3863098012209973,2.8394090579539073
2291,12297,0.35136418446315326,600,1.5699357124406854,2.6765635780583144
2292,12298,0.35136418446315326,600,1.2963905912134444,2.86842946029562
2293,12299,0.35136418446315326,600,1.509635528984868,2.7439235015490033
2294,12300,0.35136418446315326,800,1.4080317824483224,2.7976582736203124
2295,12301,0.35136418446315326,800,2.042190939522407,2.3425033001114683
2296,12302,0.35136418446315326,800,2.063955601835513,2.4177022042823033
2297,12303,0.35136418446315326,800,2.315640034267385,2.0534867514835615
2298,12304,0.35136418446315326,800,2.262399556435263,2.1138979995692493
2299,12305,0.35136418446315326,800,1.997924470310395,2.416588852274807
2300,12306,0.35136418446315326,800,1.767491952716853,2.6314960947397004
2301,12307,0.35136418446315326,800,2.50027825704968,1.8024082954459595
2302,12308,0.35136418446315326,800,1.169121866744584,2.9176587128495237
2303,12309,0.35136418446315326,800,1.0789236756524738,2.940408419329036
2304,12310,0.35136418446315326,800,1.0349792476017456,2.9920144308644536
2305,12311,0.35136418446315326,800,1.227570381596537,2.8729786999135905
2306,12312,0.35136418446315326,800,1.3807457867149988,2.838804874547764
2307,12313,0.35136418446315326,800,1.7056492686968538,2.5780446958484684
2308,12314,0.35136418446315326,800,1.6363735920614775,2.6653566609478627
2309,12315,0.35136418446315326,800,2.0206415577756585,2.4114735067979938
2310,12316,0.35136418446315326,800,1.6227852547787935,2.6883676685749345
2311,12317,0.35136418446315326,800,1.9650726240946952,2.478308045215718
2312,12318,0.35136418446315326,800,1.9051546854175918,2.5010345131876894
2313,12319,0.35136418446315326,800,1.4981313424004754,2.751369276655228
2314,12320,0.35136418446315326,800,1.260862160501483,2.8830938440999936
2315,12321,0.35136418446315326,800,1.2466391923647677,2.8958301074184525
2316,12322,0.35136418446315326,800,1.938993208534851,2.461510506733049
2317,12323,0.35136418446315326,800,2.313233857649726,2.1482760389574747
2318,12324,0.35136418446315326,800,1.0960185366145416,2.9634876712099456
2319,12325,0.35136418446315326,800,2.0238489693861386,2.34392339815337
2320,12326,0.35136418446315326,800,1.1099495474309982,2.9404206059015605
2321,12327,0.35136418446315326,800,1.2191231185873506,2.912315883613555
2322,12328,0.35136418446315326,800,1.46854568688267,2.801691836834004
2323,12329,0.35136418446315326,800,1.198280684344686,2.9099460750267707
2324,12330,0.35136418446315326,800,1.3926542413665925,2.8004361768390864
2325,12331,0.35136418446315326,800,1.2647860393713124,2.902064604158025
2326,12332,0.35136418446315326,800,1.6907518057190731,2.663257506999725
2327,12333,0.35136418446315326,800,1.4065155719304023,2.811345466054238
2328,12334,0.35136418446315326,800,2.0321122949268577,2.3748238723279416
2329,12335,0.35136418446315326,800,1.0252317148296597,2.9856776673116956
2330,12336,0.35136418446315326,800,2.3405282431593397,2.008517295420638
2331,12337,0.35136418446315326,800,1.467486677444892,2.792970649110097
2332,12338,0.35136418446315326,800,1.0695313665942516,2.960789973671402
2333,12339,0.35136418446315326,800,1.8461483786297233,2.4890125865765933
2334,12340,0.35136418446315326,800,1.271580607778094,2.839673490920021
2335,12341,0.35136418446315326,800,1.4662896163837935,2.764711403502401
2336,12342,0.35136418446315326,800,1.8838522344626707,2.4960209549024563
2337,12343,0.35136418446315326,800,1.7609869130936944,2.6041700351990675
2338,12344,0.35136418446315326,800,1.693024756408019,2.617705955556847
2339,12345,0.35136418446315326,800,1.2316457148664295,2.8990507647772983
2340,12346,0.35136418446315326,800,1.9345528718417604,2.513356629332487
2341,12347,0.35136418446315326,800,1.9975663681339668,2.356728539726095
2342,12348,0.35136418446315326,800,1.3867811036345905,2.789239477981041
2343,12349,0.35136418446315326,800,1.1160652756330687,2.943741659321429
2344,12350,0.35136418446315326,800,2.0165746913668903,2.399942471811804
2345,12351,0.35136418446315326,800,1.3812686127905143,2.823780330748111
2346,12352,0.35136418446315326,800,2.054651044802743,2.3843135305242087
2347,12353,0.35136418446315326,800,2.4125470486267284,1.976339669142164
2348,12354,0.35136418446315326,800,2.0645228902068524,2.386021929413891
2349,12355,0.35136418446315326,800,1.6322451707635484,2.6004851930768362
2350,12356,0.35136418446315326,800,1.1605990356554154,2.920569652448833
2351,12357,0.35136418446315326,800,1.8422882688451145,2.5529834060721956
2352,12358,0.35136418446315326,800,1.1287701932002432,2.945657744274007
2353,12359,0.35136418446315326,800,1.4393817339618855,2.8169448637962327
2354,12360,0.35136418446315326,800,1.734691086025728,2.5924848720862705
2355,12361,0.35136418446315326,800,1.0684034995810867,2.959388918748167
2356,12362,0.35136418446315326,800,1.6653844273095075,2.6679904065433275
2357,12363,0.35136418446315326,800,1.0948519652214002,2.9425682173740126
2358,12364,0.35136418446315326,800,1.7642026710143033,2.561264923269069
2359,12365,0.35136418446315326,800,1.7269445271930557,2.6166041000020104
2360,12366,0.35136418446315326,800,1.8326718427747302,2.517957901623361
2361,12367,0.35136418446315326,800,1.7434207221748754,2.595682815752311
2362,12368,0.35136418446315326,800,1.1246446371355237,2.926279603809971
2363,12369,0.35136418446315326,800,1.4733011597136012,2.711882583678552
2364,12370,0.35136418446315326,800,1.0745962167584318,2.9543121089467954
2365,12371,0.35136418446315326,800,1.150276786866709,2.935049718678302
2366,12372,0.35136418446315326,800,2.12532224788512,2.2373670939632424
2367,12373,0.35136418446315326,800,1.2141564557972662,2.90673880198421
2368,12374,0.35136418446315326,800,1.443005395700344,2.8071292924440803
2369,12375,0.35136418446315326,800,1.2604828081359754,2.854574190821281
2370,12376,0.35136418446315326,800,1.2559314036712494,2.8860629597901157
2371,12377,0.35136418446315326,800,1.2614739936695005,2.8801985510850763
2372,12378,0.35136418446315326,800,1.3301304487257462,2.842497307529627
2373,12379,0.35136418446315326,800,1.2829311687101705,2.867200927158569
2374,12380,0.35136418446315326,800,1.3442712961954522,2.8650187901525803
2375,12381,0.35136418446315326,800,1.188877981660183,2.9104917447379117
2376,12382,0.35136418446315326,800,1.8053836088189683,2.607368332308881
2377,12383,0.35136418446315326,800,1.967440527754063,2.426824916136042
2378,12384,0.35136418446315326,800,1.3431223116265874,2.8373796059663396
2379,12385,0.35136418446315326,800,1.605272731045747,2.693159297776307
2380,12386,0.35136418446315326,800,1.7951906550837926,2.555825952025484
2381,12387,0.35136418446315326,800,1.288892178163389,2.863262804681759
2382,12388,0.35136418446315326,800,1.2498003030154836,2.8750725759001172
2383,12389,0.35136418446315326,800,1.6744597592536177,2.6717921309478543
2384,12390,0.35136418446315326,800,1.0254463765556319,2.9694160847971665
2385,12391,0.35136418446315326,800,1.9607751527113577,2.413618888826632
2386,12392,0.35136418446315326,800,1.1736599759685462,2.9197744036656443
2387,12393,0.35136418446315326,800,1.081017924725965,2.946626908450081
2388,12394,0.35136418446315326,800,1.6434189810109676,2.6365989537874546
2389,12395,0.35136418446315326,800,1.3824731945090285,2.8114980921806354
2390,12396,0.35136418446315326,800,1.707101105050386,2.588310738422222
2391,12397,0.35136418446315326,800,1.806424968649067,2.5982610629346237
2392,12398,0.35136418446315326,800,2.256081898064098,2.162525391879479
2393,12399,0.35136418446315326,800,1.5801395564968659,2.7101778530090774
2394,12400,0.35136418446315326,1000,1.6049132025395718,2.6909347090302984
2395,12401,0.35136418446315326,1000,1.8786666796584448,2.520747497302119
2396,12402,0.35136418446315326,1000,1.5722709024876527,2.717960662548081
2397,12403,0.35136418446315326,1000,1.723195972379403,2.58777061371621
2398,12404,0.35136418446315326,1000,1.2997272713005212,2.858586307102758
2399,12405,0.35136418446315326,1000,1.5643430982509343,2.7086328001919235
2400,12406,0.35136418446315326,1000,1.6034368739268121,2.7256124131034256
2401,12407,0.35136418446315326,1000,1.6998626851449974,2.6870701184573464
2402,12408,0.35136418446315326,1000,1.48962080549937,2.7468810151869123
2403,12409,0.35136418446315326,1000,1.5295445907715424,2.7463990340736473
2404,12410,0.35136418446315326,1000,1.7025342113287336,2.642378023708855
2405,12411,0.35136418446315326,1000,1.2023534023988671,2.8949431846270097
2406,12412,0.35136418446315326,1000,2.424044009269225,1.9181144241491652
2407,12413,0.35136418446315326,1000,2.0689094523864937,2.2682891152193814
2408,12414,0.35136418446315326,1000,1.5360313615860899,2.757780846468918
2409,12415,0.35136418446315326,1000,1.9663868014736896,2.3936976100141316
2410,12416,0.35136418446315326,1000,1.6717954696945452,2.6619428564660454
2411,12417,0.35136418446315326,1000,1.4495212692919133,2.7636049282711403
2412,12418,0.35136418446315326,1000,1.9641897348854787,2.451024235108981
2413,12419,0.35136418446315326,1000,1.8348774506732686,2.5606647276754506
2414,12420,0.35136418446315326,1000,1.4257078885578336,2.8170334241039634
2415,12421,0.35136418446315326,1000,1.7143996550624407,2.5452100196568432
2416,12422,0.35136418446315326,1000,1.3046894722255966,2.812717529556397
2417,12423,0.35136418446315326,1000,1.9147478126428805,2.469467038418184
2418,12424,0.35136418446315326,1000,2.0489141324907427,2.360617263693881
2419,12425,0.35136418446315326,1000,1.9780095215529971,2.4412110021607996
2420,12426,0.35136418446315326,1000,1.3647692654985328,2.851754254732241
2421,12427,0.35136418446315326,1000,1.685224483183496,2.5672124992299277
2422,12428,0.35136418446315326,1000,2.2470414815196973,2.1343619292229015
2423,12429,0.35136418446315326,1000,1.1038610914603055,2.9322154214588405
2424,12430,0.35136418446315326,1000,2.1192033246078776,2.291773154215966
2425,12431,0.35136418446315326,1000,1.84468619152576,2.543385399441859
2426,12432,0.35136418446315326,1000,1.5050672048120206,2.7356372474509376
2427,12433,0.35136418446315326,1000,1.8501319621990375,2.4916025793394274
2428,12434,0.35136418446315326,1000,1.6025428860886208,2.650047434651916
2429,12435,0.35136418446315326,1000,1.3305042112694074,2.7951054314919013
2430,12436,0.35136418446315326,1000,2.679897443846074,1.4952954057897756
2431,12437,0.35136418446315326,1000,1.2963518046428901,2.8521993105454344
2432,12438,0.35136418446315326,1000,1.5873113893691388,2.6431503041436573
2433,12439,0.35136418446315326,1000,1.8021513892667798,2.570881343087015
2434,12440,0.35136418446315326,1000,1.0666773707080637,2.941433690495496
2435,12441,0.35136418446315326,1000,1.3139539235617526,2.841125748767548
2436,12442,0.35136418446315326,1000,1.7865736625517186,2.5304145893731707
2437,12443,0.35136418446315326,1000,1.4710441647051236,2.7577453036368853
2438,12444,0.35136418446315326,1000,1.617841013802542,2.6596946599097375
2439,12445,0.35136418446315326,1000,1.2373559741194782,2.857815526378381
2440,12446,0.35136418446315326,1000,1.5992056100750405,2.672188631753156
2441,12447,0.35136418446315326,1000,2.049024535309404,2.326606306660601
2442,12448,0.35136418446315326,1000,1.4284727141374325,2.7977642951889683
2443,12449,0.35136418446315326,1000,1.26849503258283,2.8734644630774273
2444,12450,0.35136418446315326,1000,1.7281841151037338,2.604524078039767
2445,12451,0.35136418446315326,1000,1.1158162399275262,2.9322978306344734
2446,12452,0.35136418446315326,1000,2.320744969345654,2.1397866100401837
2447,12453,0.35136418446315326,1000,2.410517661817208,1.9500697831397786
2448,12454,0.35136418446315326,1000,1.1201161411927627,2.9463162214593916
2449,12455,0.35136418446315326,1000,1.0805045547157395,2.9645113237652163
2450,12456,0.35136418446315326,1000,1.4321104611467923,2.7511239532810228
2451,12457,0.35136418446315326,1000,1.045551112380304,2.9830300752595895
2452,12458,0.35136418446315326,1000,1.9201936420110968,2.518888815531719
2453,12459,0.35136418446315326,1000,2.299492487717022,2.056472195854842
2454,12460,0.35136418446315326,1000,1.150001254184737,2.918720807367083
2455,12461,0.35136418446315326,1000,2.011531962568732,2.422279051494266
2456,12462,0.35136418446315326,1000,1.6788331745948066,2.6411322197009293
2457,12463,0.35136418446315326,1000,1.5289029383493546,2.7044228203013607
2458,12464,0.35136418446315326,1000,1.6000447456536242,2.6979275971651067
2459,12465,0.35136418446315326,1000,1.1530221165222474,2.904559782310347
2460,12466,0.35136418446315326,1000,1.369776857236198,2.8035553152943766
2461,12467,0.35136418446315326,1000,1.3499532613931988,2.825746757730588
2462,12468,0.35136418446315326,1000,1.4227738632971132,2.813352315822386
2463,12469,0.35136418446315326,1000,2.1317239529456877,2.260539871626824
2464,12470,0.35136418446315326,1000,2.4145097427362563,2.001025274023293
2465,12471,0.35136418446315326,1000,1.3364736534162778,2.8321593091049255
2466,12472,0.35136418446315326,1000,2.2075015058465155,2.2259847995597744
2467,12473,0.35136418446315326,1000,1.6439233844111132,2.6889419798098473
2468,12474,0.35136418446315326,1000,1.7682307777780697,2.595895529479155
2469,12475,0.35136418446315326,1000,1.889481908984802,2.503256882433006
2470,12476,0.35136418446315326,1000,2.372011532050527,2.0432823019214665
2471,12477,0.35136418446315326,1000,1.0913609716371093,2.955601320451964
2472,12478,0.35136418446315326,1000,1.0560085957626606,2.958722255767721
2473,12479,0.35136418446315326,1000,1.1895577319924582,2.8897697421163637
2474,12480,0.35136418446315326,1000,2.0080162795929803,2.353447112420523
2475,12481,0.35136418446315326,1000,2.3007040812690005,2.191459797774715
2476,12482,0.35136418446315326,1000,1.2449419274740454,2.900309827216376
2477,12483,0.35136418446315326,1000,1.2468262461133883,2.889049809405388
2478,12484,0.35136418446315326,1000,1.0330133204783714,2.9783344876181594
2479,12485,0.35136418446315326,1000,1.1429683916649414,2.933762560544193
2480,12486,0.35136418446315326,1000,1.5186339238537774,2.750544869760346
2481,12487,0.35136418446315326,1000,1.7664779608664705,2.536830332320095
2482,12488,0.35136418446315326,1000,1.0627677889741038,2.9523203354447127
2483,12489,0.35136418446315326,1000,1.9322394334697126,2.456208753042452
2484,12490,0.35136418446315326,1000,2.1149996637112567,2.287604518175237
2485,12491,0.35136418446315326,1000,1.2944690518574664,2.860681405258253
2486,12492,0.35136418446315326,1000,1.137050521417672,2.9251589009362173
2487,12493,0.35136418446315326,1000,1.0222570687681671,2.975149024822819
2488,12494,0.35136418446315326,1000,2.153051608786845,2.3040005279370335
2489,12495,0.35136418446315326,1000,2.2451071376828624,2.1414503850409403
2490,12496,0.35136418446315326,1000,1.032645839309895,2.998233595296304
2491,12497,0.35136418446315326,1000,1.6074588343971132,2.6595444479125177
2492,12498,0.35136418446315326,1000,1.3978995575934512,2.8355743211876447
2493,12499,0.35136418446315326,1000,2.188005769883022,2.1956177690340146
2494,12500,0.35136418446315326,1200,2.0996803755037923,2.2454724094770104
2495,12501,0.35136418446315326,1200,2.172616461508262,2.3515900203342053
2496,12502,0.35136418446315326,1200,1.0660081395987502,2.952822316798021
2497,12503,0.35136418446315326,1200,1.6899606964395013,2.6226973648228626
2498,12504,0.35136418446315326,1200,1.2972106140621067,2.8613060633427567
2499,12505,0.35136418446315326,1200,1.164007514888546,2.914351265922314
2500,12506,0.35136418446315326,1200,1.8940319801004661,2.458669750551995
2501,12507,0.35136418446315326,1200,1.1688173339603647,2.9245157519717
2502,12508,0.35136418446315326,1200,1.6130225974542973,2.7048674186261668
2503,12509,0.35136418446315326,1200,1.344427650169075,2.8355486253285718
2504,12510,0.35136418446315326,1200,1.570820358699778,2.7312580729042732
2505,12511,0.35136418446315326,1200,1.3317202152329477,2.83997833607778
2506,12512,0.35136418446315326,1200,1.1065388004131318,2.960316474779912
2507,12513,0.35136418446315326,1200,1.8429644614393328,2.5582783051820943
2508,12514,0.35136418446315326,1200,1.5801229587166996,2.6926153809677125
2509,12515,0.35136418446315326,1200,1.5329457007102412,2.7341308341420634
2510,12516,0.35136418446315326,1200,1.3753982648180072,2.8280399254482935
2511,12517,0.35136418446315326,1200,1.0908094697470232,2.9435848673464124
2512,12518,0.35136418446315326,1200,1.8754071918108337,2.5125156505157813
2513,12519,0.35136418446315326,1200,1.5324328550936213,2.716870430617752
2514,12520,0.35136418446315326,1200,1.0835440955594389,2.943002891527767
2515,12521,0.35136418446315326,1200,1.1146159958090478,2.9410956209819217
2516,12522,0.35136418446315326,1200,2.35201328546121,2.044267918763085
2517,12523,0.35136418446315326,1200,1.924995835203088,2.4747335454751527
2518,12524,0.35136418446315326,1200,1.4156343965304568,2.779882182673483
2519,12525,0.35136418446315326,1200,1.4857583941201224,2.771975586717301
2520,12526,0.35136418446315326,1200,1.739227002771153,2.606045791410604
2521,12527,0.35136418446315326,1200,1.2629806065527642,2.8947970210875824
2522,12528,0.35136418446315326,1200,1.3864067571656749,2.8120911977821703
2523,12529,0.35136418446315326,1200,1.1899673497366208,2.9039056828426926
2524,12530,0.35136418446315326,1200,1.4360504878288594,2.7758318496085552
2525,12531,0.35136418446315326,1200,1.0720122842788655,2.948965589475935
2526,12532,0.35136418446315326,1200,1.4641433803138613,2.776414112146134
2527,12533,0.35136418446315326,1200,1.5420031208519704,2.76176500285876
2528,12534,0.35136418446315326,1200,1.863127643600419,2.5170702459131036
2529,12535,0.35136418446315326,1200,2.5387300094654868,1.763814258669877
2530,12536,0.35136418446315326,1200,1.2529476592065687,2.883910791760259
2531,12537,0.35136418446315326,1200,1.4576199815544424,2.739741744243878
2532,12538,0.35136418446315326,1200,2.378449028789298,2.048569779452456
2533,12539,0.35136418446315326,1200,2.3107480606394866,2.127191738799258
2534,12540,0.35136418446315326,1200,1.2551180143494647,2.8981036589795854
2535,12541,0.35136418446315326,1200,1.1842197352482162,2.9037493229018687
2536,12542,0.35136418446315326,1200,1.4202574546388356,2.803135947217172
2537,12543,0.35136418446315326,1200,2.018209175726303,2.3698691321821097
2538,12544,0.35136418446315326,1200,1.6242166398542952,2.6425344794807364
2539,12545,0.35136418446315326,1200,1.0692619197330107,2.952876280364893
2540,12546,0.35136418446315326,1200,1.5481091057672374,2.726945201015869
2541,12547,0.35136418446315326,1200,1.5683775458322036,2.7344979273693424
2542,12548,0.35136418446315326,1200,1.2026555212443164,2.888678407002051
2543,12549,0.35136418446315326,1200,1.0787808391448483,2.960515078441428
2544,12550,0.35136418446315326,1200,1.1132970628406382,2.944851765946132
2545,12551,0.35136418446315326,1200,1.8496356056623753,2.496022446764097
2546,12552,0.35136418446315326,1200,1.129830872973145,2.9386577515347376
2547,12553,0.35136418446315326,1200,1.592235860366525,2.7125334987521232
2548,12554,0.35136418446315326,1200,2.0199775423277653,2.3868727820188367
2549,12555,0.35136418446315326,1200,1.5482430226474337,2.7060690861582484
2550,12556,0.35136418446315326,1200,1.8338034772397276,2.590458563267256
2551,12557,0.35136418446315326,1200,1.2119165350792915,2.8888023904556133
2552,12558,0.35136418446315326,1200,1.5798471749806526,2.667041568500627
2553,12559,0.35136418446315326,1200,1.574407900027478,2.698331328847395
2554,12560,0.35136418446315326,1200,1.1976948346718745,2.898091826428904
2555,12561,0.35136418446315326,1200,1.3177462267895472,2.849503936678274
2556,12562,0.35136418446315326,1200,1.4889306342535031,2.792146262056178
2557,12563,0.35136418446315326,1200,1.306759513600817,2.856582512596511
2558,12564,0.35136418446315326,1200,1.6080893328469905,2.698964261255713
2559,12565,0.35136418446315326,1200,1.2535281962879583,2.8817999536951904
2560,12566,0.35136418446315326,1200,1.6692273764290655,2.6459063715923516
2561,12567,0.35136418446315326,1200,1.6534114462786538,2.6674209480338678
2562,12568,0.35136418446315326,1200,1.2608845476963915,2.8680501872373325
2563,12569,0.35136418446315326,1200,2.05977327209229,2.3178691124485034
2564,12570,0.35136418446315326,1200,1.4078919841862259,2.790065950664607
2565,12571,0.35136418446315326,1200,1.6057269156388834,2.7157206731556536
2566,12572,0.35136418446315326,1200,1.3831058823896099,2.7935695151059474
2567,12573,0.35136418446315326,1200,1.54476022003625,2.7247249756342926
2568,12574,0.35136418446315326,1200,1.6879709035843706,2.6799436728947224
2569,12575,0.35136418446315326,1200,1.3929318636192298,2.818544067653509
2570,12576,0.35136418446315326,1200,1.2808620126123391,2.889419767857201
2571,12577,0.35136418446315326,1200,1.574950612531559,2.674940683098648
2572,12578,0.35136418446315326,1200,2.1266544973006183,2.3053838953917323
2573,12579,0.35136418446315326,1200,2.6017358443631666,1.6154101210401417
2574,12580,0.35136418446315326,1200,1.9645072344367929,2.444525121596934
2575,12581,0.35136418446315326,1200,1.0707040245208865,2.951404787731326
2576,12582,0.35136418446315326,1200,1.921392664007159,2.4207618482694535
2577,12583,0.35136418446315326,1200,2.1271015773813287,2.2933246749213665
2578,12584,0.35136418446315326,1200,1.9310618043745484,2.460730326729578
2579,12585,0.35136418446315326,1200,2.0612064975976043,2.361929463979058
2580,12586,0.35136418446315326,1200,1.1323608541102101,2.9161670933230193
2581,12587,0.35136418446315326,1200,1.8934453909406046,2.4931497453488145
2582,12588,0.35136418446315326,1200,1.1796527457296648,2.9126932226164817
2583,12589,0.35136418446315326,1200,1.8153070040871413,2.550154908926087
2584,12590,0.35136418446315326,1200,2.221337616619748,2.145081273814473
2585,12591,0.35136418446315326,1200,1.5519510493135447,2.714159674841711
2586,12592,0.35136418446315326,1200,1.2097969119187406,2.8920734425179906
2587,12593,0.35136418446315326,1200,1.933794243154012,2.4591056405521643
2588,12594,0.35136418446315326,1200,2.326669591934165,2.0854979435227534
2589,12595,0.35136418446315326,1200,1.5462283928069087,2.7071572603464906
2590,12596,0.35136418446315326,1200,1.8441940154068857,2.573980395654675
2591,12597,0.35136418446315326,1200,1.1815650903420596,2.9093726465538396
2592,12598,0.35136418446315326,1200,1.08555255809742,2.956058990397985
2593,12599,0.35136418446315326,1200,1.551523294499388,2.7347102994975234
2594,12600,0.35136418446315326,1400,2.2181445587197572,2.3131554386353685
2595,12601,0.35136418446315326,1400,1.3534357020720682,2.8489616479695656
2596,12602,0.35136418446315326,1400,1.3134322552730433,2.848807203527863
2597,12603,0.35136418446315326,1400,2.225878735873268,2.2488066423072617
2598,12604,0.35136418446315326,1400,2.1986493434729395,2.2451338612555576
2599,12605,0.35136418446315326,1400,1.011932423820204,2.9878536819144133
2600,12606,0.35136418446315326,1400,1.1127714476924244,2.9097147835806267
2601,12607,0.35136418446315326,1400,1.8419675102573059,2.5318091777496874
2602,12608,0.35136418446315326,1400,1.2452366640860395,2.8615254062940867
2603,12609,0.35136418446315326,1400,1.3523030579094515,2.8177231829710507
2604,12610,0.35136418446315326,1400,1.245534902711908,2.8951201032766556
2605,12611,0.35136418446315326,1400,1.1710451371492998,2.923611196244994
2606,12612,0.35136418446315326,1400,1.458691417736694,2.778721303060768
2607,12613,0.35136418446315326,1400,1.7744046573334864,2.603851630279205
2608,12614,0.35136418446315326,1400,1.915656644044874,2.4792016975056232
2609,12615,0.35136418446315326,1400,1.9113778824069474,2.532330610902248
2610,12616,0.35136418446315326,1400,1.3661228305959163,2.819232316748317
2611,12617,0.35136418446315326,1400,1.031230847338788,2.9578283904792046
2612,12618,0.35136418446315326,1400,2.384514229349775,2.009072209606556
2613,12619,0.35136418446315326,1400,1.1245342727753345,2.9284951145117937
2614,12620,0.35136418446315326,1400,1.6058002992246407,2.6967469044164902
2615,12621,0.35136418446315326,1400,1.344728054667968,2.8486608682097216
2616,12622,0.35136418446315326,1400,1.6920772363034158,2.66238971859755
2617,12623,0.35136418446315326,1400,1.4854459952490817,2.7910568863366905
2618,12624,0.35136418446315326,1400,1.970052112513906,2.3513823644169447
2619,12625,0.35136418446315326,1400,1.916555092835854,2.5427635775454194
2620,12626,0.35136418446315326,1400,1.3887065554303322,2.7831205855379393
2621,12627,0.35136418446315326,1400,1.2155832835571405,2.8919425328561115
2622,12628,0.35136418446315326,1400,1.2148423864877438,2.8927211030981494
2623,12629,0.35136418446315326,1400,1.4170251020897195,2.755242458908975
2624,12630,0.35136418446315326,1400,2.0351115215677518,2.356297339613134
2625,12631,0.35136418446315326,1400,2.359276682123927,1.9840811141959478
2626,12632,0.35136418446315326,1400,1.6295351186916953,2.700785836183034
2627,12633,0.35136418446315326,1400,1.5423845959280758,2.7193870864805514
2628,12634,0.35136418446315326,1400,1.3240374070164618,2.8469999935217785
2629,12635,0.35136418446315326,1400,1.3723117814106125,2.80529635786156
2630,12636,0.35136418446315326,1400,1.2157467061789067,2.913081523478641
2631,12637,0.35136418446315326,1400,1.8659503586460093,2.5383041986568378
2632,12638,0.35136418446315326,1400,2.060741449707197,2.337326881150511
2633,12639,0.35136418446315326,1400,1.1177231099555276,2.93465251503224
2634,12640,0.35136418446315326,1400,1.0941664652158372,2.9538892040583082
2635,12641,0.35136418446315326,1400,1.9122796765787595,2.4577893223646776
2636,12642,0.35136418446315326,1400,1.1288032777923824,2.9399767317923153
2637,12643,0.35136418446315326,1400,1.6182267683753289,2.684926856786088
2638,12644,0.35136418446315326,1400,1.3774044539452077,2.8014155044373896
2639,12645,0.35136418446315326,1400,1.3604847099274746,2.8366597823247597
2640,12646,0.35136418446315326,1400,1.6376002016270548,2.6809230413420804
2641,12647,0.35136418446315326,1400,1.7822535031787559,2.5900585000433867
2642,12648,0.35136418446315326,1400,1.5886482736469494,2.7113195877823046
2643,12649,0.35136418446315326,1400,1.2379739271119565,2.8923408180972885
2644,12650,0.35136418446315326,1400,1.5076792654233688,2.74831019282533
2645,12651,0.35136418446315326,1400,2.0567652834075196,2.36001249775327
2646,12652,0.35136418446315326,1400,1.135685795676295,2.9382921754852034
2647,12653,0.35136418446315326,1400,1.9767064163887635,2.414200100458206
2648,12654,0.35136418446315326,1400,1.179568418095179,2.922311443098364
2649,12655,0.35136418446315326,1400,1.0805299249068891,2.951167201114292
2650,12656,0.35136418446315326,1400,1.3729341459043334,2.790804469510503
2651,12657,0.35136418446315326,1400,1.1902903110908905,2.9120654190381825
2652,12658,0.35136418446315326,1400,1.1645536426040928,2.9237791848410333
2653,12659,0.35136418446315326,1400,1.5407955629674717,2.745880047076794
2654,12660,0.35136418446315326,1400,1.2650858218875227,2.8590091896171175
2655,12661,0.35136418446315326,1400,1.8734855760215716,2.5448354663757415
2656,12662,0.35136418446315326,1400,1.101321532071013,2.9464136092053286
2657,12663,0.35136418446315326,1400,1.8046268297426251,2.583408692056259
2658,12664,0.35136418446315326,1400,1.6297234941914553,2.647953915515928
2659,12665,0.35136418446315326,1400,1.799075539507884,2.5420721695687485
2660,12666,0.35136418446315326,1400,1.7421818775598439,2.5503516116775256
2661,12667,0.35136418446315326,1400,1.0177987867962965,2.9608185991049
2662,12668,0.35136418446315326,1400,1.7004875031997901,2.6878864562231204
2663,12669,0.35136418446315326,1400,1.6602476453194916,2.6069581919528764
2664,12670,0.35136418446315326,1400,1.233961018600545,2.8872642934093093
2665,12671,0.35136418446315326,1400,1.8791677000376457,2.5291755714618405
2666,12672,0.35136418446315326,1400,1.6889234090432772,2.5966159524325922
2667,12673,0.35136418446315326,1400,1.4546922677303962,2.7408022127728486
2668,12674,0.35136418446315326,1400,1.4199775870633073,2.8076397992829114
2669,12675,0.35136418446315326,1400,1.7272785715293435,2.6008122044540256
2670,12676,0.35136418446315326,1400,1.9721848421111439,2.4312964117744604
2671,12677,0.35136418446315326,1400,2.280953494420501,2.174408974455154
2672,12678,0.35136418446315326,1400,1.1699958161892776,2.9146760734574917
2673,12679,0.35136418446315326,1400,1.1842152649049962,2.893465205693717
2674,12680,0.35136418446315326,1400,1.2170482844128365,2.905888038486183
2675,12681,0.35136418446315326,1400,1.1425292278411283,2.9168310627163208
2676,12682,0.35136418446315326,1400,2.1205986639199397,2.291110436220042
2677,12683,0.35136418446315326,1400,2.3613407580334624,2.056862339088628
2678,12684,0.35136418446315326,1400,1.3118919513712257,2.8425073168309933
2679,12685,0.35136418446315326,1400,2.0402973955505197,2.3967143414872183
2680,12686,0.35136418446315326,1400,2.560750258734424,1.7611138936025281
2681,12687,0.35136418446315326,1400,1.0969300283099037,2.9377449619278138
2682,12688,0.35136418446315326,1400,1.3850414946234433,2.7969984576318327
2683,12689,0.35136418446315326,1400,1.9498611044077911,2.454740493468891
2684,12690,0.35136418446315326,1400,1.8106322236181083,2.4826821624968662
2685,12691,0.35136418446315326,1400,2.533760179843888,1.7645083976330747
2686,12692,0.35136418446315326,1400,1.9244483478365246,2.4765494765919565
2687,12693,0.35136418446315326,1400,1.249717425677559,2.8968320847407756
2688,12694,0.35136418446315326,1400,1.5222242562840866,2.752708348108622
2689,12695,0.35136418446315326,1400,1.013295945885675,2.968064522760647
2690,12696,0.35136418446315326,1400,2.0770811509381706,2.278454379492064
2691,12697,0.35136418446315326,1400,1.9949075770056708,2.5084242197625177
2692,12698,0.35136418446315326,1400,1.0930467469052512,2.94185238758631
2693,12699,0.35136418446315326,1400,2.242403450698738,2.016940161954902
2694,12700,0.35136418446315326,1600,1.7421732034664856,2.573264002137932
2695,12701,0.35136418446315326,1600,1.7270123899657974,2.62534970076112
2696,12702,0.35136418446315326,1600,1.7235980007542362,2.6517823949282846
2697,12703,0.35136418446315326,1600,1.3929344994269208,2.79742475532416
2698,12704,0.35136418446315326,1600,1.7855275223060676,2.551018060740408
2699,12705,0.35136418446315326,1600,1.3249805294399768,2.8692710882559616
2700,12706,0.35136418446315326,1600,1.1236592127272411,2.927621829816105
2701,12707,0.35136418446315326,1600,1.9553463682363954,2.42197923331199
2702,12708,0.35136418446315326,1600,1.3621179971659463,2.861763771017414
2703,12709,0.35136418446315326,1600,1.198744186683349,2.9028755677986355
2704,12710,0.35136418446315326,1600,1.4935296925250987,2.7418001597826422
2705,12711,0.35136418446315326,1600,1.81746078688251,2.6195473361709114
2706,12712,0.35136418446315326,1600,1.2449200114137384,2.886068684426248
2707,12713,0.35136418446315326,1600,1.2437837420874227,2.896130002324864
2708,12714,0.35136418446315326,1600,2.2858921398970957,2.158200060426508
2709,12715,0.35136418446315326,1600,2.189466089767042,2.226140186853723
2710,12716,0.35136418446315326,1600,2.0491833237511816,2.370374664077444
2711,12717,0.35136418446315326,1600,1.615216591818598,2.6966760357663446
2712,12718,0.35136418446315326,1600,2.2026254751496515,2.220331012755065
2713,12719,0.35136418446315326,1600,1.363211138190946,2.841224948177056
2714,12720,0.35136418446315326,1600,1.303009181845423,2.8518047739530283
2715,12721,0.35136418446315326,1600,1.9084299012509054,2.461961386318986
2716,12722,0.35136418446315326,1600,2.0167696038928495,2.414047998143062
2717,12723,0.35136418446315326,1600,1.402816432919101,2.8133873218346093
2718,12724,0.35136418446315326,1600,1.2985247350359155,2.8737609790724683
2719,12725,0.35136418446315326,1600,1.6056026063842754,2.684708296392162
2720,12726,0.35136418446315326,1600,1.8157279933466342,2.5398226471872016
2721,12727,0.35136418446315326,1600,1.4036799199335959,2.784351672715201
2722,12728,0.35136418446315326,1600,1.5836337284566828,2.7091537739507383
2723,12729,0.35136418446315326,1600,1.0948663724590362,2.949259028634081
2724,12730,0.35136418446315326,1600,1.4757631626871817,2.7483298641317977
2725,12731,0.35136418446315326,1600,1.1812941065838782,2.887011421088233
2726,12732,0.35136418446315326,1600,1.9091035638768101,2.4793952329958473
2727,12733,0.35136418446315326,1600,1.1311838124520022,2.9360645992115404
2728,12734,0.35136418446315326,1600,1.2783036388346265,2.7980795317981566
2729,12735,0.35136418446315326,1600,1.1270626220196576,2.94825746229592
2730,12736,0.35136418446315326,1600,1.1439308829151762,2.9295447268718386
2731,12737,0.35136418446315326,1600,1.4933581736071577,2.7709554400891365
2732,12738,0.35136418446315326,1600,2.270244935470672,2.285349704732476
2733,12739,0.35136418446315326,1600,1.1520471608380416,2.901787582208603
2734,12740,0.35136418446315326,1600,1.5008204111608847,2.757913959440784
2735,12741,0.35136418446315326,1600,1.195526818491934,2.8920577905585247
2736,12742,0.35136418446315326,1600,1.1268197482837796,2.939376688048909
2737,12743,0.35136418446315326,1600,1.2174345802265232,2.910658600127757
2738,12744,0.35136418446315326,1600,1.8276810023153156,2.535695003607094
2739,12745,0.35136418446315326,1600,1.1501686216349936,2.9374803802030014
2740,12746,0.35136418446315326,1600,2.50523385746149,1.859941729730879
2741,12747,0.35136418446315326,1600,1.9838311943705456,2.3785257450577646
2742,12748,0.35136418446315326,1600,1.951414591238954,2.4403936583521126
2743,12749,0.35136418446315326,1600,1.4199599122104933,2.783758065421244
2744,12750,0.35136418446315326,1600,1.1201023158247936,2.9487501925034776
2745,12751,0.35136418446315326,1600,1.8424195717782699,2.5353578322698533
2746,12752,0.35136418446315326,1600,1.4961360622639743,2.7367311736685407
2747,12753,0.35136418446315326,1600,1.7052712820750493,2.628961654998693
2748,12754,0.35136418446315326,1600,1.6337940211857123,2.6930014012130057
2749,12755,0.35136418446315326,1600,1.7983857983155733,2.571929164205429
2750,12756,0.35136418446315326,1600,2.0197197492316876,2.421245051934297
2751,12757,0.35136418446315326,1600,1.829170714228276,2.5504605939243135
2752,12758,0.35136418446315326,1600,2.005777614466268,2.41077825092403
2753,12759,0.35136418446315326,1600,1.101086068723631,2.9455537858161813
2754,12760,0.35136418446315326,1600,1.740669649637163,2.540897301143947
2755,12761,0.35136418446315326,1600,1.1324604325992536,2.937762818981843
2756,12762,0.35136418446315326,1600,1.2981288816262144,2.8469717977781066
2757,12763,0.35136418446315326,1600,1.8717662254166694,2.442919655508716
2758,12764,0.35136418446315326,1600,2.49565985194122,1.8365149084242192
2759,12765,0.35136418446315326,1600,1.4103807540241966,2.782865156668976
2760,12766,0.35136418446315326,1600,1.4446336335032046,2.7332800832476094
2761,12767,0.35136418446315326,1600,2.265097104389272,2.1332837704487586
2762,12768,0.35136418446315326,1600,1.6856046218740552,2.6274084159830644
2763,12769,0.35136418446315326,1600,1.1428261648108227,2.934777605264233
2764,12770,0.35136418446315326,1600,1.0774085198479741,2.9603774921894996
2765,12771,0.35136418446315326,1600,1.9166672080516023,2.5360623755505483
2766,12772,0.35136418446315326,1600,2.2595940626699944,2.1467509720546647
2767,12773,0.35136418446315326,1600,1.6057148892663293,2.6647068204950477
2768,12774,0.35136418446315326,1600,2.2265478128137164,2.1648435541079754
2769,12775,0.35136418446315326,1600,1.0787632697871925,2.9313280533241035
2770,12776,0.35136418446315326,1600,1.954753298588086,2.5036980089058876
2771,12777,0.35136418446315326,1600,1.3930697783236308,2.791286326040583
2772,12778,0.35136418446315326,1600,2.0681903113046483,2.2977287606515304
2773,12779,0.35136418446315326,1600,1.781598241960014,2.5276019484556502
2774,12780,0.35136418446315326,1600,1.224446286250767,2.920298261557714
2775,12781,0.35136418446315326,1600,1.6517041875986567,2.6291746340408304
2776,12782,0.35136418446315326,1600,2.0738682844096212,2.343229963216621
2777,12783,0.35136418446315326,1600,2.31789999351408,2.1149727674765604
2778,12784,0.35136418446315326,1600,1.7030862314665707,2.6776815365365167
2779,12785,0.35136418446315326,1600,1.716884804879361,2.6276886858219917
2780,12786,0.35136418446315326,1600,1.459297398787093,2.780190220423303
2781,12787,0.35136418446315326,1600,2.548900551798726,1.857764796812783
2782,12788,0.35136418446315326,1600,1.7347612468840186,2.5876665289175156
2783,12789,0.35136418446315326,1600,1.2442917728160254,2.8801007110525836
2784,12790,0.35136418446315326,1600,1.094092913080883,2.9722123930548383
2785,12791,0.35136418446315326,1600,1.595182816959428,2.6682575555800687
2786,12792,0.35136418446315326,1600,2.1110157611939355,2.3050329700869283
2787,12793,0.35136418446315326,1600,1.229842914088636,2.8607596572903695
2788,12794,0.35136418446315326,1600,1.1004121684686734,2.9276729568054067
2789,12795,0.35136418446315326,1600,2.4847519662767747,1.9660091048834658
2790,12796,0.35136418446315326,1600,2.0915607680650794,2.224598477638958
2791,12797,0.35136418446315326,1600,1.220847340659197,2.9119736178433433
2792,12798,0.35136418446315326,1600,1.37204937295463,2.832673428267957
2793,12799,0.35136418446315326,1600,1.5908712081847083,2.6879979006306725
2794,12800,0.35136418446315326,1800,1.851687565283283,2.4833093372162374
2795,12801,0.35136418446315326,1800,1.0607625905688844,2.9735910966354564
2796,12802,0.35136418446315326,1800,1.1307175637961167,2.93075593659945
2797,12803,0.35136418446315326,1800,1.096702888599851,2.9470650796109665
2798,12804,0.35136418446315326,1800,1.6468110022484777,2.656319542906446
2799,12805,0.35136418446315326,1800,1.9794563593859547,2.339892482673974
2800,12806,0.35136418446315326,1800,1.6114129199016858,2.6993078108547386
2801,12807,0.35136418446315326,1800,1.025247199123249,2.980264558933541
2802,12808,0.35136418446315326,1800,1.7882842027138857,2.5281585244270417
2803,12809,0.35136418446315326,1800,2.0302573274160096,2.390706415482999
2804,12810,0.35136418446315326,1800,1.6719788332051269,2.6204581792284336
2805,12811,0.35136418446315326,1800,2.3421166285503103,2.0252263288522667
2806,12812,0.35136418446315326,1800,1.8457317848927801,2.5963237997853548
2807,12813,0.35136418446315326,1800,1.8514140736678713,2.526622873525281
2808,12814,0.35136418446315326,1800,1.7579603613881858,2.6010240553615915
2809,12815,0.35136418446315326,1800,2.490935647661167,1.879593852401071
2810,12816,0.35136418446315326,1800,1.668097178139814,2.670816711854989
2811,12817,0.35136418446315326,1800,2.3852593061731087,2.0105158454007905
2812,12818,0.35136418446315326,1800,1.941594222465851,2.4585723152740866
2813,12819,0.35136418446315326,1800,1.5519109082203915,2.7331172276952307
2814,12820,0.35136418446315326,1800,1.5342478091461618,2.7368956469932475
2815,12821,0.35136418446315326,1800,2.3963498512197967,2.0610086953648965
2816,12822,0.35136418446315326,1800,1.1062787927875228,2.9359613320737163
2817,12823,0.35136418446315326,1800,1.197762012582529,2.927987502861817
2818,12824,0.35136418446315326,1800,1.3450408947302972,2.824590201626735
2819,12825,0.35136418446315326,1800,1.6001490202308708,2.6828623821084743
2820,12826,0.35136418446315326,1800,1.3761375355287353,2.815558293292825
2821,12827,0.35136418446315326,1800,1.8974386321041337,2.4530041611038262
2822,12828,0.35136418446315326,1800,1.043871282541988,2.960221341572647
2823,12829,0.35136418446315326,1800,1.0833500608370001,2.916727022144893
2824,12830,0.35136418446315326,1800,1.9792434592502453,2.472894806989171
2825,12831,0.35136418446315326,1800,1.137310938044052,2.9048496057131614
2826,12832,0.35136418446315326,1800,2.2534281426004648,2.121606118328702
2827,12833,0.35136418446315326,1800,1.998953363589822,2.3721551518384496
2828,12834,0.35136418446315326,1800,1.1884329606321118,2.879785357834687
2829,12835,0.35136418446315326,1800,1.481995621788489,2.7548083157612284
2830,12836,0.35136418446315326,1800,1.395183859532772,2.789242504524967
2831,12837,0.35136418446315326,1800,1.6671004468571309,2.5066461017091717
2832,12838,0.35136418446315326,1800,1.5548564838634378,2.727972896201135
2833,12839,0.35136418446315326,1800,1.138246578422082,2.9125683221428744
2834,12840,0.35136418446315326,1800,1.772046868743485,2.5951332113961056
2835,12841,0.35136418446315326,1800,1.8917777739053492,2.522954841636836
2836,12842,0.35136418446315326,1800,1.6770087341330195,2.629941380147591
2837,12843,0.35136418446315326,1800,2.463103693511892,1.8956410425859829
2838,12844,0.35136418446315326,1800,1.4844813509867447,2.7743605956359385
2839,12845,0.35136418446315326,1800,1.11668778640684,2.954143902974694
2840,12846,0.35136418446315326,1800,1.3485237440460534,2.841636083395562
2841,12847,0.35136418446315326,1800,1.9409992757432497,2.3453611789050117
2842,12848,0.35136418446315326,1800,1.5712812874368407,2.7176734211174263
2843,12849,0.35136418446315326,1800,1.3817938490514152,2.8126323034929284
2844,12850,0.35136418446315326,1800,1.1901426723927522,2.9184729644257645
2845,12851,0.35136418446315326,1800,2.2428011944694926,2.1322312429242567
2846,12852,0.35136418446315326,1800,1.2511279945880924,2.8672045753016575
2847,12853,0.35136418446315326,1800,1.0941764882675153,2.9247109401273343
2848,12854,0.35136418446315326,1800,1.8172343731141898,2.567567511870332
2849,12855,0.35136418446315326,1800,1.635053736714347,2.6442061609713123
2850,12856,0.35136418446315326,1800,1.9312767969420164,2.435652564858006
2851,12857,0.35136418446315326,1800,1.1590930963122377,2.898571122222026
2852,12858,0.35136418446315326,1800,1.1254404813049943,2.9172848473197
2853,12859,0.35136418446315326,1800,1.4304277865017236,2.784411259887543
2854,12860,0.35136418446315326,1800,1.7798735386974975,2.561510498728964
2855,12861,0.35136418446315326,1800,2.3814591945447185,2.0768330565905777
2856,12862,0.35136418446315326,1800,1.5928891358856527,2.715717261353409
2857,12863,0.35136418446315326,1800,2.0097056480112405,2.4506677461574764
2858,12864,0.35136418446315326,1800,1.6937198776008509,2.655727214552753
2859,12865,0.35136418446315326,1800,1.642224649326361,2.705925118322617
2860,12866,0.35136418446315326,1800,1.9329186914280292,2.49774952769645
2861,12867,0.35136418446315326,1800,1.1948938575718553,2.8924084556811076
2862,12868,0.35136418446315326,1800,1.3104414394916744,2.8212858051481082
2863,12869,0.35136418446315326,1800,1.412249150078153,2.8063420984922742
2864,12870,0.35136418446315326,1800,1.6338885136671422,2.7161819765783166
2865,12871,0.35136418446315326,1800,1.7046720686591865,2.638165460518232
2866,12872,0.35136418446315326,1800,1.6538148440534404,2.681911583180287
2867,12873,0.35136418446315326,1800,1.372629197905671,2.8293563733661458
2868,12874,0.35136418446315326,1800,2.2539275398933425,2.176325867211303
2869,12875,0.35136418446315326,1800,2.4202340466437815,2.048496711738933
2870,12876,0.35136418446315326,1800,2.332705825319521,2.060165247449096
2871,12877,0.35136418446315326,1800,1.4237961201196343,2.8020074149857233
2872,12878,0.35136418446315326,1800,1.3635732020615152,2.8129619736299314
2873,12879,0.35136418446315326,1800,1.2935683960079567,2.8607852995266043
2874,12880,0.35136418446315326,1800,1.7290386851405262,2.5864996062508863
2875,12881,0.35136418446315326,1800,1.9840360920818678,2.462896068597941
2876,12882,0.35136418446315326,1800,1.8248338849795371,2.5638954527354025
2877,12883,0.35136418446315326,1800,1.9813332340162897,2.390723370219876
2878,12884,0.35136418446315326,1800,1.3885132332582761,2.804334838958792
2879,12885,0.35136418446315326,1800,1.5367480336269048,2.725636256207076
2880,12886,0.35136418446315326,1800,1.3250553600884474,2.809123324685328
2881,12887,0.35136418446315326,1800,1.616381228874382,2.713862407419719
2882,12888,0.35136418446315326,1800,1.0650375984967337,2.9467089098031227
2883,12889,0.35136418446315326,1800,2.450803204677203,1.9803701874057207
2884,12890,0.35136418446315326,1800,2.3707555097908872,1.9199394390607007
2885,12893,0.35136418446315326,1800,1.5798902990260013,2.6965076344976886
2886,12894,0.35136418446315326,1800,1.6008082053065151,2.6673700967350267
2887,12895,0.35136418446315326,1800,1.6048411944809893,2.7126959819733623
2888,12896,0.35136418446315326,1800,1.237757836907847,2.868251026313065
2889,12897,0.35136418446315326,1800,1.158255630915178,2.9210081490339386
2890,12898,0.35136418446315326,1800,2.116942179884251,2.322843533484037
2891,12899,0.35136418446315326,1800,1.582876508020786,2.6577310771862694
2892,12900,0.35136418446315326,2000,1.3389788474471147,2.8338729583706352
2893,12901,0.35136418446315326,2000,1.5444221592105647,2.720276990647688
2894,12902,0.35136418446315326,2000,2.3775352655621207,1.9141349565282604
2895,12903,0.35136418446315326,2000,1.4300967470068853,2.8473752232635903
2896,12904,0.35136418446315326,2000,1.9299358183925541,2.4231414052298716
2897,12905,0.35136418446315326,2000,1.4762216796522785,2.7183535552842346
2898,12906,0.35136418446315326,2000,1.6046873368244097,2.677200135529355
2899,12907,0.35136418446315326,2000,2.092609637663356,2.3879617683513734
2900,12908,0.35136418446315326,2000,1.6294588721890286,2.6825862763719326
2901,12909,0.35136418446315326,2000,1.9351648302939324,2.478424822276419
2902,12910,0.35136418446315326,2000,1.6696713053551815,2.649975377851646
2903,12911,0.35136418446315326,2000,1.4365665989117444,2.772367833570141
2904,12912,0.35136418446315326,2000,1.8701598616241817,2.5247239663236885
2905,12913,0.35136418446315326,2000,1.129742709301247,2.946564440332626
2906,12914,0.35136418446315326,2000,2.427742113004462,2.0521045158548707
2907,12915,0.35136418446315326,2000,2.049012878886882,2.403418524518964
2908,12916,0.35136418446315326,2000,2.113838386559702,2.2189517900407107
2909,12917,0.35136418446315326,2000,1.6850554409752612,2.656724988258188
2910,12918,0.35136418446315326,2000,1.7700251458583636,2.6341813967257606
2911,12919,0.35136418446315326,2000,1.5418998042001404,2.720128784669673
2912,12920,0.35136418446315326,2000,1.1562115072506807,2.9269807429379164
2913,12921,0.35136418446315326,2000,1.9955855464947967,2.407353888396636
2914,12922,0.35136418446315326,2000,1.0811360287283949,2.9540449135071736
2915,12923,0.35136418446315326,2000,1.4656425408942466,2.7824970073310333
2916,12924,0.35136418446315326,2000,1.3176980068775928,2.8248621394067235
2917,12925,0.35136418446315326,2000,2.494529405327116,1.96126858038046
2918,12926,0.35136418446315326,2000,2.2349717053102998,2.2461681280501185
2919,12927,0.35136418446315326,2000,1.8550042167786291,2.4837743377263672
2920,12928,0.35136418446315326,2000,1.0687896720368077,2.9527434493978117
2921,12929,0.35136418446315326,2000,1.2759318636448136,2.8807465920156674
2922,12930,0.35136418446315326,2000,1.0732941243790148,2.968646490850708
2923,12931,0.35136418446315326,2000,1.4226751603604284,2.7795914156447172
2924,12932,0.35136418446315326,2000,1.908146628298908,2.467187008001397
2925,12933,0.35136418446315326,2000,1.9741254059814177,2.4443345871020012
2926,12934,0.35136418446315326,2000,1.1234498594969229,2.923463609536383
2927,12935,0.35136418446315326,2000,1.6538332441613335,2.6012586832021363
2928,12936,0.35136418446315326,2000,1.8120187775216081,2.5782391868204413
2929,12937,0.35136418446315326,2000,1.8278630478729805,2.549978947575781
2930,12938,0.35136418446315326,2000,1.9670507859743736,2.4124740717104176
2931,12939,0.35136418446315326,2000,2.005495558403286,2.3633226810992807
2932,12940,0.35136418446315326,2000,2.4991043206864423,1.7617112618109918
2933,12941,0.35136418446315326,2000,1.0367301141238898,2.9710740862347773
2934,12942,0.35136418446315326,2000,1.2962963248063382,2.7982459132767743
2935,12943,0.35136418446315326,2000,1.8211926298832666,2.5592044123260647
2936,12944,0.35136418446315326,2000,1.0373691446745197,2.9703197057863666
2937,12945,0.35136418446315326,2000,1.5784806829526579,2.723924178141144
2938,12946,0.35136418446315326,2000,1.797035186798651,2.576683986994834
2939,12947,0.35136418446315326,2000,1.9398628776372295,2.387082104138142
2940,12948,0.35136418446315326,2000,1.4724004973780027,2.744242676145582
2941,12949,0.35136418446315326,2000,1.6897978143502073,2.636606171102775
2942,12950,0.35136418446315326,2000,1.4504014843320516,2.779902386518481
2943,12951,0.35136418446315326,2000,1.2134141221298935,2.890596785320958
2944,12952,0.35136418446315326,2000,2.137294871065536,2.3356898200079317
2945,12953,0.35136418446315326,2000,1.2399629772286125,2.8899439288231954
2946,12954,0.35136418446315326,2000,2.405873362961129,2.0100301211914506
2947,12955,0.35136418446315326,2000,1.1101925529752972,2.9405149475210357
2948,12956,0.35136418446315326,2000,1.864733390820934,2.619440370738122
2949,12957,0.35136418446315326,2000,1.566825493480625,2.7196579445753595
2950,12958,0.35136418446315326,2000,1.4911877407118947,2.7669434322181448
2951,12959,0.35136418446315326,2000,1.057828921271462,2.982617937748132
2952,12960,0.35136418446315326,2000,1.4013884730015904,2.7976411335549405
2953,12961,0.35136418446315326,2000,1.8513887363726382,2.491232604103885
2954,12962,0.35136418446315326,2000,2.18808335158049,2.2851002742993165
2955,12963,0.35136418446315326,2000,1.690564244210392,2.6178748560315874
2956,12964,0.35136418446315326,2000,1.237696498692343,2.878780258543601
2957,12965,0.35136418446315326,2000,1.2625766505018405,2.868627442454918
2958,12966,0.35136418446315326,2000,1.1194236436717298,2.942188626272454
2959,12967,0.35136418446315326,2000,1.1698353523660252,2.9310874204279274
2960,12968,0.35136418446315326,2000,2.0417850399055957,2.4102112977930843
2961,12969,0.35136418446315326,2000,1.8684247627165316,2.4249294523946796
2962,12970,0.35136418446315326,2000,1.3303729027671973,2.848797531395409
2963,12971,0.35136418446315326,2000,1.9190021998511422,2.4963977533942616
2964,12972,0.35136418446315326,2000,1.8883860775056989,2.497456571800163
2965,12973,0.35136418446315326,2000,2.573465217184327,1.7037538684144704
2966,12974,0.35136418446315326,2000,1.7893508095256017,2.588810711687276
2967,12975,0.35136418446315326,2000,1.5016934248812732,2.7672828366287163
2968,12976,0.35136418446315326,2000,1.986145937961068,2.3940191937997914
2969,12977,0.35136418446315326,2000,2.3278369380042094,2.0881758114433184
2970,12978,0.35136418446315326,2000,1.5286868003995677,2.781964162132486
2971,12979,0.35136418446315326,2000,2.1792932788831045,2.2383138715670454
2972,12980,0.35136418446315326,2000,1.5199869212614887,2.722019855998437
2973,12981,0.35136418446315326,2000,1.4766442193809626,2.765741687237746
2974,12982,0.35136418446315326,2000,2.205340252425946,2.2581596394236576
2975,12983,0.35136418446315326,2000,2.075416821267033,2.3391744639470082
2976,12984,0.35136418446315326,2000,1.053975800727614,2.960015554000131
2977,12985,0.35136418446315326,2000,1.6440481231882569,2.658823785154032
2978,12986,0.35136418446315326,2000,1.790333265468067,2.5975610062727115
2979,12987,0.35136418446315326,2000,1.389543873737876,2.8446622251575895
2980,12988,0.35136418446315326,2000,1.2770175742617966,2.8894291292686796
2981,12989,0.35136418446315326,2000,2.1015393070664734,2.3167406942014748
2982,12990,0.35136418446315326,2000,1.2373435273327655,2.845959883640238
2983,12991,0.35136418446315326,2000,1.144030497195898,2.9143570310420905
2984,12992,0.35136418446315326,2000,1.854693588678781,2.528141705796235
2985,12993,0.35136418446315326,2000,1.4031213562451836,2.815077629365141
2986,12994,0.35136418446315326,2000,1.319054983083721,2.8214440465142285
2987,12995,0.35136418446315326,2000,2.2563837913409044,2.0773299755783166
2988,12996,0.35136418446315326,2000,1.9988441740044518,2.4889512027375598
2989,12997,0.35136418446315326,2000,2.301580421877563,2.168237696822685
2990,12998,0.35136418446315326,2000,1.2803028222294448,2.874507515127468
2991,12999,0.35136418446315326,2000,2.017156922255044,2.4180272483258975
2992,13000,0.19758660111543586,200,1.02722617094459,2.984063834780623
2993,13001,0.19758660111543586,200,1.79151355320068,2.5420958358033587
2994,13002,0.19758660111543586,200,1.3559795321955828,2.8433129836836692
2995,13003,0.19758660111543586,200,2.1326542615699715,2.2693766359149605
2996,13004,0.19758660111543586,200,1.4245473124380355,2.784981920937346
2997,13005,0.19758660111543586,200,1.35629149510038,2.8165272486398747
2998,13006,0.19758660111543586,200,1.1500068297194903,2.9234313045367797
2999,13007,0.19758660111543586,200,1.4568190254650246,2.8052950294110874
3000,13008,0.19758660111543586,200,1.6223424930994281,2.63206850899062
3001,13009,0.19758660111543586,200,1.376529587971835,2.793623848494158
3002,13010,0.19758660111543586,200,1.180412060323245,2.907947495234238
3003,13011,0.19758660111543586,200,1.531933581315711,2.732681636398106
3004,13012,0.19758660111543586,200,1.0160052696430937,2.973077870643355
3005,13013,0.19758660111543586,200,1.6077943359342455,2.6672898344824953
3006,13014,0.19758660111543586,200,1.4851872102654105,2.742657243938033
3007,13015,0.19758660111543586,200,1.282855189573114,2.8752628094520842
3008,13016,0.19758660111543586,200,1.723484867123771,2.6186554798522734
3009,13017,0.19758660111543586,200,1.0608949789319666,2.9586079424165592
3010,13018,0.19758660111543586,200,1.5886056243459863,2.676810772478179
3011,13019,0.19758660111543586,200,1.2326066816778014,2.8900722866723627
3012,13020,0.19758660111543586,200,1.8804763828619173,2.4948932525056895
3013,13021,0.19758660111543586,200,1.082971120050972,2.9607374739829075
3014,13022,0.19758660111543586,200,1.3831438721986378,2.8245470467945766
3015,13023,0.19758660111543586,200,1.610893695476085,2.7008893652423365
3016,13024,0.19758660111543586,200,1.7961503871209203,2.5497070481227473
3017,13025,0.19758660111543586,200,1.340405910070815,2.8281265793087353
3018,13026,0.19758660111543586,200,1.4693231077570972,2.758940735783881
3019,13027,0.19758660111543586,200,1.9396046888186262,2.4730970414714006
3020,13028,0.19758660111543586,200,1.7896437172226936,2.5804694904064367
3021,13029,0.19758660111543586,200,1.813676048445061,2.5685684820431502
3022,13030,0.19758660111543586,200,1.739722415772217,2.5778558699858665
3023,13031,0.19758660111543586,200,1.2152256645221822,2.876387158655362
3024,13032,0.19758660111543586,200,1.2854628292202481,2.8867605398423297
3025,13033,0.19758660111543586,200,1.5171201963998826,2.724827753493594
3026,13034,0.19758660111543586,200,1.8925963509735642,2.445117098467523
3027,13035,0.19758660111543586,200,1.226197634989892,2.8855768716509824
3028,13036,0.19758660111543586,200,1.3799910083668425,2.816116747515159
3029,13037,0.19758660111543586,200,1.655825512396562,2.666121444741056
3030,13038,0.19758660111543586,200,1.5212249688307127,2.753592156003811
3031,13039,0.19758660111543586,200,1.0724334558083197,2.9652955419774956
3032,13040,0.19758660111543586,200,1.1512232404969205,2.916255582237709
3033,13041,0.19758660111543586,200,1.004884943094853,3.0036678484936594
3034,13042,0.19758660111543586,200,1.5474722591914947,2.6771789016004743
3035,13043,0.19758660111543586,200,1.1151215800135428,2.9334584101494077
3036,13044,0.19758660111543586,200,1.3322057424829707,2.8246536232179578
3037,13045,0.19758660111543586,200,1.3825450069607557,2.8152054993796463
3038,13046,0.19758660111543586,200,1.4631267093354665,2.7605002182330347
3039,13047,0.19758660111543586,200,1.1582656108436016,2.934831962780538
3040,13048,0.19758660111543586,200,1.2149286035306184,2.9014786452534627
3041,13049,0.19758660111543586,200,1.7742354101329962,2.541928258207404
3042,13050,0.19758660111543586,200,1.933059134108099,2.4328378377007622
3043,13051,0.19758660111543586,200,1.079181234118573,2.932436043854925
3044,13052,0.19758660111543586,200,1.4866546380215226,2.7657344333560028
3045,13053,0.19758660111543586,200,1.5797802138863108,2.7037492090161366
3046,13054,0.19758660111543586,200,1.450857296040475,2.7557958690231295
3047,13055,0.19758660111543586,200,1.8442549777804522,2.502270091661695
3048,13056,0.19758660111543586,200,1.219304876279343,2.884605978217371
3049,13057,0.19758660111543586,200,1.5093229982723793,2.7544457249899272
3050,13058,0.19758660111543586,200,1.0545861270716315,2.957278833215563
3051,13059,0.19758660111543586,200,1.4206787704815718,2.801354409839516
3052,13060,0.19758660111543586,200,1.0481184011251474,2.98146474772036
3053,13061,0.19758660111543586,200,1.1731144091540489,2.875888068664021
3054,13062,0.19758660111543586,200,1.0243172568613992,2.9639612177640204
3055,13063,0.19758660111543586,200,1.7176989511117047,2.6200247444344016
3056,13064,0.19758660111543586,200,1.4545728922932526,2.734746837814309
3057,13065,0.19758660111543586,200,1.0878278693609702,2.956211943922191
3058,13066,0.19758660111543586,200,1.2154123396828378,2.9134979969037884
3059,13067,0.19758660111543586,200,1.8490216075291812,2.4748039129043393
3060,13068,0.19758660111543586,200,1.5946496809299626,2.6921888762748027
3061,13069,0.19758660111543586,200,1.5767755933654197,2.6911835208579036
3062,13070,0.19758660111543586,200,1.727179276582638,2.639463273455447
3063,13071,0.19758660111543586,200,1.448945102896157,2.7893625576325127
3064,13072,0.19758660111543586,200,1.7280599536533956,2.5798677416202396
3065,13073,0.19758660111543586,200,1.4771169094203218,2.7628305822129415
3066,13074,0.19758660111543586,200,1.721846611266296,2.619873749342861
3067,13075,0.19758660111543586,200,1.2321493345805963,2.9003479689401557
3068,13076,0.19758660111543586,200,1.4959614153644265,2.7476993360476927
3069,13077,0.19758660111543586,200,1.0958341966800382,2.933311925138091
3070,13078,0.19758660111543586,200,1.3195398603699355,2.847081031012112
3071,13079,0.19758660111543586,200,1.793463846390471,2.5929497426856267
3072,13080,0.19758660111543586,200,1.7243225265316784,2.612396498766885
3073,13081,0.19758660111543586,200,1.5403745239249282,2.740763067708747
3074,13082,0.19758660111543586,200,1.3105979146374112,2.8362959136504164
3075,13083,0.19758660111543586,200,1.8260026208699132,2.5249737184682117
3076,13084,0.19758660111543586,200,1.7751333605062012,2.572551958898436
3077,13085,0.19758660111543586,200,1.545116366790412,2.7464764877826546
3078,13086,0.19758660111543586,200,1.3864279800954336,2.805948608268442
3079,13087,0.19758660111543586,200,1.264155319383382,2.876227770357942
3080,13088,0.19758660111543586,200,2.067803437605026,2.3174164103923927
3081,13089,0.19758660111543586,200,1.4431507314158745,2.7746322100602225
3082,13090,0.19758660111543586,200,1.8114399379616537,2.5441592335902845
3083,13091,0.19758660111543586,200,1.497127865962191,2.7780860313613167
3084,13092,0.19758660111543586,200,1.5819608807962946,2.700222723480148
3085,13093,0.19758660111543586,200,1.370507247566127,2.827720131299718
3086,13094,0.19758660111543586,200,1.4460707821285266,2.7788175701677824
3087,13095,0.19758660111543586,200,1.4758704881340867,2.736486332414533
3088,13096,0.19758660111543586,200,1.9190484098024485,2.488009126597943
3089,13097,0.19758660111543586,200,2.15538537000084,2.2223210347775995
3090,13098,0.19758660111543586,200,1.155297030702479,2.9154979007354656
3091,13099,0.19758660111543586,200,1.4217294514978005,2.81142402066081
3092,13100,0.19758660111543586,400,1.3053959676046498,2.830792489508061
3093,13101,0.19758660111543586,400,1.559240322811694,2.6935521838260685
3094,13102,0.19758660111543586,400,1.652817876188367,2.6335246524460283
3095,13103,0.19758660111543586,400,1.1027143892741444,2.9426339620424393
3096,13104,0.19758660111543586,400,1.3789304908607891,2.815611210491734
3097,13105,0.19758660111543586,400,1.6490510386881343,2.644939670478164
3098,13106,0.19758660111543586,400,1.450462899147906,2.787664271041652
3099,13107,0.19758660111543586,400,2.3852040370189167,2.007445079003598
3100,13108,0.19758660111543586,400,1.441477842332239,2.785958680177772
3101,13109,0.19758660111543586,400,1.0684649924340757,2.9667464583613734
3102,13110,0.19758660111543586,400,1.0567347304827286,2.9598479663814006
3103,13111,0.19758660111543586,400,1.4101378720284128,2.8094084812188376
3104,13112,0.19758660111543586,400,1.6481207168073808,2.660421374682495
3105,13113,0.19758660111543586,400,2.232376524617654,2.210779859301657
3106,13114,0.19758660111543586,400,1.6315294644683842,2.684124263352955
3107,13115,0.19758660111543586,400,1.413830621911837,2.8198447643673368
3108,13116,0.19758660111543586,400,1.351482139878915,2.818169365367585
3109,13117,0.19758660111543586,400,1.0705651589402811,2.9627863935623044
3110,13118,0.19758660111543586,400,2.149217503616098,2.3079531077470836
3111,13119,0.19758660111543586,400,1.9059918744195863,2.5308259466418024
3112,13120,0.19758660111543586,400,1.432039522632722,2.7779024073708944
3113,13121,0.19758660111543586,400,1.428490604509073,2.799879097174114
3114,13122,0.19758660111543586,400,1.6493698156700987,2.655720493057424
3115,13123,0.19758660111543586,400,1.0550506823948453,2.9591045509923255
3116,13124,0.19758660111543586,400,1.4624732025172782,2.787597627272242
3117,13125,0.19758660111543586,400,1.5587934886098993,2.736423295617213
3118,13126,0.19758660111543586,400,1.1185261420670733,2.940577925648842
3119,13127,0.19758660111543586,400,1.6119901051297945,2.6554431022319345
3120,13128,0.19758660111543586,400,1.2516750215036971,2.8764446575567915
3121,13129,0.19758660111543586,400,1.5161844847441375,2.742036811917994
3122,13130,0.19758660111543586,400,1.4057890066618584,2.8247864182266804
3123,13131,0.19758660111543586,400,1.2369816437932262,2.8855364545046727
3124,13132,0.19758660111543586,400,1.1426009690953605,2.9165981430765195
3125,13133,0.19758660111543586,400,1.233473114904908,2.904696345972569
3126,13134,0.19758660111543586,400,1.45027185253494,2.766163153648754
3127,13135,0.19758660111543586,400,1.0626831270447055,2.9631082308678445
3128,13136,0.19758660111543586,400,1.421607859047942,2.8061636492292363
3129,13137,0.19758660111543586,400,1.317915006354633,2.84457650757325
3130,13138,0.19758660111543586,400,1.1641380259371599,2.9234741652753455
3131,13139,0.19758660111543586,400,1.715653127182621,2.598204011192399
3132,13140,0.19758660111543586,400,1.7462493955826897,2.6209867974444494
3133,13141,0.19758660111543586,400,1.0999285404908836,2.9385335362951297
3134,13142,0.19758660111543586,400,1.9823366246719725,2.3825738810354506
3135,13143,0.19758660111543586,400,1.1626381414547977,2.9138047908666116
3136,13144,0.19758660111543586,400,1.816782708867315,2.5493462581812896
3137,13145,0.19758660111543586,400,1.8254101932082114,2.5582352150316514
3138,13146,0.19758660111543586,400,1.361179087920845,2.843200798030657
3139,13147,0.19758660111543586,400,1.3350631877966581,2.8232992551156584
3140,13148,0.19758660111543586,400,1.4589821148300852,2.7651539437501986
3141,13149,0.19758660111543586,400,1.6988120323540485,2.6676917527535537
3142,13150,0.19758660111543586,400,1.3023273578022816,2.8692428996975528
3143,13151,0.19758660111543586,400,1.1369622329458484,2.926898312974381
3144,13152,0.19758660111543586,400,1.681089805305819,2.653705468386628
3145,13153,0.19758660111543586,400,2.151616792040184,2.248492069123315
3146,13154,0.19758660111543586,400,1.1231433975395777,2.9559689662979514
3147,13155,0.19758660111543586,400,1.9118512658688194,2.4623707581052487
3148,13156,0.19758660111543586,400,1.9496627993327025,2.4452805833712272
3149,13157,0.19758660111543586,400,1.3842180985838466,2.8239222551910865
3150,13158,0.19758660111543586,400,1.6641448921651456,2.6297172525025987
3151,13159,0.19758660111543586,400,1.113817796685076,2.920698701539249
3152,13160,0.19758660111543586,400,1.7922251430851481,2.5882372841492716
3153,13161,0.19758660111543586,400,1.9048886094245876,2.466246015256525
3154,13162,0.19758660111543586,400,1.3998580108422491,2.7608112658526824
3155,13163,0.19758660111543586,400,1.1443124948436665,2.9403569733418484
3156,13164,0.19758660111543586,400,2.254648643205669,2.1510796199284763
3157,13165,0.19758660111543586,400,1.3710963281547526,2.8269628914248415
3158,13166,0.19758660111543586,400,1.6989825275853563,2.625807463698008
3159,13167,0.19758660111543586,400,1.8269409234609841,2.510978177659086
3160,13168,0.19758660111543586,400,1.097205698804672,2.929555795764723
3161,13169,0.19758660111543586,400,1.2026834375320798,2.908333882169617
3162,13170,0.19758660111543586,400,1.2557016568515211,2.8849746704491084
3163,13171,0.19758660111543586,400,1.1330120348618657,2.9365315718366545
3164,13172,0.19758660111543586,400,1.230976663061451,2.89357185660336
3165,13173,0.19758660111543586,400,2.05051789847696,2.413650927048259
3166,13174,0.19758660111543586,400,1.3392702566899368,2.8322155259664776
3167,13175,0.19758660111543586,400,1.8967824460429092,2.479680168615798
3168,13176,0.19758660111543586,400,1.929474576432023,2.42076359992996
3169,13177,0.19758660111543586,400,1.625439032636944,2.710932039523535
3170,13178,0.19758660111543586,400,1.7531229016267411,2.599578233449271
3171,13179,0.19758660111543586,400,1.5710924765459784,2.716647634448059
3172,13180,0.19758660111543586,400,1.444550902861946,2.7899240860917676
3173,13181,0.19758660111543586,400,1.3891106519070835,2.783715693427637
3174,13182,0.19758660111543586,400,2.216379100950493,2.1641664950159947
3175,13183,0.19758660111543586,400,1.7576482105755153,2.542779543944623
3176,13184,0.19758660111543586,400,1.7700901775877038,2.552297509962652
3177,13185,0.19758660111543586,400,1.2787680135468307,2.854338546983826
3178,13186,0.19758660111543586,400,1.5681860312011713,2.6945938604881023
3179,13187,0.19758660111543586,400,1.375306473054803,2.775455069598439
3180,13188,0.19758660111543586,400,1.379131398446519,2.813255914153966
3181,13189,0.19758660111543586,400,2.2294147642797406,2.2141282326529197
3182,13190,0.19758660111543586,400,1.7814751738468821,2.5546221705479932
3183,13191,0.19758660111543586,400,1.9872019680146167,2.4269137538563776
3184,13192,0.19758660111543586,400,1.1795049157272701,2.911986277163757
3185,13193,0.19758660111543586,400,1.7613911669534095,2.608195555118219
3186,13194,0.19758660111543586,400,1.2210519399453132,2.8822635881243897
3187,13195,0.19758660111543586,400,2.165784433833787,2.3029095366121703
3188,13196,0.19758660111543586,400,1.1489721056668591,2.930252975204702
3189,13197,0.19758660111543586,400,1.2534500608758603,2.872721259480668
3190,13198,0.19758660111543586,400,2.1300551259459413,2.1855039811825883
3191,13199,0.19758660111543586,400,1.3036144263644132,2.8672063132953456
3192,13200,0.19758660111543586,600,1.8305505195060185,2.5265037464949303
3193,13201,0.19758660111543586,600,1.762753731782465,2.570740045641556
3194,13202,0.19758660111543586,600,1.9877069946293318,2.453617592924731
3195,13203,0.19758660111543586,600,2.2466148057182003,2.222816025712599
3196,13204,0.19758660111543586,600,1.7173190010853745,2.597762556463853
3197,13205,0.19758660111543586,600,1.6319359100310493,2.6646091468052964
3198,13206,0.19758660111543586,600,1.809834830295395,2.5013175915049093
3199,13207,0.19758660111543586,600,1.8983906409266886,2.4999013390849556
3200,13208,0.19758660111543586,600,1.4241533620692077,2.7978426048406835
3201,13209,0.19758660111543586,600,1.973242193554118,2.4864661043984713
3202,13210,0.19758660111543586,600,1.2869672688675151,2.889814805308872
3203,13211,0.19758660111543586,600,1.5248728479528952,2.7462636128909437
3204,13212,0.19758660111543586,600,1.6722508970710723,2.6594289032494154
3205,13213,0.19758660111543586,600,1.5884338091622017,2.7028957576846353
3206,13214,0.19758660111543586,600,1.0530757623412383,2.9621452353956728
3207,13215,0.19758660111543586,600,2.069631138489719,2.331419043366851
3208,13216,0.19758660111543586,600,1.273755503407734,2.8730077803556795
3209,13217,0.19758660111543586,600,1.7420247702237457,2.593906518251444
3210,13218,0.19758660111543586,600,1.609071526840797,2.6962304562502935
3211,13219,0.19758660111543586,600,1.99560642286,2.4132647402749803
3212,13220,0.19758660111543586,600,1.0401187419310396,2.965565590575221
3213,13221,0.19758660111543586,600,1.4150748532029316,2.803098606000376
3214,13222,0.19758660111543586,600,1.94073357428397,2.448740632040127
3215,13223,0.19758660111543586,600,1.0622998773051215,2.9615409576374887
3216,13224,0.19758660111543586,600,2.2724221480894773,2.1063384878651967
3217,13225,0.19758660111543586,600,1.8774570125324428,2.448314253263628
3218,13226,0.19758660111543586,600,1.4697953774686079,2.7585191424742557
3219,13227,0.19758660111543586,600,1.504814717841429,2.7140519869203383
3220,13228,0.19758660111543586,600,1.167823589766095,2.9247623754629304
3221,13229,0.19758660111543586,600,1.1364704601986548,2.933591969852669
3222,13230,0.19758660111543586,600,1.727546174380755,2.6085101675784417
3223,13231,0.19758660111543586,600,1.063745700761023,2.9639469170341544
3224,13232,0.19758660111543586,600,1.6669789044104082,2.671539310001953
3225,13233,0.19758660111543586,600,1.205903924969457,2.8740285653178894
3226,13234,0.19758660111543586,600,1.7420712524655482,2.6386281209363327
3227,13235,0.19758660111543586,600,1.9796879508075427,2.4118451640167287
3228,13236,0.19758660111543586,600,1.4080721973415025,2.8421657672464837
3229,13237,0.19758660111543586,600,1.7509952299378255,2.567671719845019
3230,13238,0.19758660111543586,600,1.3008540215395221,2.854301933957673
3231,13239,0.19758660111543586,600,1.9032553146682336,2.512365395646462
3232,13240,0.19758660111543586,600,1.2565757801331618,2.872351767776334
3233,13241,0.19758660111543586,600,2.0288554615805294,2.3628449702211607
3234,13242,0.19758660111543586,600,2.215903260629116,2.049562473894186
3235,13243,0.19758660111543586,600,2.0322270779804787,2.368870418324111
3236,13244,0.19758660111543586,600,1.8841124673305039,2.4853729528576123
3237,13245,0.19758660111543586,600,2.0082954241760236,2.3656673095860894
3238,13246,0.19758660111543586,600,1.7531899873221755,2.6033966686717274
3239,13247,0.19758660111543586,600,2.581258888399142,1.711778380545033
3240,13248,0.19758660111543586,600,1.8634653449997896,2.5026934555742626
3241,13249,0.19758660111543586,600,1.971233458379246,2.4323292408457324
3242,13250,0.19758660111543586,600,1.9122841446420147,2.514017437662605
3243,13251,0.19758660111543586,600,1.6278566366709195,2.6873001001272994
3244,13252,0.19758660111543586,600,2.046659535858845,2.3554454994986243
3245,13253,0.19758660111543586,600,1.9332851101378643,2.3902928685526423
3246,13254,0.19758660111543586,600,1.1315380557513748,2.924431858363216
3247,13255,0.19758660111543586,600,1.9423509751282577,2.3298949397435713
3248,13256,0.19758660111543586,600,1.489393577456957,2.7440987203294744
3249,13257,0.19758660111543586,600,2.004715512042792,2.3315071018568876
3250,13258,0.19758660111543586,600,1.2775226863152433,2.8466565632485805
3251,13259,0.19758660111543586,600,1.1591238644473696,2.928727550626969
3252,13260,0.19758660111543586,600,1.4348453202110931,2.7801818286579634
3253,13261,0.19758660111543586,600,1.3564098905098807,2.8200241280552008
3254,13262,0.19758660111543586,600,1.43617605153629,2.798558910307276
3255,13263,0.19758660111543586,600,2.382123881531993,2.0105493264970695
3256,13264,0.19758660111543586,600,1.9026682775413633,2.439103532214175
3257,13265,0.19758660111543586,600,1.2098734519927947,2.9027202750440155
3258,13266,0.19758660111543586,600,1.69689066370272,2.6043541431798785
3259,13267,0.19758660111543586,600,1.4726992565683048,2.7849401355007597
3260,13268,0.19758660111543586,600,1.7124068093000353,2.657080637965799
3261,13269,0.19758660111543586,600,1.7970477579820936,2.579789967188615
3262,13270,0.19758660111543586,600,1.547671321453834,2.697113202776283
3263,13271,0.19758660111543586,600,1.33614209443322,2.8263562640116184
3264,13272,0.19758660111543586,600,1.7003522248579046,2.6577718908705514
3265,13273,0.19758660111543586,600,1.4639357271939812,2.7844936026817786
3266,13274,0.19758660111543586,600,1.1658830833884735,2.915137109539528
3267,13275,0.19758660111543586,600,1.2201057746876622,2.9046790169235606
3268,13276,0.19758660111543586,600,1.5281387742753358,2.7560304623752208
3269,13277,0.19758660111543586,600,2.302676627745013,2.1122736781644056
3270,13278,0.19758660111543586,600,1.986063670796171,2.4046621837004656
3271,13279,0.19758660111543586,600,1.4544879904345465,2.7742514086466294
3272,13280,0.19758660111543586,600,1.640347593331429,2.6963582071798418
3273,13281,0.19758660111543586,600,1.6787994436385187,2.6266187655454667
3274,13282,0.19758660111543586,600,1.5419737238280053,2.7468092363956425
3275,13283,0.19758660111543586,600,1.8874221101965105,2.544156242388154
3276,13284,0.19758660111543586,600,1.2158898938989837,2.906821772360049
3277,13285,0.19758660111543586,600,2.107156802827686,2.2889435609092588
3278,13286,0.19758660111543586,600,1.3785686938850366,2.8272427979106878
3279,13287,0.19758660111543586,600,2.302643191427844,2.077459915265856
3280,13288,0.19758660111543586,600,1.5156186552100905,2.7442179720972195
3281,13289,0.19758660111543586,600,1.9336019974488678,2.5175268841327427
3282,13290,0.19758660111543586,600,1.7248598994203868,2.6205881314274455
3283,13291,0.19758660111543586,600,1.9630630176833326,2.44027874179484
3284,13292,0.19758660111543586,600,1.527271928738955,2.741876572084443
3285,13293,0.19758660111543586,600,1.7462985332982204,2.6366447548464573
3286,13294,0.19758660111543586,600,1.7442732194088013,2.5850153434588465
3287,13295,0.19758660111543586,600,1.907614926486446,2.453491395521433
3288,13296,0.19758660111543586,600,1.338766218251362,2.842750156806354
3289,13297,0.19758660111543586,600,2.0752217517340577,2.3202925204836378
3290,13298,0.19758660111543586,600,1.2967736113683457,2.8546578698400187
3291,13299,0.19758660111543586,600,1.4212835598923672,2.7793937754591056
3292,13300,0.19758660111543586,800,1.5225837528524644,2.700997130893192
3293,13301,0.19758660111543586,800,1.2283119233637674,2.8894070821484745
3294,13302,0.19758660111543586,800,1.9530982756375674,2.425468006315114
3295,13303,0.19758660111543586,800,2.1345481255761785,2.3191037797536915
3296,13304,0.19758660111543586,800,1.8251285987636905,2.575884299535395
3297,13305,0.19758660111543586,800,1.4730858398792768,2.7704111073205224
3298,13306,0.19758660111543586,800,1.211313208612449,2.8848053279645915
3299,13307,0.19758660111543586,800,1.9785935224116968,2.4418204251650732
3300,13308,0.19758660111543586,800,1.3345098975623189,2.827609626877685
3301,13309,0.19758660111543586,800,1.7564264632455058,2.5846705421098473
3302,13310,0.19758660111543586,800,2.0126720975176333,2.412273889520431
3303,13311,0.19758660111543586,800,2.0777789851908546,2.326002646090848
3304,13312,0.19758660111543586,800,1.4908160209275816,2.764581090367355
3305,13313,0.19758660111543586,800,1.2721847761674696,2.876218357188831
3306,13314,0.19758660111543586,800,2.17955952557739,2.2741175362687183
3307,13315,0.19758660111543586,800,2.186004101919673,2.177361045204946
3308,13316,0.19758660111543586,800,1.8039310461659217,2.5948283127909417
3309,13317,0.19758660111543586,800,2.2684823932283846,2.1314542491585504
3310,13318,0.19758660111543586,800,1.4274453259480056,2.7899811411623814
3311,13319,0.19758660111543586,800,1.4141120520855082,2.781443588763719
3312,13320,0.19758660111543586,800,1.0225558153661334,2.9823840450207832
3313,13321,0.19758660111543586,800,2.128332757334538,2.309674268496539
3314,13322,0.19758660111543586,800,1.710910828217484,2.61375580562879
3315,13323,0.19758660111543586,800,1.2257943883546962,2.8651854136606163
3316,13324,0.19758660111543586,800,1.6926709082931974,2.6193389188619305
3317,13325,0.19758660111543586,800,1.80889971635548,2.5532700354197986
3318,13326,0.19758660111543586,800,2.6357345681083926,1.6412648788476525
3319,13327,0.19758660111543586,800,1.8183512359252316,2.5188642949905056
3320,13328,0.19758660111543586,800,1.7020722151805334,2.5972245399446274
3321,13329,0.19758660111543586,800,1.9254121099601313,2.402405406795244
3322,13330,0.19758660111543586,800,1.549800529284877,2.723496495628342
3323,13331,0.19758660111543586,800,2.1448580202499725,2.298489950670416
3324,13332,0.19758660111543586,800,1.8815824916682995,2.494678801423878
3325,13333,0.19758660111543586,800,1.5129244774955322,2.7716753863095374
3326,13334,0.19758660111543586,800,2.095551075790151,2.3116835754198313
3327,13335,0.19758660111543586,800,2.3183918996126573,2.041558451658019
3328,13336,0.19758660111543586,800,1.986566829661172,2.4368448739923165
3329,13337,0.19758660111543586,800,1.653712033625629,2.6706672285233872
3330,13338,0.19758660111543586,800,1.7022834132082192,2.6545671016847487
3331,13339,0.19758660111543586,800,2.0827645639179657,2.321871065708536
3332,13340,0.19758660111543586,800,2.230025552392622,2.171640651963797
3333,13341,0.19758660111543586,800,1.68958902210058,2.61370338251153
3334,13342,0.19758660111543586,800,2.288072104715382,2.109353011677062
3335,13343,0.19758660111543586,800,2.4088441045129745,1.9311741787700327
3336,13344,0.19758660111543586,800,2.3330158827687866,1.974056507443887
3337,13345,0.19758660111543586,800,2.108379058832685,2.3321569729711635
3338,13346,0.19758660111543586,800,2.42344834188977,1.9666212569682453
3339,13347,0.19758660111543586,800,2.4348505660958044,1.9391579681695912
3340,13348,0.19758660111543586,800,2.2120853426861653,2.1681948846713106
3341,13349,0.19758660111543586,800,1.914536363146763,2.421702755556548
3342,13350,0.19758660111543586,800,1.750459589063785,2.610745854181182
3343,13351,0.19758660111543586,800,2.0463904181375616,2.371399432550042
3344,13352,0.19758660111543586,800,2.3388272166192303,2.022076014591582
3345,13353,0.19758660111543586,800,2.3505689089220714,2.0954159330030584
3346,13354,0.19758660111543586,800,1.2479967873840443,2.895016885466615
3347,13355,0.19758660111543586,800,2.2549505668897476,2.1812278447021707
3348,13356,0.19758660111543586,800,1.7783187556861086,2.5487280404972568
3349,13357,0.19758660111543586,800,1.7863474511331243,2.5863195293298853
3350,13358,0.19758660111543586,800,1.1142267561693013,2.924010318911032
3351,13359,0.19758660111543586,800,2.165726652237664,2.259622148522838
3352,13360,0.19758660111543586,800,1.3604065770336116,2.826612417611619
3353,13361,0.19758660111543586,800,1.1039406091526032,2.9274295783596935
3354,13362,0.19758660111543586,800,1.587080617904274,2.6980832046967085
3355,13363,0.19758660111543586,800,2.145756902214191,2.2663613878673012
3356,13364,0.19758660111543586,800,2.018128669641906,2.4215073115032153
3357,13365,0.19758660111543586,800,1.5310639898429594,2.738941385210879
3358,13366,0.19758660111543586,800,1.7516074398446952,2.5775941914927656
3359,13367,0.19758660111543586,800,1.9455268928276612,2.468173487161825
3360,13368,0.19758660111543586,800,1.3436062295273765,2.8317926300908134
3361,13369,0.19758660111543586,800,2.368140875426836,2.0911002704284396
3362,13370,0.19758660111543586,800,1.733029600748243,2.592203891178712
3363,13371,0.19758660111543586,800,1.1663633749251434,2.9310976324869147
3364,13372,0.19758660111543586,800,1.585959120163022,2.718353467326996
3365,13373,0.19758660111543586,800,2.0076810547972017,2.421541128037977
3366,13374,0.19758660111543586,800,1.491972728011317,2.759593057553087
3367,13375,0.19758660111543586,800,1.257301757802721,2.8781260548239813
3368,13376,0.19758660111543586,800,1.7477835071693835,2.5361840566456553
3369,13377,0.19758660111543586,800,1.5818244023111876,2.729684023994524
3370,13378,0.19758660111543586,800,2.003923890787899,2.3814061196104808
3371,13379,0.19758660111543586,800,1.288474050351541,2.8493139866147934
3372,13380,0.19758660111543586,800,1.2683199253932087,2.8645399846191064
3373,13381,0.19758660111543586,800,1.7651023007066144,2.6099519210566635
3374,13382,0.19758660111543586,800,1.6391784698366503,2.6978783900944276
3375,13383,0.19758660111543586,800,1.6656974150029338,2.6747851994908602
3376,13384,0.19758660111543586,800,2.291652947360032,2.0951909626838545
3377,13385,0.19758660111543586,800,2.5119939021833044,1.9731676478607265
3378,13386,0.19758660111543586,800,1.6918700957149586,2.6361763184542606
3379,13387,0.19758660111543586,800,1.317182661324655,2.8484760132832725
3380,13388,0.19758660111543586,800,2.3539879975366835,2.1034895377253613
3381,13389,0.19758660111543586,800,1.7201256593863214,2.5610575737360257
3382,13390,0.19758660111543586,800,1.8802220618427015,2.5037550024349917
3383,13391,0.19758660111543586,800,2.148190368159123,2.256867345477564
3384,13392,0.19758660111543586,800,2.0755056162719954,2.3063557972263427
3385,13393,0.19758660111543586,800,1.114682065565856,2.929919733739973
3386,13394,0.19758660111543586,800,1.7211130697902284,2.6285399415909327
3387,13395,0.19758660111543586,800,1.8185690746393188,2.5326632744477466
3388,13396,0.19758660111543586,800,1.500972302865681,2.7371623454785468
3389,13397,0.19758660111543586,800,1.3368783234601787,2.83045372618666
3390,13398,0.19758660111543586,800,1.609553309086331,2.6062214771009584
3391,13399,0.19758660111543586,800,1.342325585370801,2.8360587854080093
3392,13400,0.19758660111543586,1000,1.1504907296319267,2.937555571898546
3393,13401,0.19758660111543586,1000,1.096950670824277,2.958231186463803
3394,13402,0.19758660111543586,1000,2.364367447070144,2.052848992119049
3395,13403,0.19758660111543586,1000,2.6935316931059727,1.6318423749165825
3396,13404,0.19758660111543586,1000,1.7398312796966195,2.63491526833453
3397,13405,0.19758660111543586,1000,1.5463524048151351,2.744601490519756
3398,13406,0.19758660111543586,1000,1.6225740550231784,2.6456442385435013
3399,13407,0.19758660111543586,1000,1.7576498235119675,2.579893889815062
3400,13408,0.19758660111543586,1000,1.9375204683092242,2.456286613949562
3401,13409,0.19758660111543586,1000,2.1019091176702167,2.326238532905026
3402,13410,0.19758660111543586,1000,2.1777274535824525,2.2436946445607697
3403,13411,0.19758660111543586,1000,1.9901038186000162,2.3833185061741453
3404,13412,0.19758660111543586,1000,1.7427179081956798,2.6249954469984647
3405,13413,0.19758660111543586,1000,2.2817033514433582,2.091852841770672
3406,13414,0.19758660111543586,1000,1.565424284419548,2.7644150721348133
3407,13415,0.19758660111543586,1000,1.4151483595797043,2.8307575753015635
3408,13416,0.19758660111543586,1000,1.7098124628300901,2.6914732763127
3409,13417,0.19758660111543586,1000,2.0874494969651205,2.3301342624838055
3410,13418,0.19758660111543586,1000,1.5970462846110838,2.7027988149782027
3411,13419,0.19758660111543586,1000,1.4889885899452464,2.741217843264789
3412,13420,0.19758660111543586,1000,1.9419525068719135,2.3849707732929306
3413,13421,0.19758660111543586,1000,1.6694244193694978,2.641987669609214
3414,13422,0.19758660111543586,1000,1.4995319621298555,2.732314539574904
3415,13423,0.19758660111543586,1000,2.1405692099679636,2.150917459607887
3416,13424,0.19758660111543586,1000,1.8495490974843154,2.5091233396249057
3417,13425,0.19758660111543586,1000,2.065699808375782,2.396799848075871
3418,13426,0.19758660111543586,1000,1.8000601789244528,2.5772684609579466
3419,13427,0.19758660111543586,1000,2.1667851148220447,2.284859288740348
3420,13428,0.19758660111543586,1000,1.9762183151821495,2.284385584696744
3421,13429,0.19758660111543586,1000,1.573144483647369,2.685615812752892
3422,13430,0.19758660111543586,1000,2.0058083710362467,2.4202968067163346
3423,13431,0.19758660111543586,1000,2.217534505703717,2.2362081935894924
3424,13432,0.19758660111543586,1000,1.8906715924838113,2.45217495513616
3425,13433,0.19758660111543586,1000,2.3680196553089052,1.997533964258426
3426,13434,0.19758660111543586,1000,1.292843139248903,2.8638540121259983
3427,13435,0.19758660111543586,1000,1.9524167044577119,2.4440285735275453
3428,13436,0.19758660111543586,1000,2.05956381764273,2.358209740086894
3429,13437,0.19758660111543586,1000,1.145246521680895,2.9199453274434086
3430,13438,0.19758660111543586,1000,1.4209430819029678,2.7805376096370327
3431,13439,0.19758660111543586,1000,2.3256287868803023,2.1497919546176507
3432,13440,0.19758660111543586,1000,1.5299814962432505,2.7222089618971985
3433,13441,0.19758660111543586,1000,2.3131388919989866,2.100588795738896
3434,13442,0.19758660111543586,1000,2.2066576357713052,2.2227722468054694
3435,13443,0.19758660111543586,1000,1.8625726135480527,2.4864136495817464
3436,13444,0.19758660111543586,1000,1.3066037157639216,2.8786426053998913
3437,13445,0.19758660111543586,1000,1.87792171828481,2.481638432427748
3438,13446,0.19758660111543586,1000,1.9854184809618118,2.4098503094678274
3439,13447,0.19758660111543586,1000,2.53284119178259,1.7754340530441297
3440,13448,0.19758660111543586,1000,2.3018214546024796,2.1219043024203836
3441,13449,0.19758660111543586,1000,2.1718133055235116,2.254620397340456
3442,13450,0.19758660111543586,1000,1.5937611368550904,2.6635587743396476
3443,13451,0.19758660111543586,1000,1.6894471946004372,2.67158333596728
3444,13452,0.19758660111543586,1000,2.019196251220973,2.3984772321188723
3445,13453,0.19758660111543586,1000,1.2081938892827337,2.8834339521524504
3446,13454,0.19758660111543586,1000,1.3323141360372197,2.8244854854894115
3447,13455,0.19758660111543586,1000,1.194494101324877,2.929421090170669
3448,13456,0.19758660111543586,1000,1.0691611386732895,2.9327299894741405
3449,13457,0.19758660111543586,1000,2.589603346050434,1.7777498215906065
3450,13458,0.19758660111543586,1000,2.187390839436694,2.2225940220946
3451,13459,0.19758660111543586,1000,1.7363141327666454,2.635496750724032
3452,13460,0.19758660111543586,1000,1.8948847135715812,2.530497320059841
3453,13461,0.19758660111543586,1000,1.9007246064720682,2.549415884620656
3454,13462,0.19758660111543586,1000,2.2472275116847933,2.0832812129303235
3455,13463,0.19758660111543586,1000,1.7144491942845241,2.6181860436549824
3456,13464,0.19758660111543586,1000,2.7161575529683186,1.5942738490864659
3457,13465,0.19758660111543586,1000,1.6227087128444613,2.694361703080056
3458,13466,0.19758660111543586,1000,2.065040052733488,2.454405495402039
3459,13467,0.19758660111543586,1000,2.3152375445886384,2.096153412300002
3460,13468,0.19758660111543586,1000,2.4000523685312105,2.0463394671202915
3461,13469,0.19758660111543586,1000,1.5490483121874723,2.7125082728308003
3462,13470,0.19758660111543586,1000,1.3129383204782765,2.833979118547349
3463,13471,0.19758660111543586,1000,1.9120110764046199,2.4418545049427642
3464,13472,0.19758660111543586,1000,2.361689760943386,2.0988509843417944
3465,13473,0.19758660111543586,1000,2.4102329974592505,2.047789647499906
3466,13474,0.19758660111543586,1000,1.4177420261681486,2.7810871008931892
3467,13475,0.19758660111543586,1000,1.8309148312444936,2.5179668649126974
3468,13476,0.19758660111543586,1000,2.0807253028664094,2.3189412614388347
3469,13477,0.19758660111543586,1000,1.292312909108082,2.85410724007371
3470,13478,0.19758660111543586,1000,1.3328303280010734,2.8337791041973364
3471,13479,0.19758660111543586,1000,1.8200897865941044,2.4956627868599854
3472,13480,0.19758660111543586,1000,1.1603453339943628,2.9330304563552283
3473,13481,0.19758660111543586,1000,2.054587201797939,2.372490873789549
3474,13482,0.19758660111543586,1000,1.4714866050453,2.754224482542316
3475,13483,0.19758660111543586,1000,1.1318780811748985,2.9296505704144162
3476,13484,0.19758660111543586,1000,2.216518814144864,2.2541102652615264
3477,13485,0.19758660111543586,1000,1.2140524401871535,2.8905938314880606
3478,13486,0.19758660111543586,1000,1.846842248195405,2.5108173880592366
3479,13487,0.19758660111543586,1000,1.072831152962134,2.9582907155620086
3480,13488,0.19758660111543586,1000,1.561216478309492,2.7203561516974686
3481,13489,0.19758660111543586,1000,1.6808750234148584,2.6253848329093263
3482,13490,0.19758660111543586,1000,2.330779861480971,2.115768268969296
3483,13491,0.19758660111543586,1000,2.2191175053965244,2.2089955629404674
3484,13492,0.19758660111543586,1000,2.008291766180984,2.40993962794683
3485,13493,0.19758660111543586,1000,1.5907855297597213,2.6443020841159757
3486,13494,0.19758660111543586,1000,2.135262391022893,2.3077805864419716
3487,13495,0.19758660111543586,1000,1.9854275059359234,2.432138851702562
3488,13496,0.19758660111543586,1000,1.1392482659954193,2.9434519876318177
3489,13497,0.19758660111543586,1000,2.5592468097907752,1.712099397840964
3490,13498,0.19758660111543586,1000,1.1284642375111635,2.9221849218188103
3491,13499,0.19758660111543586,1000,1.7033114624834589,2.621882647640928
3492,13500,0.19758660111543586,1200,1.590372086471762,2.6930635417075774
3493,13501,0.19758660111543586,1200,2.5085859693864387,1.8538339763132463
3494,13502,0.19758660111543586,1200,2.4890311537209624,1.8288168651374845
3495,13503,0.19758660111543586,1200,2.2235172735943864,2.2438485306422433
3496,13504,0.19758660111543586,1200,2.0640811675922306,2.375148012721225
3497,13505,0.19758660111543586,1200,1.3245030092483523,2.83586308135558
3498,13506,0.19758660111543586,1200,1.7091066059792035,2.623193865747135
3499,13507,0.19758660111543586,1200,1.8141204181290624,2.511299690378458
3500,13508,0.19758660111543586,1200,1.4635739534178107,2.799563645985729
3501,13509,0.19758660111543586,1200,2.577246548579899,1.8003825632001398
3502,13510,0.19758660111543586,1200,1.3471001882066014,2.8513251497137957
3503,13511,0.19758660111543586,1200,2.1281727659799032,2.293566523817933
3504,13512,0.19758660111543586,1200,2.4041170113253165,2.047505434759061
3505,13513,0.19758660111543586,1200,1.4486562651116808,2.787586607926412
3506,13514,0.19758660111543586,1200,2.0914891632872195,2.376761051664258
3507,13515,0.19758660111543586,1200,2.2858433405406604,2.166756501355298
3508,13516,0.19758660111543586,1200,2.333297532596799,2.0919723307572
3509,13517,0.19758660111543586,1200,2.227888844197629,2.1597529900839842
3510,13518,0.19758660111543586,1200,2.424388543555453,2.007995550160872
3511,13519,0.19758660111543586,1200,2.676805590787715,1.7612903513435156
3512,13520,0.19758660111543586,1200,1.8840341281208535,2.521870929301614
3513,13521,0.19758660111543586,1200,2.4222903230007224,2.0180321623567137
3514,13522,0.19758660111543586,1200,2.42959663557754,1.9570488389831673
3515,13523,0.19758660111543586,1200,1.4860116020478369,2.7609702943046432
3516,13524,0.19758660111543586,1200,1.5999242015054764,2.674556513223796
3517,13525,0.19758660111543586,1200,2.3946106639925184,1.9902117853027246
3518,13526,0.19758660111543586,1200,2.1326104282444653,2.324097975947463
3519,13527,0.19758660111543586,1200,1.7579864847440447,2.546290142354211
3520,13528,0.19758660111543586,1200,1.9890467844930935,2.411376805179473
3521,13529,0.19758660111543586,1200,1.2270602333129186,2.8754161868508645
3522,13530,0.19758660111543586,1200,2.367052488556827,1.9293028862494936
3523,13531,0.19758660111543586,1200,2.3278710773284574,2.097376470734039
3524,13532,0.19758660111543586,1200,2.176360064050765,2.1999756223880547
3525,13533,0.19758660111543586,1200,2.1654194999598486,2.203514616924042
3526,13534,0.19758660111543586,1200,1.75789492962086,2.598720955199816
3527,13535,0.19758660111543586,1200,1.665563754454275,2.6588898870455266
3528,13536,0.19758660111543586,1200,2.158774197516587,2.235223994314688
3529,13537,0.19758660111543586,1200,1.7048914499986167,2.6101503461536124
3530,13538,0.19758660111543586,1200,1.7830027794625494,2.5589863973382063
3531,13539,0.19758660111543586,1200,2.297140629559806,2.102971251948832
3532,13540,0.19758660111543586,1200,1.5868943627271848,2.6938689786702903
3533,13541,0.19758660111543586,1200,2.067547979011988,2.3975609033118706
3534,13542,0.19758660111543586,1200,1.6788954753110368,2.6113588864411996
3535,13543,0.19758660111543586,1200,2.170633685944227,2.244654306593185
3536,13544,0.19758660111543586,1200,2.06734040677625,2.4309471421903526
3537,13545,0.19758660111543586,1200,2.4122852035050615,1.9729398523982131
3538,13546,0.19758660111543586,1200,2.0679313112132425,2.3742762893181686
3539,13547,0.19758660111543586,1200,1.9579431808697816,2.4666518862940245
3540,13548,0.19758660111543586,1200,2.08656468506031,2.338459728626183
3541,13549,0.19758660111543586,1200,1.8760010035768058,2.5605585094639833
3542,13550,0.19758660111543586,1200,1.7266409886858125,2.622055926455711
3543,13551,0.19758660111543586,1200,1.8805133706846526,2.491810891393164
3544,13552,0.19758660111543586,1200,2.428097194561952,1.9804517708296494
3545,13553,0.19758660111543586,1200,1.291178284558749,2.8401587708913913
3546,13554,0.19758660111543586,1200,1.7489594486175775,2.6348850936242276
3547,13555,0.19758660111543586,1200,1.9784377394961545,2.385756264022116
3548,13556,0.19758660111543586,1200,1.8164980376702389,2.5794900271145087
3549,13557,0.19758660111543586,1200,2.0833560912692723,2.35218031171181
3550,13558,0.19758660111543586,1200,1.9727619197569208,2.44061102058881
3551,13559,0.19758660111543586,1200,1.5815486516787138,2.688705637361647
3552,13560,0.19758660111543586,1200,2.1861445980552245,2.217073108704896
3553,13561,0.19758660111543586,1200,1.8806766600333238,2.484853277211969
3554,13562,0.19758660111543586,1200,2.133296900085274,2.300620882842135
3555,13563,0.19758660111543586,1200,2.3218639815520583,2.099683944166801
3556,13564,0.19758660111543586,1200,1.4304567361235292,2.8247507580716222
3557,13565,0.19758660111543586,1200,1.7950298680333348,2.5260479450247493
3558,13566,0.19758660111543586,1200,2.1558596861687533,2.259219712855375
3559,13567,0.19758660111543586,1200,2.6366793613755126,1.7150890716413443
3560,13568,0.19758660111543586,1200,2.041725185593541,2.453376602065852
3561,13569,0.19758660111543586,1200,1.9522328891837586,2.4636317939783385
3562,13570,0.19758660111543586,1200,1.8779241732007441,2.483829257761343
3563,13571,0.19758660111543586,1200,1.4458186264806423,2.7942179989635156
3564,13572,0.19758660111543586,1200,2.0616422090245607,2.3604483014891366
3565,13573,0.19758660111543586,1200,1.8293565803344283,2.5536239714422058
3566,13574,0.19758660111543586,1200,2.2973408922036986,2.143359852152046
3567,13575,0.19758660111543586,1200,2.1263380735680677,2.340524513058513
3568,13576,0.19758660111543586,1200,1.105490442375209,2.9225140076627865
3569,13577,0.19758660111543586,1200,2.0875230798394075,2.325811377041686
3570,13578,0.19758660111543586,1200,1.3882645335646162,2.8380496155717165
3571,13579,0.19758660111543586,1200,1.2610159640985867,2.8782990254181744
3572,13580,0.19758660111543586,1200,1.4684223716738978,2.7449414823732
3573,13581,0.19758660111543586,1200,2.0048484486893363,2.4182562129089447
3574,13582,0.19758660111543586,1200,1.7944795625918055,2.5797474287171984
3575,13583,0.19758660111543586,1200,2.361708054920787,2.0381648717602614
3576,13584,0.19758660111543586,1200,2.2269421587785527,2.2141832976947855
3577,13585,0.19758660111543586,1200,1.691405092882085,2.63793317333224
3578,13586,0.19758660111543586,1200,1.1131129952862682,2.930727606949585
3579,13587,0.19758660111543586,1200,1.8877350862704163,2.502363127472563
3580,13588,0.19758660111543586,1200,2.056193121218365,2.4107968890785756
3581,13589,0.19758660111543586,1200,1.3070061245194489,2.8308648742032583
3582,13590,0.19758660111543586,1200,2.5895726626662805,1.8139539841144832
3583,13591,0.19758660111543586,1200,2.4512581080452613,1.9914593236177978
3584,13592,0.19758660111543586,1200,1.850569359497289,2.51979827196823
3585,13593,0.19758660111543586,1200,1.6645189944151102,2.5843640119368434
3586,13594,0.19758660111543586,1200,1.9777469058215769,2.41224798744794
3587,13595,0.19758660111543586,1200,2.2259703678922724,2.178847588447405
3588,13596,0.19758660111543586,1200,1.9572757206907092,2.4406204080999228
3589,13597,0.19758660111543586,1200,2.224683785174928,2.1207772495115225
3590,13598,0.19758660111543586,1200,1.0775285633942095,2.953842231269597
3591,13599,0.19758660111543586,1200,1.919252468620241,2.446526186200368
3592,13600,0.19758660111543586,1400,1.9500364581577343,2.4908827840159216
3593,13601,0.19758660111543586,1400,1.815173018116747,2.555738005955697
3594,13602,0.19758660111543586,1400,2.177825729502176,2.2586945079105964
3595,13603,0.19758660111543586,1400,1.9790325500545456,2.4404651888548323
3596,13604,0.19758660111543586,1400,2.2150866508086393,2.2019316408837226
3597,13605,0.19758660111543586,1400,2.626105023593484,1.76560900218759
3598,13606,0.19758660111543586,1400,1.234729533372791,2.863931308424166
3599,13607,0.19758660111543586,1400,1.6015220905645713,2.701962249684018
3600,13608,0.19758660111543586,1400,2.597604002301631,1.8221153724796277
3601,13609,0.19758660111543586,1400,2.2611069825393284,2.1828117677336367
3602,13610,0.19758660111543586,1400,1.625071206520375,2.683782210052161
3603,13611,0.19758660111543586,1400,2.1558541930601667,2.2433499305152735
3604,13612,0.19758660111543586,1400,1.6466751240646218,2.684642255374045
3605,13613,0.19758660111543586,1400,2.436621521634385,1.9454727797551505
3606,13614,0.19758660111543586,1400,2.6050477250361364,1.671703929354941
3607,13615,0.19758660111543586,1400,2.3243705794258833,2.1105156389630646
3608,13616,0.19758660111543586,1400,1.2948981633398187,2.8735564332319257
3609,13617,0.19758660111543586,1400,2.0810210176406776,2.345781374670429
3610,13618,0.19758660111543586,1400,2.258384313809738,2.1951929577123215
3611,13619,0.19758660111543586,1400,2.09592190478875,2.3755110132485107
3612,13620,0.19758660111543586,1400,1.0766529158956388,2.9363385642332682
3613,13621,0.19758660111543586,1400,1.7689459637271696,2.6311253960337386
3614,13622,0.19758660111543586,1400,1.2556773991714616,2.8997761955621764
3615,13623,0.19758660111543586,1400,2.545394525896152,1.8531045304105436
3616,13624,0.19758660111543586,1400,1.155374633064487,2.8975687466516113
3617,13625,0.19758660111543586,1400,1.917375398226281,2.493855501624604
3618,13626,0.19758660111543586,1400,1.9867222039391752,2.4170448811194194
3619,13627,0.19758660111543586,1400,1.1394267617872222,2.927067156287486
3620,13628,0.19758660111543586,1400,1.9158138575482007,2.4676027768540387
3621,13629,0.19758660111543586,1400,1.763959959905812,2.5924718358567778
3622,13630,0.19758660111543586,1400,1.6301922235916773,2.682354838356596
3623,13631,0.19758660111543586,1400,2.5424449114706915,1.904673403716894
3624,13632,0.19758660111543586,1400,1.376408341390826,2.840729422071098
3625,13633,0.19758660111543586,1400,2.204285602610003,2.2235284296896856
3626,13634,0.19758660111543586,1400,2.074404846590965,2.380304393606284
3627,13635,0.19758660111543586,1400,2.127234703517849,2.246656408056875
3628,13636,0.19758660111543586,1400,2.5479841576140236,1.884118864704027
3629,13637,0.19758660111543586,1400,2.182719519905645,2.19772673095016
3630,13638,0.19758660111543586,1400,1.6862973410120188,2.6600204692453056
3631,13639,0.19758660111543586,1400,1.5159382507000698,2.7453344059948614
3632,13640,0.19758660111543586,1400,1.956733952582157,2.496279035192038
3633,13641,0.19758660111543586,1400,2.35976667981567,2.099450421046762
3634,13642,0.19758660111543586,1400,1.8406348649075717,2.5580996444673545
3635,13643,0.19758660111543586,1400,2.188888757788825,2.250436981398882
3636,13644,0.19758660111543586,1400,1.034822763690575,2.9781036737884934
3637,13645,0.19758660111543586,1400,1.9873272256462442,2.3716957671051095
3638,13646,0.19758660111543586,1400,2.3361935362366237,2.11809835556472
3639,13647,0.19758660111543586,1400,2.287917350863428,2.1180286662725902
3640,13648,0.19758660111543586,1400,2.4097109176415374,1.9935259312692666
3641,13649,0.19758660111543586,1400,1.492591071157608,2.7516899728698743
3642,13650,0.19758660111543586,1400,1.6414094726209494,2.55837795352048
3643,13651,0.19758660111543586,1400,1.830095145025119,2.5303215446822063
3644,13652,0.19758660111543586,1400,2.1170218392368936,2.32288932004583
3645,13653,0.19758660111543586,1400,2.079068860867176,2.3422887837460284
3646,13654,0.19758660111543586,1400,2.3069292205362486,2.1836225024708904
3647,13655,0.19758660111543586,1400,2.114638220560757,2.338158161421662
3648,13656,0.19758660111543586,1400,1.8634927170243103,2.4984781911940908
3649,13657,0.19758660111543586,1400,2.6444576983307546,1.6289789659593192
3650,13658,0.19758660111543586,1400,1.2492999650918184,2.868608598126886
3651,13659,0.19758660111543586,1400,2.3265838759065702,2.096563745203761
3652,13660,0.19758660111543586,1400,2.1804086202345565,2.2326226122323134
3653,13661,0.19758660111543586,1400,1.5829967954391437,2.730538655167261
3654,13662,0.19758660111543586,1400,1.9785307607557197,2.372058851407125
3655,13663,0.19758660111543586,1400,2.19404399109406,2.200700157714353
3656,13664,0.19758660111543586,1400,2.5377878721752145,1.7686162214553445
3657,13665,0.19758660111543586,1400,2.2151312057320727,2.208183919994907
3658,13666,0.19758660111543586,1400,2.460335567234144,1.9692340320281683
3659,13667,0.19758660111543586,1400,2.2699705743569094,2.177572567207708
3660,13668,0.19758660111543586,1400,2.3593956134968943,2.047972676927201
3661,13669,0.19758660111543586,1400,1.51743613820589,2.750668144166736
3662,13670,0.19758660111543586,1400,2.1049752959128702,2.3421589696239717
3663,13671,0.19758660111543586,1400,1.5089234238204208,2.70505746241898
3664,13672,0.19758660111543586,1400,2.092073300378174,2.3065973721986923
3665,13673,0.19758660111543586,1400,1.8888679902907852,2.46204344103677
3666,13674,0.19758660111543586,1400,2.048581349680329,2.3123330129788506
3667,13675,0.19758660111543586,1400,1.0317443637667207,2.955856926407519
3668,13676,0.19758660111543586,1400,2.4037905334037633,2.023852066724987
3669,13677,0.19758660111543586,1400,1.9567092179871455,2.5327926877328597
3670,13678,0.19758660111543586,1400,2.1848423161092745,2.2353827807676288
3671,13679,0.19758660111543586,1400,1.6939785166769425,2.649876676291748
3672,13680,0.19758660111543586,1400,1.5994588125989906,2.705791100225516
3673,13681,0.19758660111543586,1400,1.3124096381486001,2.849434570607527
3674,13682,0.19758660111543586,1400,2.101980447440885,2.3374202026884667
3675,13683,0.19758660111543586,1400,2.4112845987080957,1.9596814588134617
3676,13684,0.19758660111543586,1400,1.496064708823602,2.7748973260207137
3677,13685,0.19758660111543586,1400,1.2491798638004676,2.8834201802623083
3678,13686,0.19758660111543586,1400,2.018655737921155,2.408557942000299
3679,13687,0.19758660111543586,1400,1.7230732052771867,2.6252077098608773
3680,13688,0.19758660111543586,1400,1.1389865850786243,2.91888386495046
3681,13689,0.19758660111543586,1400,1.714312283325048,2.5723778890300246
3682,13690,0.19758660111543586,1400,2.543966887423091,1.8251031224044385
3683,13691,0.19758660111543586,1400,2.4256724799928864,2.0292987957754933
3684,13692,0.19758660111543586,1400,1.071818638421771,2.9404823209538686
3685,13693,0.19758660111543586,1400,1.8760435054984388,2.5161343755865793
3686,13694,0.19758660111543586,1400,2.2492876470722076,2.143428360298535
3687,13695,0.19758660111543586,1400,2.246635749023106,2.171366341057275
3688,13696,0.19758660111543586,1400,2.0293840435846136,2.3527246529682975
3689,13697,0.19758660111543586,1400,1.8050158914259342,2.585389492382544
3690,13698,0.19758660111543586,1400,1.9443274366579417,2.4661588005586026
3691,13699,0.19758660111543586,1400,1.1931994755297552,2.892133162039749
3692,13700,0.19758660111543586,1600,1.599720635394426,2.707367872590694
3693,13701,0.19758660111543586,1600,2.467430804512809,1.88488994244588
3694,13702,0.19758660111543586,1600,1.9551652006932017,2.464426738025322
3695,13703,0.19758660111543586,1600,2.329145059215713,2.075062283435746
3696,13704,0.19758660111543586,1600,1.740303801518197,2.6496010144730433
3697,13705,0.19758660111543586,1600,2.2385985081184105,2.169845826776996
3698,13706,0.19758660111543586,1600,1.3109226448010514,2.8552837160472224
3699,13707,0.19758660111543586,1600,2.2015561653003286,2.2152312325427146
3700,13708,0.19758660111543586,1600,2.018071861905873,2.396667010718668
3701,13709,0.19758660111543586,1600,2.0591593448145558,2.3730523812260857
3702,13710,0.19758660111543586,1600,2.6429506305666592,1.6253426268852198
3703,13711,0.19758660111543586,1600,1.9836126115094188,2.441880607381842
3704,13712,0.19758660111543586,1600,2.3540205877259206,2.064327246495161
3705,13713,0.19758660111543586,1600,1.9232025565617075,2.429464527383413
3706,13714,0.19758660111543586,1600,2.012768816787651,2.3466340997461423
3707,13715,0.19758660111543586,1600,2.1767262362709032,2.2669097043448057
3708,13716,0.19758660111543586,1600,2.393542455996792,2.0490419614586233
3709,13717,0.19758660111543586,1600,2.4602811108754348,1.9955997115566508
3710,13718,0.19758660111543586,1600,1.8930803416361641,2.503556931607489
3711,13719,0.19758660111543586,1600,2.097317701542251,2.2844747837253343
3712,13720,0.19758660111543586,1600,2.0076388716001574,2.3223883928983797
3713,13721,0.19758660111543586,1600,2.4053987013446916,1.9934384280675161
3714,13722,0.19758660111543586,1600,2.262723123325725,2.228952778071339
3715,13723,0.19758660111543586,1600,1.9425486408420702,2.4252793633915184
3716,13724,0.19758660111543586,1600,1.6073413520471729,2.7380635426113216
3717,13725,0.19758660111543586,1600,2.3762741363684694,2.015976219193562
3718,13726,0.19758660111543586,1600,2.2077533592785223,2.2085592192628107
3719,13727,0.19758660111543586,1600,2.110656732018037,2.189951579908025
3720,13728,0.19758660111543586,1600,1.8643795914932884,2.4510149541098434
3721,13729,0.19758660111543586,1600,2.342238138637221,2.072421713857258
3722,13730,0.19758660111543586,1600,2.2192475345117453,2.1929643017346283
3723,13731,0.19758660111543586,1600,2.5759417930017827,1.8202648642210566
3724,13732,0.19758660111543586,1600,2.340890536149206,2.1125189213312385
3725,13733,0.19758660111543586,1600,1.9221504314995652,2.4997200144626524
3726,13734,0.19758660111543586,1600,2.3941306410947876,2.0914072177641216
3727,13735,0.19758660111543586,1600,2.2359149090707846,2.2315217552922864
3728,13736,0.19758660111543586,1600,1.9799975725981795,2.4481262689927563
3729,13737,0.19758660111543586,1600,2.8330779850336203,1.2958609015094038
3730,13738,0.19758660111543586,1600,1.6591314521532794,2.6938413354301725
3731,13739,0.19758660111543586,1600,2.404609142984481,2.036645575368204
3732,13740,0.19758660111543586,1600,1.8425473403888142,2.5896775319994814
3733,13741,0.19758660111543586,1600,2.430324720561296,1.9738782832850776
3734,13742,0.19758660111543586,1600,2.3964960186515936,2.010084708051596
3735,13743,0.19758660111543586,1600,2.5723386379497324,1.8408688782725213
3736,13744,0.19758660111543586,1600,1.2357331005694658,2.8692512759349946
3737,13745,0.19758660111543586,1600,1.4979957552652923,2.7524730492500376
3738,13746,0.19758660111543586,1600,2.196563052437614,2.185087898842357
3739,13747,0.19758660111543586,1600,2.3281118387305186,2.081456596149023
3740,13748,0.19758660111543586,1600,2.260227976745449,2.1759777241396336
3741,13749,0.19758660111543586,1600,1.8249823447087827,2.5383625216306442
3742,13750,0.19758660111543586,1600,2.800524772008152,1.7172802318112796
3743,13751,0.19758660111543586,1600,1.705690027973373,2.636054720067361
3744,13752,0.19758660111543586,1600,2.0682013241796016,2.3853279005019177
3745,13753,0.19758660111543586,1600,2.1701859625350854,2.2241003637732897
3746,13754,0.19758660111543586,1600,1.5065823056505956,2.7476935473371396
3747,13755,0.19758660111543586,1600,1.7477468857228213,2.571194564836862
3748,13756,0.19758660111543586,1600,2.56520827714123,1.812557726068573
3749,13757,0.19758660111543586,1600,2.2658137882914193,2.16642098303592
3750,13758,0.19758660111543586,1600,1.7838590957607394,2.580743642407775
3751,13759,0.19758660111543586,1600,2.155065935861762,2.301890616785581
3752,13760,0.19758660111543586,1600,1.988116170953091,2.4353113944377762
3753,13761,0.19758660111543586,1600,1.9697570817745056,2.3958499299923344
3754,13762,0.19758660111543586,1600,2.426835098151692,2.0164824343297063
3755,13763,0.19758660111543586,1600,2.5648015731987996,1.7933259255555534
3756,13764,0.19758660111543586,1600,2.2331393673579027,2.102184356975463
3757,13765,0.19758660111543586,1600,2.727690265346553,1.5321357258399786
3758,13766,0.19758660111543586,1600,1.8876722222526143,2.495208592774337
3759,13767,0.19758660111543586,1600,2.3525206950317847,2.0604716909181064
3760,13768,0.19758660111543586,1600,2.6249518692061775,1.7462374870530144
3761,13769,0.19758660111543586,1600,1.4051083883152196,2.8233621320412823
3762,13770,0.19758660111543586,1600,2.340705558388857,2.0804178987225734
3763,13771,0.19758660111543586,1600,1.8088274877506483,2.5810263012191768
3764,13772,0.19758660111543586,1600,2.1862172448347477,2.234608596011261
3765,13773,0.19758660111543586,1600,2.224256963821661,2.2205888139911436
3766,13774,0.19758660111543586,1600,1.9459479351388385,2.445758398982846
3767,13775,0.19758660111543586,1600,1.9273436053781423,2.447361308686598
3768,13776,0.19758660111543586,1600,1.0889355985310416,2.9576020759166406
3769,13777,0.19758660111543586,1600,2.3893390753756867,2.081362759199385
3770,13778,0.19758660111543586,1600,2.5054230020331496,1.9125585296565866
3771,13779,0.19758660111543586,1600,1.474779515278133,2.7850355540532243
3772,13780,0.19758660111543586,1600,2.417447709117453,1.997483150067439
3773,13781,0.19758660111543586,1600,2.549290588710802,1.8894066974347852
3774,13782,0.19758660111543586,1600,2.1380943173446925,2.284820316344128
3775,13785,0.19758660111543586,1600,2.7471492065070606,1.458917254399402
3776,13786,0.19758660111543586,1600,2.0187860869231544,2.443715214591939
3777,13787,0.19758660111543586,1600,1.249974546705349,2.874691702666646
3778,13788,0.19758660111543586,1600,1.239265534875334,2.906982477652591
3779,13789,0.19758660111543586,1600,1.7615823602663614,2.577101647925737
3780,13790,0.19758660111543586,1600,2.601034826129473,1.7962630900506755
3781,13791,0.19758660111543586,1600,2.278811403633635,2.2054127600815114
3782,13792,0.19758660111543586,1600,1.2138876698772,2.9059558862017574
3783,13793,0.19758660111543586,1600,2.0865914867180417,2.2713457017411325
3784,13794,0.19758660111543586,1600,1.9237109714121439,2.432046945730232
3785,13795,0.19758660111543586,1600,1.9921236951650538,2.444787026305356
3786,13796,0.19758660111543586,1600,1.702543589630432,2.657004804732249
3787,13797,0.19758660111543586,1600,2.004135863081397,2.298955043457918
3788,13798,0.19758660111543586,1600,1.8236931167741388,2.616351957316771
3789,13799,0.19758660111543586,1600,2.2131915750188127,2.2367556337187784
3790,13800,0.19758660111543586,1800,2.076114302809666,2.387233604118546
3791,13801,0.19758660111543586,1800,2.507008237641605,1.8960681446941954
3792,13802,0.19758660111543586,1800,2.24709795399002,2.0997636785634297
3793,13803,0.19758660111543586,1800,2.3280988803576053,2.105861282835849
3794,13804,0.19758660111543586,1800,2.2533924367035727,2.149663108049748
3795,13805,0.19758660111543586,1800,2.103565068640907,2.291461003719866
3796,13806,0.19758660111543586,1800,1.1216889617526067,2.9401978012581518
3797,13807,0.19758660111543586,1800,1.7966586998970953,2.5859310826965096
3798,13808,0.19758660111543586,1800,1.3458270656138112,2.8225617880699874
3799,13809,0.19758660111543586,1800,1.963791197482197,2.430694339531344
3800,13810,0.19758660111543586,1800,1.8815709588195346,2.5062604955802668
3801,13811,0.19758660111543586,1800,2.170942092011391,2.2412067628676104
3802,13812,0.19758660111543586,1800,2.565716331819216,1.8216429320780023
3803,13813,0.19758660111543586,1800,2.2634148621430517,2.192972512419923
3804,13814,0.19758660111543586,1800,2.7283436655109856,1.5665075208001615
3805,13815,0.19758660111543586,1800,2.230747123637595,2.2097855692760406
3806,13816,0.19758660111543586,1800,2.522308352877091,1.8694656917895578
3807,13817,0.19758660111543586,1800,2.2282484203036286,2.216059579445882
3808,13818,0.19758660111543586,1800,2.359749658998235,2.144773474215225
3809,13819,0.19758660111543586,1800,2.1189057077154723,2.2670866651014476
3810,13820,0.19758660111543586,1800,1.6681220349631125,2.6815023257615462
3811,13821,0.19758660111543586,1800,2.314648657965302,2.0898526907473594
3812,13822,0.19758660111543586,1800,1.3048387711609397,2.8539527829827334
3813,13823,0.19758660111543586,1800,1.9534823407395372,2.4208295968573244
3814,13824,0.19758660111543586,1800,1.26290226752141,2.9059421962303036
3815,13825,0.19758660111543586,1800,2.2961207208102725,2.1703995210698883
3816,13826,0.19758660111543586,1800,2.4367712463191333,2.026492669153796
3817,13827,0.19758660111543586,1800,1.0477915817450247,2.965201852776
3818,13828,0.19758660111543586,1800,2.072596759550257,2.403273163917991
3819,13829,0.19758660111543586,1800,1.388121439741156,2.8265100582215226
3820,13830,0.19758660111543586,1800,2.4124718202182946,1.9417865101012926
3821,13831,0.19758660111543586,1800,1.8211908696138788,2.5816885918799635
3822,13832,0.19758660111543586,1800,2.271052146649521,2.1623336736411565
3823,13833,0.19758660111543586,1800,2.126591113844125,2.2823353480281403
3824,13834,0.19758660111543586,1800,2.3891578440906476,2.0051767884381237
3825,13835,0.19758660111543586,1800,2.211599134264932,2.1929647207318386
3826,13836,0.19758660111543586,1800,2.3736845584400044,2.054905282748382
3827,13837,0.19758660111543586,1800,2.5241034226706605,1.9303246599474952
3828,13838,0.19758660111543586,1800,2.051574208353581,2.355387027799039
3829,13839,0.19758660111543586,1800,1.4413677281640722,2.7856922239530437
3830,13840,0.19758660111543586,1800,2.346470126545632,2.1058823492549843
3831,13841,0.19758660111543586,1800,2.2467645123194164,2.159900488778443
3832,13842,0.19758660111543586,1800,2.516632404225574,1.8458052468844646
3833,13843,0.19758660111543586,1800,1.7388791997897155,2.6197926873430113
3834,13844,0.19758660111543586,1800,2.3944296433841368,2.058205484067917
3835,13845,0.19758660111543586,1800,1.5042773855408202,2.788005998238831
3836,13846,0.19758660111543586,1800,2.0279564076713332,2.364617449105576
3837,13847,0.19758660111543586,1800,2.120361561819758,2.2864273749719795
3838,13848,0.19758660111543586,1800,2.316807562564712,2.133531591644533
3839,13849,0.19758660111543586,1800,1.7199104843419324,2.6360000129671683
3840,13850,0.19758660111543586,1800,1.7964487639597024,2.569393649700909
3841,13851,0.19758660111543586,1800,2.054007695222026,2.4105573004565164
3842,13852,0.19758660111543586,1800,2.6211597646502147,1.7395399206982767
3843,13853,0.19758660111543586,1800,2.6365010744290807,1.7234093681041802
3844,13854,0.19758660111543586,1800,2.1776226672873227,2.229204533876176
3845,13855,0.19758660111543586,1800,2.5372513962980725,1.8757258971141215
3846,13856,0.19758660111543586,1800,2.0471402429308494,2.361770962684999
3847,13857,0.19758660111543586,1800,2.339319076577268,2.1009431195030883
3848,13858,0.19758660111543586,1800,1.8864545277820208,2.5066615677914315
3849,13859,0.19758660111543586,1800,2.591207817506374,1.8053195423781407
3850,13860,0.19758660111543586,1800,2.5713543517639024,1.7983456308075776
3851,13861,0.19758660111543586,1800,2.355817878381742,2.020681871497097
3852,13862,0.19758660111543586,1800,2.639255574278967,1.6039831692736564
3853,13863,0.19758660111543586,1800,2.4590935490689043,1.9160706126864464
3854,13864,0.19758660111543586,1800,2.165658861188451,2.2959720479647268
3855,13865,0.19758660111543586,1800,2.581183038128949,1.7112964340089438
3856,13866,0.19758660111543586,1800,2.1797306745701386,2.2730454825976265
3857,13867,0.19758660111543586,1800,2.407801814400058,2.0019102707534153
3858,13868,0.19758660111543586,1800,1.870436491861487,2.455387292986935
3859,13869,0.19758660111543586,1800,2.53738044202906,1.9165552934248296
3860,13870,0.19758660111543586,1800,1.949365866411301,2.4331304862569283
3861,13871,0.19758660111543586,1800,2.0688566753865345,2.386936844658964
3862,13872,0.19758660111543586,1800,1.9162103774463866,2.430741135518745
3863,13873,0.19758660111543586,1800,2.058058377145598,2.3710344035856474
3864,13874,0.19758660111543586,1800,2.0021106370562496,2.4197130345646842
3865,13875,0.19758660111543586,1800,2.540933801363042,1.7816338932242277
3866,13876,0.19758660111543586,1800,1.48918426505977,2.76637234287665
3867,13877,0.19758660111543586,1800,1.836754514073041,2.5341238960268075
3868,13878,0.19758660111543586,1800,2.2741387655285843,2.0927202869082344
3869,13879,0.19758660111543586,1800,1.1168679232629728,2.9346597122169107
3870,13880,0.19758660111543586,1800,2.2596994113244095,2.206100843336727
3871,13881,0.19758660111543586,1800,2.5577792626604676,1.8259383375858864
3872,13882,0.19758660111543586,1800,2.315593333373047,2.1182440459442304
3873,13883,0.19758660111543586,1800,2.1572092329460597,2.3351771019128402
3874,13884,0.19758660111543586,1800,1.9870403469840778,2.4222225159396924
3875,13885,0.19758660111543586,1800,2.1487674412462576,2.298500853843014
3876,13886,0.19758660111543586,1800,2.2259785711040876,2.215151819172788
3877,13887,0.19758660111543586,1800,1.789667847410151,2.6646200179992094
3878,13888,0.19758660111543586,1800,1.455147300289864,2.7553256248028104
3879,13889,0.19758660111543586,1800,2.325887317705701,2.0412642951026143
3880,13890,0.19758660111543586,1800,2.515363751566484,1.8661332672013156
3881,13891,0.19758660111543586,1800,2.0149458898100994,2.4423072719561176
3882,13892,0.19758660111543586,1800,1.7674903793667371,2.561187825654904
3883,13893,0.19758660111543586,1800,1.6955120295896708,2.6163157398328325
3884,13894,0.19758660111543586,1800,1.9229371794068335,2.4789609089477023
3885,13895,0.19758660111543586,1800,2.3967339176583615,2.0161566144133096
3886,13896,0.19758660111543586,1800,1.5549398105636105,2.7287922648776908
3887,13897,0.19758660111543586,1800,2.2065901752380688,2.228626244752706
3888,13898,0.19758660111543586,1800,2.2932595266983973,2.1050204395304752
3889,13899,0.19758660111543586,1800,1.6514990767400302,2.6897835691753627
3890,13900,0.19758660111543586,2000,1.5688052351628758,2.765293253429516
3891,13901,0.19758660111543586,2000,2.1905022456089904,2.1519855214301806
3892,13902,0.19758660111543586,2000,2.065947662844772,2.325203370265813
3893,13903,0.19758660111543586,2000,2.3551088670399882,2.053212079016887
3894,13904,0.19758660111543586,2000,2.4146353890282333,2.0625741309576116
3895,13905,0.19758660111543586,2000,1.774063675818578,2.563629691713315
3896,13906,0.19758660111543586,2000,2.767101788093327,1.5646299396456127
3897,13907,0.19758660111543586,2000,1.8308953834541413,2.5562556074465297
3898,13908,0.19758660111543586,2000,1.4005664833296065,2.8074285941524773
3899,13909,0.19758660111543586,2000,1.5725900836470443,2.695971246678439
3900,13910,0.19758660111543586,2000,2.209806887414256,2.2408082404109675
3901,13911,0.19758660111543586,2000,2.493854901678888,1.906946802639273
3902,13912,0.19758660111543586,2000,2.5281312543034233,1.892678489182881
3903,13913,0.19758660111543586,2000,2.3988794534635853,1.9724550317777982
3904,13914,0.19758660111543586,2000,2.1088572234069067,2.290464524608841
3905,13915,0.19758660111543586,2000,2.3854368453216703,2.0484707687791914
3906,13916,0.19758660111543586,2000,2.7494721142998997,1.4773582063084085
3907,13917,0.19758660111543586,2000,2.7963662446599344,1.3985500036630882
3908,13918,0.19758660111543586,2000,2.0352655563858355,2.425970592065456
3909,13919,0.19758660111543586,2000,2.6023002263280572,1.7539315007347465
3910,13920,0.19758660111543586,2000,2.358185522591508,2.0512508727660097
3911,13921,0.19758660111543586,2000,2.627683605200695,1.7174964209402592
3912,13922,0.19758660111543586,2000,2.061302615885703,2.394635743130252
3913,13923,0.19758660111543586,2000,2.333332261140689,2.1271923162221005
3914,13924,0.19758660111543586,2000,2.6970757356747583,1.5840540793798878
3915,13925,0.19758660111543586,2000,2.385094972234084,2.0466753753133062
3916,13926,0.19758660111543586,2000,2.5991170775836805,1.7883889211134545
3917,13927,0.19758660111543586,2000,1.9602092419326211,2.442432825510139
3918,13928,0.19758660111543586,2000,1.9801866467466123,2.4724115309130927
3919,13929,0.19758660111543586,2000,2.0781043952024945,2.323051930603026
3920,13930,0.19758660111543586,2000,2.523743628635824,1.7700328300715131
3921,13931,0.19758660111543586,2000,2.4230819186889927,1.9084427679839382
3922,13932,0.19758660111543586,2000,2.4973332584361407,1.9451876593170965
3923,13933,0.19758660111543586,2000,2.395575504266597,2.0419728124928604
3924,13934,0.19758660111543586,2000,2.3541110662631564,1.9962685608330535
3925,13935,0.19758660111543586,2000,2.1562028525074486,2.2476224513535983
3926,13936,0.19758660111543586,2000,2.1514623376295634,2.280249687315334
3927,13937,0.19758660111543586,2000,2.118140371268157,2.3549104962476344
3928,13938,0.19758660111543586,2000,1.334248411959668,2.840817484063468
3929,13939,0.19758660111543586,2000,2.0529962504459074,2.3653756090903175
3930,13940,0.19758660111543586,2000,1.676819368712899,2.651020989140929
3931,13941,0.19758660111543586,2000,2.2094645984886525,2.1961394071703957
3932,13942,0.19758660111543586,2000,2.4914726390702953,1.8611626374594163
3933,13943,0.19758660111543586,2000,2.7508450553830532,1.5405017131061705
3934,13944,0.19758660111543586,2000,2.265705484465881,2.109822286358784
3935,13945,0.19758660111543586,2000,2.1870901718409677,2.2494283630891188
3936,13946,0.19758660111543586,2000,2.461378868216277,1.9565451410303947
3937,13947,0.19758660111543586,2000,2.5646368329519134,1.8013131596689718
3938,13948,0.19758660111543586,2000,2.4311134874671234,2.0472065679568443
3939,13949,0.19758660111543586,2000,2.2128990717769628,2.247749251577997
3940,13950,0.19758660111543586,2000,2.1734884039214686,2.2197518205865503
3941,13951,0.19758660111543586,2000,2.30320178072963,2.1237646483833705
3942,13952,0.19758660111543586,2000,2.314819080094309,2.1498575953424224
3943,13953,0.19758660111543586,2000,2.040852396570764,2.3179614986956
3944,13954,0.19758660111543586,2000,2.6752517937904785,1.833472981801656
3945,13955,0.19758660111543586,2000,2.3172694074055773,2.1551635708849792
3946,13956,0.19758660111543586,2000,2.1431761969170138,2.2806913320327764
3947,13957,0.19758660111543586,2000,2.1747169013720686,2.2954703518367596
3948,13958,0.19758660111543586,2000,2.605333259602116,1.7075006283027712
3949,13959,0.19758660111543586,2000,2.5922487653414272,1.7874620444671823
3950,13960,0.19758660111543586,2000,2.7369535544409,1.5431251374965673
3951,13961,0.19758660111543586,2000,2.673297647043413,1.6358826150617567
3952,13962,0.19758660111543586,2000,2.1957790641171133,2.242786877407032
3953,13963,0.19758660111543586,2000,2.1670689581249176,2.2505896213504744
3954,13964,0.19758660111543586,2000,2.243283999042317,2.1378734193861066
3955,13965,0.19758660111543586,2000,1.9390282303373738,2.4898726986109745
3956,13966,0.19758660111543586,2000,2.402223415490488,2.0463869292422356
3957,13967,0.19758660111543586,2000,2.4678583768667344,1.919117347019285
3958,13968,0.19758660111543586,2000,1.9200279778656566,2.5912154467124027
3959,13969,0.19758660111543586,2000,1.7879892216293978,2.544517498617289
3960,13970,0.19758660111543586,2000,2.805839599862626,1.4464246311646725
3961,13971,0.19758660111543586,2000,2.285461484741089,2.116818724171259
3962,13972,0.19758660111543586,2000,2.6867498049090828,1.5314662429133856
3963,13973,0.19758660111543586,2000,2.4234977942572433,2.0075895187627357
3964,13974,0.19758660111543586,2000,2.1698245617128733,2.2675200753343785
3965,13975,0.19758660111543586,2000,2.688598321489232,1.55533458770369
3966,13976,0.19758660111543586,2000,2.0678149487915802,2.311893939560682
3967,13977,0.19758660111543586,2000,1.7448989200638612,2.61837906875899
3968,13978,0.19758660111543586,2000,2.45156630393999,2.0316277720817784
3969,13979,0.19758660111543586,2000,2.475375465601037,1.9962128787566442
3970,13980,0.19758660111543586,2000,2.096685339439336,2.355611362317537
3971,13981,0.19758660111543586,2000,1.7784380931451533,2.579721184039548
3972,13982,0.19758660111543586,2000,2.101553962007446,2.3352156357510325
3973,13983,0.19758660111543586,2000,2.1299419475889296,2.296223846146298
3974,13984,0.19758660111543586,2000,2.0638870395295195,2.3275921768657666
3975,13985,0.19758660111543586,2000,1.7968390543888983,2.600091308122272
3976,13986,0.19758660111543586,2000,2.3391731189708613,2.0351081346756716
3977,13987,0.19758660111543586,2000,2.2433011947257944,2.1284594695567405
3978,13988,0.19758660111543586,2000,2.5116593185302887,1.8190478651915434
3979,13989,0.19758660111543586,2000,2.185260750180381,2.2371107795915472
3980,13990,0.19758660111543586,2000,2.3311551257851137,2.117630683413723
3981,13991,0.19758660111543586,2000,2.5076716031699213,1.8991945431225425
3982,13992,0.19758660111543586,2000,2.8042553637007663,1.246732569635142
3983,13993,0.19758660111543586,2000,2.0554728728858427,2.377886427050796
3984,13994,0.19758660111543586,2000,1.941176870904253,2.4451459208342943
3985,13995,0.19758660111543586,2000,2.6116293904146697,1.8165143363867178
3986,13996,0.19758660111543586,2000,2.3470683160145764,2.0209688135111903
3987,13997,0.19758660111543586,2000,1.8309541121822561,2.474576778441027
3988,13998,0.19758660111543586,2000,2.462591175447029,1.8640281157670995
3989,13999,0.19758660111543586,2000,2.6247890655276636,1.6461431290046735
3990,14000,0.1111111111111111,200,1.59800957142192,2.713930157369797
3991,14001,0.1111111111111111,200,1.6098496136312257,2.668436698434201
3992,14002,0.1111111111111111,200,1.1854731132097829,2.9191604798610014
3993,14003,0.1111111111111111,200,1.7013812495458567,2.6014052533318526
3994,14004,0.1111111111111111,200,1.6044893740623785,2.691807920677449
3995,14005,0.1111111111111111,200,1.5219124802072888,2.74880509496195
3996,14006,0.1111111111111111,200,1.2471530283470609,2.8772009138908707
3997,14007,0.1111111111111111,200,1.3260049583204725,2.866831541552622
3998,14008,0.1111111111111111,200,1.199828789095848,2.88157365208827
3999,14009,0.1111111111111111,200,2.070650896091117,2.3461936502004375
4000,14010,0.1111111111111111,200,1.4515028682813738,2.760762228265891
4001,14011,0.1111111111111111,200,1.1609269916370661,2.911574151291604
4002,14012,0.1111111111111111,200,1.4715409773679977,2.750995343070688
4003,14013,0.1111111111111111,200,1.479920481436905,2.742609184193989
4004,14014,0.1111111111111111,200,1.5650329089707968,2.7225090785625587
4005,14015,0.1111111111111111,200,1.2650038294065484,2.8748270245729506
4006,14016,0.1111111111111111,200,1.3157378246134364,2.850315999008049
4007,14017,0.1111111111111111,200,1.6374439588512275,2.645512322813068
4008,14018,0.1111111111111111,200,1.1473611532762982,2.9285394266507017
4009,14019,0.1111111111111111,200,2.073172878950033,2.314627749308486
4010,14020,0.1111111111111111,200,1.8210922317667584,2.504405923048169
4011,14021,0.1111111111111111,200,1.695861572139216,2.612819915560143
4012,14022,0.1111111111111111,200,1.6507616773191127,2.63302096180433
4013,14023,0.1111111111111111,200,1.7117510701366911,2.626825542163335
4014,14024,0.1111111111111111,200,1.228671894986989,2.901219916363277
4015,14025,0.1111111111111111,200,1.5241259422731368,2.728100199853258
4016,14026,0.1111111111111111,200,1.4496948193335553,2.7726099810121823
4017,14027,0.1111111111111111,200,1.275735259144532,2.8719905153523215
4018,14028,0.1111111111111111,200,1.2033544658153732,2.9116668450084164
4019,14029,0.1111111111111111,200,1.7361543922475366,2.6034636109985243
4020,14030,0.1111111111111111,200,1.5790925208232243,2.6891910140946815
4021,14031,0.1111111111111111,200,1.3940406869677666,2.7885754096878683
4022,14032,0.1111111111111111,200,1.1361053562655414,2.952153591945916
4023,14033,0.1111111111111111,200,1.237639071559034,2.889197639149826
4024,14034,0.1111111111111111,200,1.7776779752190262,2.559861299461319
4025,14035,0.1111111111111111,200,1.2675565122871417,2.849397693155278
4026,14036,0.1111111111111111,200,1.184270576428387,2.902793462451465
4027,14037,0.1111111111111111,200,1.3988154864869595,2.793189081502067
4028,14038,0.1111111111111111,200,1.881169726219858,2.5015254393819646
4029,14039,0.1111111111111111,200,1.4061245910635596,2.8021589745431386
4030,14040,0.1111111111111111,200,1.0671623064289266,2.9483934094409046
4031,14041,0.1111111111111111,200,1.0817352597063399,2.965676047990299
4032,14042,0.1111111111111111,200,1.1199775849332616,2.9235940730045584
4033,14043,0.1111111111111111,200,1.0166610190207552,2.987541227732186
4034,14044,0.1111111111111111,200,1.6696470195569337,2.6441492752775315
4035,14045,0.1111111111111111,200,1.5022839874634815,2.7507508393346276
4036,14046,0.1111111111111111,200,1.157964236052182,2.9125595088578864
4037,14047,0.1111111111111111,200,1.0637593434471229,2.965085321224089
4038,14048,0.1111111111111111,200,1.1247026768285473,2.9203325686109367
4039,14049,0.1111111111111111,200,1.280576641124662,2.8755742621498572
4040,14050,0.1111111111111111,200,1.515286307613844,2.7441465848140885
4041,14051,0.1111111111111111,200,1.0276435799918016,2.9635586248867893
4042,14052,0.1111111111111111,200,2.189453792086084,2.1906762653524674
4043,14053,0.1111111111111111,200,1.397514756842084,2.7869450020998014
4044,14054,0.1111111111111111,200,2.4884593456271547,1.9071962197916605
4045,14055,0.1111111111111111,200,1.1681464142870444,2.926011925320406
4046,14056,0.1111111111111111,200,1.2869913936103894,2.875150248157536
4047,14057,0.1111111111111111,200,1.608807901269628,2.6635257288770697
4048,14058,0.1111111111111111,200,1.7696548473282476,2.551227140339492
4049,14059,0.1111111111111111,200,1.425258137857909,2.7580725989683503
4050,14060,0.1111111111111111,200,2.0465011687359382,2.350634446536983
4051,14061,0.1111111111111111,200,1.1748439454633952,2.923841378790404
4052,14062,0.1111111111111111,200,2.0978809124580744,2.3118437924988235
4053,14063,0.1111111111111111,200,1.771837882374637,2.6268059777753576
4054,14064,0.1111111111111111,200,2.2842038215051694,2.01870329929638
4055,14065,0.1111111111111111,200,1.251546750204104,2.861713100803209
4056,14066,0.1111111111111111,200,1.8174534094081616,2.591429910883434
4057,14067,0.1111111111111111,200,1.1899840670827904,2.8834989915613587
4058,14068,0.1111111111111111,200,1.2399221293505713,2.8742927315777824
4059,14069,0.1111111111111111,200,1.073866033390956,2.944711244013144
4060,14070,0.1111111111111111,200,1.5439013789083698,2.7252487352343784
4061,14071,0.1111111111111111,200,1.372470138787285,2.8165980869355147
4062,14072,0.1111111111111111,200,1.1394936147619201,2.933018192784388
4063,14073,0.1111111111111111,200,2.186785328632799,2.2114535326594824
4064,14074,0.1111111111111111,200,1.2482588835749906,2.8955752110188513
4065,14075,0.1111111111111111,200,1.859265008570133,2.5440895425582672
4066,14076,0.1111111111111111,200,1.548474873116692,2.7230547158979306
4067,14077,0.1111111111111111,200,1.3712293766996422,2.813351106576095
4068,14078,0.1111111111111111,200,1.7450665544492268,2.5790710188378876
4069,14079,0.1111111111111111,200,1.319062564958983,2.866376869642983
4070,14080,0.1111111111111111,200,1.0597701129724149,2.941971528250975
4071,14081,0.1111111111111111,200,1.5288752779163737,2.73425878331499
4072,14082,0.1111111111111111,200,1.028042500348023,2.955269757445039
4073,14083,0.1111111111111111,200,1.2560553645055703,2.869788394936755
4074,14084,0.1111111111111111,200,1.6942535757327033,2.594639206418831
4075,14085,0.1111111111111111,200,1.469121576935209,2.792792936601991
4076,14086,0.1111111111111111,200,1.416384176499681,2.790322077820046
4077,14087,0.1111111111111111,200,2.036801102850906,2.416697860243015
4078,14088,0.1111111111111111,200,1.648724483153708,2.635467649597998
4079,14089,0.1111111111111111,200,1.5426910717623572,2.7429655249936125
4080,14090,0.1111111111111111,200,1.7025101009556949,2.608188979333364
4081,14091,0.1111111111111111,200,2.4613483064978547,1.905495924072333
4082,14092,0.1111111111111111,200,1.21520322197981,2.8754089024283234
4083,14093,0.1111111111111111,200,2.138331478605289,2.284201172649606
4084,14094,0.1111111111111111,200,1.4248302388334138,2.7835910521333314
4085,14095,0.1111111111111111,200,1.5744891071376297,2.698044932176758
4086,14096,0.1111111111111111,200,1.1512251257046162,2.9335822490806804
4087,14097,0.1111111111111111,200,2.281995698217849,2.1043763022187902
4088,14098,0.1111111111111111,200,1.2561114322899631,2.883800345957372
4089,14099,0.1111111111111111,200,1.485008889373127,2.7658457221364077
4090,14100,0.1111111111111111,400,1.949515124701189,2.4454325059294653
4091,14101,0.1111111111111111,400,1.5240333928456486,2.733233950737655
4092,14102,0.1111111111111111,400,1.8848955818646094,2.4711428063000795
4093,14103,0.1111111111111111,400,1.5140673654999046,2.7449971708598015
4094,14104,0.1111111111111111,400,1.2482195567364027,2.907603645276775
4095,14105,0.1111111111111111,400,1.9918278749333453,2.4262167253095805
4096,14106,0.1111111111111111,400,1.4288938122977017,2.7682749708150096
4097,14107,0.1111111111111111,400,1.272176018827417,2.8742323853560423
4098,14108,0.1111111111111111,400,1.31920247863992,2.867139095823894
4099,14109,0.1111111111111111,400,1.2643930140188049,2.883259831523087
4100,14110,0.1111111111111111,400,1.7681182342364068,2.568583696787921
4101,14111,0.1111111111111111,400,1.2880375576393266,2.8554426543646185
4102,14112,0.1111111111111111,400,1.6751513630051047,2.6506221778524863
4103,14113,0.1111111111111111,400,1.375141094581238,2.789183239303042
4104,14114,0.1111111111111111,400,1.4396261621818858,2.7723417462758198
4105,14115,0.1111111111111111,400,1.4019142628556172,2.799959689115428
4106,14116,0.1111111111111111,400,2.0149782269942498,2.4077206688916535
4107,14117,0.1111111111111111,400,1.6289368090412615,2.6901856010182015
4108,14118,0.1111111111111111,400,1.1064445594303622,2.9307688847215636
4109,14119,0.1111111111111111,400,1.4147725413831824,2.7982005950826556
4110,14120,0.1111111111111111,400,1.9495164407062362,2.443681760508127
4111,14121,0.1111111111111111,400,1.3863386251733012,2.80702001683192
4112,14122,0.1111111111111111,400,2.2150455607144757,2.220039332252315
4113,14123,0.1111111111111111,400,1.2592498128895897,2.8747044774923394
4114,14124,0.1111111111111111,400,1.2346021958326505,2.8884021432550084
4115,14125,0.1111111111111111,400,1.229532769700491,2.8831238180716685
4116,14126,0.1111111111111111,400,1.2449423037046123,2.882865035578474
4117,14127,0.1111111111111111,400,1.355123085948931,2.8166399563025877
4118,14128,0.1111111111111111,400,1.0847657254483707,2.9378849728206973
4119,14129,0.1111111111111111,400,1.5022787317798556,2.748192283541902
4120,14130,0.1111111111111111,400,2.304368065462947,2.12048395701776
4121,14131,0.1111111111111111,400,1.0792082715263305,2.946722829001252
4122,14132,0.1111111111111111,400,1.1665756536863112,2.917257842700391
4123,14133,0.1111111111111111,400,1.8941453500684724,2.502840891444012
4124,14134,0.1111111111111111,400,1.1306482175867523,2.922454769576895
4125,14135,0.1111111111111111,400,1.8811065555176554,2.5093786107519582
4126,14136,0.1111111111111111,400,1.7571982341751045,2.612705294172032
4127,14137,0.1111111111111111,400,1.4630814872331113,2.7686663573571555
4128,14138,0.1111111111111111,400,1.8364269566794302,2.48894706350202
4129,14139,0.1111111111111111,400,1.158742625823336,2.9366611313134205
4130,14140,0.1111111111111111,400,2.0064297611073902,2.3852630950021636
4131,14141,0.1111111111111111,400,1.19186936733368,2.879658065549722
4132,14142,0.1111111111111111,400,1.4816244957810585,2.772201541128161
4133,14143,0.1111111111111111,400,2.647613936966495,1.5970406442360443
4134,14144,0.1111111111111111,400,2.0808983036428805,2.3191979951537265
4135,14145,0.1111111111111111,400,1.136089193488316,2.9432500056744066
4136,14146,0.1111111111111111,400,1.7331868625380036,2.6189482703989557
4137,14147,0.1111111111111111,400,2.1818997493946153,2.2055574623478433
4138,14148,0.1111111111111111,400,2.0144639162028244,2.328732520009158
4139,14149,0.1111111111111111,400,1.8352098636208205,2.5311445686864067
4140,14150,0.1111111111111111,400,1.124641852946725,2.9484586894185454
4141,14151,0.1111111111111111,400,1.798680538328671,2.5465032000877317
4142,14152,0.1111111111111111,400,1.9957806818792132,2.458976756153688
4143,14153,0.1111111111111111,400,1.562655009749385,2.7254680285201864
4144,14154,0.1111111111111111,400,1.1229862649487319,2.929588786180137
4145,14155,0.1111111111111111,400,1.6579847998427173,2.6732096557316254
4146,14156,0.1111111111111111,400,2.0515090238932827,2.353983489395111
4147,14157,0.1111111111111111,400,2.1417239677637325,2.247283915517089
4148,14158,0.1111111111111111,400,1.6687970987294132,2.646175277309399
4149,14159,0.1111111111111111,400,1.8711531160819486,2.4725177795673776
4150,14160,0.1111111111111111,400,1.2493848470496602,2.9053568272101975
4151,14161,0.1111111111111111,400,2.45250362567982,1.8621849749409474
4152,14162,0.1111111111111111,400,2.191807601477456,2.207339056167278
4153,14163,0.1111111111111111,400,1.348378405456516,2.8579629624247227
4154,14164,0.1111111111111111,400,1.345227117169079,2.8434134413064647
4155,14165,0.1111111111111111,400,1.7128395035647954,2.6104993815258553
4156,14166,0.1111111111111111,400,1.5442212362057952,2.7163531759334214
4157,14167,0.1111111111111111,400,2.1197426522205634,2.2997285105842993
4158,14168,0.1111111111111111,400,1.2366098577878701,2.861617933671451
4159,14169,0.1111111111111111,400,1.0641545076892545,2.9673841847721265
4160,14170,0.1111111111111111,400,1.3574094149336249,2.840376085767368
4161,14171,0.1111111111111111,400,1.6546618699206064,2.6654536567027263
4162,14172,0.1111111111111111,400,1.126422219709237,2.9221594746938515
4163,14173,0.1111111111111111,400,1.6079361314895024,2.6899569788658906
4164,14174,0.1111111111111111,400,1.4455838388150304,2.758554269969289
4165,14175,0.1111111111111111,400,2.0196392448900515,2.411483929845992
4166,14176,0.1111111111111111,400,1.2136844563669558,2.89150208543829
4167,14177,0.1111111111111111,400,1.5487885169946929,2.716395634416954
4168,14178,0.1111111111111111,400,2.214322989864263,2.1808574620285075
4169,14179,0.1111111111111111,400,1.905569993667514,2.4363230063743133
4170,14180,0.1111111111111111,400,1.3827839697240338,2.82893654060961
4171,14181,0.1111111111111111,400,1.526432146570227,2.756008923650608
4172,14182,0.1111111111111111,400,1.7054425620485028,2.6667562164278737
4173,14183,0.1111111111111111,400,1.9748095257161726,2.426573387953195
4174,14184,0.1111111111111111,400,1.6955729059515534,2.611407494280711
4175,14185,0.1111111111111111,400,2.3875864509538363,1.9241447875806277
4176,14186,0.1111111111111111,400,1.0870668189066124,2.9384253142907752
4177,14187,0.1111111111111111,400,1.7198427447569542,2.626145533055864
4178,14188,0.1111111111111111,400,2.0578513185996794,2.3115978290331003
4179,14189,0.1111111111111111,400,1.6310128403527933,2.6669839615189117
4180,14190,0.1111111111111111,400,1.3313301006084568,2.839143355916563
4181,14191,0.1111111111111111,400,1.097629392149646,2.934532951617698
4182,14192,0.1111111111111111,400,1.08830824619448,2.9387741112935077
4183,14193,0.1111111111111111,400,1.818771285446743,2.5515706169640398
4184,14194,0.1111111111111111,400,1.4258748819556284,2.7579855860385325
4185,14195,0.1111111111111111,400,1.132867995547372,2.93777809225796
4186,14196,0.1111111111111111,400,1.3048024120946629,2.8445125238481817
4187,14197,0.1111111111111111,400,1.1633907070718683,2.9295223693198196
4188,14198,0.1111111111111111,400,1.3235068097983196,2.846991086601071
4189,14199,0.1111111111111111,400,1.099085264458616,2.9405616300228696
4190,14200,0.1111111111111111,600,1.1565368150610655,2.9296917283537836
4191,14201,0.1111111111111111,600,1.719343945563389,2.583257099700111
4192,14202,0.1111111111111111,600,2.608243627055775,1.6920078920736479
4193,14203,0.1111111111111111,600,2.219480610828479,2.181879725777327
4194,14204,0.1111111111111111,600,1.2379862089781004,2.857190302982166
4195,14205,0.1111111111111111,600,1.572167696584733,2.7460348558330296
4196,14206,0.1111111111111111,600,1.7777880785370204,2.584743439672699
4197,14207,0.1111111111111111,600,2.085528535360117,2.3476118510377812
4198,14208,0.1111111111111111,600,1.4770656133866413,2.7630862750775838
4199,14209,0.1111111111111111,600,1.5303844699470162,2.7029094962726528
4200,14210,0.1111111111111111,600,1.5038458555804974,2.76080424215701
4201,14211,0.1111111111111111,600,1.7827156807926188,2.60427261003675
4202,14212,0.1111111111111111,600,1.6499337510888812,2.6474115703820287
4203,14213,0.1111111111111111,600,1.7185155406723773,2.606335005284483
4204,14214,0.1111111111111111,600,2.120318683785138,2.2558009439694127
4205,14215,0.1111111111111111,600,1.5057662916141563,2.767854033033753
4206,14216,0.1111111111111111,600,1.3057957781406437,2.8596242728532375
4207,14217,0.1111111111111111,600,2.2419762848637497,2.21873791945566
4208,14218,0.1111111111111111,600,1.447230225397488,2.793137730930589
4209,14219,0.1111111111111111,600,1.0221436297165976,2.9876323034587213
4210,14220,0.1111111111111111,600,1.7280180649721975,2.5465148909666477
4211,14221,0.1111111111111111,600,1.496290805675553,2.77572858878926
4212,14222,0.1111111111111111,600,1.8572519724394176,2.5457289475478846
4213,14223,0.1111111111111111,600,1.9813117750142335,2.3561992706240718
4214,14224,0.1111111111111111,600,1.6694024494736728,2.654664887123333
4215,14225,0.1111111111111111,600,1.8636178130201313,2.4979799371091853
4216,14226,0.1111111111111111,600,1.4247413753929334,2.8005838977732167
4217,14227,0.1111111111111111,600,1.6654896841444213,2.6272291377281327
4218,14228,0.1111111111111111,600,2.335967621577312,2.0258325941528614
4219,14229,0.1111111111111111,600,2.2390997508497086,2.118748591292221
4220,14230,0.1111111111111111,600,1.7746701329243084,2.5377722145588595
4221,14231,0.1111111111111111,600,1.7983411402288758,2.5611377902216246
4222,14232,0.1111111111111111,600,1.8784071787371093,2.5050883173123975
4223,14233,0.1111111111111111,600,2.316350313336339,1.9596740062365918
4224,14234,0.1111111111111111,600,1.5910459278811815,2.694214698514295
4225,14235,0.1111111111111111,600,1.9967247882607133,2.444891769574398
4226,14236,0.1111111111111111,600,2.2584358866336767,2.091450271626945
4227,14237,0.1111111111111111,600,1.5753246952706432,2.7441260821951934
4228,14238,0.1111111111111111,600,1.6201011107726344,2.6582344390001333
4229,14239,0.1111111111111111,600,1.2117021212343089,2.8924370496181284
4230,14240,0.1111111111111111,600,1.833437904483421,2.486202237502557
4231,14241,0.1111111111111111,600,1.822247457315736,2.522978989251974
4232,14242,0.1111111111111111,600,1.7974369945074353,2.533261600838906
4233,14243,0.1111111111111111,600,1.9438526304838484,2.4961037891198945
4234,14244,0.1111111111111111,600,2.0989136512521167,2.312783685401374
4235,14245,0.1111111111111111,600,1.7967911706174609,2.551893839255524
4236,14246,0.1111111111111111,600,2.3221147707614493,2.0523776767159823
4237,14247,0.1111111111111111,600,1.8753768060806497,2.5050082450604765
4238,14248,0.1111111111111111,600,1.5073739595169755,2.716361178918015
4239,14249,0.1111111111111111,600,1.080812274414169,2.9722083722227923
4240,14250,0.1111111111111111,600,1.2169954957482134,2.90167268739841
4241,14251,0.1111111111111111,600,1.2815610068774412,2.8453541344147038
4242,14252,0.1111111111111111,600,1.8549731441772643,2.5551395992679025
4243,14253,0.1111111111111111,600,1.720511839348474,2.638323756862039
4244,14254,0.1111111111111111,600,1.8557917265458943,2.489719298640401
4245,14255,0.1111111111111111,600,1.6160594908306898,2.6758916289059407
4246,14256,0.1111111111111111,600,1.9267449175072167,2.4836034466055277
4247,14257,0.1111111111111111,600,1.9907741473811769,2.3793510463909553
4248,14258,0.1111111111111111,600,1.3491323071841692,2.825757345862516
4249,14259,0.1111111111111111,600,1.6448621491855342,2.659314907512576
4250,14260,0.1111111111111111,600,1.2177607251306255,2.9121916538958583
4251,14261,0.1111111111111111,600,1.6155149063678773,2.6815560536138277
4252,14262,0.1111111111111111,600,1.328942073484821,2.8597641694249454
4253,14263,0.1111111111111111,600,1.7562981843029206,2.5680516956270907
4254,14264,0.1111111111111111,600,2.159286163073366,2.2066518684339305
4255,14265,0.1111111111111111,600,1.3074653022267824,2.8616894621620332
4256,14266,0.1111111111111111,600,1.9195373764545458,2.4657094581643095
4257,14267,0.1111111111111111,600,1.3805619142627203,2.8123878287372563
4258,14268,0.1111111111111111,600,1.836843229028096,2.541728268065591
4259,14269,0.1111111111111111,600,2.105488884847464,2.290399237595202
4260,14270,0.1111111111111111,600,1.3151536231746774,2.839734432118228
4261,14271,0.1111111111111111,600,1.703129608866498,2.577773608604907
4262,14272,0.1111111111111111,600,2.2072814199402346,2.236414125834072
4263,14273,0.1111111111111111,600,1.2837122069468276,2.8669748501155494
4264,14274,0.1111111111111111,600,1.9914287265188197,2.3622308439244843
4265,14275,0.1111111111111111,600,1.3085391875764851,2.869510376945653
4266,14276,0.1111111111111111,600,1.761367932261151,2.600994440485951
4267,14277,0.1111111111111111,600,1.8842500171424645,2.5235265601689085
4268,14278,0.1111111111111111,600,1.4620398303938995,2.796861195770699
4269,14279,0.1111111111111111,600,1.5555042663760132,2.729171957033602
4270,14280,0.1111111111111111,600,1.6736917887246285,2.6907368138636913
4271,14281,0.1111111111111111,600,1.194385834241801,2.8925481008945533
4272,14282,0.1111111111111111,600,1.5710491414338006,2.7112770486231392
4273,14283,0.1111111111111111,600,1.2151414662112483,2.877420950545391
4274,14284,0.1111111111111111,600,1.6291066830627643,2.6801418908781214
4275,14285,0.1111111111111111,600,1.9021137184446804,2.456490920628347
4276,14286,0.1111111111111111,600,1.863248552330035,2.4818652037930025
4277,14287,0.1111111111111111,600,1.929951670933067,2.4502744529811897
4278,14288,0.1111111111111111,600,1.862934158689562,2.4996953241214794
4279,14289,0.1111111111111111,600,1.5870944580286583,2.6824549595304754
4280,14290,0.1111111111111111,600,1.8758880611287883,2.515929002136839
4281,14291,0.1111111111111111,600,2.449566773375859,1.9217276467835955
4282,14292,0.1111111111111111,600,1.055041722659881,2.9540917592254456
4283,14293,0.1111111111111111,600,1.4691100869409435,2.742359960876799
4284,14294,0.1111111111111111,600,1.8891786115964606,2.444806923797717
4285,14295,0.1111111111111111,600,2.1500146192490615,2.2107903876142703
4286,14296,0.1111111111111111,600,2.012708835427099,2.3801567658314715
4287,14297,0.1111111111111111,600,1.6296812154415459,2.711561699178332
4288,14298,0.1111111111111111,600,2.0076408992202635,2.3606823299057456
4289,14299,0.1111111111111111,600,1.3239166947672816,2.845886091709606
4290,14300,0.1111111111111111,800,1.0797060672359398,2.931003036370396
4291,14301,0.1111111111111111,800,1.4160373791435918,2.80907098909888
4292,14302,0.1111111111111111,800,2.5618230689893444,1.827968966654576
4293,14303,0.1111111111111111,800,1.6706114973232524,2.6044417001116966
4294,14304,0.1111111111111111,800,1.1540965933258531,2.9154856376083296
4295,14305,0.1111111111111111,800,1.656802265387374,2.6450738421241247
4296,14306,0.1111111111111111,800,1.493878553443553,2.7607996598464695
4297,14307,0.1111111111111111,800,1.9982554758846856,2.317728007709288
4298,14308,0.1111111111111111,800,1.1745409042877406,2.928534336626547
4299,14309,0.1111111111111111,800,1.53681149210791,2.6584301193806033
4300,14310,0.1111111111111111,800,2.202442039739106,2.216175473356378
4301,14311,0.1111111111111111,800,1.314798094725767,2.842689222612406
4302,14312,0.1111111111111111,800,2.1085502310214332,2.401978384954847
4303,14313,0.1111111111111111,800,2.185388942832401,2.2826782808020156
4304,14314,0.1111111111111111,800,1.111238179228409,2.9409287275939073
4305,14315,0.1111111111111111,800,2.331937149049833,2.06681786974675
4306,14316,0.1111111111111111,800,1.3665296594659933,2.807784114975144
4307,14317,0.1111111111111111,800,2.175690059050452,2.2505855730462576
4308,14318,0.1111111111111111,800,1.3566017781346653,2.812515671267131
4309,14319,0.1111111111111111,800,2.277934433988388,2.1408547116730436
4310,14320,0.1111111111111111,800,1.0845079742050348,2.9533127823429006
4311,14321,0.1111111111111111,800,2.0780395201948663,2.3793023946991547
4312,14322,0.1111111111111111,800,1.2764134001302454,2.8529385694804077
4313,14323,0.1111111111111111,800,1.191617502225521,2.9106562096253463
4314,14324,0.1111111111111111,800,1.5001816042969316,2.7672124642500493
4315,14325,0.1111111111111111,800,1.0627473239194147,2.9551275672963433
4316,14326,0.1111111111111111,800,1.2601730819683683,2.880730697502414
4317,14327,0.1111111111111111,800,1.6845505756405845,2.6153602023117175
4318,14328,0.1111111111111111,800,1.4928575184064066,2.7590525213354833
4319,14329,0.1111111111111111,800,1.8501793568003264,2.49872759504616
4320,14330,0.1111111111111111,800,2.3186306087717226,2.093108406221939
4321,14331,0.1111111111111111,800,1.9602294119213894,2.4126867174954243
4322,14332,0.1111111111111111,800,1.30998241750244,2.8612520155290624
4323,14333,0.1111111111111111,800,1.571151082241381,2.6747584696844853
4324,14334,0.1111111111111111,800,1.4397580090777649,2.7947380736090404
4325,14335,0.1111111111111111,800,1.7682550191673976,2.6134444609373624
4326,14336,0.1111111111111111,800,2.255515500671591,2.1638085727223944
4327,14337,0.1111111111111111,800,1.0702975515884003,2.954279505734644
4328,14338,0.1111111111111111,800,1.879650318211933,2.5254517533320344
4329,14339,0.1111111111111111,800,1.536158675673621,2.724244211830583
4330,14340,0.1111111111111111,800,1.6961496588530522,2.603919430663889
4331,14341,0.1111111111111111,800,1.4437403637579438,2.7894053667740635
4332,14342,0.1111111111111111,800,2.0021142468134867,2.411215501316401
4333,14343,0.1111111111111111,800,2.2015735116122963,2.1495291611715066
4334,14344,0.1111111111111111,800,1.1537717024715182,2.933900276673052
4335,14345,0.1111111111111111,800,1.6012239860609245,2.703519800164707
4336,14346,0.1111111111111111,800,2.030125303440052,2.358737947372595
4337,14347,0.1111111111111111,800,2.431404827431431,1.9307797046495996
4338,14348,0.1111111111111111,800,2.3699321977181,2.003070655184458
4339,14349,0.1111111111111111,800,2.505160792112708,1.8536512173425712
4340,14350,0.1111111111111111,800,2.7032506290899616,1.634127341448177
4341,14351,0.1111111111111111,800,1.3484332028709616,2.8478217486133004
4342,14352,0.1111111111111111,800,1.8691352856222043,2.5331015086904847
4343,14353,0.1111111111111111,800,2.3695241282400987,2.0441647962998553
4344,14354,0.1111111111111111,800,2.5231562727362147,1.9529317193932219
4345,14355,0.1111111111111111,800,1.1230838672472483,2.940466764086371
4346,14356,0.1111111111111111,800,1.8255119553709627,2.554276594213838
4347,14357,0.1111111111111111,800,2.144670179924095,2.292712271671758
4348,14358,0.1111111111111111,800,2.2352251780953027,2.168893678840549
4349,14359,0.1111111111111111,800,1.6377875931111217,2.673459312221947
4350,14360,0.1111111111111111,800,1.9673696277242876,2.4091915323089714
4351,14361,0.1111111111111111,800,2.0653990193241034,2.3558207413377716
4352,14362,0.1111111111111111,800,1.8493598339729693,2.494561125009668
4353,14363,0.1111111111111111,800,2.3955008931924033,1.9871211246472527
4354,14364,0.1111111111111111,800,1.3206572032205228,2.8508102905582127
4355,14365,0.1111111111111111,800,1.6624125252631035,2.6666636343850856
4356,14366,0.1111111111111111,800,2.0373168397533217,2.353815493947475
4357,14367,0.1111111111111111,800,1.9991679737541623,2.429927055896781
4358,14368,0.1111111111111111,800,1.9341037235070684,2.4433776727876606
4359,14369,0.1111111111111111,800,2.2378844506774915,2.190025002318085
4360,14370,0.1111111111111111,800,1.6181167182719083,2.6904178078335526
4361,14371,0.1111111111111111,800,2.134262084455514,2.3076798167473798
4362,14372,0.1111111111111111,800,1.4394415382963586,2.8003387353503757
4363,14373,0.1111111111111111,800,2.127334529291132,2.2579044041882295
4364,14374,0.1111111111111111,800,1.4119492657730948,2.7831055183753
4365,14375,0.1111111111111111,800,1.1501812921188292,2.92915230075995
4366,14376,0.1111111111111111,800,2.07682247892765,2.3219567170874726
4367,14377,0.1111111111111111,800,1.9161191447010282,2.465864466750668
4368,14378,0.1111111111111111,800,2.2642904275852818,2.1781336656769565
4369,14379,0.1111111111111111,800,2.212610442199057,2.245065633882326
4370,14380,0.1111111111111111,800,2.000762836065251,2.392139449933939
4371,14381,0.1111111111111111,800,1.478369030973776,2.7605313287569144
4372,14382,0.1111111111111111,800,2.1587138335226337,2.3030242968308063
4373,14383,0.1111111111111111,800,1.438342989318269,2.795661451372065
4374,14384,0.1111111111111111,800,1.7423881529595036,2.6349099828376468
4375,14385,0.1111111111111111,800,1.7204330097014804,2.6604638579869997
4376,14386,0.1111111111111111,800,2.089910458723652,2.3990368186343956
4377,14387,0.1111111111111111,800,1.3089869072301483,2.842410159421566
4378,14388,0.1111111111111111,800,1.1955801653288254,2.920907783246858
4379,14389,0.1111111111111111,800,1.8342014889848728,2.5830806022061217
4380,14390,0.1111111111111111,800,1.9015697237311642,2.4699061814520045
4381,14391,0.1111111111111111,800,2.1033591737983395,2.3632549491103947
4382,14392,0.1111111111111111,800,1.8665186673985243,2.481591668042582
4383,14393,0.1111111111111111,800,1.669992573055478,2.6914522837141557
4384,14394,0.1111111111111111,800,1.7708529708001801,2.5991268982397013
4385,14395,0.1111111111111111,800,1.540194548877201,2.7165679735057724
4386,14396,0.1111111111111111,800,1.6082859062088126,2.7053005624833375
4387,14397,0.1111111111111111,800,1.2656500422623538,2.834545113931168
4388,14398,0.1111111111111111,800,1.1129461215638683,2.959575252278049
4389,14399,0.1111111111111111,800,2.3482998696914286,2.0128789458114134
4390,14400,0.1111111111111111,1000,2.3426495329255292,2.1071307984964456
4391,14401,0.1111111111111111,1000,1.62763702931809,2.690142704958147
4392,14402,0.1111111111111111,1000,1.6107127681945124,2.658149452587684
4393,14403,0.1111111111111111,1000,1.9661399536152249,2.449333956791778
4394,14404,0.1111111111111111,1000,2.2135987938245205,2.243689126066479
4395,14405,0.1111111111111111,1000,1.9977159818030856,2.4243811029986913
4396,14406,0.1111111111111111,1000,1.4596836140026668,2.7914838253895593
4397,14407,0.1111111111111111,1000,1.1047508423106744,2.9511857935255628
4398,14408,0.1111111111111111,1000,1.5207855272973676,2.732344140792546
4399,14409,0.1111111111111111,1000,1.7253905732716817,2.60417987968834
4400,14410,0.1111111111111111,1000,2.4400445346730413,1.9342614915851364
4401,14411,0.1111111111111111,1000,2.0085972736361417,2.4003119379286546
4402,14412,0.1111111111111111,1000,1.9120600313243998,2.4585199813166723
4403,14413,0.1111111111111111,1000,2.119948865114438,2.280494754986081
4404,14414,0.1111111111111111,1000,1.4910415255591996,2.761785708578825
4405,14415,0.1111111111111111,1000,2.479634819924559,1.93723873318427
4406,14416,0.1111111111111111,1000,1.345926463578325,2.8149656152338727
4407,14417,0.1111111111111111,1000,1.892293226398344,2.4983783523935212
4408,14418,0.1111111111111111,1000,1.3912620695826317,2.815858439877544
4409,14419,0.1111111111111111,1000,2.4115644415961888,2.0587264013091713
4410,14420,0.1111111111111111,1000,1.3931765654969779,2.8061655847663007
4411,14421,0.1111111111111111,1000,2.419531392550543,1.9717013534835914
4412,14422,0.1111111111111111,1000,1.7928656919703503,2.54652239708707
4413,14423,0.1111111111111111,1000,1.334278167782519,2.83367900668195
4414,14424,0.1111111111111111,1000,1.1426881208756414,2.9283273518420483
4415,14425,0.1111111111111111,1000,1.7446082035474801,2.6096622574854837
4416,14426,0.1111111111111111,1000,1.1212053698198647,2.9420736052717062
4417,14427,0.1111111111111111,1000,1.6961755518438484,2.5676616499564524
4418,14428,0.1111111111111111,1000,1.9719972841623452,2.4518770144022506
4419,14429,0.1111111111111111,1000,1.8833575874721635,2.5612226654166137
4420,14430,0.1111111111111111,1000,2.049453662570508,2.374710541870847
4421,14431,0.1111111111111111,1000,2.0547827783536787,2.33893639942549
4422,14432,0.1111111111111111,1000,1.491473617575405,2.7740624939665404
4423,14433,0.1111111111111111,1000,1.7584082561370202,2.507698084893304
4424,14434,0.1111111111111111,1000,1.4974082673468738,2.75752942687325
4425,14435,0.1111111111111111,1000,1.7464302828714569,2.63058809454287
4426,14436,0.1111111111111111,1000,2.307831204364478,2.1249106910903137
4427,14437,0.1111111111111111,1000,1.7364226752551126,2.6197909389127654
4428,14438,0.1111111111111111,1000,1.2113998770074468,2.8832217254278603
4429,14439,0.1111111111111111,1000,1.72561300594016,2.635258506951767
4430,14440,0.1111111111111111,1000,1.3211729365631653,2.8317029859922567
4431,14441,0.1111111111111111,1000,1.432906613061879,2.7715153117902975
4432,14442,0.1111111111111111,1000,2.126944469961912,2.345781586745762
4433,14443,0.1111111111111111,1000,2.142315672583989,2.267450921605628
4434,14444,0.1111111111111111,1000,1.9965279172876644,2.4202589210690855
4435,14445,0.1111111111111111,1000,1.8033458525418862,2.571137459574949
4436,14446,0.1111111111111111,1000,2.3482162700593694,2.0976080859930137
4437,14447,0.1111111111111111,1000,2.052548731973787,2.3482143429657305
4438,14448,0.1111111111111111,1000,2.0709389778617955,2.3486183654646284
4439,14449,0.1111111111111111,1000,2.1982815307211685,2.221501094694527
4440,14450,0.1111111111111111,1000,1.6550574941982283,2.7064703837871202
4441,14451,0.1111111111111111,1000,1.039140421029151,2.9745618889029855
4442,14452,0.1111111111111111,1000,2.441055360829922,1.997507797854242
4443,14453,0.1111111111111111,1000,2.511482502966042,1.8300975552210705
4444,14454,0.1111111111111111,1000,2.000230871484896,2.310122275813414
4445,14455,0.1111111111111111,1000,1.2554335798326173,2.8832733280228826
4446,14456,0.1111111111111111,1000,1.8862445332620617,2.4254746791617885
4447,14457,0.1111111111111111,1000,2.101517329930761,2.2857203050242165
4448,14458,0.1111111111111111,1000,2.3295706802696956,2.0665956130200387
4449,14459,0.1111111111111111,1000,1.8986776042408717,2.4571853386417732
4450,14460,0.1111111111111111,1000,1.7564653319052492,2.604050492764089
4451,14461,0.1111111111111111,1000,2.243901093173161,2.174766117651792
4452,14462,0.1111111111111111,1000,1.2185013201577057,2.8839357478387884
4453,14463,0.1111111111111111,1000,1.7721319113265637,2.581146712443367
4454,14464,0.1111111111111111,1000,2.268859401828545,2.1797539862167725
4455,14465,0.1111111111111111,1000,1.4294544713262738,2.829041750540573
4456,14466,0.1111111111111111,1000,1.6433079807377247,2.6617317982742645
4457,14467,0.1111111111111111,1000,1.8841987912596334,2.5093113751778486
4458,14468,0.1111111111111111,1000,2.1171657584742087,2.3183359741099365
4459,14469,0.1111111111111111,1000,2.0125905449148416,2.386507474861544
4460,14470,0.1111111111111111,1000,1.7071488299599356,2.6075444400667194
4461,14471,0.1111111111111111,1000,2.0274349808796908,2.3968049367878144
4462,14472,0.1111111111111111,1000,1.9254603106304877,2.495819182804937
4463,14473,0.1111111111111111,1000,2.3440107799495777,2.0507384865414844
4464,14474,0.1111111111111111,1000,2.367001111955816,2.073751029837986
4465,14475,0.1111111111111111,1000,2.596769339243777,1.6946847192862868
4466,14476,0.1111111111111111,1000,2.1952307848934605,2.2070879018684275
4467,14477,0.1111111111111111,1000,2.778858105668971,1.4675572482911132
4468,14478,0.1111111111111111,1000,1.960100827588598,2.4511797781441227
4469,14479,0.1111111111111111,1000,2.234692213974127,2.228788045182587
4470,14480,0.1111111111111111,1000,2.2810458657778137,2.2113548536986434
4471,14481,0.1111111111111111,1000,1.6319988080674388,2.653709912888074
4472,14482,0.1111111111111111,1000,1.3595419409626353,2.8243984411052634
4473,14483,0.1111111111111111,1000,1.6465108661104289,2.6572549365518485
4474,14484,0.1111111111111111,1000,1.8324185777117001,2.5352590623835263
4475,14485,0.1111111111111111,1000,1.8010685486043267,2.565249227770244
4476,14486,0.1111111111111111,1000,1.5621779568756566,2.711095496931228
4477,14487,0.1111111111111111,1000,1.8702331565256867,2.535404104320313
4478,14488,0.1111111111111111,1000,2.0110334185652983,2.3966530468603526
4479,14489,0.1111111111111111,1000,1.9638662360412937,2.4235818038490633
4480,14490,0.1111111111111111,1000,2.371104002283776,2.041813967090843
4481,14491,0.1111111111111111,1000,1.8469067530791583,2.5319921870984645
4482,14492,0.1111111111111111,1000,1.9317398093847515,2.4783376223555
4483,14493,0.1111111111111111,1000,1.1231640051118483,2.9298426521863496
4484,14494,0.1111111111111111,1000,1.9555003347178335,2.436493057410661
4485,14495,0.1111111111111111,1000,2.2156541285354527,2.072835916262706
4486,14496,0.1111111111111111,1000,1.436236841169866,2.798563512265832
4487,14497,0.1111111111111111,1000,1.6443096065595015,2.6803441351077213
4488,14498,0.1111111111111111,1000,2.2238165031735635,2.208831104590199
4489,14499,0.1111111111111111,1000,1.358650732795248,2.8247530063911523
4490,14500,0.1111111111111111,1200,2.5995161465698238,1.7702133800451119
4491,14501,0.1111111111111111,1200,2.311179071149742,2.108319919607861
4492,14502,0.1111111111111111,1200,2.344592571613212,2.043979516245642
4493,14503,0.1111111111111111,1200,1.8534351145701973,2.547236259832141
4494,14504,0.1111111111111111,1200,2.5621483505720692,1.7697259942039778
4495,14505,0.1111111111111111,1200,1.907499542553391,2.500694214111465
4496,14506,0.1111111111111111,1200,1.6553128540001896,2.6078510741621312
4497,14507,0.1111111111111111,1200,1.6206781796053167,2.7042552760901537
4498,14508,0.1111111111111111,1200,2.439005453548811,1.9940948082395902
4499,14509,0.1111111111111111,1200,1.8981051481863038,2.5314272397647395
4500,14510,0.1111111111111111,1200,2.2106842730799645,2.2045467585615963
4501,14511,0.1111111111111111,1200,2.182434467436386,2.2745523582717935
4502,14512,0.1111111111111111,1200,1.7802708640101517,2.5168856014739043
4503,14513,0.1111111111111111,1200,2.4745048271861547,1.903990684736358
4504,14514,0.1111111111111111,1200,1.3755188786378183,2.808559573897233
4505,14515,0.1111111111111111,1200,2.17078903993385,2.2974816595966114
4506,14516,0.1111111111111111,1200,2.007620381181254,2.4249117052674625
4507,14517,0.1111111111111111,1200,1.9837030371143025,2.4161765236997583
4508,14518,0.1111111111111111,1200,2.024002717743208,2.3857376527683245
4509,14519,0.1111111111111111,1200,2.0539838890981312,2.3431007013985536
4510,14520,0.1111111111111111,1200,1.2053878783587182,2.878100228081196
4511,14521,0.1111111111111111,1200,1.5554899573217333,2.753380248313749
4512,14522,0.1111111111111111,1200,1.7962675512266393,2.5775251579817087
4513,14523,0.1111111111111111,1200,1.2830184254422738,2.8567859594403213
4514,14524,0.1111111111111111,1200,1.177065072222169,2.8947115476646426
4515,14525,0.1111111111111111,1200,1.935568527903842,2.4306613953150804
4516,14526,0.1111111111111111,1200,1.9195535601251763,2.5042066560681264
4517,14527,0.1111111111111111,1200,1.653201889896825,2.694268401079681
4518,14528,0.1111111111111111,1200,2.0482383211694577,2.3878846723270732
4519,14529,0.1111111111111111,1200,1.9619810509975575,2.3922781135946534
4520,14530,0.1111111111111111,1200,1.1433878654998957,2.931132470512288
4521,14531,0.1111111111111111,1200,1.552491153530161,2.710081808939953
4522,14532,0.1111111111111111,1200,2.0330932310347083,2.4325981850766247
4523,14533,0.1111111111111111,1200,2.27375920606732,2.084879773127947
4524,14534,0.1111111111111111,1200,2.045779497264507,2.3546991385742286
4525,14535,0.1111111111111111,1200,1.986236176208897,2.435794740683551
4526,14536,0.1111111111111111,1200,2.4684741672138055,1.8892932630900812
4527,14537,0.1111111111111111,1200,2.2797498803870986,2.113046878469629
4528,14538,0.1111111111111111,1200,1.914127574449552,2.5063622198549464
4529,14539,0.1111111111111111,1200,2.1398092809831475,2.3308100621696726
4530,14540,0.1111111111111111,1200,1.3855991223165889,2.811901692362967
4531,14541,0.1111111111111111,1200,2.0329914627870864,2.384745063150917
4532,14542,0.1111111111111111,1200,2.0155307080549667,2.359070667267497
4533,14543,0.1111111111111111,1200,2.461865856378176,1.8929149555856575
4534,14544,0.1111111111111111,1200,1.4853819620104978,2.7676346921086785
4535,14545,0.1111111111111111,1200,2.3393068802028667,2.0207724142257124
4536,14546,0.1111111111111111,1200,1.9636938429787354,2.4671459391337156
4537,14547,0.1111111111111111,1200,2.4889826084165803,1.9262542898280113
4538,14548,0.1111111111111111,1200,2.060973818325683,2.4148569161543705
4539,14549,0.1111111111111111,1200,2.155130683388995,2.3079120710855494
4540,14550,0.1111111111111111,1200,2.5634100102818502,1.7140490718312182
4541,14551,0.1111111111111111,1200,1.3105444296218356,2.8392697276593095
4542,14552,0.1111111111111111,1200,1.783177157139738,2.5931456838874247
4543,14553,0.1111111111111111,1200,2.2782819924871447,2.146433356764121
4544,14554,0.1111111111111111,1200,1.6536007123561223,2.6796273133522104
4545,14555,0.1111111111111111,1200,1.9144565694517284,2.48302297107785
4546,14556,0.1111111111111111,1200,1.7557924805897425,2.6191626849408385
4547,14557,0.1111111111111111,1200,2.4098632663795847,1.980642103183309
4548,14558,0.1111111111111111,1200,1.4614119701979937,2.7741655704607213
4549,14559,0.1111111111111111,1200,2.1817910027646312,2.2268231699280427
4550,14560,0.1111111111111111,1200,1.549434531359548,2.7675152872562547
4551,14561,0.1111111111111111,1200,2.0075302901276637,2.4671336718934187
4552,14562,0.1111111111111111,1200,1.4446803018211314,2.789102127844779
4553,14563,0.1111111111111111,1200,2.183020352406772,2.2311402451554665
4554,14564,0.1111111111111111,1200,1.808859063796282,2.5550714586172885
4555,14565,0.1111111111111111,1200,1.9572656273155473,2.4502930992566605
4556,14566,0.1111111111111111,1200,1.8437172858811421,2.5357893579515336
4557,14567,0.1111111111111111,1200,2.1011832666298056,2.3251212577729774
4558,14568,0.1111111111111111,1200,2.183714490553103,2.2662156207685724
4559,14569,0.1111111111111111,1200,2.0641010212244515,2.3757224228294738
4560,14570,0.1111111111111111,1200,1.9011174231542092,2.495340820840055
4561,14571,0.1111111111111111,1200,1.9426203066982517,2.495730703433535
4562,14572,0.1111111111111111,1200,2.365709888201086,2.0874167516541684
4563,14573,0.1111111111111111,1200,2.7594695696413596,1.47501379507252
4564,14574,0.1111111111111111,1200,1.8482012889515183,2.52736230751431
4565,14575,0.1111111111111111,1200,2.6182092255149,1.7480683764260239
4566,14576,0.1111111111111111,1200,2.00717329136097,2.3753833382075493
4567,14577,0.1111111111111111,1200,1.9223641203637023,2.4293144610105544
4568,14578,0.1111111111111111,1200,1.8408369663740463,2.5372291813801624
4569,14579,0.1111111111111111,1200,1.7812813578099997,2.56143235093172
4570,14580,0.1111111111111111,1200,2.545902459493317,1.8065174358339804
4571,14581,0.1111111111111111,1200,1.9452372182294257,2.4408905213068914
4572,14582,0.1111111111111111,1200,2.2940142569070585,2.2028714493431294
4573,14583,0.1111111111111111,1200,2.6488496381661926,1.6980089450482256
4574,14584,0.1111111111111111,1200,2.287076565422224,2.1263334005021384
4575,14585,0.1111111111111111,1200,1.6339428689448627,2.6205762961711523
4576,14586,0.1111111111111111,1200,2.511560677085069,1.8879382598991057
4577,14587,0.1111111111111111,1200,2.135379273852317,2.2654461429666926
4578,14588,0.1111111111111111,1200,1.9097006486768273,2.4702720961267524
4579,14589,0.1111111111111111,1200,1.728637101569672,2.636102724026099
4580,14590,0.1111111111111111,1200,1.6266286401558587,2.6840599846904705
4581,14591,0.1111111111111111,1200,1.8321543637024955,2.531718796392778
4582,14592,0.1111111111111111,1200,1.209947502821849,2.878366794588434
4583,14593,0.1111111111111111,1200,2.2968704299571927,2.117395362720365
4584,14594,0.1111111111111111,1200,2.3866459481777995,2.0411146739648673
4585,14595,0.1111111111111111,1200,2.051814005261177,2.3574287862879615
4586,14596,0.1111111111111111,1200,1.7058289134177784,2.671771965741119
4587,14597,0.1111111111111111,1200,1.9154550383483862,2.4508726615420375
4588,14598,0.1111111111111111,1200,2.084622234275251,2.311245185133775
4589,14599,0.1111111111111111,1200,2.075917561763808,2.3579940936347796
4590,14600,0.1111111111111111,1400,2.4121465223425376,2.0064509964868327
4591,14601,0.1111111111111111,1400,1.906728020749687,2.500541438612353
4592,14602,0.1111111111111111,1400,2.528388910802332,1.8524366416833344
4593,14603,0.1111111111111111,1400,2.1080318432119105,2.3348837977882226
4594,14604,0.1111111111111111,1400,2.042944024358784,2.3822817937140917
4595,14605,0.1111111111111111,1400,2.2944078284442417,2.0840248615872192
4596,14606,0.1111111111111111,1400,2.0322418091777097,2.361418811811794
4597,14607,0.1111111111111111,1400,1.8804005480292705,2.5293754922761598
4598,14608,0.1111111111111111,1400,1.44453503469119,2.790123754196995
4599,14609,0.1111111111111111,1400,1.1725970493239157,2.9324746926088956
4600,14610,0.1111111111111111,1400,2.526371738329069,1.859595519330276
4601,14611,0.1111111111111111,1400,2.0881697889552404,2.3422481254538488
4602,14612,0.1111111111111111,1400,1.819594665960361,2.5912928151881887
4603,14613,0.1111111111111111,1400,2.098306217592848,2.355913582110781
4604,14614,0.1111111111111111,1400,2.5029616926391456,1.9126739653652964
4605,14615,0.1111111111111111,1400,2.7885824511755204,1.3638819804014493
4606,14616,0.1111111111111111,1400,2.1962884868404924,2.238998736919384
4607,14617,0.1111111111111111,1400,2.329068268734888,2.0994201226750504
4608,14618,0.1111111111111111,1400,2.2007756056378023,2.22147388849706
4609,14619,0.1111111111111111,1400,1.8353606782869545,2.547812315825242
4610,14620,0.1111111111111111,1400,1.7939438902027383,2.5868563071735298
4611,14621,0.1111111111111111,1400,1.9632647647184729,2.484875688590236
4612,14622,0.1111111111111111,1400,1.2013605613765148,2.897213410115187
4613,14623,0.1111111111111111,1400,1.5542503258582678,2.6662672437048323
4614,14624,0.1111111111111111,1400,2.063019736820541,2.3130589836327373
4615,14625,0.1111111111111111,1400,2.302212354051809,2.079141514083077
4616,14626,0.1111111111111111,1400,2.315728700102864,2.1349610135625405
4617,14627,0.1111111111111111,1400,2.525030919131299,1.9018696502589278
4618,14628,0.1111111111111111,1400,2.257921403008353,2.148469971407657
4619,14629,0.1111111111111111,1400,1.8219920364927205,2.5442034185747198
4620,14630,0.1111111111111111,1400,2.3658837587650923,2.0071901655480593
4621,14631,0.1111111111111111,1400,1.4703343078475848,2.8101100834028405
4622,14632,0.1111111111111111,1400,2.1403069088160787,2.238812295353981
4623,14633,0.1111111111111111,1400,2.112463615606358,2.3427045966498823
4624,14634,0.1111111111111111,1400,2.7513663907636223,1.3903294928866679
4625,14635,0.1111111111111111,1400,2.5636529394489407,1.8093631903901872
4626,14636,0.1111111111111111,1400,2.0032618176113717,2.4131394974495928
4627,14637,0.1111111111111111,1400,2.399300425225875,2.0275100001810817
4628,14638,0.1111111111111111,1400,1.7822490822680777,2.5727634475703094
4629,14639,0.1111111111111111,1400,1.6860795444789214,2.671087093576722
4630,14640,0.1111111111111111,1400,1.8762002567075478,2.537204173518093
4631,14641,0.1111111111111111,1400,2.170095711184588,2.1761135090631027
4632,14642,0.1111111111111111,1400,2.6351109719592194,1.7861326646178495
4633,14643,0.1111111111111111,1400,2.528876361252026,1.7649687723055973
4634,14644,0.1111111111111111,1400,1.851403781505067,2.5118716252548383
4635,14645,0.1111111111111111,1400,2.019723699089749,2.493437981621184
4636,14646,0.1111111111111111,1400,2.011951532804809,2.4118057321810324
4637,14647,0.1111111111111111,1400,2.336796494866504,2.1166897109678606
4638,14648,0.1111111111111111,1400,2.6639212487675166,1.673876399346294
4639,14649,0.1111111111111111,1400,2.2932529093513443,2.165167715968544
4640,14650,0.1111111111111111,1400,2.61042288479704,1.6880590078595863
4641,14651,0.1111111111111111,1400,1.4622551224778324,2.7908668210178553
4642,14652,0.1111111111111111,1400,2.0244949372079906,2.3882819538963127
4643,14653,0.1111111111111111,1400,2.159042487083877,2.308132635293389
4644,14654,0.1111111111111111,1400,1.2688396713082701,2.8760092504721473
4645,14655,0.1111111111111111,1400,1.2939754475609362,2.8413607768174076
4646,14656,0.1111111111111111,1400,2.5644382649537976,1.816961839073754
4647,14657,0.1111111111111111,1400,2.573457975745966,1.7739072727778065
4648,14658,0.1111111111111111,1400,1.9886808482140093,2.391050010505676
4649,14659,0.1111111111111111,1400,2.0376706181331574,2.3563564889686694
4650,14660,0.1111111111111111,1400,2.154195557518645,2.2834074222890477
4651,14661,0.1111111111111111,1400,2.2326361043689245,2.237791779597484
4652,14662,0.1111111111111111,1400,1.3920595529910471,2.781750687274095
4653,14663,0.1111111111111111,1400,2.3311892026122143,2.0654313830306807
4654,14664,0.1111111111111111,1400,2.1170005681737565,2.3172201712696
4655,14665,0.1111111111111111,1400,1.13784490053705,2.914356945241076
4656,14666,0.1111111111111111,1400,2.2945238833922743,2.1307973590124414
4657,14667,0.1111111111111111,1400,2.251871447220709,2.176493436416079
4658,14668,0.1111111111111111,1400,2.549743328385184,1.7916741346544147
4659,14669,0.1111111111111111,1400,1.9810893927878133,2.4763677273276374
4660,14670,0.1111111111111111,1400,1.930380549702847,2.52295037016837
4661,14671,0.1111111111111111,1400,2.6116268222251953,1.6302416346356705
4662,14672,0.1111111111111111,1400,2.076997599424126,2.3773785549777418
4663,14673,0.1111111111111111,1400,1.6891989345838812,2.6689332771382532
4664,14674,0.1111111111111111,1400,2.3160035160371937,2.128585813203265
4665,14675,0.1111111111111111,1400,2.4219550143648076,2.0153648515257014
4666,14676,0.1111111111111111,1400,2.0439069015757725,2.347239519933453
4667,14677,0.1111111111111111,1400,2.3450761573081484,2.0550332457324285
4668,14678,0.1111111111111111,1400,1.6370228246970282,2.7020208314932885
4669,14679,0.1111111111111111,1400,1.91050796703468,2.4975879482631624
4670,14680,0.1111111111111111,1400,1.8304761899603126,2.5221232536809355
4671,14681,0.1111111111111111,1400,1.943795717317336,2.4407449162378225
4672,14682,0.1111111111111111,1400,2.244244316415769,2.201589875192359
4673,14683,0.1111111111111111,1400,1.8786911942041828,2.4892288775679607
4674,14684,0.1111111111111111,1400,2.0665216335951295,2.325440750851714
4675,14685,0.1111111111111111,1400,1.9740820690779088,2.4584539286106257
4676,14686,0.1111111111111111,1400,2.0276416655877734,2.43878879110597
4677,14687,0.1111111111111111,1400,1.7459266756195688,2.6253681531774045
4678,14688,0.1111111111111111,1400,2.0589727476888973,2.3086539118000777
4679,14689,0.1111111111111111,1400,1.9201084108236917,2.4820846306599593
4680,14690,0.1111111111111111,1400,2.051984841307829,2.4023261823762154
4681,14691,0.1111111111111111,1400,2.125912904043223,2.317948385218725
4682,14692,0.1111111111111111,1400,1.718910482452196,2.5848661126940784
4683,14693,0.1111111111111111,1400,1.4331700369615645,2.7347077416875765
4684,14694,0.1111111111111111,1400,2.277783646463651,2.142110409023673
4685,14695,0.1111111111111111,1400,2.187946198190217,2.197300324104203
4686,14696,0.1111111111111111,1400,2.386921203394548,2.025577842710379
4687,14697,0.1111111111111111,1400,2.4283551918094206,2.0605359930515297
4688,14698,0.1111111111111111,1400,2.6719716005884715,1.5946119736551807
4689,14699,0.1111111111111111,1400,2.030783675289093,2.3967185249335783
4690,14700,0.1111111111111111,1600,2.27346954972129,2.1864874566166193
4691,14701,0.1111111111111111,1600,2.4620512076299548,1.912424863715333
4692,14702,0.1111111111111111,1600,2.248875799459693,2.204550490659322
4693,14703,0.1111111111111111,1600,1.7069552718195502,2.5957731975469684
4694,14704,0.1111111111111111,1600,1.9438947937054638,2.3977812594491783
4695,14705,0.1111111111111111,1600,1.8986212038696393,2.5250699117718116
4696,14706,0.1111111111111111,1600,2.661493570786343,1.6870539461613785
4697,14707,0.1111111111111111,1600,1.6422817610273774,2.6982054630962886
4698,14708,0.1111111111111111,1600,2.0697055497539627,2.363819354661147
4699,14709,0.1111111111111111,1600,1.4918046779761003,2.7600200318456922
4700,14710,0.1111111111111111,1600,1.4941575762516235,2.747121850200359
4701,14711,0.1111111111111111,1600,2.2243082010411777,2.208126270126075
4702,14712,0.1111111111111111,1600,2.6520432259540656,1.7221341143145779
4703,14713,0.1111111111111111,1600,2.209733125160681,2.2014670512241614
4704,14714,0.1111111111111111,1600,1.7810979966922176,2.5820520165730323
4705,14715,0.1111111111111111,1600,2.377318965944961,2.094285333856014
4706,14716,0.1111111111111111,1600,2.4617899530867264,1.9791586931791094
4707,14717,0.1111111111111111,1600,2.52591215793132,1.8588223942711206
4708,14718,0.1111111111111111,1600,2.2671327189408523,2.18403473626436
4709,14719,0.1111111111111111,1600,2.510029155961319,1.911078287467078
4710,14720,0.1111111111111111,1600,2.677153112501966,1.5864747620683228
4711,14721,0.1111111111111111,1600,2.4722227114877517,1.9505146741739758
4712,14722,0.1111111111111111,1600,2.1630799517799755,2.297612113255627
4713,14723,0.1111111111111111,1600,2.6296223899019333,1.7487583828967324
4714,14724,0.1111111111111111,1600,1.7400024487276426,2.6275076431819113
4715,14725,0.1111111111111111,1600,1.9125891307317826,2.55358259838351
4716,14726,0.1111111111111111,1600,2.3629095473589055,2.0600219756182763
4717,14727,0.1111111111111111,1600,2.705133224789988,1.6649409486420783
4718,14728,0.1111111111111111,1600,1.5044117314424512,2.745046800951741
4719,14729,0.1111111111111111,1600,2.1969087395337574,2.2182717405035404
4720,14730,0.1111111111111111,1600,2.2257589720717985,2.200921011298628
4721,14731,0.1111111111111111,1600,2.5977628487271582,1.788945767456502
4722,14732,0.1111111111111111,1600,1.758758906622019,2.6347029160076443
4723,14733,0.1111111111111111,1600,2.2405671907425595,2.2089959430373787
4724,14734,0.1111111111111111,1600,1.8491101939459071,2.558433868801816
4725,14735,0.1111111111111111,1600,1.5091619077497636,2.766700579077951
4726,14736,0.1111111111111111,1600,2.436975684878752,1.9819726120897798
4727,14737,0.1111111111111111,1600,1.6783651200603358,2.645797615310793
4728,14738,0.1111111111111111,1600,1.8685122046075109,2.4990037885927525
4729,14739,0.1111111111111111,1600,2.36279491212549,2.158777603909645
4730,14740,0.1111111111111111,1600,2.2021518424221376,2.271792556763306
4731,14741,0.1111111111111111,1600,2.534816733293572,1.8507185774311576
4732,14742,0.1111111111111111,1600,2.4563587136812215,1.9542886149935383
4733,14743,0.1111111111111111,1600,1.9249466614128632,2.4839483409731735
4734,14744,0.1111111111111111,1600,1.5769385549362636,2.671814521474887
4735,14745,0.1111111111111111,1600,2.193213093042569,2.1760226581849973
4736,14746,0.1111111111111111,1600,2.235175593942652,2.176229167912205
4737,14747,0.1111111111111111,1600,2.1577777946532404,2.238732331301649
4738,14748,0.1111111111111111,1600,2.3951191686088817,1.9786507291700972
4739,14749,0.1111111111111111,1600,2.549703334335593,1.790375068819041
4740,14750,0.1111111111111111,1600,2.418840201787202,2.0071726436519035
4741,14751,0.1111111111111111,1600,1.3358164289769996,2.8722994655453817
4742,14752,0.1111111111111111,1600,2.45674575810335,1.928626396394343
4743,14753,0.1111111111111111,1600,2.7449755804581857,1.5525929551216915
4744,14754,0.1111111111111111,1600,1.1427732841515488,2.9258795309667165
4745,14755,0.1111111111111111,1600,1.7101234247744503,2.6689346746386624
4746,14756,0.1111111111111111,1600,1.8504319214739582,2.547123618384799
4747,14757,0.1111111111111111,1600,2.228726786857694,2.191851837962692
4748,14758,0.1111111111111111,1600,2.062814169352964,2.3507311929504096
4749,14759,0.1111111111111111,1600,2.664648862150788,1.6680984163167136
4750,14760,0.1111111111111111,1600,2.348844793974835,2.0888332112540233
4751,14761,0.1111111111111111,1600,2.2592473493475085,2.198562437000974
4752,14762,0.1111111111111111,1600,2.211399205810439,2.220999503537172
4753,14763,0.1111111111111111,1600,2.516864890969513,1.828019322142223
4754,14764,0.1111111111111111,1600,2.316290572705258,2.102982153378007
4755,14765,0.1111111111111111,1600,2.1961924602807392,2.2533566718376545
4756,14766,0.1111111111111111,1600,2.7006576266741233,1.5887332495658861
4757,14767,0.1111111111111111,1600,2.2621725619919753,2.173187481325936
4758,14768,0.1111111111111111,1600,2.145022896339063,2.1978182164303326
4759,14769,0.1111111111111111,1600,2.2593476385303246,2.1083145228669293
4760,14770,0.1111111111111111,1600,1.7800020633634488,2.608022363795768
4761,14771,0.1111111111111111,1600,1.5478299719312596,2.7364653577763067
4762,14772,0.1111111111111111,1600,2.1363300080688576,2.3574139081036316
4763,14773,0.1111111111111111,1600,2.458223098739187,1.93985497372812
4764,14774,0.1111111111111111,1600,1.6271700670868505,2.654967268384505
4765,14775,0.1111111111111111,1600,2.6186018160116182,1.806594439524534
4766,14776,0.1111111111111111,1600,2.0915705956624158,2.3300072120536117
4767,14777,0.1111111111111111,1600,2.331815727744316,2.0655266431006565
4768,14778,0.1111111111111111,1600,2.288331880016084,2.155464754978352
4769,14779,0.1111111111111111,1600,2.436285493834023,1.9897319062430898
4770,14780,0.1111111111111111,1600,2.616961757603732,1.7034571412200006
4771,14781,0.1111111111111111,1600,1.8653709222552055,2.5509023058307396
4772,14782,0.1111111111111111,1600,2.0564913086504584,2.423377116559867
4773,14783,0.1111111111111111,1600,2.0909094522150125,2.355246960183913
4774,14784,0.1111111111111111,1600,1.8819276059472898,2.5236411658880495
4775,14785,0.1111111111111111,1600,1.9429460006008212,2.5140187837107195
4776,14786,0.1111111111111111,1600,2.45808303923788,1.9723108553484234
4777,14787,0.1111111111111111,1600,1.130956735618517,2.927406538954675
4778,14788,0.1111111111111111,1600,2.1295657921578774,2.321046109943018
4779,14789,0.1111111111111111,1600,1.8949448202132253,2.525339437726127
4780,14790,0.1111111111111111,1600,2.1043393860821675,2.335687418295883
4781,14791,0.1111111111111111,1600,2.268235964552002,2.1919638768359997
4782,14792,0.1111111111111111,1600,1.74514628643854,2.611156519266563
4783,14793,0.1111111111111111,1600,1.9908937826672624,2.3722616599160924
4784,14794,0.1111111111111111,1600,2.0376450974477867,2.401907136074731
4785,14795,0.1111111111111111,1600,1.972652824456134,2.492624281725528
4786,14796,0.1111111111111111,1600,2.0196895243432818,2.358311196374088
4787,14797,0.1111111111111111,1600,2.6862109432004546,1.5835717084864835
4788,14798,0.1111111111111111,1600,1.8378561746313156,2.573179060503963
4789,14799,0.1111111111111111,1600,2.0644998935761993,2.4225638617589405
4790,14800,0.1111111111111111,1800,2.3710129062977168,2.0656995180015922
4791,14801,0.1111111111111111,1800,2.1614135595971886,2.2995590437783577
4792,14802,0.1111111111111111,1800,2.3326164162628555,2.1253598806803877
4793,14803,0.1111111111111111,1800,2.451810022449121,1.979252007986395
4794,14804,0.1111111111111111,1800,1.957292639127497,2.451924100953321
4795,14805,0.1111111111111111,1800,2.1215365762265375,2.3323218915188817
4796,14806,0.1111111111111111,1800,1.9311241380172117,2.5341552027323373
4797,14807,0.1111111111111111,1800,2.341921024364598,2.08979260306869
4798,14808,0.1111111111111111,1800,2.2093734297383545,2.201012008176751
4799,14809,0.1111111111111111,1800,2.3334406293432375,2.1454371662554834
4800,14810,0.1111111111111111,1800,2.2841267582611673,2.0853111976796463
4801,14811,0.1111111111111111,1800,1.528712465217471,2.6987726602367266
4802,14812,0.1111111111111111,1800,2.1553263651456085,2.290766835891147
4803,14813,0.1111111111111111,1800,2.657176812412569,1.7022048840875417
4804,14814,0.1111111111111111,1800,1.7258797108090476,2.630380732962375
4805,14815,0.1111111111111111,1800,2.4306323553197386,1.9433072067113126
4806,14816,0.1111111111111111,1800,2.4367595430523807,1.9859733015415504
4807,14817,0.1111111111111111,1800,2.166970272975526,2.2749352135224497
4808,14818,0.1111111111111111,1800,2.5125476152590998,1.8742720192102116
4809,14819,0.1111111111111111,1800,2.037983260088231,2.355936853853489
4810,14820,0.1111111111111111,1800,2.113861485739048,2.3073041363652194
4811,14821,0.1111111111111111,1800,2.54170653661492,1.8282886501299724
4812,14822,0.1111111111111111,1800,2.0496713099336055,2.347256082510791
4813,14823,0.1111111111111111,1800,1.874251796472088,2.5130882441388516
4814,14824,0.1111111111111111,1800,2.1762087492957,2.2584691909408194
4815,14825,0.1111111111111111,1800,1.6480763461342476,2.702416429708338
4816,14826,0.1111111111111111,1800,2.629877540759181,1.7106085666159423
4817,14827,0.1111111111111111,1800,2.074364166034274,2.2556562518999996
4818,14828,0.1111111111111111,1800,1.4508084592175963,2.813366595022934
4819,14829,0.1111111111111111,1800,2.0352250307778874,2.3894567966538323
4820,14830,0.1111111111111111,1800,2.4383505646454635,1.9527835530725626
4821,14831,0.1111111111111111,1800,1.539196314956674,2.7229879024996144
4822,14832,0.1111111111111111,1800,2.6733483506065854,1.6618911209394185
4823,14833,0.1111111111111111,1800,2.4436252176813604,1.9819039852987939
4824,14834,0.1111111111111111,1800,2.210811502474768,2.2281421361922105
4825,14835,0.1111111111111111,1800,1.6202722586942238,2.6938547692400063
4826,14836,0.1111111111111111,1800,2.4806081695050732,1.932307808445172
4827,14837,0.1111111111111111,1800,2.335005392078331,2.1489758552790006
4828,14838,0.1111111111111111,1800,1.9698230431046746,2.4167297431265755
4829,14839,0.1111111111111111,1800,1.5821594026043027,2.6736525881104325
4830,14840,0.1111111111111111,1800,2.3773922790829873,2.0498018301258725
4831,14841,0.1111111111111111,1800,2.335071608660763,2.1272506098291766
4832,14842,0.1111111111111111,1800,2.265894067472714,2.14999386801896
4833,14843,0.1111111111111111,1800,1.57202546005707,2.712175776366035
4834,14844,0.1111111111111111,1800,2.4263430653972984,2.0027791324518143
4835,14845,0.1111111111111111,1800,2.602272011910753,1.7949834787547392
4836,14846,0.1111111111111111,1800,1.8352971533248514,2.5585525760247187
4837,14847,0.1111111111111111,1800,2.1866661439317747,2.213717762348932
4838,14848,0.1111111111111111,1800,2.4008481607675236,1.981362692413461
4839,14849,0.1111111111111111,1800,2.336214376313747,2.145434910524227
4840,14850,0.1111111111111111,1800,1.9594523382725277,2.429200490551321
4841,14851,0.1111111111111111,1800,2.143104777867536,2.2672527327905114
4842,14852,0.1111111111111111,1800,2.1845126380693536,2.2218259667371956
4843,14853,0.1111111111111111,1800,2.4013494898669303,2.006450416087325
4844,14854,0.1111111111111111,1800,1.5045021646040686,2.7784599483924493
4845,14855,0.1111111111111111,1800,2.5438627770843216,1.792173823731492
4846,14856,0.1111111111111111,1800,1.5699774538422238,2.752786713080681
4847,14857,0.1111111111111111,1800,2.551889457636263,1.8213310322120897
4848,14858,0.1111111111111111,1800,1.5858521822109872,2.7287227201504036
4849,14859,0.1111111111111111,1800,2.080223792766156,2.315444415538015
4850,14860,0.1111111111111111,1800,2.14733123446386,2.2991806721747086
4851,14861,0.1111111111111111,1800,2.570335021179463,1.797095811423246
4852,14862,0.1111111111111111,1800,1.1446257707465004,2.9264247207636007
4853,14863,0.1111111111111111,1800,2.3646139177530396,2.1054133409081723
4854,14864,0.1111111111111111,1800,1.103496733017592,2.9614907734275415
4855,14865,0.1111111111111111,1800,1.8207330706714309,2.5192478706857147
4856,14866,0.1111111111111111,1800,2.3330636543062595,2.161232710525821
4857,14867,0.1111111111111111,1800,2.3402778828363084,2.040200274980446
4858,14868,0.1111111111111111,1800,2.301621946343568,2.151049531327646
4859,14869,0.1111111111111111,1800,2.4087317043427796,1.9470499065452749
4860,14870,0.1111111111111111,1800,2.010657450467366,2.40842680703922
4861,14871,0.1111111111111111,1800,2.2553472094734777,2.226335879545842
4862,14872,0.1111111111111111,1800,2.2453690483390734,2.209831353416061
4863,14873,0.1111111111111111,1800,2.4909988389924886,1.8636083633785439
4864,14874,0.1111111111111111,1800,2.007772703007954,2.4535244893557633
4865,14875,0.1111111111111111,1800,2.1763854759359633,2.3118230613796853
4866,14876,0.1111111111111111,1800,2.690045898930385,1.6063108996367077
4867,14877,0.1111111111111111,1800,1.7408365437232276,2.604805635203374
4868,14878,0.1111111111111111,1800,2.246076961339276,2.2098942347134036
4869,14879,0.1111111111111111,1800,2.3993828612241113,2.0288969636656455
4870,14880,0.1111111111111111,1800,2.1662420654741794,2.306029456865499
4871,14881,0.1111111111111111,1800,1.822869406425194,2.5491183361592573
4872,14882,0.1111111111111111,1800,2.4153189280097065,2.052958654653604
4873,14883,0.1111111111111111,1800,2.403509664902691,1.9768411305099138
4874,14884,0.1111111111111111,1800,2.370983001325426,2.0466352231603953
4875,14885,0.1111111111111111,1800,2.1828685952511515,2.235726507291685
4876,14886,0.1111111111111111,1800,2.133022942979914,2.299542940465643
4877,14887,0.1111111111111111,1800,2.232455418878801,2.247428751167224
4878,14888,0.1111111111111111,1800,2.436105475719683,1.96089335905033
4879,14889,0.1111111111111111,1800,2.06363056417683,2.389836185761183
4880,14890,0.1111111111111111,1800,2.509362308862663,1.8669308860707594
4881,14891,0.1111111111111111,1800,2.1583391976732855,2.314670891598557
4882,14892,0.1111111111111111,1800,1.65195939050971,2.6698292807817063
4883,14893,0.1111111111111111,1800,2.442266749880209,1.9718140804522322
4884,14894,0.1111111111111111,1800,2.5262816885657093,1.8135619110334147
4885,14895,0.1111111111111111,1800,2.3528353391735872,2.087924648525802
4886,14896,0.1111111111111111,1800,2.565685108818226,1.7555995571161271
4887,14897,0.1111111111111111,1800,2.1252143695280896,2.277263630627437
4888,14898,0.1111111111111111,1800,2.4749368825570888,1.9096016306215637
4889,14899,0.1111111111111111,1800,1.7627915608601779,2.593592470555625
4890,14900,0.1111111111111111,2000,2.0861227322015203,2.328346513879446
4891,14901,0.1111111111111111,2000,2.391874088818882,2.0277009769822185
4892,14902,0.1111111111111111,2000,2.4355464901102843,2.0223381774785336
4893,14903,0.1111111111111111,2000,1.681031810846695,2.6579060909120362
4894,14904,0.1111111111111111,2000,1.9055681686217014,2.5007900400924146
4895,14905,0.1111111111111111,2000,2.273794114509154,2.1582719887563497
4896,14906,0.1111111111111111,2000,1.2045134588966218,2.9055098531611216
4897,14907,0.1111111111111111,2000,2.3752477554957583,2.0556721745428987
4898,14908,0.1111111111111111,2000,2.4230331673515466,1.9806818000544966
4899,14909,0.1111111111111111,2000,2.1453788921526185,2.288251959319747
4900,14910,0.1111111111111111,2000,2.190322002591432,2.247516376437143
4901,14911,0.1111111111111111,2000,2.162559278624745,2.292716717592578
4902,14912,0.1111111111111111,2000,2.3899368589557834,2.0161621776355587
4903,14913,0.1111111111111111,2000,2.3015801538011935,2.1296175377912983
4904,14914,0.1111111111111111,2000,2.463514148267525,1.9559809156245127
4905,14915,0.1111111111111111,2000,2.47570335159652,1.9388924810324835
4906,14916,0.1111111111111111,2000,2.7049233501889853,1.5876963799287662
4907,14917,0.1111111111111111,2000,2.2969007717347787,2.12194148218845
4908,14918,0.1111111111111111,2000,2.2360518991823355,2.223474099017563
4909,14919,0.1111111111111111,2000,2.4110176591997807,2.043806484586251
4910,14920,0.1111111111111111,2000,2.2723109275094413,2.2116127845837843
4911,14921,0.1111111111111111,2000,1.7911117001859354,2.582919565300595
4912,14922,0.1111111111111111,2000,2.1907764037333983,2.252313733558925
4913,14923,0.1111111111111111,2000,2.1063997457592625,2.3405410145221124
4914,14924,0.1111111111111111,2000,1.801533189128199,2.45552802896715
4915,14925,0.1111111111111111,2000,2.152173041742525,2.257913705500733
4916,14926,0.1111111111111111,2000,2.103812826694952,2.3282214324172616
4917,14927,0.1111111111111111,2000,2.0232031417114915,2.4172136108820457
4918,14928,0.1111111111111111,2000,2.2251893536815692,2.1913353559463276
4919,14929,0.1111111111111111,2000,2.0205060088435305,2.462857967979974
4920,14930,0.1111111111111111,2000,2.40591903058374,2.048087898009471
4921,14931,0.1111111111111111,2000,1.7653290233132488,2.570785727968565
4922,14932,0.1111111111111111,2000,2.2706712104891396,2.1990125849701454
4923,14933,0.1111111111111111,2000,2.3181360727073312,2.1381577546053743
4924,14934,0.1111111111111111,2000,2.4825462452028266,1.9275695136725068
4925,14935,0.1111111111111111,2000,2.6989603006131375,1.613296679868607
4926,14936,0.1111111111111111,2000,2.8697974537698663,1.2260116355266144
4927,14937,0.1111111111111111,2000,2.2203218100423965,2.290715629775123
4928,14938,0.1111111111111111,2000,1.965075753152303,2.507485494471603
4929,14939,0.1111111111111111,2000,1.4585341187872225,2.7876134336111997
4930,14940,0.1111111111111111,2000,2.248068249922046,2.215404891291416
4931,14941,0.1111111111111111,2000,1.86870153503072,2.53458879524152
4932,14942,0.1111111111111111,2000,2.3665121662171007,2.0094514735696074
4933,14943,0.1111111111111111,2000,2.1378847975669517,2.257593315225125
4934,14944,0.1111111111111111,2000,2.727590524055601,1.53684471750883
4935,14945,0.1111111111111111,2000,1.9712497592616038,2.440487268614472
4936,14946,0.1111111111111111,2000,2.275259396176597,2.130830262120013
4937,14947,0.1111111111111111,2000,2.380693589284005,1.993118974120727
4938,14948,0.1111111111111111,2000,2.1897267030141387,2.263734670187456
4939,14949,0.1111111111111111,2000,2.2857782225632834,2.103083173827021
4940,14950,0.1111111111111111,2000,2.210077664005577,2.260508411392664
4941,14951,0.1111111111111111,2000,2.641123846829591,1.7202358344769393
4942,14952,0.1111111111111111,2000,2.3887190111162413,2.070982722933047
4943,14953,0.1111111111111111,2000,2.6117140143668762,1.736692260809468
4944,14954,0.1111111111111111,2000,2.388904260661195,2.0754677633104652
4945,14955,0.1111111111111111,2000,2.340843515564087,2.111882117939091
4946,14956,0.1111111111111111,2000,2.378009501922235,2.041147224115659
4947,14957,0.1111111111111111,2000,2.416944818307803,2.0351591671335543
4948,14958,0.1111111111111111,2000,2.20734707496218,2.237164199540157
4949,14959,0.1111111111111111,2000,1.7892957714422724,2.5594018271322314
4950,14960,0.1111111111111111,2000,2.546795799370286,1.8582875455233936
4951,14961,0.1111111111111111,2000,2.3230716118185573,2.1389120606076344
4952,14962,0.1111111111111111,2000,2.054163676543399,2.3281862025594813
4953,14963,0.1111111111111111,2000,2.062889920345333,2.352312973765455
4954,14964,0.1111111111111111,2000,2.2553892158644167,2.185032561777388
4955,14965,0.1111111111111111,2000,2.2237883817960267,2.2039911218167
4956,14966,0.1111111111111111,2000,2.3103008242783654,2.189625048003847
4957,14967,0.1111111111111111,2000,2.759067427465804,1.5411634023777665
4958,14968,0.1111111111111111,2000,1.9221037104352388,2.49760567658924
4959,14969,0.1111111111111111,2000,2.579428638814128,1.758880403905231
4960,14970,0.1111111111111111,2000,1.8331115843652248,2.5289639283455156
4961,14971,0.1111111111111111,2000,2.7419251567771052,1.6052104113219472
4962,14972,0.1111111111111111,2000,2.5926330388035717,1.7964303335003806
4963,14973,0.1111111111111111,2000,2.6476993576231345,1.6608694530982349
4964,14974,0.1111111111111111,2000,2.4509814007579975,2.0186519010912534
4965,14975,0.1111111111111111,2000,2.3881841862710234,2.024830653905537
4966,14976,0.1111111111111111,2000,2.666905930108559,1.5800291736313932
4967,14977,0.1111111111111111,2000,1.5763812329136122,2.699187681636304
4968,14978,0.1111111111111111,2000,2.119441089298263,2.3361301161095063
4969,14979,0.1111111111111111,2000,2.831794899873447,1.3972884754173411
4970,14980,0.1111111111111111,2000,2.1539195760684597,2.2735861896310747
4971,14981,0.1111111111111111,2000,2.5124759666034935,1.9237541783233998
4972,14982,0.1111111111111111,2000,1.9149563010065946,2.471638436372761
4973,14983,0.1111111111111111,2000,2.591543421948194,1.8243143327325462
4974,14984,0.1111111111111111,2000,2.42258357744148,1.97831927536985
4975,14985,0.1111111111111111,2000,2.5845954237599056,1.8217809110811871
4976,14986,0.1111111111111111,2000,2.3781611017621698,2.051405638324339
4977,14987,0.1111111111111111,2000,2.5942139814475653,1.786523322074703
4978,14988,0.1111111111111111,2000,2.060140931515372,2.364396239140589
4979,14989,0.1111111111111111,2000,2.6159202826138586,1.7625227068601348
4980,14990,0.1111111111111111,2000,2.3311558474597573,2.1468966271229646
4981,14991,0.1111111111111111,2000,2.2987573007851667,2.177777826822221
4982,14992,0.1111111111111111,2000,2.3929786739433174,2.060709917576685
4983,14993,0.1111111111111111,2000,2.1679662910900297,2.2656000236708747
4984,14994,0.1111111111111111,2000,2.3550086932110057,2.090455833951186
4985,14995,0.1111111111111111,2000,2.383014510443272,2.0777011661256943
4986,14996,0.1111111111111111,2000,2.8597569764571475,1.3953388292255906
4987,14997,0.1111111111111111,2000,1.417847711194798,2.7748271133135303
4988,14998,0.1111111111111111,2000,2.07487581591609,2.3746288792205785
4989,14999,0.1111111111111111,2000,2.15216866127031,2.297486189815191
4990,15000,0.062482369465594344,200,1.1151913084236778,2.945089882899965
4991,15001,0.062482369465594344,200,1.718544574670921,2.6386098864337493
4992,15002,0.062482369465594344,200,1.3553860953144354,2.864047747329979
4993,15003,0.062482369465594344,200,1.19060876553254,2.908500377386624
4994,15004,0.062482369465594344,200,2.1758428625148505,2.222123995142695
4995,15005,0.062482369465594344,200,1.241325643329585,2.8626510582331406
4996,15006,0.062482369465594344,200,1.659135915238188,2.637318021686888
4997,15007,0.062482369465594344,200,1.2531269504685005,2.887914959558224
4998,15008,0.062482369465594344,200,1.6842208733383164,2.642870160354739
4999,15009,0.062482369465594344,200,1.1280507042064916,2.9113416539313746
5000,15010,0.062482369465594344,200,1.193684517661459,2.9127086691644033
5001,15011,0.062482369465594344,200,1.1720673256070233,2.899968987765991
5002,15012,0.062482369465594344,200,1.133226937149179,2.945842364619018
5003,15013,0.062482369465594344,200,1.2227851079200067,2.8870856987821094
5004,15014,0.062482369465594344,200,1.73293222067833,2.5918707829681553
5005,15015,0.062482369465594344,200,1.3622433088475554,2.824705402077651
5006,15016,0.062482369465594344,200,1.165375795543797,2.9180225787276948
5007,15017,0.062482369465594344,200,1.530440264112571,2.731535983510166
5008,15018,0.062482369465594344,200,1.2772712146749823,2.873864057896909
5009,15019,0.062482369465594344,200,2.0782328653334154,2.3417236775099837
5010,15020,0.062482369465594344,200,1.0934727777976507,2.930247797661724
5011,15021,0.062482369465594344,200,1.4889130632194167,2.756234100234054
5012,15022,0.062482369465594344,200,1.21654473589788,2.9034698333474536
5013,15023,0.062482369465594344,200,1.1986226695223547,2.898768242597975
5014,15024,0.062482369465594344,200,1.2645527243643193,2.8659761315059895
5015,15025,0.062482369465594344,200,1.7206882703931856,2.5781225331345974
5016,15026,0.062482369465594344,200,1.396765942420162,2.814460981848898
5017,15027,0.062482369465594344,200,1.1599005643678366,2.9034208638090573
5018,15028,0.062482369465594344,200,1.0798974784948543,2.9290053752199476
5019,15029,0.062482369465594344,200,2.1289953415345457,2.202546083902025
5020,15030,0.062482369465594344,200,1.0341260904351561,2.958096366677974
5021,15031,0.062482369465594344,200,1.402918531048327,2.792508308675493
5022,15032,0.062482369465594344,200,1.315254513629831,2.871440470697078
5023,15033,0.062482369465594344,200,1.3808670109600967,2.806018855862102
5024,15034,0.062482369465594344,200,1.2699245710903462,2.8743958044930724
5025,15035,0.062482369465594344,200,1.4214009933240264,2.765866013269126
5026,15036,0.062482369465594344,200,1.157396697973474,2.925101014218048
5027,15037,0.062482369465594344,200,1.1789879550095002,2.905737641356092
5028,15038,0.062482369465594344,200,1.5130096308682601,2.719678691843547
5029,15039,0.062482369465594344,200,1.0633857810973435,2.9446594765738556
5030,15040,0.062482369465594344,200,1.0154481800439479,2.9804019081509034
5031,15041,0.062482369465594344,200,1.2240860357028038,2.9137972663565095
5032,15042,0.062482369465594344,200,1.283289153604576,2.8199578351508476
5033,15043,0.062482369465594344,200,2.0555524498510205,2.3579309334606906
5034,15044,0.062482369465594344,200,1.2400115764839785,2.8679656225518353
5035,15045,0.062482369465594344,200,1.9309802493971824,2.4688649835345755
5036,15046,0.062482369465594344,200,1.0132971146828917,2.9880111824183215
5037,15047,0.062482369465594344,200,1.4982404781750396,2.7765048029996406
5038,15048,0.062482369465594344,200,1.6975426213065403,2.619018899137667
5039,15049,0.062482369465594344,200,1.9415377363621737,2.4713796491648345
5040,15050,0.062482369465594344,200,2.1060889148821884,2.2336769402457124
5041,15051,0.062482369465594344,200,1.3886394914138964,2.8109080650513563
5042,15052,0.062482369465594344,200,1.3256295318208169,2.8667559431778153
5043,15053,0.062482369465594344,200,1.3432167714578012,2.818814337025013
5044,15054,0.062482369465594344,200,1.4484995107740744,2.793119205593783
5045,15055,0.062482369465594344,200,1.5167238030740324,2.717134700134833
5046,15056,0.062482369465594344,200,1.9734294148377323,2.341609831136354
5047,15057,0.062482369465594344,200,1.3360018551982364,2.8368218353991526
5048,15058,0.062482369465594344,200,1.128489213475219,2.9444596074014635
5049,15059,0.062482369465594344,200,1.5561357322507137,2.71067096837559
5050,15060,0.062482369465594344,200,1.672465273609777,2.660943306747001
5051,15061,0.062482369465594344,200,1.1084458096277552,2.925180710846002
5052,15062,0.062482369465594344,200,1.6005523828908808,2.6862689675840543
5053,15063,0.062482369465594344,200,1.2228741610051241,2.8806275997747526
5054,15064,0.062482369465594344,200,1.0425613592027536,2.9568324123275382
5055,15065,0.062482369465594344,200,1.2205085637734632,2.903288291654972
5056,15066,0.062482369465594344,200,1.9007790250223837,2.4916786591073214
5057,15067,0.062482369465594344,200,1.1317573306016697,2.9308870139771637
5058,15068,0.062482369465594344,200,1.0429264242759122,2.959616238976249
5059,15069,0.062482369465594344,200,1.364690449873326,2.7802748520522216
5060,15070,0.062482369465594344,200,1.3035960174963788,2.856551154232497
5061,15071,0.062482369465594344,200,1.1121748875550252,2.935442372298536
5062,15072,0.062482369465594344,200,2.214783262945684,2.1090824321361192
5063,15073,0.062482369465594344,200,1.2948542947761907,2.875860148608959
5064,15074,0.062482369465594344,200,1.6847666889140638,2.645305975317182
5065,15075,0.062482369465594344,200,1.2417188589634165,2.898305797502865
5066,15076,0.062482369465594344,200,1.3140721090663323,2.8560729308048947
5067,15077,0.062482369465594344,200,1.1212561560612975,2.934276578635613
5068,15078,0.062482369465594344,200,1.6443105565771876,2.666716939234519
5069,15079,0.062482369465594344,200,1.063185505584045,2.9613243404447864
5070,15080,0.062482369465594344,200,1.892895780525329,2.4957503220117125
5071,15081,0.062482369465594344,200,1.8182459315950912,2.5626935749017368
5072,15082,0.062482369465594344,200,1.1377515931329993,2.9232083138904423
5073,15083,0.062482369465594344,200,1.2883892787391154,2.866538192105856
5074,15084,0.062482369465594344,200,1.3966635398938658,2.7924761971928413
5075,15085,0.062482369465594344,200,1.9729168464331235,2.423362253469507
5076,15086,0.062482369465594344,200,1.172837226716363,2.906293530007152
5077,15087,0.062482369465594344,200,1.3264519577069804,2.854882475456422
5078,15088,0.062482369465594344,200,1.029914593870179,2.970596758351942
5079,15089,0.062482369465594344,200,1.997261359233327,2.41906318581907
5080,15090,0.062482369465594344,200,1.6386287376410553,2.6631401378196986
5081,15091,0.062482369465594344,200,1.418652169328791,2.8061990881179906
5082,15092,0.062482369465594344,200,1.4103952381613676,2.788968795267166
5083,15093,0.062482369465594344,200,1.6424679308497894,2.6617737634253826
5084,15094,0.062482369465594344,200,1.1982546428465206,2.9068721051716255
5085,15095,0.062482369465594344,200,1.2648982084051927,2.865354703560082
5086,15096,0.062482369465594344,200,1.096820190656676,2.9631525859505032
5087,15097,0.062482369465594344,200,1.0826734580066595,2.9467371202482164
5088,15098,0.062482369465594344,200,1.144575143859208,2.9281009906453566
5089,15099,0.062482369465594344,200,1.0961626738636687,2.9554663152726377
5090,15100,0.062482369465594344,400,1.4647586095935987,2.7878898873945106
5091,15101,0.062482369465594344,400,1.6170702908294494,2.6590856615550402
5092,15102,0.062482369465594344,400,2.192942573695085,2.2128010284270903
5093,15103,0.062482369465594344,400,1.2085954834899613,2.9046494627430106
5094,15104,0.062482369465594344,400,1.3018255792188091,2.8635419375062634
5095,15105,0.062482369465594344,400,1.231177938685993,2.895274348101859
5096,15106,0.062482369465594344,400,1.4478443857261398,2.766461315557895
5097,15107,0.062482369465594344,400,1.1938384372370234,2.906362088542113
5098,15108,0.062482369465594344,400,1.437622010977196,2.8079094778789964
5099,15109,0.062482369465594344,400,1.7833169430041074,2.585792536689124
5100,15110,0.062482369465594344,400,1.6820051792516124,2.6327879818448405
5101,15111,0.062482369465594344,400,1.508119470683208,2.7643160105628555
5102,15112,0.062482369465594344,400,1.535289021253659,2.718721078409713
5103,15113,0.062482369465594344,400,1.4336974505027633,2.7690968853191658
5104,15114,0.062482369465594344,400,1.1772417349883013,2.9242023250947753
5105,15115,0.062482369465594344,400,1.5266974475259951,2.731960549791726
5106,15116,0.062482369465594344,400,1.1937789895083712,2.906737381883457
5107,15117,0.062482369465594344,400,1.0937478341029945,2.947848671188157
5108,15118,0.062482369465594344,400,2.002657590217335,2.374241474296836
5109,15119,0.062482369465594344,400,1.2218744098072192,2.89685326266282
5110,15120,0.062482369465594344,400,1.0392364399381264,2.978469932798835
5111,15121,0.062482369465594344,400,1.7678140108078615,2.5624437548307393
5112,15122,0.062482369465594344,400,1.3197231824426525,2.847615125186112
5113,15123,0.062482369465594344,400,2.058462421890858,2.185622883247924
5114,15124,0.062482369465594344,400,1.4232636108472534,2.77598893253624
5115,15125,0.062482369465594344,400,1.4203422188942034,2.773932660013714
5116,15126,0.062482369465594344,400,1.700365013728108,2.6264173000109277
5117,15127,0.062482369465594344,400,1.19488140230763,2.886785948012192
5118,15128,0.062482369465594344,400,2.1092808392335693,2.2775337936566666
5119,15129,0.062482369465594344,400,1.9269935242331133,2.4472713990084616
5120,15130,0.062482369465594344,400,1.1439648664770006,2.937638941649719
5121,15131,0.062482369465594344,400,1.2905856071445918,2.8651079269074886
5122,15132,0.062482369465594344,400,1.7858490575522534,2.520632276048536
5123,15133,0.062482369465594344,400,1.614296180826957,2.6831788517181474
5124,15134,0.062482369465594344,400,1.274138767862027,2.8546218883926473
5125,15135,0.062482369465594344,400,1.4755276502654318,2.7712700080105614
5126,15136,0.062482369465594344,400,1.2272435457082111,2.8887841300702517
5127,15137,0.062482369465594344,400,1.3158370351695923,2.8328359925815656
5128,15138,0.062482369465594344,400,1.1148075051871718,2.9384192645572105
5129,15139,0.062482369465594344,400,1.3686090007926115,2.809350234443979
5130,15140,0.062482369465594344,400,1.2280454044765237,2.9070222809655406
5131,15141,0.062482369465594344,400,2.0840049836503893,2.3308125095367904
5132,15142,0.062482369465594344,400,1.996855074482312,2.388953883444838
5133,15143,0.062482369465594344,400,1.5017775923041863,2.7383867531103943
5134,15144,0.062482369465594344,400,1.4696336725982575,2.7740473978785727
5135,15145,0.062482369465594344,400,1.0604989792439004,2.9621120738575897
5136,15146,0.062482369465594344,400,1.2967067168363013,2.857048462816514
5137,15147,0.062482369465594344,400,2.049484527530283,2.307818963411472
5138,15148,0.062482369465594344,400,1.846129503209567,2.4985931724133685
5139,15149,0.062482369465594344,400,1.2917349776672449,2.8716788449640482
5140,15150,0.062482369465594344,400,1.5429951963253246,2.719884268346026
5141,15151,0.062482369465594344,400,1.0829481319418952,2.950991446584447
5142,15152,0.062482369465594344,400,1.0590547408331563,2.9695467558035373
5143,15153,0.062482369465594344,400,1.9115332769458118,2.4667148233513907
5144,15154,0.062482369465594344,400,1.0781250482153562,2.9686891594693163
5145,15155,0.062482369465594344,400,1.4143500893838206,2.798033697923414
5146,15156,0.062482369465594344,400,1.9505310185880487,2.426321744456704
5147,15157,0.062482369465594344,400,1.3401175805794951,2.8466805531311223
5148,15158,0.062482369465594344,400,1.145056145841635,2.9275927554603474
5149,15159,0.062482369465594344,400,1.4059470050301008,2.7627244678487006
5150,15160,0.062482369465594344,400,1.789475246092659,2.5865190052141043
5151,15161,0.062482369465594344,400,1.0750071702833097,2.9523983505275053
5152,15162,0.062482369465594344,400,1.0864177989429655,2.929503989214925
5153,15163,0.062482369465594344,400,1.651764912827074,2.638962306705419
5154,15164,0.062482369465594344,400,1.5854347871588161,2.724904560626579
5155,15165,0.062482369465594344,400,1.160484489546165,2.920224551161161
5156,15166,0.062482369465594344,400,1.1465075135421186,2.929708814790099
5157,15167,0.062482369465594344,400,1.5943125389855282,2.7403929155219857
5158,15168,0.062482369465594344,400,2.031970520795167,2.2815623217689387
5159,15169,0.062482369465594344,400,2.343850126492806,2.1432390880698646
5160,15170,0.062482369465594344,400,1.659857642381661,2.6567004682138355
5161,15171,0.062482369465594344,400,1.348721145895642,2.8328926384828845
5162,15172,0.062482369465594344,400,1.4981748237128636,2.7465928776638835
5163,15173,0.062482369465594344,400,1.961734842048943,2.4612917075593375
5164,15174,0.062482369465594344,400,1.9407024684408412,2.4453549634851157
5165,15175,0.062482369465594344,400,1.3997693607273793,2.801270592723208
5166,15176,0.062482369465594344,400,1.6347526678626074,2.6568616329370265
5167,15177,0.062482369465594344,400,1.6706866634584732,2.6674342699456655
5168,15178,0.062482369465594344,400,1.7360961154091803,2.586521706086499
5169,15179,0.062482369465594344,400,1.269717483501203,2.878179306038244
5170,15180,0.062482369465594344,400,1.2753641622889316,2.8770482103172608
5171,15181,0.062482369465594344,400,1.7691937608965156,2.5489511822185262
5172,15182,0.062482369465594344,400,1.7942519851937646,2.558587999106726
5173,15183,0.062482369465594344,400,1.597348496926806,2.6973830441834723
5174,15184,0.062482369465594344,400,2.080852473856699,2.2168797379621763
5175,15185,0.062482369465594344,400,1.1028840828732631,2.9347358616873627
5176,15186,0.062482369465594344,400,1.841269194851316,2.5352441397802563
5177,15187,0.062482369465594344,400,1.5400600936724018,2.7130883932233036
5178,15188,0.062482369465594344,400,1.4805596892637536,2.7407306080783336
5179,15189,0.062482369465594344,400,1.5311559368256114,2.7286123603243064
5180,15190,0.062482369465594344,400,1.508481397320978,2.7546824523099773
5181,15191,0.062482369465594344,400,1.3687330925563674,2.830038048537612
5182,15192,0.062482369465594344,400,1.2874965161499263,2.8558565268744602
5183,15193,0.062482369465594344,400,1.1556637117897313,2.9399891827353186
5184,15194,0.062482369465594344,400,1.2323303278762536,2.901176172957785
5185,15195,0.062482369465594344,400,1.667361194123615,2.677817845652771
5186,15196,0.062482369465594344,400,1.994444691680015,2.3442018040112993
5187,15197,0.062482369465594344,400,1.4870166754041396,2.750699914379896
5188,15198,0.062482369465594344,400,1.5688672709386426,2.709148020111594
5189,15199,0.062482369465594344,400,1.3384632971628663,2.8583774952995795
5190,15200,0.062482369465594344,600,1.3896734792826275,2.790057069410592
5191,15201,0.062482369465594344,600,1.0805056349149713,2.950280984658213
5192,15202,0.062482369465594344,600,2.167838791383653,2.278731053870864
5193,15203,0.062482369465594344,600,1.7013821233641042,2.624896983291364
5194,15204,0.062482369465594344,600,1.1301981242589445,2.922190302298034
5195,15205,0.062482369465594344,600,1.6582200379127898,2.654041858330433
5196,15206,0.062482369465594344,600,1.0916996171686635,2.9532437931429945
5197,15207,0.062482369465594344,600,1.7998578405122019,2.605662726291849
5198,15208,0.062482369465594344,600,1.75249677327882,2.63685601915258
5199,15209,0.062482369465594344,600,2.3706518972738158,2.0163298826803113
5200,15210,0.062482369465594344,600,1.8376766493377015,2.5826189412719485
5201,15211,0.062482369465594344,600,1.5181104852928755,2.764834616887385
5202,15212,0.062482369465594344,600,1.848589988900613,2.482665947795287
5203,15213,0.062482369465594344,600,1.1042503705718627,2.945840635795111
5204,15214,0.062482369465594344,600,1.5553571438075562,2.7154083689766964
5205,15215,0.062482369465594344,600,1.6393897223381348,2.6740474344450567
5206,15216,0.062482369465594344,600,1.0589724915435477,2.9732856785450004
5207,15217,0.062482369465594344,600,2.1613499753536276,2.2050271519669584
5208,15218,0.062482369465594344,600,1.1519028714101827,2.9425930199754005
5209,15219,0.062482369465594344,600,1.362033230526528,2.8234474035518264
5210,15220,0.062482369465594344,600,1.3301131608992232,2.8426109956486014
5211,15221,0.062482369465594344,600,1.0428366806673748,2.9788290156909105
5212,15222,0.062482369465594344,600,1.7628586932860641,2.5672443655290893
5213,15223,0.062482369465594344,600,2.079606355085548,2.340399590273794
5214,15224,0.062482369465594344,600,1.2961212607202142,2.864246793721242
5215,15225,0.062482369465594344,600,1.333714784230228,2.8487999465421465
5216,15226,0.062482369465594344,600,1.4063183924663858,2.8009433397333074
5217,15227,0.062482369465594344,600,1.296167975031699,2.8729579761830615
5218,15228,0.062482369465594344,600,1.8006329491734625,2.5673687703791344
5219,15229,0.062482369465594344,600,1.142610295911466,2.915287272172203
5220,15230,0.062482369465594344,600,2.2316206017329945,2.188631990929058
5221,15231,0.062482369465594344,600,1.5598835710037697,2.7133571891943777
5222,15232,0.062482369465594344,600,1.5205320397670747,2.75406195942167
5223,15233,0.062482369465594344,600,2.081796837100898,2.158347884137844
5224,15234,0.062482369465594344,600,1.3900601377640884,2.836398963852443
5225,15235,0.062482369465594344,600,1.8929907295355846,2.469005705134527
5226,15236,0.062482369465594344,600,1.8838075559261909,2.5388120393854985
5227,15237,0.062482369465594344,600,2.14813369326528,2.263094738753549
5228,15238,0.062482369465594344,600,1.1910695015613355,2.911291107256717
5229,15239,0.062482369465594344,600,1.2229803116369444,2.8771262951836
5230,15240,0.062482369465594344,600,1.7321298040433633,2.550599085342174
5231,15241,0.062482369465594344,600,1.3279928076256158,2.801178150880911
5232,15242,0.062482369465594344,600,2.0645827326424397,2.3387447252310762
5233,15243,0.062482369465594344,600,1.9104021827215067,2.427370301468155
5234,15244,0.062482369465594344,600,1.4011563695415223,2.803756670204387
5235,15245,0.062482369465594344,600,1.7589927063587414,2.564418071605736
5236,15246,0.062482369465594344,600,2.125672166483416,2.295517663785487
5237,15247,0.062482369465594344,600,2.420097557967474,1.9957044510727233
5238,15248,0.062482369465594344,600,1.2429937177121761,2.8801410397666944
5239,15249,0.062482369465594344,600,1.073734449935514,2.9668387318919893
5240,15250,0.062482369465594344,600,1.5024897942503865,2.7612219786095165
5241,15251,0.062482369465594344,600,1.0467038737589947,2.9547116264534514
5242,15252,0.062482369465594344,600,1.0731980260627292,2.9652706699606446
5243,15253,0.062482369465594344,600,1.8081308379447392,2.4901348496054028
5244,15254,0.062482369465594344,600,1.235511150870879,2.8910610931380534
5245,15255,0.062482369465594344,600,1.3405129199656254,2.8385029597462377
5246,15256,0.062482369465594344,600,1.94335068723705,2.459441172756725
5247,15257,0.062482369465594344,600,1.324330752269401,2.8432844002211004
5248,15258,0.062482369465594344,600,1.5256151621520586,2.7298959975067962
5249,15259,0.062482369465594344,600,2.48528867478574,1.8840009636270352
5250,15260,0.062482369465594344,600,1.2634329125302837,2.8653467144962965
5251,15261,0.062482369465594344,600,2.133060307155077,2.3496363515300622
5252,15262,0.062482369465594344,600,1.8718713586626474,2.522026686021145
5253,15263,0.062482369465594344,600,1.3812607635105745,2.803398730124776
5254,15264,0.062482369465594344,600,1.9682994185915181,2.3735072860873023
5255,15265,0.062482369465594344,600,1.756560770433208,2.6222105128640623
5256,15266,0.062482369465594344,600,1.5833728565140752,2.7246905730207063
5257,15267,0.062482369465594344,600,1.881742447968192,2.5144141913740787
5258,15268,0.062482369465594344,600,1.638877847018574,2.6735710209296752
5259,15269,0.062482369465594344,600,1.2723298412418107,2.875814525956009
5260,15270,0.062482369465594344,600,1.384172115001266,2.804828218300418
5261,15271,0.062482369465594344,600,1.4415172294678904,2.7785557784162136
5262,15272,0.062482369465594344,600,2.0194832079436447,2.400921575870697
5263,15273,0.062482369465594344,600,2.5637371627338985,1.668750984700442
5264,15274,0.062482369465594344,600,1.65592173196141,2.6422028331270693
5265,15275,0.062482369465594344,600,1.0731106258295404,2.9510740554593764
5266,15276,0.062482369465594344,600,2.4772532299040755,1.8939307652878596
5267,15277,0.062482369465594344,600,1.5431594864773754,2.720257961672218
5268,15278,0.062482369465594344,600,1.4886411045419727,2.748740505949334
5269,15279,0.062482369465594344,600,1.6893994323860444,2.5881708107489634
5270,15280,0.062482369465594344,600,1.7384331062803415,2.5641673779468754
5271,15281,0.062482369465594344,600,1.5031598640744042,2.737289003786579
5272,15282,0.062482369465594344,600,1.2653939329977002,2.8616764931976575
5273,15283,0.062482369465594344,600,1.437813142867713,2.799674907844609
5274,15284,0.062482369465594344,600,2.026583541430556,2.364426921846271
5275,15285,0.062482369465594344,600,1.4407439199305139,2.79203925517956
5276,15286,0.062482369465594344,600,1.3066633376382109,2.8462832115160843
5277,15287,0.062482369465594344,600,1.6380514124353112,2.6740907733009003
5278,15288,0.062482369465594344,600,1.9575033804888757,2.4237036856530665
5279,15289,0.062482369465594344,600,1.8286655168096613,2.558384769451608
5280,15290,0.062482369465594344,600,1.8158369562745373,2.526013573100051
5281,15291,0.062482369465594344,600,2.2539446377606422,2.2234172448163934
5282,15292,0.062482369465594344,600,1.9269179913276357,2.425303350712731
5283,15293,0.062482369465594344,600,2.203880538566957,2.1771378471944254
5284,15294,0.062482369465594344,600,1.4056120050625893,2.8058640814597604
5285,15295,0.062482369465594344,600,2.1256013010612103,2.272324728391586
5286,15296,0.062482369465594344,600,1.0947202303842012,2.952019528066059
5287,15297,0.062482369465594344,600,1.3352435460828616,2.8611405427440544
5288,15298,0.062482369465594344,600,1.4485077693470811,2.758519997229804
5289,15299,0.062482369465594344,600,1.0618502187186825,2.9646151472577786
5290,15300,0.062482369465594344,800,1.8368792603497268,2.5054164804655037
5291,15301,0.062482369465594344,800,1.3785420816932916,2.851353531807825
5292,15302,0.062482369465594344,800,1.3697332040748957,2.824078560590126
5293,15303,0.062482369465594344,800,1.687085333533176,2.658293690520026
5294,15304,0.062482369465594344,800,2.337199115124438,1.9825161293892335
5295,15305,0.062482369465594344,800,1.6774365587423272,2.664279886036791
5296,15306,0.062482369465594344,800,1.7516086505678992,2.6321097675553906
5297,15307,0.062482369465594344,800,1.4564603817237578,2.7989167188138504
5298,15308,0.062482369465594344,800,2.153084052812948,2.3288761932136417
5299,15309,0.062482369465594344,800,2.193714328649542,2.221086743370931
5300,15310,0.062482369465594344,800,1.7781225265704026,2.5931458270162553
5301,15311,0.062482369465594344,800,1.3905809931701234,2.834059876074316
5302,15312,0.062482369465594344,800,1.3647166734589653,2.8100180516218005
5303,15313,0.062482369465594344,800,2.034291192514389,2.4395015993147013
5304,15314,0.062482369465594344,800,2.1668642765287283,2.2225401397003495
5305,15315,0.062482369465594344,800,1.418304052820567,2.80112812753455
5306,15316,0.062482369465594344,800,1.3610505460905418,2.8095872740687224
5307,15317,0.062482369465594344,800,2.0793475751698973,2.299394819614355
5308,15318,0.062482369465594344,800,1.7316536969336362,2.5438125554203754
5309,15319,0.062482369465594344,800,1.2633408377120057,2.858997041956311
5310,15320,0.062482369465594344,800,1.8868436774399797,2.4510613817728104
5311,15321,0.062482369465594344,800,1.8643335493524245,2.5079659396914002
5312,15322,0.062482369465594344,800,1.7914880428085382,2.5626006217702217
5313,15323,0.062482369465594344,800,2.186498312041262,2.219752085427721
5314,15324,0.062482369465594344,800,2.101331919022968,2.2563591675624686
5315,15325,0.062482369465594344,800,1.060420936389201,2.947976148414644
5316,15326,0.062482369465594344,800,1.7733638780349685,2.538862163657237
5317,15327,0.062482369465594344,800,1.2454762505740777,2.8823483779182686
5318,15328,0.062482369465594344,800,1.2680063116789075,2.870965855144763
5319,15329,0.062482369465594344,800,1.8624687662178587,2.480889969557539
5320,15330,0.062482369465594344,800,1.957452039545953,2.421110328766589
5321,15331,0.062482369465594344,800,2.491252384111717,1.9894330552049546
5322,15332,0.062482369465594344,800,1.1673019631809047,2.933218528224479
5323,15333,0.062482369465594344,800,1.7225972752738286,2.6051897215051842
5324,15334,0.062482369465594344,800,1.69995689330167,2.625114767564718
5325,15335,0.062482369465594344,800,1.8583491503009348,2.5004245808304413
5326,15336,0.062482369465594344,800,1.8605875480642489,2.463472645041617
5327,15337,0.062482369465594344,800,1.5604393948085047,2.723890852568162
5328,15338,0.062482369465594344,800,1.5959584214074083,2.697319973760146
5329,15339,0.062482369465594344,800,1.9482534569202563,2.4140187971286613
5330,15340,0.062482369465594344,800,1.1115387467949331,2.942722937996341
5331,15341,0.062482369465594344,800,1.8221772255824902,2.5692739195580225
5332,15342,0.062482369465594344,800,1.7600198981020152,2.5650504064696436
5333,15343,0.062482369465594344,800,1.802356323542734,2.5437874717165188
5334,15344,0.062482369465594344,800,1.1859671716201994,2.8968092524895157
5335,15345,0.062482369465594344,800,1.419213992239329,2.785724241918742
5336,15346,0.062482369465594344,800,1.9236483565031233,2.417609132814183
5337,15347,0.062482369465594344,800,2.4626990309778876,1.8538212487261405
5338,15348,0.062482369465594344,800,1.3452496788132884,2.8198164254510067
5339,15349,0.062482369465594344,800,1.8137343988498285,2.482741605795108
5340,15350,0.062482369465594344,800,1.5426669357109533,2.7400439435389674
5341,15351,0.062482369465594344,800,1.821541571201276,2.5361209768148534
5342,15352,0.062482369465594344,800,1.5902420469340317,2.6587359181615113
5343,15353,0.062482369465594344,800,1.8690248304961403,2.4490659962890824
5344,15354,0.062482369465594344,800,1.1116014125184077,2.9578142988701854
5345,15355,0.062482369465594344,800,1.4083966852407788,2.779765551642735
5346,15356,0.062482369465594344,800,2.3322269643933877,2.081305794627655
5347,15357,0.062482369465594344,800,2.4813870676031824,1.9122880996396106
5348,15358,0.062482369465594344,800,1.9158049587820265,2.4502737693730685
5349,15359,0.062482369465594344,800,1.0625461808327121,2.9593555324436656
5350,15360,0.062482369465594344,800,1.2922153202854223,2.864843508123383
5351,15361,0.062482369465594344,800,1.9377989911810989,2.430394491027803
5352,15362,0.062482369465594344,800,2.231615776734739,2.158326080964577
5353,15363,0.062482369465594344,800,2.3987093907621295,1.957953202712012
5354,15364,0.062482369465594344,800,2.423857721328866,1.9845406138566986
5355,15365,0.062482369465594344,800,1.748944343290831,2.588657879607621
5356,15366,0.062482369465594344,800,2.19059183282736,2.2280068563987028
5357,15367,0.062482369465594344,800,2.495292500620234,1.858075373884628
5358,15368,0.062482369465594344,800,1.9659601046376836,2.3891290022813267
5359,15369,0.062482369465594344,800,1.5265166561841843,2.7085004230379597
5360,15370,0.062482369465594344,800,2.07608499700389,2.2945829476634425
5361,15371,0.062482369465594344,800,1.166533544703433,2.9189247602760213
5362,15372,0.062482369465594344,800,1.4099050343084412,2.8025578136693285
5363,15373,0.062482369465594344,800,2.0367589476730146,2.402611771362448
5364,15374,0.062482369465594344,800,2.3716104405143468,2.0303440845572465
5365,15375,0.062482369465594344,800,2.1151026333556624,2.159081351987475
5366,15376,0.062482369465594344,800,2.1550864945287067,2.332988347186717
5367,15377,0.062482369465594344,800,1.658041405448087,2.6570365858874823
5368,15378,0.062482369465594344,800,2.1336934535005,2.3060719887600594
5369,15379,0.062482369465594344,800,1.7029941050348327,2.6553357013567185
5370,15380,0.062482369465594344,800,1.1922143623014652,2.8828177054063113
5371,15381,0.062482369465594344,800,1.527522582541851,2.7006405765932953
5372,15382,0.062482369465594344,800,1.2766415681510694,2.882176190561975
5373,15383,0.062482369465594344,800,2.161563748647281,2.2369123128565
5374,15384,0.062482369465594344,800,1.3492963082760911,2.820451862394905
5375,15385,0.062482369465594344,800,1.8972995584847907,2.5043923332893403
5376,15386,0.062482369465594344,800,1.6298389747963271,2.63470731797684
5377,15387,0.062482369465594344,800,1.2305527744226452,2.8798119162773945
5378,15388,0.062482369465594344,800,2.179480742364198,2.1935165496224434
5379,15389,0.062482369465594344,800,1.5703687900901229,2.7102801867705453
5380,15390,0.062482369465594344,800,1.8243894027724612,2.5204597415457286
5381,15391,0.062482369465594344,800,1.4294868758741548,2.8083693036910966
5382,15392,0.062482369465594344,800,1.5440910533028238,2.7434663718221453
5383,15393,0.062482369465594344,800,1.697742802426609,2.6400023533337764
5384,15394,0.062482369465594344,800,1.2806516417868596,2.8574024707633834
5385,15395,0.062482369465594344,800,1.9563422238910426,2.4596101642192365
5386,15396,0.062482369465594344,800,1.5121771970461237,2.7352561468145877
5387,15397,0.062482369465594344,800,1.819317682159762,2.5459748463770038
5388,15398,0.062482369465594344,800,1.4163511536587836,2.7971713017076896
5389,15399,0.062482369465594344,800,1.4124769600922038,2.8135736351089013
5390,15400,0.062482369465594344,1000,2.37792066660286,2.1195387990193457
5391,15401,0.062482369465594344,1000,1.6079008099622232,2.7408207161653637
5392,15402,0.062482369465594344,1000,1.2877781051898711,2.8647853758327533
5393,15403,0.062482369465594344,1000,2.4144344574306227,1.9992218541904818
5394,15404,0.062482369465594344,1000,2.4014325357444246,1.999011987136886
5395,15405,0.062482369465594344,1000,1.677723730560892,2.6759356051085934
5396,15406,0.062482369465594344,1000,1.4777148024994708,2.7420948799902436
5397,15407,0.062482369465594344,1000,1.4357112108771504,2.801894026544628
5398,15408,0.062482369465594344,1000,2.0381353709031567,2.385218548310888
5399,15409,0.062482369465594344,1000,2.1590989030566767,2.2644152225042244
5400,15410,0.062482369465594344,1000,1.53323107542407,2.7224232478595183
5401,15411,0.062482369465594344,1000,2.860177551761132,1.2448641907399518
5402,15412,0.062482369465594344,1000,1.0513490868736104,2.95863672000044
5403,15413,0.062482369465594344,1000,2.3944957431421012,2.0145050058829748
5404,15414,0.062482369465594344,1000,2.389202428590759,2.030449767841077
5405,15415,0.062482369465594344,1000,2.512796436723401,1.8427124523225462
5406,15416,0.062482369465594344,1000,1.8423424374673771,2.513695362895033
5407,15417,0.062482369465594344,1000,1.5252717296217893,2.741699773637615
5408,15418,0.062482369465594344,1000,2.217892977098642,2.2581506052032685
5409,15419,0.062482369465594344,1000,1.0974175736901866,2.946026460697506
5410,15420,0.062482369465594344,1000,2.004310766988427,2.3235979323823646
5411,15421,0.062482369465594344,1000,1.7467808580420026,2.5675432815556496
5412,15422,0.062482369465594344,1000,1.2785887948530517,2.839215366972069
5413,15423,0.062482369465594344,1000,2.1653983855934307,2.265582058832166
5414,15424,0.062482369465594344,1000,1.114385994380275,2.94052600081593
5415,15425,0.062482369465594344,1000,2.37443999024184,2.0154464733767377
5416,15426,0.062482369465594344,1000,1.485755893178985,2.7561362313438726
5417,15427,0.062482369465594344,1000,1.4756427545408648,2.7424918866833567
5418,15428,0.062482369465594344,1000,1.2432402139383478,2.866031420733669
5419,15429,0.062482369465594344,1000,1.710134510916081,2.6628977315184517
5420,15430,0.062482369465594344,1000,1.611211344904217,2.6752725682736687
5421,15431,0.062482369465594344,1000,1.7047067164949674,2.635093205091838
5422,15432,0.062482369465594344,1000,1.8408880216253145,2.5450813289791174
5423,15433,0.062482369465594344,1000,1.1115763723567307,2.9365001607703625
5424,15434,0.062482369465594344,1000,1.4860435422865041,2.7369668771374704
5425,15435,0.062482369465594344,1000,1.4273394788427203,2.7689367710147312
5426,15436,0.062482369465594344,1000,2.3015152846041294,2.142630599060007
5427,15437,0.062482369465594344,1000,1.7800858028378748,2.5636958184110226
5428,15438,0.062482369465594344,1000,1.1119235070222007,2.9301985586866754
5429,15439,0.062482369465594344,1000,1.364158379042015,2.8253107401818154
5430,15440,0.062482369465594344,1000,1.7698899230068943,2.5745454527897986
5431,15441,0.062482369465594344,1000,1.285558041821003,2.8294550134622565
5432,15442,0.062482369465594344,1000,2.4436715795856303,1.940692512871022
5433,15443,0.062482369465594344,1000,1.9688504526960067,2.37162270573397
5434,15444,0.062482369465594344,1000,1.9518694340996674,2.4532576522525824
5435,15445,0.062482369465594344,1000,2.138269747116273,2.261238063403427
5436,15446,0.062482369465594344,1000,1.7014804508874355,2.639635202234177
5437,15447,0.062482369465594344,1000,2.146186914440546,2.278302317893764
5438,15448,0.062482369465594344,1000,1.2609598376439408,2.861627098018039
5439,15449,0.062482369465594344,1000,1.9420199817288708,2.40632284732878
5440,15450,0.062482369465594344,1000,1.580443039138827,2.730065653172253
5441,15451,0.062482369465594344,1000,2.332776029252221,2.0716897522637936
5442,15452,0.062482369465594344,1000,1.2889954648555726,2.8901243281553546
5443,15453,0.062482369465594344,1000,1.623093605025927,2.6500607394423303
5444,15454,0.062482369465594344,1000,1.4775087468384558,2.7500070819105984
5445,15455,0.062482369465594344,1000,1.9842093427400722,2.372937926079835
5446,15456,0.062482369465594344,1000,1.3583628787928101,2.800984405705667
5447,15457,0.062482369465594344,1000,1.834034206196582,2.5892542209258957
5448,15458,0.062482369465594344,1000,1.9704846062756698,2.3915434708190277
5449,15459,0.062482369465594344,1000,1.9133239027019375,2.4501925367459694
5450,15460,0.062482369465594344,1000,2.2471016734198104,2.18052675801506
5451,15461,0.062482369465594344,1000,1.8768048763418084,2.3887534662055514
5452,15462,0.062482369465594344,1000,2.0932970438142737,2.3089687259389278
5453,15463,0.062482369465594344,1000,2.2434416273625537,2.1387472359172888
5454,15464,0.062482369465594344,1000,2.7305317137173377,1.6084447480773771
5455,15465,0.062482369465594344,1000,1.3112340822884851,2.851540691037536
5456,15466,0.062482369465594344,1000,1.7863710434316178,2.579035940181971
5457,15467,0.062482369465594344,1000,2.0288968364680757,2.371598369549791
5458,15468,0.062482369465594344,1000,2.4601250594189543,1.866284494565604
5459,15469,0.062482369465594344,1000,1.8121497392155657,2.5189823394133897
5460,15470,0.062482369465594344,1000,1.437080027212731,2.784490201355151
5461,15471,0.062482369465594344,1000,1.2057317188542602,2.924998118471431
5462,15472,0.062482369465594344,1000,1.1942251282440348,2.9160119220953944
5463,15473,0.062482369465594344,1000,2.527499867579741,1.8806577753584588
5464,15474,0.062482369465594344,1000,2.1924045900001157,2.193793086712024
5465,15475,0.062482369465594344,1000,1.1562014562596985,2.9257347967354788
5466,15476,0.062482369465594344,1000,2.301054477884738,2.1323162148803743
5467,15477,0.062482369465594344,1000,1.4681327578287857,2.745528052467754
5468,15478,0.062482369465594344,1000,1.9192681356971293,2.4855342048043108
5469,15479,0.062482369465594344,1000,1.7239099306102268,2.5830340174661393
5470,15480,0.062482369465594344,1000,1.7811912210587006,2.544784318766545
5471,15481,0.062482369465594344,1000,2.305372886832729,2.101491676928352
5472,15482,0.062482369465594344,1000,1.0760724552385785,2.9629802648827424
5473,15483,0.062482369465594344,1000,2.3488013828114296,2.1263576390603998
5474,15484,0.062482369465594344,1000,1.3685328059033948,2.8170531670063075
5475,15485,0.062482369465594344,1000,1.0461023588096725,2.9781991358230098
5476,15486,0.062482369465594344,1000,1.2441103744544733,2.8808851615082136
5477,15487,0.062482369465594344,1000,2.1019145201328504,2.3081754509698325
5478,15488,0.062482369465594344,1000,2.408341663832826,1.918851112142362
5479,15489,0.062482369465594344,1000,1.5172934953939905,2.7357271547567814
5480,15490,0.062482369465594344,1000,1.3091099140296296,2.8351680702586135
5481,15491,0.062482369465594344,1000,1.2481772815002186,2.864576914135604
5482,15492,0.062482369465594344,1000,1.3866734892931212,2.829807410259066
5483,15493,0.062482369465594344,1000,2.2495217895143815,2.17592814290854
5484,15494,0.062482369465594344,1000,1.6681927797072116,2.696674701539551
5485,15495,0.062482369465594344,1000,1.6241926583108337,2.7093161142598055
5486,15496,0.062482369465594344,1000,1.1398992641063281,2.943928179205191
5487,15497,0.062482369465594344,1000,2.3191237438336416,2.090326510381875
5488,15498,0.062482369465594344,1000,1.6492032030569252,2.6680668304265085
5489,15499,0.062482369465594344,1000,1.2579728948308602,2.8582175434279966
5490,15500,0.062482369465594344,1200,1.5043272255631794,2.7004170251696338
5491,15501,0.062482369465594344,1200,1.9817350672703054,2.4793790092598553
5492,15502,0.062482369465594344,1200,1.368914955100736,2.7660998284408174
5493,15503,0.062482369465594344,1200,1.9434610484402757,2.443981501038514
5494,15504,0.062482369465594344,1200,2.610558845086728,1.744414457360832
5495,15505,0.062482369465594344,1200,2.173959629491299,2.207724798862764
5496,15506,0.062482369465594344,1200,1.2658100458463273,2.8547461967176346
5497,15507,0.062482369465594344,1200,1.6092745748151955,2.718386270500059
5498,15508,0.062482369465594344,1200,1.154535023267793,2.935105085714672
5499,15509,0.062482369465594344,1200,2.0031020642682327,2.5015273254655286
5500,15510,0.062482369465594344,1200,1.3341939454413805,2.8532114547581293
5501,15511,0.062482369465594344,1200,1.5405136935883945,2.719931318143586
5502,15512,0.062482369465594344,1200,2.603800244346322,1.630383623644112
5503,15513,0.062482369465594344,1200,1.9629363932436594,2.4229016588121435
5504,15514,0.062482369465594344,1200,1.6490120122244178,2.6671815343588507
5505,15515,0.062482369465594344,1200,2.2504837704862712,2.149559003493832
5506,15516,0.062482369465594344,1200,1.4359627841851101,2.820276325962122
5507,15517,0.062482369465594344,1200,2.060501841591246,2.338750777842881
5508,15518,0.062482369465594344,1200,1.3078528965011171,2.848715445306388
5509,15519,0.062482369465594344,1200,1.647548913386366,2.659734175759469
5510,15520,0.062482369465594344,1200,1.4707765133801527,2.7167566532776832
5511,15521,0.062482369465594344,1200,1.853158721890652,2.5262996326941707
5512,15522,0.062482369465594344,1200,2.5422900406485676,1.7066196749797835
5513,15523,0.062482369465594344,1200,1.3921942709735677,2.827686626900946
5514,15524,0.062482369465594344,1200,2.0711553233587754,2.3572650824862498
5515,15525,0.062482369465594344,1200,2.3730907720480516,2.0300560419476534
5516,15526,0.062482369465594344,1200,1.7628170575237223,2.5679271320339283
5517,15527,0.062482369465594344,1200,2.4848755832651386,1.8225372116042489
5518,15528,0.062482369465594344,1200,1.3284889286943589,2.830225864763217
5519,15529,0.062482369465594344,1200,1.3083684566065734,2.856561584466868
5520,15530,0.062482369465594344,1200,2.4752018594964906,1.9471333701565274
5521,15531,0.062482369465594344,1200,1.5826179766032449,2.7086225310412897
5522,15532,0.062482369465594344,1200,2.0339549495106715,2.309944839361534
5523,15533,0.062482369465594344,1200,1.661155820404068,2.657409919719316
5524,15534,0.062482369465594344,1200,2.366685528451252,2.049427287534366
5525,15535,0.062482369465594344,1200,2.146131844141294,2.2793789645302
5526,15536,0.062482369465594344,1200,2.2322954634408125,2.211027192935732
5527,15537,0.062482369465594344,1200,1.5754066191675522,2.698859620138782
5528,15538,0.062482369465594344,1200,1.6374860354665763,2.6415942995713566
5529,15539,0.062482369465594344,1200,1.939340814925713,2.440943614967372
5530,15540,0.062482369465594344,1200,1.5244862691248848,2.7332103714288385
5531,15541,0.062482369465594344,1200,1.5792676515321116,2.718279841797245
5532,15542,0.062482369465594344,1200,2.3615350002151088,2.041825738152048
5533,15543,0.062482369465594344,1200,1.26486146570453,2.870624778172067
5534,15544,0.062482369465594344,1200,1.844067822261125,2.5777394153421094
5535,15545,0.062482369465594344,1200,1.6516584874699674,2.6536231156451673
5536,15546,0.062482369465594344,1200,2.449717160058671,1.9993850673453966
5537,15547,0.062482369465594344,1200,1.9189864915054984,2.4800173327149118
5538,15548,0.062482369465594344,1200,2.079037922431405,2.3612766450653195
5539,15549,0.062482369465594344,1200,2.773759175842823,1.5154827602459249
5540,15550,0.062482369465594344,1200,2.0608467617322876,2.375589332271892
5541,15551,0.062482369465594344,1200,1.3751120996960255,2.837097242552755
5542,15552,0.062482369465594344,1200,1.698974683649427,2.66096691358991
5543,15553,0.062482369465594344,1200,2.320595215810987,2.081856038918676
5544,15554,0.062482369465594344,1200,1.6294883467383028,2.574160459968966
5545,15555,0.062482369465594344,1200,2.700107014093672,1.5308647829902617
5546,15556,0.062482369465594344,1200,2.655515094811644,1.7222515748595153
5547,15557,0.062482369465594344,1200,2.202206567500569,2.243340973166815
5548,15558,0.062482369465594344,1200,1.5818637873018913,2.667036909437843
5549,15559,0.062482369465594344,1200,2.32318174092615,2.0627481179094818
5550,15560,0.062482369465594344,1200,1.7030065080469563,2.634056778104569
5551,15561,0.062482369465594344,1200,1.8714654104584227,2.4263791551123512
5552,15562,0.062482369465594344,1200,2.593626156531117,1.731775208255416
5553,15563,0.062482369465594344,1200,2.112071713911906,2.326667708483421
5554,15564,0.062482369465594344,1200,2.305795200488443,1.9618967278581436
5555,15565,0.062482369465594344,1200,1.9516291209456127,2.4151087111088807
5556,15566,0.062482369465594344,1200,1.9552149168011081,2.35742077715319
5557,15567,0.062482369465594344,1200,2.50243516949284,1.9056683272845736
5558,15568,0.062482369465594344,1200,1.9741241781168224,2.430483424252948
5559,15569,0.062482369465594344,1200,2.086764268814944,2.3560273740819535
5560,15570,0.062482369465594344,1200,2.1872478669428435,2.186655255768941
5561,15571,0.062482369465594344,1200,1.0229044148628819,2.985472988387388
5562,15572,0.062482369465594344,1200,1.5267258893903608,2.737093777064938
5563,15573,0.062482369465594344,1200,1.6789814242734997,2.635591256084089
5564,15574,0.062482369465594344,1200,1.7743198481884466,2.602785389198563
5565,15575,0.062482369465594344,1200,1.6436592287223202,2.65499865624154
5566,15576,0.062482369465594344,1200,2.391368952456203,1.9969313467123224
5567,15577,0.062482369465594344,1200,2.54035788429681,1.8244084239920464
5568,15578,0.062482369465594344,1200,2.3924734645120673,1.965988609714337
5569,15579,0.062482369465594344,1200,1.4614861976952636,2.794963149953002
5570,15580,0.062482369465594344,1200,1.103608787729423,2.9352247424352833
5571,15581,0.062482369465594344,1200,2.0763281511842466,2.4187932223350757
5572,15582,0.062482369465594344,1200,1.340620947821893,2.841300924983937
5573,15583,0.062482369465594344,1200,1.3159626074008322,2.869586083100072
5574,15584,0.062482369465594344,1200,2.1027944644873764,2.3276236762551177
5575,15585,0.062482369465594344,1200,1.3649464316483446,2.810185906897625
5576,15586,0.062482369465594344,1200,1.8507400543817418,2.488660764155021
5577,15587,0.062482369465594344,1200,1.8130391248256346,2.4882034900952297
5578,15588,0.062482369465594344,1200,2.13342727824023,2.2570831688672506
5579,15589,0.062482369465594344,1200,1.8692061687841648,2.552147162971621
5580,15590,0.062482369465594344,1200,2.283484661743528,2.0747217136635547
5581,15591,0.062482369465594344,1200,1.6516666506328324,2.6815952354214074
5582,15592,0.062482369465594344,1200,1.5378336968398831,2.6649404745352583
5583,15593,0.062482369465594344,1200,1.6751393305613398,2.6818197965873667
5584,15594,0.062482369465594344,1200,2.65050161483129,1.6252931148909764
5585,15595,0.062482369465594344,1200,2.0659501017635806,2.344096839249396
5586,15596,0.062482369465594344,1200,1.525249349913762,2.706782291399869
5587,15597,0.062482369465594344,1200,2.4686083501795855,1.9316502223061711
5588,15598,0.062482369465594344,1200,1.7143353309282214,2.654169627947936
5589,15599,0.062482369465594344,1200,1.3362114291150722,2.853312507964957
5590,15600,0.062482369465594344,1400,1.5840433721347942,2.697071311170512
5591,15601,0.062482369465594344,1400,1.216915580877238,2.927875341241286
5592,15602,0.062482369465594344,1400,2.6065524082767526,1.7397458359473077
5593,15603,0.062482369465594344,1400,2.503973320951021,1.8522988172020145
5594,15604,0.062482369465594344,1400,1.7656405023893704,2.606237419903499
5595,15605,0.062482369465594344,1400,1.9279293624198275,2.487983962497735
5596,15606,0.062482369465594344,1400,1.3004473643045167,2.8461733588782936
5597,15607,0.062482369465594344,1400,1.457654487573415,2.774295599332232
5598,15608,0.062482369465594344,1400,1.2490722309921414,2.8776165933273115
5599,15609,0.062482369465594344,1400,2.251468612024909,2.173217369022954
5600,15610,0.062482369465594344,1400,1.506222156984758,2.7705826260495883
5601,15611,0.062482369465594344,1400,2.0932201167449302,2.2921537739521374
5602,15612,0.062482369465594344,1400,1.5992058457375797,2.689085816277715
5603,15613,0.062482369465594344,1400,1.159551090872117,2.9132770382670166
5604,15614,0.062482369465594344,1400,2.181154426579952,2.306132319765824
5605,15615,0.062482369465594344,1400,1.9141037633057167,2.4840168109815233
5606,15616,0.062482369465594344,1400,1.8535212898062174,2.543414185607325
5607,15617,0.062482369465594344,1400,1.8481282913608787,2.510927169559675
5608,15618,0.062482369465594344,1400,1.603837203004946,2.7223565016764573
5609,15619,0.062482369465594344,1400,1.8162714239367184,2.5213154145703536
5610,15620,0.062482369465594344,1400,1.2054537364664735,2.919689655322487
5611,15621,0.062482369465594344,1400,1.7393943909703597,2.624560495214137
5612,15622,0.062482369465594344,1400,2.070885757409001,2.376266081375336
5613,15623,0.062482369465594344,1400,1.1769336830166146,2.926488518103713
5614,15624,0.062482369465594344,1400,2.0086800134101934,2.412386670219045
5615,15625,0.062482369465594344,1400,1.3494301895196568,2.8497024703614793
5616,15626,0.062482369465594344,1400,2.1393554025790404,2.2547497173882554
5617,15627,0.062482369465594344,1400,2.3175167922536626,2.118242088699269
5618,15628,0.062482369465594344,1400,1.725843740795192,2.6284663283796665
5619,15629,0.062482369465594344,1400,1.9362304086218114,2.4619050660327253
5620,15630,0.062482369465594344,1400,2.394562629442283,1.9837433219840062
5621,15631,0.062482369465594344,1400,1.6010100051851281,2.677635210095458
5622,15632,0.062482369465594344,1400,2.7352935037340407,1.5629907419122442
5623,15633,0.062482369465594344,1400,1.98613357419489,2.363304855605313
5624,15634,0.062482369465594344,1400,2.396661484345993,1.9667818451797836
5625,15635,0.062482369465594344,1400,1.8624093752369475,2.511315142008426
5626,15636,0.062482369465594344,1400,1.9725319589959915,2.4607513077311127
5627,15637,0.062482369465594344,1400,2.277747333593054,2.1898596054735484
5628,15638,0.062482369465594344,1400,2.4227416830619495,2.0043676450778247
5629,15639,0.062482369465594344,1400,1.1790556112636033,2.92017804048909
5630,15640,0.062482369465594344,1400,1.319888149664233,2.8558756346922243
5631,15641,0.062482369465594344,1400,2.0212294862488087,2.4111750140801598
5632,15642,0.062482369465594344,1400,2.042734869635068,2.35215600940531
5633,15643,0.062482369465594344,1400,1.7067816450322524,2.6107771123716126
5634,15644,0.062482369465594344,1400,2.4906892082801027,1.8786343816402222
5635,15645,0.062482369465594344,1400,1.7446942488761183,2.5804305051964884
5636,15646,0.062482369465594344,1400,2.1268811627884685,2.293556874771999
5637,15647,0.062482369465594344,1400,2.3931684194628344,2.0521219056599915
5638,15648,0.062482369465594344,1400,1.7908781600514079,2.5696772782956603
5639,15649,0.062482369465594344,1400,2.217962279860995,2.314053429342662
5640,15650,0.062482369465594344,1400,1.1891175453063276,2.907197350741107
5641,15651,0.062482369465594344,1400,1.171448892700115,2.9199700252815015
5642,15652,0.062482369465594344,1400,1.5589616237546209,2.7455693886787245
5643,15653,0.062482369465594344,1400,1.9523265127814369,2.447673573420219
5644,15654,0.062482369465594344,1400,1.9822757187253373,2.3846610747102583
5645,15655,0.062482369465594344,1400,2.1697040217590366,2.2179577191146285
5646,15656,0.062482369465594344,1400,2.3410139869890596,2.122089172926277
5647,15657,0.062482369465594344,1400,2.36319808488999,2.1479201273520627
5648,15658,0.062482369465594344,1400,2.43146486063166,2.0031835596848415
5649,15659,0.062482369465594344,1400,1.7204048620022565,2.6008054519018855
5650,15660,0.062482369465594344,1400,1.9861039167361778,2.3465058964000205
5651,15661,0.062482369465594344,1400,2.2498493387443883,2.1449114700560523
5652,15662,0.062482369465594344,1400,2.0871472563841147,2.3199789706201863
5653,15663,0.062482369465594344,1400,2.270998465185615,2.1313656367272293
5654,15664,0.062482369465594344,1400,2.6615957573846787,1.689085653659241
5655,15665,0.062482369465594344,1400,2.0403415772009232,2.4361589857568897
5656,15666,0.062482369465594344,1400,2.2504719562139024,2.185175504763915
5657,15667,0.062482369465594344,1400,2.2595881815718553,2.1198141117154297
5658,15668,0.062482369465594344,1400,1.7952977808654556,2.576712910760875
5659,15669,0.062482369465594344,1400,1.6547537427324812,2.65474025589145
5660,15670,0.062482369465594344,1400,2.3406290917672488,2.1638523533764156
5661,15671,0.062482369465594344,1400,2.554317904148615,1.844615543546335
5662,15672,0.062482369465594344,1400,1.9975666435535686,2.4180447500909503
5663,15673,0.062482369465594344,1400,2.2692813299981567,2.2002469970582323
5664,15674,0.062482369465594344,1400,1.8349744824277026,2.5655731768341163
5665,15675,0.062482369465594344,1400,2.6857593458945863,1.5084849638070126
5666,15676,0.062482369465594344,1400,2.391699036443294,1.9949929122805088
5667,15677,0.062482369465594344,1400,2.315012391136362,2.1042075450010573
5668,15678,0.062482369465594344,1400,2.2684063118163618,2.125799689466595
5669,15679,0.062482369465594344,1400,2.2337343646310965,2.236945051327319
5670,15680,0.062482369465594344,1400,2.0389497792389903,2.4806773671387345
5671,15681,0.062482369465594344,1400,2.7361630692916803,1.5392046030102906
5672,15682,0.062482369465594344,1400,1.1058910762666678,2.9359990325634757
5673,15683,0.062482369465594344,1400,1.0739440374043026,2.9441387547601496
5674,15684,0.062482369465594344,1400,2.2359482118457015,2.1721259865955007
5675,15685,0.062482369465594344,1400,1.8933692842206322,2.5479349295105362
5676,15686,0.062482369465594344,1400,2.724139779320743,1.5348017162122125
5677,15687,0.062482369465594344,1400,2.0775832307460282,2.323967715810464
5678,15688,0.062482369465594344,1400,1.9498567967619025,2.413165272123712
5679,15689,0.062482369465594344,1400,1.2463182191757198,2.8803752798281828
5680,15690,0.062482369465594344,1400,2.4166313666232218,2.0822566811661023
5681,15691,0.062482369465594344,1400,2.1824239284138587,2.3127626048063807
5682,15692,0.062482369465594344,1400,2.4821140737540337,1.8464816898262542
5683,15693,0.062482369465594344,1400,1.9448281149362003,2.473535629932264
5684,15694,0.062482369465594344,1400,2.294013973854157,2.1947251269849657
5685,15695,0.062482369465594344,1400,2.0866926220469244,2.2994067022569964
5686,15696,0.062482369465594344,1400,1.1707135651758604,2.907992526734054
5687,15697,0.062482369465594344,1400,1.5358412867568183,2.738910136337246
5688,15698,0.062482369465594344,1400,1.5521607150331695,2.704077117274513
5689,15699,0.062482369465594344,1400,2.145750822677546,2.2302236599504295
5690,15700,0.062482369465594344,1600,2.1430451815234655,2.3518909740654905
5691,15701,0.062482369465594344,1600,1.6347263447827711,2.716096855215784
5692,15702,0.062482369465594344,1600,2.121925137485185,2.224914648198687
5693,15703,0.062482369465594344,1600,2.2054820911863837,2.2156563964751252
5694,15704,0.062482369465594344,1600,2.2482430063178587,2.1903403148255993
5695,15705,0.062482369465594344,1600,2.1330733124366574,2.3209548875225954
5696,15706,0.062482369465594344,1600,2.2780816798422427,2.0695663063762657
5697,15707,0.062482369465594344,1600,1.1442420713447643,2.9284969259005815
5698,15708,0.062482369465594344,1600,2.6407774221312383,1.7311085347202742
5699,15709,0.062482369465594344,1600,2.0357039785083955,2.4320168667270425
5700,15710,0.062482369465594344,1600,1.6783429189432375,2.640909050722813
5701,15711,0.062482369465594344,1600,2.4438150838380444,1.9207617080404227
5702,15712,0.062482369465594344,1600,1.9383668606449742,2.449649530143124
5703,15713,0.062482369465594344,1600,2.127468762657655,2.324607336281139
5704,15714,0.062482369465594344,1600,2.455029614241682,1.992538705276821
5705,15715,0.062482369465594344,1600,2.2768934257124744,2.167558719166217
5706,15716,0.062482369465594344,1600,2.271904269029168,2.17792003993605
5707,15717,0.062482369465594344,1600,2.5118545662080605,1.8810394198750722
5708,15718,0.062482369465594344,1600,2.010259253388635,2.454213523442065
5709,15719,0.062482369465594344,1600,2.0585457643950598,2.394581626234621
5710,15720,0.062482369465594344,1600,1.701681448652678,2.6150541009743278
5711,15721,0.062482369465594344,1600,2.510729444416537,1.8586044766122751
5712,15722,0.062482369465594344,1600,1.9874242591562479,2.4291582707086405
5713,15723,0.062482369465594344,1600,1.9293354119493125,2.4938763836403264
5714,15724,0.062482369465594344,1600,2.598716062515161,1.7109787296666141
5715,15725,0.062482369465594344,1600,1.6560569537714436,2.6730792721832257
5716,15726,0.062482369465594344,1600,2.3576343656292003,2.0750534807393195
5717,15727,0.062482369465594344,1600,1.875812647155699,2.5533353384992568
5718,15728,0.062482369465594344,1600,2.0097176395190934,2.383961872219734
5719,15729,0.062482369465594344,1600,1.8073905369904804,2.5488501759213675
5720,15730,0.062482369465594344,1600,1.4233626884028439,2.7916074521607634
5721,15731,0.062482369465594344,1600,2.3307470029154316,2.0476203510025557
5722,15732,0.062482369465594344,1600,2.5524798505244206,1.7792861397302429
5723,15733,0.062482369465594344,1600,1.9659594437566112,2.447313904590683
5724,15734,0.062482369465594344,1600,1.8389869652656436,2.537567948593652
5725,15735,0.062482369465594344,1600,1.5967746320462637,2.714369374097005
5726,15736,0.062482369465594344,1600,2.1907484696173722,2.190428204187632
5727,15737,0.062482369465594344,1600,2.2051356496588705,2.2448021173212553
5728,15738,0.062482369465594344,1600,2.2101571600369794,2.2124246883120104
5729,15739,0.062482369465594344,1600,1.6714923735035103,2.6208386104689607
5730,15740,0.062482369465594344,1600,1.6149745869813834,2.6919240633860584
5731,15741,0.062482369465594344,1600,2.0042146939366363,2.355500787024719
5732,15742,0.062482369465594344,1600,2.6052977457896054,1.7388134827011332
5733,15743,0.062482369465594344,1600,2.346508126591412,2.0980460291573015
5734,15744,0.062482369465594344,1600,2.3010223126602143,2.0688168779336515
5735,15745,0.062482369465594344,1600,2.845326678824187,1.3718395968795631
5736,15746,0.062482369465594344,1600,2.2511078919793532,2.149369902844599
5737,15747,0.062482369465594344,1600,2.7000213309304457,1.5068242540152386
5738,15748,0.062482369465594344,1600,1.6366464931306541,2.6982761185998565
5739,15749,0.062482369465594344,1600,2.449339857966782,1.8932581989650956
5740,15750,0.062482369465594344,1600,2.4754940764079416,1.8350840885120043
5741,15751,0.062482369465594344,1600,1.4788631269273007,2.751001970908276
5742,15752,0.062482369465594344,1600,1.8507614139831983,2.522243300922158
5743,15753,0.062482369465594344,1600,2.455155048438394,2.0462463415358636
5744,15754,0.062482369465594344,1600,1.8869169976972007,2.5558985392829543
5745,15755,0.062482369465594344,1600,1.5595774423985067,2.7314225093342186
5746,15756,0.062482369465594344,1600,2.420338527452488,1.9839759082883792
5747,15757,0.062482369465594344,1600,2.014716516596368,2.3799975143229264
5748,15758,0.062482369465594344,1600,1.8482479376545613,2.561319695461523
5749,15759,0.062482369465594344,1600,1.8918348646329484,2.4710860455633816
5750,15760,0.062482369465594344,1600,2.5480678912905845,1.757671718767757
5751,15761,0.062482369465594344,1600,1.6287956869271045,2.700211474092213
5752,15762,0.062482369465594344,1600,2.39359046883668,2.004187813630931
5753,15763,0.062482369465594344,1600,2.5116035709325115,1.8055924192075552
5754,15764,0.062482369465594344,1600,2.128030147662674,2.3496961778414454
5755,15765,0.062482369465594344,1600,2.0338780139153054,2.362713942643174
5756,15766,0.062482369465594344,1600,2.8595856791427856,1.2152161205708862
5757,15767,0.062482369465594344,1600,2.4360573208966283,1.973155714350332
5758,15768,0.062482369465594344,1600,2.742670374190552,1.5461433857183067
5759,15769,0.062482369465594344,1600,2.1900414615363197,2.2550441046760743
5760,15770,0.062482369465594344,1600,1.268867839147569,2.8914322820010763
5761,15771,0.062482369465594344,1600,1.9175146719858334,2.4809652694647726
5762,15772,0.062482369465594344,1600,1.7497978338683722,2.6030956800527583
5763,15773,0.062482369465594344,1600,2.2045171190426296,2.2124929054825917
5764,15774,0.062482369465594344,1600,2.004938268511635,2.431648488212998
5765,15775,0.062482369465594344,1600,1.9172626465526221,2.501970327753357
5766,15776,0.062482369465594344,1600,1.924635245882228,2.479965375279312
5767,15777,0.062482369465594344,1600,2.0810737088432143,2.34412894030723
5768,15778,0.062482369465594344,1600,2.513879970998015,1.8658933051937585
5769,15779,0.062482369465594344,1600,2.442773317527886,1.9040590528459638
5770,15780,0.062482369465594344,1600,2.22733930694181,2.2553443465124934
5771,15781,0.062482369465594344,1600,2.6688157424153878,1.6464586560841397
5772,15782,0.062482369465594344,1600,1.5076893969852685,2.7212911816076675
5773,15783,0.062482369465594344,1600,1.5589043015830364,2.7249759728106278
5774,15784,0.062482369465594344,1600,2.27849848757081,2.1476359155559024
5775,15785,0.062482369465594344,1600,1.967096631415726,2.526728468873528
5776,15786,0.062482369465594344,1600,1.9553064811112404,2.476627976533706
5777,15787,0.062482369465594344,1600,2.6233171697096855,1.7175039613448022
5778,15788,0.062482369465594344,1600,2.4149438330122637,2.0449441832887594
5779,15789,0.062482369465594344,1600,1.839463710921472,2.550433237550698
5780,15790,0.062482369465594344,1600,2.3289650383377145,2.1168355624061963
5781,15791,0.062482369465594344,1600,2.045723552489928,2.4179901308334983
5782,15792,0.062482369465594344,1600,1.7723082782360209,2.576582904549027
5783,15793,0.062482369465594344,1600,2.0736472250150855,2.298262261940596
5784,15794,0.062482369465594344,1600,2.168442165058625,2.271297675789816
5785,15795,0.062482369465594344,1600,1.9526780487930027,2.4801386979939055
5786,15796,0.062482369465594344,1600,2.2115803157291856,2.2146342778505526
5787,15797,0.062482369465594344,1600,2.395805909026329,2.011948275338808
5788,15798,0.062482369465594344,1600,2.242606306170755,2.259801962402171
5789,15799,0.062482369465594344,1600,1.5698525019145524,2.70589623918069
5790,15800,0.062482369465594344,1800,2.4291616015367845,1.9940280443205558
5791,15801,0.062482369465594344,1800,2.070283801243604,2.2388512128336973
5792,15802,0.062482369465594344,1800,2.1551202951184196,2.2430141876602727
5793,15803,0.062482369465594344,1800,2.4488197708969817,1.9540898335035113
5794,15804,0.062482369465594344,1800,2.2754486365624493,2.2098254786580442
5795,15805,0.062482369465594344,1800,2.2076524608212873,2.269285577386907
5796,15806,0.062482369465594344,1800,2.2512311136785144,2.221359045389341
5797,15807,0.062482369465594344,1800,1.876200310322983,2.526887566464296
5798,15808,0.062482369465594344,1800,2.3317343007553566,2.0356894023764665
5799,15809,0.062482369465594344,1800,2.4102132137070273,1.9924749081142088
5800,15810,0.062482369465594344,1800,2.10727985077136,2.311618965191078
5801,15811,0.062482369465594344,1800,2.572575997926035,1.777569719088007
5802,15812,0.062482369465594344,1800,1.6305130703219013,2.7006657623754498
5803,15813,0.062482369465594344,1800,2.6032617226200196,1.7925413405705022
5804,15814,0.062482369465594344,1800,2.6456509997484132,1.6805848085444732
5805,15815,0.062482369465594344,1800,2.440707282331597,1.9667085686719818
5806,15816,0.062482369465594344,1800,2.313759080912875,2.119582698496319
5807,15817,0.062482369465594344,1800,1.3328000979932784,2.8510881000953123
5808,15818,0.062482369465594344,1800,1.657658826472047,2.6425811784529634
5809,15819,0.062482369465594344,1800,2.0399881678822793,2.426576882710715
5810,15820,0.062482369465594344,1800,2.1613605689207405,2.1911199914869375
5811,15821,0.062482369465594344,1800,2.64708685910452,1.6542518497913463
5812,15822,0.062482369465594344,1800,1.6704900319807627,2.6340282767637575
5813,15823,0.062482369465594344,1800,1.6160168756050475,2.6875531851013252
5814,15824,0.062482369465594344,1800,1.9771699010005812,2.47807632188639
5815,15825,0.062482369465594344,1800,1.5799255060525865,2.716959448760095
5816,15826,0.062482369465594344,1800,2.378856201630216,2.014711321421161
5817,15827,0.062482369465594344,1800,2.0527724033829498,2.4111187322106042
5818,15828,0.062482369465594344,1800,1.3282569310405132,2.863938681360587
5819,15829,0.062482369465594344,1800,1.682662495454938,2.624296059321924
5820,15830,0.062482369465594344,1800,1.6786179214761432,2.660036761278587
5821,15831,0.062482369465594344,1800,2.493115402162741,1.8160936062968343
5822,15832,0.062482369465594344,1800,2.2846580966307743,2.1146724818217058
5823,15833,0.062482369465594344,1800,1.9272385372509877,2.4779515531466765
5824,15834,0.062482369465594344,1800,2.699720008592754,1.572657102945049
5825,15835,0.062482369465594344,1800,1.8209544581800934,2.5523331349150657
5826,15836,0.062482369465594344,1800,2.122413781542162,2.3132137015754735
5827,15837,0.062482369465594344,1800,1.8172863024009036,2.5530112431086804
5828,15838,0.062482369465594344,1800,1.6821085120015653,2.6911463022184896
5829,15839,0.062482369465594344,1800,2.405960627368193,1.9680807620036185
5830,15840,0.062482369465594344,1800,1.9430867571552723,2.4626127563503224
5831,15841,0.062482369465594344,1800,1.758441360557773,2.5655594473931327
5832,15842,0.062482369465594344,1800,2.082972317969979,2.392297907285566
5833,15843,0.062482369465594344,1800,1.7485663804882656,2.5861409419936443
5834,15844,0.062482369465594344,1800,2.0639346906940714,2.3665108293794703
5835,15845,0.062482369465594344,1800,1.8911530574595496,2.526414491100735
5836,15846,0.062482369465594344,1800,2.5260332451162895,1.876350773510369
5837,15847,0.062482369465594344,1800,2.5992342132914485,1.692839115647215
5838,15848,0.062482369465594344,1800,2.136000153017881,2.379162720257059
5839,15849,0.062482369465594344,1800,2.259985119715052,2.159275461577439
5840,15850,0.062482369465594344,1800,1.4981155007260818,2.746747308220504
5841,15851,0.062482369465594344,1800,1.8587050263644436,2.5004338465349436
5842,15852,0.062482369465594344,1800,2.5409517075452497,1.8546104334638869
5843,15853,0.062482369465594344,1800,2.4095353917062257,1.9565612321530483
5844,15854,0.062482369465594344,1800,2.266051101669304,2.1036666483708095
5845,15855,0.062482369465594344,1800,1.9545906773585398,2.462920469769904
5846,15856,0.062482369465594344,1800,2.1651852309421353,2.2666517628250107
5847,15857,0.062482369465594344,1800,2.5781272810078004,1.7407363192647243
5848,15858,0.062482369465594344,1800,1.8932031460069,2.534908645934986
5849,15859,0.062482369465594344,1800,1.9473242753203248,2.4117841357090035
5850,15860,0.062482369465594344,1800,2.279133579112069,2.2225758677591427
5851,15861,0.062482369465594344,1800,2.341205258003595,2.1188435244208152
5852,15862,0.062482369465594344,1800,2.458863836747498,1.916563985442762
5853,15863,0.062482369465594344,1800,2.579153056570081,1.8418080011643247
5854,15864,0.062482369465594344,1800,2.694363837778115,1.6019090212085
5855,15865,0.062482369465594344,1800,1.8505409086440152,2.506155091405162
5856,15866,0.062482369465594344,1800,1.9629966325032324,2.4773642570159984
5857,15867,0.062482369465594344,1800,2.3157971669011195,2.0527868317306455
5858,15868,0.062482369465594344,1800,2.6151001863205927,1.661403210450096
5859,15869,0.062482369465594344,1800,1.9673429926955444,2.4232352779293556
5860,15870,0.062482369465594344,1800,2.1005694012533995,2.363144834231593
5861,15871,0.062482369465594344,1800,1.388851414620838,2.8081487058084615
5862,15872,0.062482369465594344,1800,2.0212552989544394,2.429210936977187
5863,15873,0.062482369465594344,1800,2.8437840694187835,1.321319084752802
5864,15874,0.062482369465594344,1800,2.3386715698614298,2.0965153248624047
5865,15875,0.062482369465594344,1800,1.3789874737214078,2.7800596654644556
5866,15876,0.062482369465594344,1800,2.2412176076599843,2.199665048919493
5867,15877,0.062482369465594344,1800,2.558753464290554,1.788752276835367
5868,15878,0.062482369465594344,1800,2.3591822111588936,2.0885279974151607
5869,15879,0.062482369465594344,1800,2.050943269361716,2.4127594191810546
5870,15880,0.062482369465594344,1800,1.7103300021346097,2.616516520902727
5871,15881,0.062482369465594344,1800,2.596955694416237,1.7676341307065395
5872,15882,0.062482369465594344,1800,2.351014751302489,2.1643522296405107
5873,15883,0.062482369465594344,1800,1.9720011552334964,2.4621488629259956
5874,15884,0.062482369465594344,1800,1.1983980208691891,2.896409769729677
5875,15885,0.062482369465594344,1800,2.1793258514116,2.2592431774299615
5876,15886,0.062482369465594344,1800,2.566568874348349,1.8043232150229904
5877,15887,0.062482369465594344,1800,2.5452363689037396,1.8711322375370298
5878,15888,0.062482369465594344,1800,2.007496517127255,2.3782100842795915
5879,15889,0.062482369465594344,1800,2.1974129456612395,2.2792537814129714
5880,15890,0.062482369465594344,1800,2.3742442095019802,2.0386108542478762
5881,15891,0.062482369465594344,1800,2.4839524029870006,1.8336291159093665
5882,15892,0.062482369465594344,1800,2.2400208032112587,2.213312488540132
5883,15893,0.062482369465594344,1800,2.0428891713335156,2.3793243996391396
5884,15894,0.062482369465594344,1800,1.7952110359056621,2.5844636715457616
5885,15895,0.062482369465594344,1800,2.2350286305280256,2.203241056615668
5886,15896,0.062482369465594344,1800,1.018468606889546,2.9886065165277893
5887,15897,0.062482369465594344,1800,2.1673612733486465,2.318217626077801
5888,15898,0.062482369465594344,1800,2.052294440780596,2.333743366156123
5889,15899,0.062482369465594344,1800,1.6268787216424716,2.6732402347951414
5890,15900,0.062482369465594344,2000,2.5603450046699705,1.8565438991383645
5891,15901,0.062482369465594344,2000,1.5311294808817775,2.7230671402254862
5892,15902,0.062482369465594344,2000,2.6362169055880016,1.6490924796503734
5893,15903,0.062482369465594344,2000,1.9385364584355453,2.483481867292438
5894,15904,0.062482369465594344,2000,2.0785571483783043,2.367343725617585
5895,15905,0.062482369465594344,2000,2.588242659483485,1.74795980338807
5896,15906,0.062482369465594344,2000,1.5244348624408777,2.783833601498149
5897,15907,0.062482369465594344,2000,2.1846298053027313,2.279660876449078
5898,15908,0.062482369465594344,2000,1.7770804673880278,2.569373946171924
5899,15909,0.062482369465594344,2000,2.5602840126830717,1.8343898883468093
5900,15910,0.062482369465594344,2000,2.1100239639580862,2.24232698877089
5901,15911,0.062482369465594344,2000,2.026831371640036,2.4048148554254962
5902,15912,0.062482369465594344,2000,1.7917824419984918,2.5442200012660083
5903,15913,0.062482369465594344,2000,1.2436226110623763,2.925881560406839
5904,15914,0.062482369465594344,2000,2.6300054379357123,1.7261992193335078
5905,15915,0.062482369465594344,2000,2.400756783149982,2.0015035421033938
5906,15916,0.062482369465594344,2000,1.960153922439833,2.453819538556071
5907,15917,0.062482369465594344,2000,2.491509021567847,1.917095111346478
5908,15918,0.062482369465594344,2000,2.008703979101708,2.434677976269244
5909,15919,0.062482369465594344,2000,2.3605292102623987,2.040609595425932
5910,15920,0.062482369465594344,2000,2.433177789636169,1.9346669553949714
5911,15921,0.062482369465594344,2000,2.290124836840457,2.152492070831323
5912,15922,0.062482369465594344,2000,2.4631774705769844,1.9887027028395512
5913,15923,0.062482369465594344,2000,2.1284671219550026,2.3502499071739615
5914,15924,0.062482369465594344,2000,2.017493340026066,2.372609906219655
5915,15925,0.062482369465594344,2000,2.2141635790662813,2.202316503095408
5916,15926,0.062482369465594344,2000,2.4179795709195697,2.005289817015839
5917,15927,0.062482369465594344,2000,2.6791380310174864,1.6466360427734028
5918,15928,0.062482369465594344,2000,2.4657042539282656,1.8534188150228146
5919,15929,0.062482369465594344,2000,1.7579329985852905,2.5963902283534637
5920,15930,0.062482369465594344,2000,2.2473839112807688,2.2138833654108168
5921,15931,0.062482369465594344,2000,1.87775556574022,2.5018809889442437
5922,15932,0.062482369465594344,2000,2.096932492979568,2.350782879784611
5923,15933,0.062482369465594344,2000,1.6860324868511565,2.663251157366896
5924,15934,0.062482369465594344,2000,1.7335243579126502,2.6152095600280356
5925,15935,0.062482369465594344,2000,2.293402843165848,2.187001527178984
5926,15936,0.062482369465594344,2000,2.717536914941147,1.5447836532538723
5927,15937,0.062482369465594344,2000,2.043441959589155,2.3854052156099814
5928,15938,0.062482369465594344,2000,2.2304894466484684,2.2037089484437766
5929,15939,0.062482369465594344,2000,2.1862431710816166,2.1428796971347337
5930,15940,0.062482369465594344,2000,2.2757494096129847,2.0784139730775713
5931,15941,0.062482369465594344,2000,2.34957254437159,2.0819737480442635
5932,15942,0.062482369465594344,2000,2.4815487093598625,1.93513820549508
5933,15943,0.062482369465594344,2000,1.7523107685862271,2.5704951411507926
5934,15944,0.062482369465594344,2000,1.771069236933958,2.6343072102946983
5935,15945,0.062482369465594344,2000,2.9570405424991977,1.0428493544947783
5936,15946,0.062482369465594344,2000,1.8646643496082782,2.537291861339025
5937,15947,0.062482369465594344,2000,1.4740140497220404,2.7609257902845803
5938,15948,0.062482369465594344,2000,1.7283128562871135,2.602186320979304
5939,15949,0.062482369465594344,2000,2.496367958677569,1.9295403597801226
5940,15950,0.062482369465594344,2000,2.264406047047819,2.1654327434914906
5941,15951,0.062482369465594344,2000,2.2025991979913675,2.2341681489088296
5942,15952,0.062482369465594344,2000,2.5941625179841004,1.746599737427109
5943,15953,0.062482369465594344,2000,1.3151487050436927,2.836614813383607
5944,15954,0.062482369465594344,2000,2.1655826184472575,2.224517151167575
5945,15955,0.062482369465594344,2000,2.547537163522445,1.8604778868018983
5946,15956,0.062482369465594344,2000,2.205469811023079,2.2962208696637116
5947,15957,0.062482369465594344,2000,2.2884165264654883,2.1722405803778324
5948,15958,0.062482369465594344,2000,1.901493591360616,2.463416924866226
5949,15959,0.062482369465594344,2000,1.7219317329943074,2.643055588387636
5950,15960,0.062482369465594344,2000,2.1695043701721173,2.328968213296157
5951,15961,0.062482369465594344,2000,2.4769707785193296,1.9926778672025975
5952,15962,0.062482369465594344,2000,2.3848762530412584,1.9708387259852849
5953,15963,0.062482369465594344,2000,2.4324697222356706,1.9309272674484574
5954,15964,0.062482369465594344,2000,2.386784762773503,2.0399418774475633
5955,15965,0.062482369465594344,2000,2.239256986853111,2.1963431663329516
5956,15966,0.062482369465594344,2000,2.4347273894935966,1.9989941899689831
5957,15967,0.062482369465594344,2000,2.154581092642405,2.2651785671671165
5958,15968,0.062482369465594344,2000,2.1249894877703372,2.264143033023496
5959,15969,0.062482369465594344,2000,2.3911793861329302,1.9553164111705825
5960,15970,0.062482369465594344,2000,2.39485354971923,2.0240971792589084
5961,15971,0.062482369465594344,2000,2.0721323556541833,2.304540301433529
5962,15972,0.062482369465594344,2000,2.2391754564910036,2.2177534463246533
5963,15973,0.062482369465594344,2000,2.50620351064897,1.8949212652487155
5964,15974,0.062482369465594344,2000,1.7403924183586,2.603803964190134
5965,15975,0.062482369465594344,2000,2.5457638588704117,1.8719007054230754
5966,15976,0.062482369465594344,2000,2.510674155131086,1.8680042909437868
5967,15977,0.062482369465594344,2000,2.3030123426179534,2.1223890042162235
5968,15978,0.062482369465594344,2000,2.3810470651586377,2.076363174221556
5969,15979,0.062482369465594344,2000,2.4501830859813696,2.0117578288734577
5970,15980,0.062482369465594344,2000,1.56859110350692,2.6867610671561297
5971,15981,0.062482369465594344,2000,2.200805003162375,2.180062689207458
5972,15982,0.062482369465594344,2000,1.7398236696707563,2.59438586805335
5973,15983,0.062482369465594344,2000,1.8504700615420433,2.5727257937091434
5974,15984,0.062482369465594344,2000,1.7033273455451312,2.663963751397408
5975,15985,0.062482369465594344,2000,1.7243784622962877,2.6416329587643164
5976,15986,0.062482369465594344,2000,2.4386085346813973,2.0312417771143267
5977,15987,0.062482369465594344,2000,2.411816071556617,2.0081431583296014
5978,15988,0.062482369465594344,2000,1.8598861239814795,2.5160640887152934
5979,15989,0.062482369465594344,2000,2.2289619190158048,2.227906289129691
5980,15990,0.062482369465594344,2000,1.973415577973752,2.4455367392968426
5981,15991,0.062482369465594344,2000,2.1357153130827227,2.3138884194899085
5982,15992,0.062482369465594344,2000,1.4680056392683882,2.7615482308538044
5983,15993,0.062482369465594344,2000,2.3036436104986473,2.1930487760729567
5984,15994,0.062482369465594344,2000,2.4593156497532798,1.9463573452926979
5985,15995,0.062482369465594344,2000,2.285698467560032,2.203775718692827
5986,15996,0.062482369465594344,2000,2.160049613300205,2.2928498577082324
5987,15997,0.062482369465594344,2000,2.200240629978624,2.2410508233827153
5988,15998,0.062482369465594344,2000,1.7948349629212157,2.613222259279243
5989,15999,0.062482369465594344,2000,1.7956146372253532,2.5675527246483214
5990,16000,0.03513641844631533,200,1.0225724894923862,2.998485442297901
5991,16001,0.03513641844631533,200,1.0220046597591412,2.9710665316081313
5992,16002,0.03513641844631533,200,1.6758571358135632,2.6226630526555033
5993,16003,0.03513641844631533,200,1.2497482302197285,2.879441434970601
5994,16004,0.03513641844631533,200,1.1422683064914962,2.9210861837406563
5995,16005,0.03513641844631533,200,1.1937989872315844,2.897469312327754
5996,16006,0.03513641844631533,200,2.0781583460851287,2.315974872068209
5997,16007,0.03513641844631533,200,1.8159032914888507,2.5260110146717536
5998,16008,0.03513641844631533,200,1.1875731373348635,2.8990102687002355
5999,16009,0.03513641844631533,200,1.7216484235212768,2.5888869648098547
6000,16010,0.03513641844631533,200,1.0471414263333265,2.9570599077427047
6001,16011,0.03513641844631533,200,1.075584346845812,2.9611040432928677
6002,16012,0.03513641844631533,200,1.3871316969844933,2.809134162349566
6003,16013,0.03513641844631533,200,1.6760469758141467,2.598055031792803
6004,16014,0.03513641844631533,200,1.3389733526116683,2.846576692587
6005,16015,0.03513641844631533,200,1.2340244994536942,2.887473768734826
6006,16016,0.03513641844631533,200,1.0455651070287382,2.972379131527066
6007,16017,0.03513641844631533,200,1.3600242212332956,2.83252717141396
6008,16018,0.03513641844631533,200,1.3872379138088957,2.7984982401377105
6009,16019,0.03513641844631533,200,1.2328951133030501,2.8813240432629703
6010,16020,0.03513641844631533,200,1.6924651586331692,2.5902308157048353
6011,16021,0.03513641844631533,200,1.7465138291349056,2.6074725738558464
6012,16022,0.03513641844631533,200,1.171362816478447,2.925953510542584
6013,16023,0.03513641844631533,200,1.154657302588512,2.9241654499989935
6014,16024,0.03513641844631533,200,1.3525406701398288,2.849051852520051
6015,16025,0.03513641844631533,200,1.9741400621891994,2.441593968096563
6016,16026,0.03513641844631533,200,1.3703308846139806,2.8000298871166733
6017,16027,0.03513641844631533,200,1.1230343099765516,2.9325457623815567
6018,16028,0.03513641844631533,200,1.125628282148898,2.916000302321948
6019,16029,0.03513641844631533,200,1.3681357284043671,2.8377796024141446
6020,16030,0.03513641844631533,200,1.026149190104125,2.95823902307131
6021,16031,0.03513641844631533,200,1.3177363468372243,2.835629871939328
6022,16032,0.03513641844631533,200,1.0466801594094641,2.9982403435134586
6023,16033,0.03513641844631533,200,1.5292146215035192,2.7144965631349804
6024,16034,0.03513641844631533,200,1.3581937872828977,2.834502209053741
6025,16035,0.03513641844631533,200,1.0918194661150153,2.946554831123259
6026,16036,0.03513641844631533,200,1.5941138353254058,2.707458927289406
6027,16037,0.03513641844631533,200,1.1619933450385282,2.9299308336791077
6028,16038,0.03513641844631533,200,2.0406635036799754,2.3478542772121616
6029,16039,0.03513641844631533,200,1.452317438198125,2.7541183568990917
6030,16040,0.03513641844631533,200,1.0521728027162602,2.9575057355648107
6031,16041,0.03513641844631533,200,1.0700711136961263,2.9526321552749932
6032,16042,0.03513641844631533,200,1.4923983025589398,2.7316456940242753
6033,16043,0.03513641844631533,200,1.1236583159384594,2.9379947348086644
6034,16044,0.03513641844631533,200,1.0859342443699709,2.9463801365024187
6035,16045,0.03513641844631533,200,1.378569525089675,2.7972403334461
6036,16046,0.03513641844631533,200,1.2803769440856339,2.8681788885414323
6037,16047,0.03513641844631533,200,1.3401413251500096,2.8493195091369588
6038,16048,0.03513641844631533,200,1.933813426458538,2.460984248711995
6039,16049,0.03513641844631533,200,1.7224782928326476,2.602656055602499
6040,16050,0.03513641844631533,200,1.040558576285268,2.9696163020037636
6041,16051,0.03513641844631533,200,1.1392413924679738,2.9192106695103908
6042,16052,0.03513641844631533,200,1.9756206825709028,2.4438765081466935
6043,16053,0.03513641844631533,200,1.180760551195577,2.8942035677015707
6044,16054,0.03513641844631533,200,1.1903756155562009,2.9371899258018375
6045,16055,0.03513641844631533,200,1.4304515923925427,2.789581716099153
6046,16056,0.03513641844631533,200,1.920081088881118,2.4571446263763206
6047,16057,0.03513641844631533,200,1.8564770395303316,2.4506232772868324
6048,16058,0.03513641844631533,200,1.512364596942189,2.7212264601681277
6049,16059,0.03513641844631533,200,1.5352622231386,2.7211187260740397
6050,16060,0.03513641844631533,200,1.7229633629302004,2.5819882682538546
6051,16061,0.03513641844631533,200,1.2783182355385967,2.843128450811249
6052,16062,0.03513641844631533,200,1.3722217460782358,2.793182212584869
6053,16063,0.03513641844631533,200,1.0356817908767588,2.97828275446565
6054,16064,0.03513641844631533,200,1.0776681555144592,2.924039908862327
6055,16065,0.03513641844631533,200,1.5091717588284972,2.7682196372486505
6056,16066,0.03513641844631533,200,1.8045184109064762,2.5521424443811056
6057,16067,0.03513641844631533,200,1.0509646064592657,2.9647031429324464
6058,16068,0.03513641844631533,200,1.1930112602644138,2.9131210861502654
6059,16069,0.03513641844631533,200,1.8616095944048385,2.4888230919921037
6060,16070,0.03513641844631533,200,1.1086689598988695,2.946951033224697
6061,16071,0.03513641844631533,200,1.3457599091569186,2.8274555058871877
6062,16072,0.03513641844631533,200,1.4066618000247373,2.809982421497746
6063,16073,0.03513641844631533,200,1.5963790700620613,2.669615957569679
6064,16074,0.03513641844631533,200,1.5495048376232308,2.752393551470878
6065,16075,0.03513641844631533,200,1.45917431437822,2.7753983459179725
6066,16076,0.03513641844631533,200,1.2816126918387476,2.8798254667519347
6067,16077,0.03513641844631533,200,1.4069033306593968,2.78782557503414
6068,16078,0.03513641844631533,200,1.0551576004731835,2.9473229275461494
6069,16079,0.03513641844631533,200,1.7248168238835493,2.634461294009378
6070,16080,0.03513641844631533,200,1.3952807790353987,2.823979614741423
6071,16081,0.03513641844631533,200,1.5832971187094,2.700873284576663
6072,16082,0.03513641844631533,200,1.0250774596727348,2.967122740147642
6073,16083,0.03513641844631533,200,1.2566998281595436,2.8949455514090583
6074,16084,0.03513641844631533,200,1.6113760153663788,2.674308040473124
6075,16085,0.03513641844631533,200,1.0944273279598882,2.9534379398233517
6076,16086,0.03513641844631533,200,2.449888639666132,1.9897179354796273
6077,16087,0.03513641844631533,200,1.2685480119581574,2.889501855742987
6078,16088,0.03513641844631533,200,1.5759182650216308,2.7017920448752983
6079,16089,0.03513641844631533,200,1.345221035716619,2.838778515472152
6080,16090,0.03513641844631533,200,1.1174147935883791,2.9361398859932226
6081,16091,0.03513641844631533,200,1.3443131752471573,2.838135161506988
6082,16092,0.03513641844631533,200,1.543856316679363,2.673208061466302
6083,16093,0.03513641844631533,200,1.6565728422476145,2.654168042373148
6084,16094,0.03513641844631533,200,2.033552328571565,2.397579285569661
6085,16095,0.03513641844631533,200,1.2458122401665965,2.8937769968363662
6086,16096,0.03513641844631533,200,1.3214089585932431,2.8658226330494063
6087,16097,0.03513641844631533,200,2.0591873824783,2.339347612050478
6088,16098,0.03513641844631533,200,1.3691747732837394,2.809057656353123
6089,16099,0.03513641844631533,200,1.185761866385803,2.9000681423478407
6090,16100,0.03513641844631533,400,1.5351469916253007,2.7197110887238
6091,16101,0.03513641844631533,400,1.564860387584997,2.7018962905399464
6092,16102,0.03513641844631533,400,2.1050274699064255,2.2857354694507945
6093,16103,0.03513641844631533,400,1.833660404800116,2.549534821814105
6094,16104,0.03513641844631533,400,1.293493060606422,2.864773816916821
6095,16105,0.03513641844631533,400,1.94986125875818,2.4265006045350543
6096,16106,0.03513641844631533,400,1.784673296489073,2.5389904400469527
6097,16107,0.03513641844631533,400,1.379820637163169,2.8251730862766924
6098,16108,0.03513641844631533,400,1.0633556629349237,2.963041324475104
6099,16109,0.03513641844631533,400,1.612326791885603,2.725016617546545
6100,16110,0.03513641844631533,400,1.540236977286075,2.739079031572351
6101,16111,0.03513641844631533,400,1.3853018609539394,2.8199080878339102
6102,16112,0.03513641844631533,400,1.433817068733486,2.789449358925498
6103,16113,0.03513641844631533,400,1.3531729319018981,2.8529726824208224
6104,16114,0.03513641844631533,400,1.810133606112491,2.5243252377000944
6105,16115,0.03513641844631533,400,1.5058470812798097,2.7500007482623925
6106,16116,0.03513641844631533,400,2.0286842683046227,2.335051978877287
6107,16117,0.03513641844631533,400,1.2079737454442392,2.9092720959805485
6108,16118,0.03513641844631533,400,1.3716944876585677,2.824005127606274
6109,16119,0.03513641844631533,400,1.2169185432403813,2.888930041627054
6110,16120,0.03513641844631533,400,1.563212899861378,2.71086860766403
6111,16121,0.03513641844631533,400,1.7816536315416225,2.5632478666619964
6112,16122,0.03513641844631533,400,1.1386767125283581,2.9249419207400145
6113,16123,0.03513641844631533,400,1.424641066216592,2.8012327250670617
6114,16124,0.03513641844631533,400,1.3543284198081698,2.8262469699396986
6115,16125,0.03513641844631533,400,1.8558169070933908,2.521301363534237
6116,16126,0.03513641844631533,400,1.9048650551566815,2.476470807011572
6117,16127,0.03513641844631533,400,1.3633630210203118,2.8076244689995047
6118,16128,0.03513641844631533,400,1.5748776397813737,2.7229996036906896
6119,16129,0.03513641844631533,400,1.124912774484426,2.9272335285671653
6120,16130,0.03513641844631533,400,1.0999899297246996,2.9493607455258544
6121,16131,0.03513641844631533,400,1.790925889692307,2.5289880528756266
6122,16132,0.03513641844631533,400,1.1947480185636081,2.908662211679154
6123,16133,0.03513641844631533,400,1.1053391274242066,2.9520385734840193
6124,16134,0.03513641844631533,400,1.1339539745575522,2.9196552860303187
6125,16135,0.03513641844631533,400,1.3871232277874959,2.808595933389174
6126,16136,0.03513641844631533,400,1.7933736567125025,2.523622116302031
6127,16137,0.03513641844631533,400,1.747548721418341,2.5421905287527062
6128,16138,0.03513641844631533,400,2.086185878032996,2.3589954241083424
6129,16139,0.03513641844631533,400,1.887745876150981,2.5038990523784284
6130,16140,0.03513641844631533,400,1.904420514935239,2.446618360736926
6131,16141,0.03513641844631533,400,2.0790522700787406,2.408674844917089
6132,16142,0.03513641844631533,400,1.4178461129749658,2.7840933611923915
6133,16143,0.03513641844631533,400,1.4098154757202312,2.799693723114352
6134,16144,0.03513641844631533,400,1.8367876781841463,2.535448718616726
6135,16145,0.03513641844631533,400,1.4114455825537402,2.810200312580717
6136,16146,0.03513641844631533,400,1.2045165690629844,2.89530761886604
6137,16147,0.03513641844631533,400,1.0985776157405245,2.933680960615089
6138,16148,0.03513641844631533,400,1.1026587832993018,2.9450066214475092
6139,16149,0.03513641844631533,400,2.061939455049721,2.3489823766563718
6140,16150,0.03513641844631533,400,1.5207002289270992,2.736587334332848
6141,16151,0.03513641844631533,400,1.0562701687059595,2.9645403888842936
6142,16152,0.03513641844631533,400,1.8702630566269953,2.495732288076616
6143,16153,0.03513641844631533,400,1.7792734952917217,2.574502887471892
6144,16154,0.03513641844631533,400,1.4688308440341873,2.7955159498743933
6145,16155,0.03513641844631533,400,1.26953416149161,2.858070041458853
6146,16156,0.03513641844631533,400,1.2003985766546559,2.91077049741477
6147,16157,0.03513641844631533,400,2.609979841966653,1.6997397379306576
6148,16158,0.03513641844631533,400,1.0304778781171569,2.9677307230662424
6149,16159,0.03513641844631533,400,1.1558427430371156,2.892310643861131
6150,16160,0.03513641844631533,400,1.2338206151787277,2.8969538309211194
6151,16161,0.03513641844631533,400,1.1901791513916335,2.8940013931224144
6152,16162,0.03513641844631533,400,1.044221023021838,2.9621550550817313
6153,16163,0.03513641844631533,400,1.2174369927503013,2.899754167448722
6154,16164,0.03513641844631533,400,1.7274938781907896,2.6127989789545327
6155,16165,0.03513641844631533,400,1.5605911367543481,2.724309122944727
6156,16166,0.03513641844631533,400,1.4697386472102654,2.7436228282497805
6157,16167,0.03513641844631533,400,1.7168908823900189,2.576286588173365
6158,16168,0.03513641844631533,400,1.5379571511572419,2.739375016995485
6159,16169,0.03513641844631533,400,1.196986013782698,2.9060868219620026
6160,16170,0.03513641844631533,400,2.2379197231706756,2.163853286546398
6161,16171,0.03513641844631533,400,1.204449806361972,2.9063620920275834
6162,16172,0.03513641844631533,400,1.2139999930673346,2.904510734816245
6163,16173,0.03513641844631533,400,2.1675193205596033,2.2263485311999176
6164,16174,0.03513641844631533,400,1.0752712575095533,2.94993522122122
6165,16175,0.03513641844631533,400,1.0923516646951756,2.948946034638449
6166,16176,0.03513641844631533,400,1.4622055150459436,2.768920189819715
6167,16177,0.03513641844631533,400,1.787369312365905,2.5552944349750204
6168,16178,0.03513641844631533,400,1.555634225923477,2.721526729474311
6169,16179,0.03513641844631533,400,1.1277298460258296,2.9322962393095717
6170,16180,0.03513641844631533,400,1.5576127060301208,2.695457013381118
6171,16181,0.03513641844631533,400,1.9388559758402448,2.4372521201166655
6172,16182,0.03513641844631533,400,1.2010131118183436,2.916837750907566
6173,16183,0.03513641844631533,400,1.372035561731418,2.831517103304975
6174,16184,0.03513641844631533,400,1.238940000819937,2.8890582380284218
6175,16185,0.03513641844631533,400,1.257518987482585,2.8647571302978982
6176,16186,0.03513641844631533,400,1.9526464621748076,2.4171183163779
6177,16187,0.03513641844631533,400,1.1355534237207772,2.910014258245425
6178,16188,0.03513641844631533,400,1.86547302641424,2.5128234174618056
6179,16189,0.03513641844631533,400,1.349606353561894,2.8195346947345867
6180,16190,0.03513641844631533,400,1.080539756095049,2.9390084323427126
6181,16191,0.03513641844631533,400,1.8932160061323589,2.4858685336632314
6182,16192,0.03513641844631533,400,1.1481383403639343,2.921168766733159
6183,16193,0.03513641844631533,400,1.8539835189683764,2.463102858765207
6184,16194,0.03513641844631533,400,1.319350134524894,2.857293498345802
6185,16195,0.03513641844631533,400,1.1917982156555424,2.9133402522532683
6186,16196,0.03513641844631533,400,1.21257944881317,2.9212788711178934
6187,16197,0.03513641844631533,400,1.3491963256137915,2.8399405432700453
6188,16198,0.03513641844631533,400,1.443971391008094,2.791464166949944
6189,16199,0.03513641844631533,400,1.334268682843377,2.8598240715662846
6190,16200,0.03513641844631533,600,2.2971496160798237,2.010797913988781
6191,16201,0.03513641844631533,600,1.758104153240313,2.592973184904082
6192,16202,0.03513641844631533,600,1.2930121884973973,2.859505864396538
6193,16203,0.03513641844631533,600,1.5316541156598833,2.7101960354098233
6194,16204,0.03513641844631533,600,1.3107817128536845,2.835070991351608
6195,16205,0.03513641844631533,600,1.9630955714356477,2.315578041878455
6196,16206,0.03513641844631533,600,1.2759244769976674,2.885417361498019
6197,16207,0.03513641844631533,600,1.2612275422519719,2.880585458763191
6198,16208,0.03513641844631533,600,1.0807240319032942,2.9569648351927453
6199,16209,0.03513641844631533,600,1.0683854146922172,2.964065034904839
6200,16210,0.03513641844631533,600,1.703574199298289,2.6892580514383813
6201,16211,0.03513641844631533,600,1.237625262408137,2.879598631019662
6202,16212,0.03513641844631533,600,2.0517492648349362,2.326083812946043
6203,16213,0.03513641844631533,600,1.067730928758241,2.9579553769364
6204,16214,0.03513641844631533,600,2.091628181151399,2.294540127204099
6205,16215,0.03513641844631533,600,1.170911399314964,2.9170706316141795
6206,16216,0.03513641844631533,600,1.708734175204396,2.583057070531777
6207,16217,0.03513641844631533,600,2.279607333716107,2.1637708928889756
6208,16218,0.03513641844631533,600,1.509141430573686,2.7407167500478073
6209,16219,0.03513641844631533,600,1.0980512874326007,2.9631521828935683
6210,16220,0.03513641844631533,600,1.812427165723209,2.5444048735655875
6211,16221,0.03513641844631533,600,1.6104726236327065,2.7022147906963676
6212,16222,0.03513641844631533,600,1.210145865304842,2.900302158161456
6213,16223,0.03513641844631533,600,1.9476806868566598,2.418146751358518
6214,16224,0.03513641844631533,600,1.7896589489763528,2.561304039830012
6215,16225,0.03513641844631533,600,1.3920730864924575,2.7890453338420764
6216,16226,0.03513641844631533,600,1.6492591387688775,2.6932052827000197
6217,16227,0.03513641844631533,600,1.914079710266084,2.4690195692102743
6218,16228,0.03513641844631533,600,1.5162858929511007,2.783740971447858
6219,16229,0.03513641844631533,600,2.1654058950492883,2.2648827493122203
6220,16230,0.03513641844631533,600,1.7869123827479805,2.584789126801146
6221,16231,0.03513641844631533,600,2.274393904851259,2.035805325536644
6222,16232,0.03513641844631533,600,1.0216172135923005,2.983999234003769
6223,16233,0.03513641844631533,600,2.3741800991515203,2.0061948177572275
6224,16234,0.03513641844631533,600,1.3115464120992335,2.846224830983876
6225,16235,0.03513641844631533,600,1.3422554634405799,2.8455124777258356
6226,16236,0.03513641844631533,600,1.7037056401900181,2.632015672016779
6227,16237,0.03513641844631533,600,1.2329991874620463,2.884769463299131
6228,16238,0.03513641844631533,600,1.1577503910862093,2.9216296839271805
6229,16239,0.03513641844631533,600,1.5018343499664246,2.7554377462956174
6230,16240,0.03513641844631533,600,1.12706716722153,2.902252264984076
6231,16241,0.03513641844631533,600,2.1117801498605546,2.2989951069208803
6232,16242,0.03513641844631533,600,1.0528745106323316,2.9590351254982785
6233,16243,0.03513641844631533,600,1.7413015013943103,2.630015675567005
6234,16244,0.03513641844631533,600,1.5361053415194843,2.708770976864196
6235,16245,0.03513641844631533,600,1.235361671184991,2.8870449022215903
6236,16246,0.03513641844631533,600,2.3766188154768444,2.0660587767112566
6237,16247,0.03513641844631533,600,2.0409522085991045,2.356704795945481
6238,16248,0.03513641844631533,600,1.273269454141071,2.8648578611105027
6239,16249,0.03513641844631533,600,1.233232863053044,2.905224007327771
6240,16250,0.03513641844631533,600,1.160052582824155,2.9146075525550286
6241,16251,0.03513641844631533,600,1.6019120363829298,2.66302431999624
6242,16252,0.03513641844631533,600,1.7687574488183415,2.587985039342625
6243,16253,0.03513641844631533,600,1.4354812725006894,2.7941271708056825
6244,16254,0.03513641844631533,600,1.621699226496202,2.6431150876908758
6245,16255,0.03513641844631533,600,1.1292464602496763,2.9285281180896736
6246,16256,0.03513641844631533,600,1.9590667201316456,2.404261956231793
6247,16257,0.03513641844631533,600,1.5281582363786037,2.6692130874682327
6248,16258,0.03513641844631533,600,1.867093953871525,2.485874679291749
6249,16259,0.03513641844631533,600,1.1662160315418402,2.9036430898094028
6250,16260,0.03513641844631533,600,1.9470319809419834,2.4392777436349706
6251,16261,0.03513641844631533,600,1.064142285284502,2.958691551225289
6252,16262,0.03513641844631533,600,1.3788218929591833,2.8169051038801585
6253,16263,0.03513641844631533,600,1.7630003843481206,2.570452577784114
6254,16264,0.03513641844631533,600,1.7748446798968875,2.5794169091479153
6255,16265,0.03513641844631533,600,1.3964446319302197,2.7903297693275513
6256,16266,0.03513641844631533,600,2.4366458128350783,1.9179812189586987
6257,16267,0.03513641844631533,600,1.6503211118002983,2.66682535031159
6258,16268,0.03513641844631533,600,1.6030285543202982,2.6650198494512143
6259,16269,0.03513641844631533,600,1.598010273792346,2.6815148994514444
6260,16270,0.03513641844631533,600,2.04648053829647,2.4063014799172793
6261,16271,0.03513641844631533,600,1.2763207496518711,2.865393133684738
6262,16272,0.03513641844631533,600,1.6154398467426148,2.711584455787701
6263,16273,0.03513641844631533,600,1.3557399146348594,2.7975335461342894
6264,16274,0.03513641844631533,600,1.0723155325884968,2.94972299430999
6265,16275,0.03513641844631533,600,1.0749165268627523,2.9617630816508314
6266,16276,0.03513641844631533,600,2.31425300383928,2.1036374421837283
6267,16277,0.03513641844631533,600,1.5525360340179268,2.7170260514670876
6268,16278,0.03513641844631533,600,1.9369514819341223,2.4658147252798748
6269,16279,0.03513641844631533,600,1.0944955875599198,2.9306282918060127
6270,16280,0.03513641844631533,600,1.2206799482840425,2.899893436102242
6271,16281,0.03513641844631533,600,1.2715694674822464,2.8444884852078873
6272,16282,0.03513641844631533,600,1.8806040115582074,2.459329300901679
6273,16283,0.03513641844631533,600,1.3567268042589782,2.8217508102435414
6274,16284,0.03513641844631533,600,1.1208295383543774,2.946689202002304
6275,16285,0.03513641844631533,600,1.2470666106432537,2.858872449551969
6276,16286,0.03513641844631533,600,1.111776677000336,2.9455442942260293
6277,16287,0.03513641844631533,600,2.1541091657572267,2.2868732644271192
6278,16288,0.03513641844631533,600,1.9505463697132517,2.398770138476768
6279,16289,0.03513641844631533,600,1.889817695180883,2.4965168947323995
6280,16290,0.03513641844631533,600,1.0331841887912003,2.9705718304708166
6281,16291,0.03513641844631533,600,2.0917934618471636,2.3164146196640667
6282,16292,0.03513641844631533,600,1.645165327751982,2.662122638667149
6283,16293,0.03513641844631533,600,2.0270914474206836,2.3827101354551403
6284,16294,0.03513641844631533,600,1.7502504803471193,2.5936636560010444
6285,16295,0.03513641844631533,600,1.4984799458161309,2.7344373628163208
6286,16296,0.03513641844631533,600,1.2205824594468182,2.889250592302913
6287,16297,0.03513641844631533,600,2.172546214013402,2.229170493820157
6288,16298,0.03513641844631533,600,1.0489104387436101,2.9885560425536064
6289,16299,0.03513641844631533,600,1.340515498824169,2.8507499101853297
6290,16300,0.03513641844631533,800,1.783533938404662,2.547458001227022
6291,16301,0.03513641844631533,800,1.2090754196534639,2.8935691473071343
6292,16302,0.03513641844631533,800,1.1135604635807623,2.9349283209293864
6293,16303,0.03513641844631533,800,1.7339089615089076,2.603713532249772
6294,16304,0.03513641844631533,800,1.8217926731224812,2.532826566055502
6295,16305,0.03513641844631533,800,1.9665854025156395,2.4271899157127677
6296,16306,0.03513641844631533,800,1.7430311790845114,2.6035704138871356
6297,16307,0.03513641844631533,800,1.1851769519361404,2.913225277369513
6298,16308,0.03513641844631533,800,1.03406925667096,2.9708404595229423
6299,16309,0.03513641844631533,800,1.9064603545988887,2.4577695722569914
6300,16310,0.03513641844631533,800,1.7997031768003993,2.609489639116721
6301,16311,0.03513641844631533,800,1.869985885911077,2.490417156276916
6302,16312,0.03513641844631533,800,1.4247710124401685,2.795124039930293
6303,16313,0.03513641844631533,800,1.4830313242247088,2.74426758195388
6304,16314,0.03513641844631533,800,1.934336041316259,2.4880806296091684
6305,16315,0.03513641844631533,800,1.7363047494498727,2.5954920725586725
6306,16316,0.03513641844631533,800,1.3825651630121647,2.788477167592988
6307,16317,0.03513641844631533,800,1.0982259980163098,2.9473289374428058
6308,16318,0.03513641844631533,800,1.7671998060962455,2.585851395664324
6309,16319,0.03513641844631533,800,1.2098401045209521,2.9033884379847237
6310,16320,0.03513641844631533,800,1.8433337441957705,2.4860104168830737
6311,16321,0.03513641844631533,800,1.6132529978006183,2.6922962234603163
6312,16322,0.03513641844631533,800,1.831323542043996,2.570358358378224
6313,16323,0.03513641844631533,800,1.6970086895242944,2.6505033996469933
6314,16324,0.03513641844631533,800,1.1174980555009564,2.9371435317609937
6315,16325,0.03513641844631533,800,1.2082633093087807,2.8897899208204683
6316,16326,0.03513641844631533,800,1.66072261950099,2.672156661762356
6317,16327,0.03513641844631533,800,1.7903096560670857,2.544737953641399
6318,16328,0.03513641844631533,800,1.802541515959661,2.5072331838392854
6319,16329,0.03513641844631533,800,1.0730570385379388,2.9523175506339188
6320,16330,0.03513641844631533,800,1.3914069304667198,2.8113993914103754
6321,16331,0.03513641844631533,800,1.4109491019096052,2.813392248931477
6322,16332,0.03513641844631533,800,1.4848414312571596,2.7550218687725527
6323,16333,0.03513641844631533,800,1.2915682051170954,2.8472687914529407
6324,16334,0.03513641844631533,800,1.8475007079239991,2.552006623277176
6325,16335,0.03513641844631533,800,1.47606409152939,2.763140719804329
6326,16336,0.03513641844631533,800,1.6190140806113622,2.6927786450530773
6327,16337,0.03513641844631533,800,1.8809596034112837,2.533663979417622
6328,16338,0.03513641844631533,800,1.7882884024671042,2.54865652962507
6329,16339,0.03513641844631533,800,2.294272959038035,2.1733575472880995
6330,16340,0.03513641844631533,800,1.1290205892876348,2.9148816198138165
6331,16341,0.03513641844631533,800,2.000630042046923,2.337302091641499
6332,16342,0.03513641844631533,800,1.3261174980565769,2.8333307023483814
6333,16343,0.03513641844631533,800,1.4646566575750875,2.7398257360275187
6334,16344,0.03513641844631533,800,1.9013916838378933,2.4927359867572125
6335,16345,0.03513641844631533,800,1.3886144355356582,2.8148351170823736
6336,16346,0.03513641844631533,800,1.9091500003118216,2.4807918951115453
6337,16347,0.03513641844631533,800,1.4918869564475608,2.7452786837079315
6338,16348,0.03513641844631533,800,1.4634617323297927,2.698500718197702
6339,16349,0.03513641844631533,800,1.3323479088105397,2.8479182402644048
6340,16350,0.03513641844631533,800,1.253286066628675,2.888853064817476
6341,16351,0.03513641844631533,800,1.898862445114179,2.4988590804932778
6342,16352,0.03513641844631533,800,1.8283361395425342,2.5481101920535436
6343,16353,0.03513641844631533,800,2.3696938981854494,2.07236520794757
6344,16354,0.03513641844631533,800,2.1187968268516983,2.338602174209231
6345,16355,0.03513641844631533,800,1.4045106487843593,2.7894336311282175
6346,16356,0.03513641844631533,800,2.3290308402427096,2.028386234553515
6347,16357,0.03513641844631533,800,2.006996340050578,2.2742651983035715
6348,16358,0.03513641844631533,800,1.8987645118414167,2.4536538517983537
6349,16359,0.03513641844631533,800,1.8505455269375037,2.471953499019013
6350,16360,0.03513641844631533,800,1.8126338336245946,2.5492657226781374
6351,16361,0.03513641844631533,800,1.6307801929214594,2.629368747516123
6352,16362,0.03513641844631533,800,1.372532376432686,2.820905712486838
6353,16363,0.03513641844631533,800,1.4050122905571936,2.8096843766715294
6354,16364,0.03513641844631533,800,2.0258128376521385,2.42979575591321
6355,16365,0.03513641844631533,800,1.5144954387505845,2.7171136745207534
6356,16366,0.03513641844631533,800,2.2381010879777232,2.081839413062599
6357,16367,0.03513641844631533,800,2.3706781062781666,2.002775140642373
6358,16368,0.03513641844631533,800,1.1264631677688712,2.9225935092011723
6359,16369,0.03513641844631533,800,1.5964564085701907,2.6819427685959107
6360,16370,0.03513641844631533,800,1.4787468398229744,2.7492096842257725
6361,16371,0.03513641844631533,800,1.2558957125534964,2.883378518442208
6362,16372,0.03513641844631533,800,1.4403591195402201,2.7877679813048473
6363,16373,0.03513641844631533,800,2.1824079698615453,2.2581863227838728
6364,16374,0.03513641844631533,800,2.1998686505346945,2.2150459775440416
6365,16375,0.03513641844631533,800,2.052639016882337,2.357419616369889
6366,16376,0.03513641844631533,800,1.5319713197287697,2.7578157103925856
6367,16377,0.03513641844631533,800,2.095661061821294,2.2641561203488236
6368,16378,0.03513641844631533,800,2.1250331855812727,2.3027802020249775
6369,16379,0.03513641844631533,800,1.4272503092589646,2.77825133269503
6370,16380,0.03513641844631533,800,1.6799278179915862,2.603935812228985
6371,16381,0.03513641844631533,800,1.1025113790484047,2.938987076488414
6372,16382,0.03513641844631533,800,1.6940366931260418,2.64873934722162
6373,16383,0.03513641844631533,800,1.1679523625510226,2.9305461224833684
6374,16384,0.03513641844631533,800,1.305809234786096,2.851093752057537
6375,16385,0.03513641844631533,800,1.8455958009932552,2.506775054767062
6376,16386,0.03513641844631533,800,1.0882417714709736,2.9362294164576466
6377,16387,0.03513641844631533,800,1.9105068226160806,2.46229679903253
6378,16388,0.03513641844631533,800,1.3855949397219258,2.8384936215653056
6379,16389,0.03513641844631533,800,1.0368533964798021,2.9704601285693455
6380,16390,0.03513641844631533,800,1.103550515830895,2.9273918427551986
6381,16391,0.03513641844631533,800,2.08433237255032,2.3365584449328365
6382,16392,0.03513641844631533,800,1.393041866838041,2.8032827484266263
6383,16393,0.03513641844631533,800,1.6750450238638745,2.639297288552742
6384,16394,0.03513641844631533,800,1.9653709661592065,2.4563781781113154
6385,16395,0.03513641844631533,800,1.6155188425477598,2.6861618201619466
6386,16396,0.03513641844631533,800,2.3285643414063024,2.012591153761043
6387,16397,0.03513641844631533,800,2.183245970545853,2.1827844440671105
6388,16398,0.03513641844631533,800,1.619654984901937,2.6820787981786918
6389,16399,0.03513641844631533,800,2.0348152843493383,2.444044338373454
6390,16400,0.03513641844631533,1000,1.1851402749857365,2.9337006774065655
6391,16401,0.03513641844631533,1000,2.64893112554275,1.731844786784937
6392,16402,0.03513641844631533,1000,2.627635929714807,1.571919776921041
6393,16403,0.03513641844631533,1000,1.9288154131968072,2.3728308153072626
6394,16404,0.03513641844631533,1000,2.0780623185132034,2.358533425143045
6395,16405,0.03513641844631533,1000,1.6785612323534724,2.6484462167665166
6396,16406,0.03513641844631533,1000,1.5643301421295752,2.71150713013276
6397,16407,0.03513641844631533,1000,1.1996180765891897,2.90493761824207
6398,16408,0.03513641844631533,1000,1.0735125882643601,2.947454595233767
6399,16409,0.03513641844631533,1000,1.1508554866837666,2.915557313979716
6400,16410,0.03513641844631533,1000,1.499403464291015,2.732058487619466
6401,16411,0.03513641844631533,1000,1.6282978533943535,2.666106355591812
6402,16412,0.03513641844631533,1000,1.8871768234600625,2.45472736471173
6403,16413,0.03513641844631533,1000,2.02694068357837,2.3964351442666176
6404,16414,0.03513641844631533,1000,1.6976984025789599,2.6370159560162643
6405,16415,0.03513641844631533,1000,2.1202258265926117,2.289777458990922
6406,16416,0.03513641844631533,1000,1.402304369161543,2.7869582779819595
6407,16417,0.03513641844631533,1000,1.782199173124824,2.5463609562426677
6408,16418,0.03513641844631533,1000,1.6201162427113966,2.6777814532611575
6409,16419,0.03513641844631533,1000,2.276647438062491,2.126945103780158
6410,16420,0.03513641844631533,1000,1.5829811839654078,2.6948558059181105
6411,16421,0.03513641844631533,1000,1.1729512915707334,2.9007907273501345
6412,16422,0.03513641844631533,1000,1.140220180416887,2.926486076514675
6413,16423,0.03513641844631533,1000,2.1931183090216644,2.194056710663469
6414,16424,0.03513641844631533,1000,1.4338441769808594,2.7961498395487348
6415,16425,0.03513641844631533,1000,1.158867927601685,2.9258843598013184
6416,16426,0.03513641844631533,1000,1.5406969113386992,2.7237868632150546
6417,16427,0.03513641844631533,1000,1.1303812591741536,2.9426543060090014
6418,16428,0.03513641844631533,1000,1.1568722245871912,2.8999292648527346
6419,16429,0.03513641844631533,1000,1.4519380453106734,2.771887627292025
6420,16430,0.03513641844631533,1000,2.0610797364687614,2.32606075624047
6421,16431,0.03513641844631533,1000,2.5444550371616605,1.8463776390673647
6422,16432,0.03513641844631533,1000,1.731637042833689,2.6106055879369743
6423,16433,0.03513641844631533,1000,2.368604601181123,2.033189709148772
6424,16434,0.03513641844631533,1000,1.2494811292072927,2.8958675738069113
6425,16435,0.03513641844631533,1000,1.6869706530894728,2.65392732337489
6426,16436,0.03513641844631533,1000,2.10731836131138,2.325235793258333
6427,16437,0.03513641844631533,1000,1.7681321246084525,2.5427766695921727
6428,16438,0.03513641844631533,1000,1.6682763236449047,2.6805144406700103
6429,16439,0.03513641844631533,1000,1.6559533271976847,2.656290114551116
6430,16440,0.03513641844631533,1000,1.325619031696029,2.829758805273828
6431,16441,0.03513641844631533,1000,1.9058185006616841,2.464617069474469
6432,16442,0.03513641844631533,1000,2.15461308808914,2.247345808873944
6433,16443,0.03513641844631533,1000,1.4830407027707486,2.7422591983364684
6434,16444,0.03513641844631533,1000,2.0578659924735034,2.2871036257469357
6435,16445,0.03513641844631533,1000,1.6170905734057963,2.683590551868206
6436,16446,0.03513641844631533,1000,2.1589956438374704,2.3099199112845645
6437,16447,0.03513641844631533,1000,2.0262938717436705,2.331078617506866
6438,16448,0.03513641844631533,1000,1.0980236362796718,2.962546813369081
6439,16449,0.03513641844631533,1000,1.3495781452758722,2.8333681386750267
6440,16450,0.03513641844631533,1000,1.7952259371074966,2.5326123108657637
6441,16451,0.03513641844631533,1000,1.917693854116898,2.4694423084323485
6442,16452,0.03513641844631533,1000,1.7281015657436007,2.6497380797174133
6443,16453,0.03513641844631533,1000,1.5386447918462562,2.739660681661004
6444,16454,0.03513641844631533,1000,1.7282211473449967,2.6083919033569036
6445,16455,0.03513641844631533,1000,1.255816420014556,2.8928673346968585
6446,16456,0.03513641844631533,1000,1.203337889224894,2.888004492866753
6447,16457,0.03513641844631533,1000,1.5054807041714933,2.759604779739009
6448,16458,0.03513641844631533,1000,1.3235927042245104,2.840387556640243
6449,16459,0.03513641844631533,1000,1.8556615517251713,2.467115555574131
6450,16460,0.03513641844631533,1000,1.7813493573705141,2.578899642475055
6451,16461,0.03513641844631533,1000,1.3692396601622894,2.822030053363462
6452,16462,0.03513641844631533,1000,1.914313253261282,2.4517744719379038
6453,16463,0.03513641844631533,1000,2.3022871618823926,2.0831379662352396
6454,16464,0.03513641844631533,1000,1.5620789215606796,2.7049045992188594
6455,16465,0.03513641844631533,1000,1.2836109606387534,2.8872149372250173
6456,16466,0.03513641844631533,1000,1.5221063590876214,2.7527178136242627
6457,16467,0.03513641844631533,1000,1.8789698917076474,2.502808287799249
6458,16468,0.03513641844631533,1000,2.504154681487949,1.7969838197249857
6459,16469,0.03513641844631533,1000,1.5820556895631817,2.646291833182014
6460,16470,0.03513641844631533,1000,1.8049009463488503,2.5179237673922685
6461,16471,0.03513641844631533,1000,1.2010664078898634,2.8957548525985066
6462,16472,0.03513641844631533,1000,1.5245894661530477,2.753749066833926
6463,16473,0.03513641844631533,1000,2.423483808652084,2.0286462931286993
6464,16474,0.03513641844631533,1000,1.1472077795635296,2.9367492318905355
6465,16475,0.03513641844631533,1000,1.5658458210249109,2.7170617015779106
6466,16476,0.03513641844631533,1000,2.3154288581958133,2.090440705285137
6467,16477,0.03513641844631533,1000,1.9284851336218236,2.441502417218412
6468,16478,0.03513641844631533,1000,1.4052801435573714,2.7891134296984066
6469,16479,0.03513641844631533,1000,1.801460937083704,2.567969829793957
6470,16480,0.03513641844631533,1000,1.4341363133067084,2.784031166843603
6471,16481,0.03513641844631533,1000,1.2285902733364469,2.8785443850698162
6472,16482,0.03513641844631533,1000,1.2494431042767355,2.8817645916444548
6473,16483,0.03513641844631533,1000,1.0442507320538237,2.953553412474612
6474,16484,0.03513641844631533,1000,1.1067841860197363,2.9391035958140357
6475,16485,0.03513641844631533,1000,1.765110026348617,2.619031327775448
6476,16486,0.03513641844631533,1000,1.2499349163398132,2.8873001460179033
6477,16487,0.03513641844631533,1000,2.4263498565037898,2.0229849771339747
6478,16488,0.03513641844631533,1000,1.5889949244372956,2.7510843208601163
6479,16489,0.03513641844631533,1000,1.411402509133586,2.796639118506213
6480,16490,0.03513641844631533,1000,2.105713546666949,2.394377137547964
6481,16491,0.03513641844631533,1000,2.661800813874035,1.7116411714287252
6482,16492,0.03513641844631533,1000,1.1925648496652885,2.8834896871355387
6483,16493,0.03513641844631533,1000,1.8509580503251388,2.54144838254273
6484,16494,0.03513641844631533,1000,1.1670459475175101,2.926559698753531
6485,16495,0.03513641844631533,1000,1.0618806404643895,2.965018949548073
6486,16496,0.03513641844631533,1000,1.1107216464238847,2.953332388021638
6487,16497,0.03513641844631533,1000,1.9307130409703686,2.4681533259651443
6488,16498,0.03513641844631533,1000,1.4707243792375266,2.75797747440632
6489,16499,0.03513641844631533,1000,1.0215452884552252,2.978000689880727
6490,16500,0.03513641844631533,1200,1.7448183828576944,2.5172742337159004
6491,16501,0.03513641844631533,1200,1.7238135209230774,2.591139555307259
6492,16502,0.03513641844631533,1200,2.3257331066683733,1.9864761790198044
6493,16503,0.03513641844631533,1200,1.876311312696973,2.461030351219684
6494,16504,0.03513641844631533,1200,1.809609669243446,2.54114777376018
6495,16505,0.03513641844631533,1200,1.992019590244182,2.408898146364539
6496,16506,0.03513641844631533,1200,1.8474347528239126,2.5053500222164327
6497,16507,0.03513641844631533,1200,2.416695515045833,1.9970065831306338
6498,16508,0.03513641844631533,1200,1.490010775211596,2.7374892583074817
6499,16509,0.03513641844631533,1200,1.116967378924032,2.9347684373483127
6500,16510,0.03513641844631533,1200,1.6754912293412059,2.646565380761407
6501,16511,0.03513641844631533,1200,2.013685463196445,2.3178968162020777
6502,16512,0.03513641844631533,1200,1.8427832351955349,2.5543473924236633
6503,16513,0.03513641844631533,1200,2.1213036469735713,2.2207995731090575
6504,16514,0.03513641844631533,1200,1.8773477470070148,2.5065363025234197
6505,16515,0.03513641844631533,1200,2.0461299853478283,2.371062612894616
6506,16516,0.03513641844631533,1200,1.9311153936293781,2.441155671835479
6507,16517,0.03513641844631533,1200,1.972536013974537,2.4166001069566354
6508,16518,0.03513641844631533,1200,2.4561050851701047,1.8768787638932694
6509,16519,0.03513641844631533,1200,1.948154014964959,2.4635552544882353
6510,16520,0.03513641844631533,1200,2.5348107596025327,1.84673206192238
6511,16521,0.03513641844631533,1200,1.6918251886492086,2.6573532449690593
6512,16522,0.03513641844631533,1200,2.2012765179322256,2.1904835330129324
6513,16523,0.03513641844631533,1200,2.3658965250501813,2.0518281889863346
6514,16524,0.03513641844631533,1200,2.0397015823787785,2.3369126859891036
6515,16525,0.03513641844631533,1200,1.5049103718271444,2.7569669014041507
6516,16526,0.03513641844631533,1200,1.1678677779093758,2.9235647820760757
6517,16527,0.03513641844631533,1200,1.3273756203928677,2.842240074784417
6518,16528,0.03513641844631533,1200,1.8907621701999804,2.5134298071390346
6519,16529,0.03513641844631533,1200,1.4696670515022587,2.732219201590892
6520,16530,0.03513641844631533,1200,1.848334824918198,2.518226907419306
6521,16531,0.03513641844631533,1200,1.2643433279003662,2.877494271196835
6522,16532,0.03513641844631533,1200,1.1015725118547057,2.9534465822924214
6523,16533,0.03513641844631533,1200,2.0843552872545787,2.3504262611893427
6524,16534,0.03513641844631533,1200,2.3436929248631277,2.041268560465814
6525,16535,0.03513641844631533,1200,1.4154200762895577,2.813589931266149
6526,16536,0.03513641844631533,1200,2.2087722514948913,2.273181101790267
6527,16537,0.03513641844631533,1200,1.0681564505071384,2.9539645604159572
6528,16538,0.03513641844631533,1200,1.5795937567989768,2.6974058608051683
6529,16539,0.03513641844631533,1200,1.4005753374389793,2.786989555891343
6530,16540,0.03513641844631533,1200,1.0762787138907368,2.9680763135961135
6531,16541,0.03513641844631533,1200,2.071131879246043,2.3273485649066994
6532,16542,0.03513641844631533,1200,2.2267861445015518,2.1859525918218097
6533,16543,0.03513641844631533,1200,2.3087739135914798,2.1635247422012642
6534,16544,0.03513641844631533,1200,2.509585760035769,1.919505847934382
6535,16545,0.03513641844631533,1200,1.3875927415587905,2.8080317914987982
6536,16546,0.03513641844631533,1200,1.9668688344602472,2.460323139579785
6537,16547,0.03513641844631533,1200,2.0388386557705624,2.3999980895278274
6538,16548,0.03513641844631533,1200,1.6229054241380862,2.6681147459066823
6539,16549,0.03513641844631533,1200,1.9228186847027726,2.4672262510803877
6540,16550,0.03513641844631533,1200,2.0110200113212726,2.3797515003591845
6541,16551,0.03513641844631533,1200,2.7666728604899,1.3264348039383602
6542,16552,0.03513641844631533,1200,1.4229887146579316,2.8264717264948893
6543,16553,0.03513641844631533,1200,1.417800381770555,2.817143031230409
6544,16554,0.03513641844631533,1200,2.1560718012621867,2.3218994858113566
6545,16555,0.03513641844631533,1200,1.2758992496534944,2.855838458340403
6546,16556,0.03513641844631533,1200,1.9469568910625341,2.3984369330342816
6547,16557,0.03513641844631533,1200,1.964348291915103,2.415654689566116
6548,16558,0.03513641844631533,1200,1.4815319137576004,2.768770781255132
6549,16559,0.03513641844631533,1200,1.0506902487514687,2.9811852177908422
6550,16560,0.03513641844631533,1200,2.069834311523523,2.2638810573783075
6551,16561,0.03513641844631533,1200,1.5292596018696831,2.728554450180842
6552,16562,0.03513641844631533,1200,1.9490984978129056,2.4316708795337387
6553,16563,0.03513641844631533,1200,1.9959079207423103,2.4588996029139656
6554,16564,0.03513641844631533,1200,1.5167365178052803,2.7771111027303492
6555,16565,0.03513641844631533,1200,1.7142620447237316,2.5856118463023225
6556,16566,0.03513641844631533,1200,1.952696461140484,2.410852863317845
6557,16567,0.03513641844631533,1200,2.6570279660679583,1.6201428228801755
6558,16568,0.03513641844631533,1200,2.3178015568485764,2.1087083571527248
6559,16569,0.03513641844631533,1200,1.257737611065803,2.862584525940693
6560,16570,0.03513641844631533,1200,1.9909529291576955,2.4064955196504534
6561,16571,0.03513641844631533,1200,1.3538436761347268,2.825282728446254
6562,16572,0.03513641844631533,1200,1.5440612600208337,2.690147794363318
6563,16573,0.03513641844631533,1200,2.0981046904896794,2.3024756502372514
6564,16574,0.03513641844631533,1200,1.7358470641144763,2.6267115028376367
6565,16575,0.03513641844631533,1200,1.780204684349675,2.6264546313442763
6566,16576,0.03513641844631533,1200,1.9089836400176208,2.503356118358663
6567,16577,0.03513641844631533,1200,1.8138481551781247,2.4679363900596827
6568,16578,0.03513641844631533,1200,2.1594740000259476,2.2537269072585677
6569,16579,0.03513641844631533,1200,1.2676927095622523,2.8622363070979224
6570,16580,0.03513641844631533,1200,1.6147637951457536,2.648815653584631
6571,16581,0.03513641844631533,1200,1.7395761982736997,2.562373057537503
6572,16582,0.03513641844631533,1200,2.3000027455369416,2.0496163227276787
6573,16583,0.03513641844631533,1200,1.49844449579172,2.7636294016433016
6574,16584,0.03513641844631533,1200,1.7229041510030096,2.623835007462219
6575,16585,0.03513641844631533,1200,2.127933602383153,2.266115527568898
6576,16586,0.03513641844631533,1200,1.633843861804787,2.606033778869251
6577,16587,0.03513641844631533,1200,2.498327428136758,1.889484427849382
6578,16588,0.03513641844631533,1200,1.548379748606219,2.6810410767244934
6579,16589,0.03513641844631533,1200,1.5762938140006881,2.690601488029918
6580,16590,0.03513641844631533,1200,1.8147349166614788,2.5480187409719663
6581,16591,0.03513641844631533,1200,2.4359184875782365,1.9695181304620732
6582,16592,0.03513641844631533,1200,1.387354656474256,2.8211218355787997
6583,16593,0.03513641844631533,1200,2.299586502732144,2.1534660007701056
6584,16594,0.03513641844631533,1200,1.9757790112073927,2.4584161739700088
6585,16595,0.03513641844631533,1200,2.1686743040134977,2.2916403995270476
6586,16596,0.03513641844631533,1200,1.9877710096894223,2.4043710327398706
6587,16597,0.03513641844631533,1200,1.6718366353279357,2.651750406798304
6588,16598,0.03513641844631533,1200,1.7514605311400093,2.573442176163874
6589,16599,0.03513641844631533,1200,1.8248545809006487,2.4766573942073675
6590,16600,0.03513641844631533,1400,1.1740437757635687,2.9083077920482463
6591,16601,0.03513641844631533,1400,1.983456935199118,2.3631648964904604
6592,16602,0.03513641844631533,1400,2.2023780934767863,2.1510507277205995
6593,16603,0.03513641844631533,1400,1.111136436921195,2.953551657235283
6594,16604,0.03513641844631533,1400,2.1514960143355615,2.306636323203636
6595,16605,0.03513641844631533,1400,1.5970611053779273,2.7085425454470613
6596,16606,0.03513641844631533,1400,1.7955040918996494,2.500993363304382
6597,16607,0.03513641844631533,1400,1.7873392552291265,2.56223345589998
6598,16608,0.03513641844631533,1400,1.9111412658653268,2.472710919725632
6599,16609,0.03513641844631533,1400,1.3604235753631069,2.8076095876794795
6600,16610,0.03513641844631533,1400,2.3166376963580815,2.1133700797233237
6601,16611,0.03513641844631533,1400,1.1060163856592446,2.9473932956505626
6602,16612,0.03513641844631533,1400,2.0086008593650795,2.4041427096298773
6603,16613,0.03513641844631533,1400,1.682057058562447,2.6036422604290093
6604,16614,0.03513641844631533,1400,1.7153695541418164,2.5858082665212363
6605,16615,0.03513641844631533,1400,2.063710287088011,2.3520694374218643
6606,16616,0.03513641844631533,1400,2.3211581461421638,2.1432079713188665
6607,16617,0.03513641844631533,1400,1.103770746016361,2.9365297953056038
6608,16618,0.03513641844631533,1400,1.9033764786993577,2.5055739020332686
6609,16619,0.03513641844631533,1400,1.099858136058863,2.935910892602232
6610,16620,0.03513641844631533,1400,1.7965743845880489,2.567208148225405
6611,16621,0.03513641844631533,1400,1.9310662224459538,2.392918705534503
6612,16622,0.03513641844631533,1400,1.9415134859971808,2.461045784003397
6613,16623,0.03513641844631533,1400,1.825525052725253,2.5155620016430595
6614,16624,0.03513641844631533,1400,1.5587444104665613,2.7249473539535565
6615,16625,0.03513641844631533,1400,2.076738658712057,2.4248169665613317
6616,16626,0.03513641844631533,1400,2.2986979489968435,2.039368775778487
6617,16627,0.03513641844631533,1400,1.9384815826241115,2.489740753855842
6618,16628,0.03513641844631533,1400,2.360753186643822,2.1185935372711584
6619,16629,0.03513641844631533,1400,1.6075397149140156,2.631777034764505
6620,16630,0.03513641844631533,1400,2.2422985013163195,2.2131520352234237
6621,16631,0.03513641844631533,1400,1.5662890232822049,2.700457433901942
6622,16632,0.03513641844631533,1400,2.0847415051511833,2.3736833228739824
6623,16633,0.03513641844631533,1400,1.5777090949371944,2.688290291529647
6624,16634,0.03513641844631533,1400,1.7029930509167563,2.605963187247705
6625,16635,0.03513641844631533,1400,1.7804380334735093,2.562038362766363
6626,16636,0.03513641844631533,1400,2.20330394769697,2.267525499763064
6627,16637,0.03513641844631533,1400,1.406204832669398,2.7987347423571896
6628,16638,0.03513641844631533,1400,1.0808121339120818,2.9472607165126843
6629,16639,0.03513641844631533,1400,1.25880043150478,2.912020883312352
6630,16640,0.03513641844631533,1400,1.0505198062665961,2.9814288043805997
6631,16641,0.03513641844631533,1400,1.4636271577388336,2.781583305098169
6632,16642,0.03513641844631533,1400,1.5984380323780818,2.669330881525471
6633,16643,0.03513641844631533,1400,1.9324576933684519,2.417758719818722
6634,16644,0.03513641844631533,1400,1.9862183807873581,2.412094810586306
6635,16645,0.03513641844631533,1400,2.1883051735832786,2.2052494729761873
6636,16646,0.03513641844631533,1400,2.3668411423671403,2.0801695509442384
6637,16647,0.03513641844631533,1400,2.361888630257114,2.0984203102443826
6638,16648,0.03513641844631533,1400,2.565125092107195,1.8174491372367403
6639,16649,0.03513641844631533,1400,1.7925919115003375,2.5615332505385804
6640,16650,0.03513641844631533,1400,2.165899671477214,2.2479061792529533
6641,16651,0.03513641844631533,1400,1.1281519567819562,2.9255942046490833
6642,16652,0.03513641844631533,1400,1.7045688152461782,2.608119327506668
6643,16653,0.03513641844631533,1400,2.6036335374721986,1.8269796856361835
6644,16654,0.03513641844631533,1400,1.9629889841563841,2.442091186541708
6645,16655,0.03513641844631533,1400,1.9967412027974674,2.390458985278261
6646,16656,0.03513641844631533,1400,1.2605233107774407,2.8592605072090413
6647,16657,0.03513641844631533,1400,1.9948841373526633,2.4274797949563705
6648,16658,0.03513641844631533,1400,1.755122099826989,2.5548908215240376
6649,16659,0.03513641844631533,1400,1.7335982224956592,2.5976774346707154
6650,16660,0.03513641844631533,1400,1.9046981758841344,2.485070452389663
6651,16661,0.03513641844631533,1400,1.8391487928941317,2.5855580789872836
6652,16662,0.03513641844631533,1400,1.7229854812978556,2.618920849794385
6653,16663,0.03513641844631533,1400,2.6893835659584644,1.6152551258896586
6654,16664,0.03513641844631533,1400,2.2715110197602844,2.16331248867984
6655,16665,0.03513641844631533,1400,1.337463982349599,2.831188088855371
6656,16666,0.03513641844631533,1400,1.2507094816869067,2.895708051402829
6657,16667,0.03513641844631533,1400,2.3653930217197767,2.0204973966990445
6658,16668,0.03513641844631533,1400,1.7380052898759082,2.6397262681639804
6659,16669,0.03513641844631533,1400,1.6284488900394802,2.658087320618754
6660,16670,0.03513641844631533,1400,1.879410721557885,2.492959862026628
6661,16671,0.03513641844631533,1400,1.3290138877648503,2.840411980924773
6662,16672,0.03513641844631533,1400,1.2687628404008398,2.871610927267584
6663,16673,0.03513641844631533,1400,1.78775675511489,2.572055044967361
6664,16674,0.03513641844631533,1400,1.2745588157212653,2.8646031985253724
6665,16675,0.03513641844631533,1400,2.5059706572623464,1.820937335448179
6666,16676,0.03513641844631533,1400,2.442261556477651,1.968735079293096
6667,16677,0.03513641844631533,1400,1.7011551483558918,2.5865755291275714
6668,16678,0.03513641844631533,1400,1.7510284030402192,2.5386241561436482
6669,16679,0.03513641844631533,1400,1.740623387584328,2.5903176015121003
6670,16680,0.03513641844631533,1400,1.7406787493473128,2.568172396715724
6671,16681,0.03513641844631533,1400,2.607192274173575,1.743380609897725
6672,16682,0.03513641844631533,1400,1.9609943982347928,2.42336245053105
6673,16683,0.03513641844631533,1400,2.182387237031344,2.221505389450498
6674,16684,0.03513641844631533,1400,1.8218342895992294,2.4905359936833564
6675,16685,0.03513641844631533,1400,1.4718333847472176,2.7671017867159358
6676,16686,0.03513641844631533,1400,1.9323627259451084,2.4615035663287204
6677,16687,0.03513641844631533,1400,2.1011647516048635,2.3636534558541404
6678,16688,0.03513641844631533,1400,1.2492621811004188,2.8850405779760884
6679,16689,0.03513641844631533,1400,1.7108729964392442,2.568786640539584
6680,16690,0.03513641844631533,1400,2.018059993473285,2.344555931267312
6681,16691,0.03513641844631533,1400,2.3050611651260917,2.074275809963968
6682,16692,0.03513641844631533,1400,1.7451239822345763,2.605483785906526
6683,16693,0.03513641844631533,1400,2.4062240108764934,1.9807557760113528
6684,16694,0.03513641844631533,1400,1.5258157278382507,2.71811914224665
6685,16695,0.03513641844631533,1400,1.2517533762179267,2.865212760157031
6686,16696,0.03513641844631533,1400,2.0292178275991155,2.3200949390661774
6687,16697,0.03513641844631533,1400,1.8014702004446028,2.543405395435671
6688,16698,0.03513641844631533,1400,1.960140373525538,2.4451163131630587
6689,16699,0.03513641844631533,1400,1.2118052372286734,2.8673814696796374
6690,16700,0.03513641844631533,1600,2.1606026049215075,2.265108391624984
6691,16701,0.03513641844631533,1600,2.054473751863691,2.3427062373968295
6692,16702,0.03513641844631533,1600,1.6958598382809527,2.6356199910240976
6693,16703,0.03513641844631533,1600,2.08563562902641,2.3644144356923578
6694,16704,0.03513641844631533,1600,2.3020205654774615,2.052316341722628
6695,16705,0.03513641844631533,1600,2.310612433476099,2.1118910937283184
6696,16706,0.03513641844631533,1600,1.908169187504073,2.465001767733029
6697,16707,0.03513641844631533,1600,1.9836141367643378,2.455572139189061
6698,16708,0.03513641844631533,1600,1.3293514742805133,2.834902650619734
6699,16709,0.03513641844631533,1600,2.183932295085412,2.263352178133121
6700,16710,0.03513641844631533,1600,2.1292161568005943,2.3319658060601895
6701,16711,0.03513641844631533,1600,1.5518151255537156,2.7447135955375
6702,16712,0.03513641844631533,1600,1.996123362499813,2.4394869125754157
6703,16713,0.03513641844631533,1600,2.27548676402993,2.1249780761710273
6704,16714,0.03513641844631533,1600,2.513824778601121,1.8149783654078526
6705,16715,0.03513641844631533,1600,2.627434149814187,1.7009688167410055
6706,16716,0.03513641844631533,1600,2.6682968465731856,1.6738256178795772
6707,16717,0.03513641844631533,1600,1.5146395405458377,2.7581267788388066
6708,16718,0.03513641844631533,1600,1.709238483433931,2.595973723480136
6709,16719,0.03513641844631533,1600,2.3005023017060666,2.0279074271567046
6710,16720,0.03513641844631533,1600,1.987017073158342,2.388855212659016
6711,16721,0.03513641844631533,1600,1.0765590131600056,2.942015591551506
6712,16722,0.03513641844631533,1600,1.4556153390417914,2.770881697599235
6713,16723,0.03513641844631533,1600,1.1792481132124988,2.9109122145225284
6714,16724,0.03513641844631533,1600,2.13443543891175,2.2929274244251725
6715,16725,0.03513641844631533,1600,1.707733316444894,2.5785472654786523
6716,16726,0.03513641844631533,1600,1.746559659989164,2.593943088215866
6717,16727,0.03513641844631533,1600,1.637716652906062,2.666863081785288
6718,16728,0.03513641844631533,1600,1.098219357266943,2.9488104956174657
6719,16729,0.03513641844631533,1600,1.7139326525870113,2.5841839630922783
6720,16730,0.03513641844631533,1600,2.3736945290809723,2.0675801410118027
6721,16731,0.03513641844631533,1600,1.8117230795993453,2.5375484090295903
6722,16732,0.03513641844631533,1600,2.1829529125506797,2.239093383795591
6723,16733,0.03513641844631533,1600,2.240064458025457,2.1615940207663993
6724,16734,0.03513641844631533,1600,2.262276461771954,2.1608415854624328
6725,16735,0.03513641844631533,1600,2.1158504627272783,2.2995421214831895
6726,16736,0.03513641844631533,1600,1.484776206442358,2.755234539977786
6727,16737,0.03513641844631533,1600,1.806256208494331,2.5484081235200504
6728,16738,0.03513641844631533,1600,1.4029408674106034,2.774053204481279
6729,16739,0.03513641844631533,1600,2.0043497612784984,2.395037165698567
6730,16740,0.03513641844631533,1600,2.116477983878083,2.3406898186386487
6731,16741,0.03513641844631533,1600,2.284895407599038,2.0226981550855414
6732,16742,0.03513641844631533,1600,2.6691498879389863,1.6384509005144263
6733,16743,0.03513641844631533,1600,1.1219705897206627,2.9589013808438893
6734,16744,0.03513641844631533,1600,1.3805180104591246,2.7985785085593684
6735,16745,0.03513641844631533,1600,1.068803633227584,2.966937020399429
6736,16746,0.03513641844631533,1600,2.256581894384124,2.208949288683779
6737,16747,0.03513641844631533,1600,1.8962243878357423,2.424033831365129
6738,16748,0.03513641844631533,1600,1.6202269455436504,2.665479387052302
6739,16749,0.03513641844631533,1600,2.299006635689291,2.1523305327025692
6740,16750,0.03513641844631533,1600,1.4558709800041925,2.7601821234911497
6741,16751,0.03513641844631533,1600,2.3406308913747984,2.028071221750852
6742,16752,0.03513641844631533,1600,2.753845714833604,1.45293627343886
6743,16753,0.03513641844631533,1600,2.1846541233235355,2.2890137828551222
6744,16754,0.03513641844631533,1600,1.2080948337646302,2.892942896862819
6745,16755,0.03513641844631533,1600,1.7499082369718344,2.5499319855652325
6746,16756,0.03513641844631533,1600,2.3746510180876674,2.0632655526764943
6747,16757,0.03513641844631533,1600,2.1738186558117913,2.2472789679585636
6748,16758,0.03513641844631533,1600,2.71008192912935,1.373944606011554
6749,16759,0.03513641844631533,1600,1.868046917445049,2.488069752774056
6750,16760,0.03513641844631533,1600,1.2697847788478616,2.8758803460243967
6751,16761,0.03513641844631533,1600,2.0437954909653686,2.4158074070977364
6752,16762,0.03513641844631533,1600,2.2904518785101713,2.1628597443656856
6753,16763,0.03513641844631533,1600,2.260808697883953,2.193249196189167
6754,16764,0.03513641844631533,1600,2.2367804466601267,2.142469305214736
6755,16765,0.03513641844631533,1600,1.6418254413819775,2.6854938222012565
6756,16766,0.03513641844631533,1600,1.6332722595954947,2.690128411036592
6757,16767,0.03513641844631533,1600,2.163448126510344,2.2860218486690767
6758,16768,0.03513641844631533,1600,2.127997725801861,2.2765221672173572
6759,16769,0.03513641844631533,1600,1.6958846986904046,2.659449396961805
6760,16770,0.03513641844631533,1600,2.292777255843659,2.1371995769350765
6761,16771,0.03513641844631533,1600,1.048862808802782,2.9754077460875057
6762,16772,0.03513641844631533,1600,2.0122809470030845,2.3975638913352
6763,16773,0.03513641844631533,1600,2.0633988777300547,2.3183829642751506
6764,16774,0.03513641844631533,1600,1.329500678506442,2.861419597037542
6765,16775,0.03513641844631533,1600,1.9094678514466046,2.4577186927564467
6766,16776,0.03513641844631533,1600,2.103252626623654,2.3383209415195583
6767,16777,0.03513641844631533,1600,1.3034562770085039,2.8561904209907896
6768,16778,0.03513641844631533,1600,1.8447882737421513,2.5409283988829925
6769,16779,0.03513641844631533,1600,1.1311610490350643,2.9446358223257487
6770,16780,0.03513641844631533,1600,2.454246224118427,1.9246149224856577
6771,16781,0.03513641844631533,1600,1.9418794455407806,2.464901248049697
6772,16782,0.03513641844631533,1600,1.761555272353506,2.5538989483863213
6773,16783,0.03513641844631533,1600,2.042254766034403,2.3532891923551693
6774,16784,0.03513641844631533,1600,1.681981710907856,2.6646521066889535
6775,16785,0.03513641844631533,1600,2.1346291464675007,2.27375357486135
6776,16786,0.03513641844631533,1600,1.2259221828096225,2.9119216232257146
6777,16787,0.03513641844631533,1600,1.670339882462271,2.6853712169369173
6778,16788,0.03513641844631533,1600,2.5437459010436823,1.8767398558174246
6779,16789,0.03513641844631533,1600,1.8749757503940347,2.538373927030226
6780,16790,0.03513641844631533,1600,2.547311035683686,1.877355876089363
6781,16791,0.03513641844631533,1600,1.56628324095171,2.706994276205847
6782,16792,0.03513641844631533,1600,2.335918140800891,2.105674504296897
6783,16793,0.03513641844631533,1600,1.7964908121134164,2.518662148972443
6784,16794,0.03513641844631533,1600,2.1068898180050253,2.207239406762129
6785,16795,0.03513641844631533,1600,2.121137368576105,2.3271333553724523
6786,16796,0.03513641844631533,1600,1.8222567511058805,2.4462836556202356
6787,16797,0.03513641844631533,1600,2.259768979291146,2.201319433309574
6788,16798,0.03513641844631533,1600,1.4704036986852205,2.793446662349024
6789,16799,0.03513641844631533,1600,1.9325750098739873,2.4664393141292855
6790,16800,0.03513641844631533,1800,2.3033165258239476,2.1488919065335836
6791,16801,0.03513641844631533,1800,1.8416050182745949,2.5205582094827337
6792,16802,0.03513641844631533,1800,1.8281275378595185,2.5659764783290284
6793,16803,0.03513641844631533,1800,2.0882871798078515,2.324738645615466
6794,16804,0.03513641844631533,1800,1.0592033552763591,2.9573271401289656
6795,16805,0.03513641844631533,1800,2.036985310396535,2.3705315916767513
6796,16806,0.03513641844631533,1800,1.3933255268539952,2.8349783534926027
6797,16807,0.03513641844631533,1800,1.9523938960671792,2.439062431550058
6798,16808,0.03513641844631533,1800,1.68010958033211,2.655663845888846
6799,16809,0.03513641844631533,1800,2.3391231359694067,2.1471013527986464
6800,16810,0.03513641844631533,1800,1.7443143062769457,2.6478737751305794
6801,16811,0.03513641844631533,1800,1.4332538097156067,2.7946621433023737
6802,16812,0.03513641844631533,1800,2.4273577408232834,1.9909718159417178
6803,16813,0.03513641844631533,1800,1.7713956193734173,2.6215516106649384
6804,16814,0.03513641844631533,1800,1.6854144369479385,2.617473123040173
6805,16815,0.03513641844631533,1800,2.316113944129568,2.1202701351953013
6806,16816,0.03513641844631533,1800,1.7220329266129106,2.603678786128368
6807,16817,0.03513641844631533,1800,1.8344734702502432,2.541527327134608
6808,16818,0.03513641844631533,1800,2.5163287496435833,1.928528793523857
6809,16819,0.03513641844631533,1800,1.6947830006714661,2.5803240306183337
6810,16820,0.03513641844631533,1800,2.2040779043466427,2.2571940559347614
6811,16821,0.03513641844631533,1800,1.7929653642459296,2.5620464264914333
6812,16822,0.03513641844631533,1800,1.3238492770628674,2.8381260519008276
6813,16823,0.03513641844631533,1800,2.365842268840808,2.037991919861251
6814,16824,0.03513641844631533,1800,2.1885605406765882,2.199795694770462
6815,16825,0.03513641844631533,1800,2.053836643650155,2.3773990382234493
6816,16826,0.03513641844631533,1800,1.727712666946264,2.6349770529981065
6817,16827,0.03513641844631533,1800,2.319823797581219,2.1059254010290407
6818,16828,0.03513641844631533,1800,2.3567280764230314,2.0773916591461945
6819,16829,0.03513641844631533,1800,1.2474663769101415,2.8684410486721617
6820,16830,0.03513641844631533,1800,2.3701204252941204,2.0928346122917354
6821,16831,0.03513641844631533,1800,1.2039507453839278,2.8993595467885376
6822,16832,0.03513641844631533,1800,1.4000046053423234,2.8128992140640063
6823,16833,0.03513641844631533,1800,2.4460950205457195,1.9197480044255755
6824,16834,0.03513641844631533,1800,1.1010979250853294,2.9177641400068284
6825,16835,0.03513641844631533,1800,1.7473023170054411,2.5938617662686623
6826,16836,0.03513641844631533,1800,2.245411887747814,2.182282784185161
6827,16837,0.03513641844631533,1800,1.6411150531663512,2.6923364322846903
6828,16838,0.03513641844631533,1800,1.093016781551748,2.931860409766925
6829,16839,0.03513641844631533,1800,1.7975130442684317,2.5299603761937184
6830,16840,0.03513641844631533,1800,2.549303840805654,1.8173435407106369
6831,16841,0.03513641844631533,1800,2.5804597790654347,1.7152471961247868
6832,16842,0.03513641844631533,1800,2.5520635616865497,1.8076033333187902
6833,16843,0.03513641844631533,1800,2.551044715272739,1.8302258347290867
6834,16844,0.03513641844631533,1800,1.446296431748127,2.7812649852094027
6835,16845,0.03513641844631533,1800,2.5180219251829503,1.846984522246973
6836,16846,0.03513641844631533,1800,2.4805741093588924,1.929975537151591
6837,16847,0.03513641844631533,1800,2.0121524611210955,2.3514736062427617
6838,16848,0.03513641844631533,1800,2.7630018336711886,1.5148132132599863
6839,16849,0.03513641844631533,1800,2.4681063277066175,1.9765634255041653
6840,16850,0.03513641844631533,1800,2.3895221988652167,2.0353475485197516
6841,16851,0.03513641844631533,1800,1.8778314094547994,2.5686024353109422
6842,16852,0.03513641844631533,1800,2.2946804065396025,2.0891968652771142
6843,16853,0.03513641844631533,1800,1.7759148345212978,2.56918568174456
6844,16854,0.03513641844631533,1800,2.1896656986989016,2.2659080393078486
6845,16855,0.03513641844631533,1800,1.3173113449253633,2.836368390163181
6846,16856,0.03513641844631533,1800,2.1245537844681275,2.3169520374182504
6847,16857,0.03513641844631533,1800,2.0213292826838147,2.430019349557162
6848,16858,0.03513641844631533,1800,1.6981355606817339,2.6087283599025763
6849,16859,0.03513641844631533,1800,1.3901266468169609,2.8338910754378377
6850,16860,0.03513641844631533,1800,1.7383547829838508,2.594369619998582
6851,16861,0.03513641844631533,1800,2.3174752543393162,2.1181591433466456
6852,16862,0.03513641844631533,1800,1.9889120775668896,2.413220271850648
6853,16863,0.03513641844631533,1800,2.2396345083218163,2.192756091994819
6854,16864,0.03513641844631533,1800,1.7633929724200743,2.6052593894727716
6855,16865,0.03513641844631533,1800,1.8186520362907193,2.5702858821044345
6856,16866,0.03513641844631533,1800,1.3093607109451029,2.888509890251909
6857,16867,0.03513641844631533,1800,2.23317057740594,2.123957793891052
6858,16868,0.03513641844631533,1800,1.7781179370939966,2.5037839248326974
6859,16869,0.03513641844631533,1800,2.592147607380163,1.7501748225752773
6860,16870,0.03513641844631533,1800,2.67537103501135,1.6416812645638363
6861,16871,0.03513641844631533,1800,1.9023523788880667,2.486825291206126
6862,16872,0.03513641844631533,1800,2.2890670781448774,2.0983328464092166
6863,16873,0.03513641844631533,1800,2.5018152669341815,1.9649383058936731
6864,16874,0.03513641844631533,1800,1.4009258678836884,2.804291519604155
6865,16875,0.03513641844631533,1800,2.3974098500435743,2.039166929035718
6866,16876,0.03513641844631533,1800,2.1651586139373276,2.2610988914187318
6867,16877,0.03513641844631533,1800,1.2230160795831264,2.855865836224902
6868,16878,0.03513641844631533,1800,1.5390046579025285,2.763779155246212
6869,16879,0.03513641844631533,1800,1.8918684995297188,2.4541619496707145
6870,16880,0.03513641844631533,1800,1.8063492179202434,2.570263415590218
6871,16881,0.03513641844631533,1800,2.6644233494385765,1.7151697922790343
6872,16882,0.03513641844631533,1800,2.1382128526343243,2.233227142809684
6873,16883,0.03513641844631533,1800,2.158695864209404,2.263966681208246
6874,16884,0.03513641844631533,1800,1.9886343931140165,2.4058729594497015
6875,16885,0.03513641844631533,1800,1.7400780140713916,2.56827077422514
6876,16886,0.03513641844631533,1800,2.09933661473304,2.2664087550413226
6877,16887,0.03513641844631533,1800,2.273249572052447,2.1932321722944645
6878,16888,0.03513641844631533,1800,2.2184543370964995,2.064368771440365
6879,16889,0.03513641844631533,1800,1.6362035152368055,2.672612977936751
6880,16890,0.03513641844631533,1800,1.1854536287301247,2.931576085746422
6881,16891,0.03513641844631533,1800,2.502581349477751,1.8634796781292748
6882,16892,0.03513641844631533,1800,1.6210623100023398,2.644369019037987
6883,16893,0.03513641844631533,1800,2.3888480686026297,2.037025455877708
6884,16894,0.03513641844631533,1800,2.430789961608489,1.9406977397764122
6885,16895,0.03513641844631533,1800,1.9067443109941167,2.5175871648921153
6886,16896,0.03513641844631533,1800,1.5412860129462764,2.7490203148777552
6887,16897,0.03513641844631533,1800,2.3145659288897544,1.9774956950108884
6888,16898,0.03513641844631533,1800,1.8635578353653401,2.5825955186069542
6889,16899,0.03513641844631533,1800,1.290878623714384,2.854523540399087
6890,16900,0.03513641844631533,2000,1.9106281381998458,2.460409750264744
6891,16901,0.03513641844631533,2000,2.4132940095993307,2.0584484563953622
6892,16902,0.03513641844631533,2000,1.9654999189712712,2.4719956185941774
6893,16903,0.03513641844631533,2000,1.9801415740954866,2.4757082648757116
6894,16904,0.03513641844631533,2000,1.8715455698655372,2.486184709601586
6895,16905,0.03513641844631533,2000,2.404908689872972,1.9597171815140406
6896,16906,0.03513641844631533,2000,1.9563275814556498,2.4312021298300155
6897,16907,0.03513641844631533,2000,2.629775939857854,1.7064990670357427
6898,16908,0.03513641844631533,2000,1.27060635733512,2.8402631733135983
6899,16909,0.03513641844631533,2000,2.169297650316939,2.2857418998333214
6900,16910,0.03513641844631533,2000,2.242404828893221,2.207496950514945
6901,16911,0.03513641844631533,2000,2.024919853227724,2.370053069308372
6902,16912,0.03513641844631533,2000,1.8539789767413233,2.5331388900126566
6903,16913,0.03513641844631533,2000,1.5900010514336775,2.7059916730307547
6904,16914,0.03513641844631533,2000,1.4535855010312662,2.795397384290224
6905,16915,0.03513641844631533,2000,2.538348718918607,1.9036473673671268
6906,16916,0.03513641844631533,2000,2.257535055876251,2.157157739644899
6907,16917,0.03513641844631533,2000,1.8686170529800823,2.533422085270133
6908,16918,0.03513641844631533,2000,1.34436745629581,2.845811865689879
6909,16919,0.03513641844631533,2000,2.574486470287962,1.7897786949371253
6910,16920,0.03513641844631533,2000,2.4902889804978385,1.916671356159167
6911,16921,0.03513641844631533,2000,2.27972070556645,2.0718722776942458
6912,16922,0.03513641844631533,2000,1.0519719125367915,2.962416980992677
6913,16923,0.03513641844631533,2000,2.2221040962576066,2.138158118652494
6914,16924,0.03513641844631533,2000,2.751723321891736,1.4080631814764712
6915,16925,0.03513641844631533,2000,1.942232775846784,2.382389599568498
6916,16926,0.03513641844631533,2000,1.7943548544581425,2.6089381593205263
6917,16927,0.03513641844631533,2000,1.5135633525847108,2.73345564533136
6918,16928,0.03513641844631533,2000,2.224720341920019,2.1902737227929263
6919,16929,0.03513641844631533,2000,1.3089448940574149,2.8641607493455945
6920,16930,0.03513641844631533,2000,2.2691161455054,2.150702134758161
6921,16931,0.03513641844631533,2000,1.7727742916746632,2.559109768162169
6922,16932,0.03513641844631533,2000,1.7767571301856595,2.603420408667566
6923,16933,0.03513641844631533,2000,2.3914953053473127,2.054947991516644
6924,16934,0.03513641844631533,2000,1.117447398245006,2.9214008319778717
6925,16935,0.03513641844631533,2000,2.369982582117929,2.092533824235033
6926,16936,0.03513641844631533,2000,2.3394042920612383,2.0529396669875357
6927,16937,0.03513641844631533,2000,1.674587895579048,2.6204469644428094
6928,16938,0.03513641844631533,2000,1.4992984024128744,2.765002562995609
6929,16939,0.03513641844631533,2000,2.269966637866964,2.133836351197179
6930,16940,0.03513641844631533,2000,1.3978433122601515,2.8006885945391575
6931,16941,0.03513641844631533,2000,2.5067896614424,1.9174819097537341
6932,16942,0.03513641844631533,2000,2.7366337564175636,1.464110604812333
6933,16943,0.03513641844631533,2000,1.5300693631097868,2.68853304295041
6934,16944,0.03513641844631533,2000,1.901749683893088,2.4631200517157597
6935,16945,0.03513641844631533,2000,2.218899250162358,2.18820249676467
6936,16946,0.03513641844631533,2000,2.1771770885811654,2.240734161519067
6937,16947,0.03513641844631533,2000,1.5061710091338973,2.7570376792956686
6938,16948,0.03513641844631533,2000,2.0347527770164704,2.4012493823385515
6939,16949,0.03513641844631533,2000,1.8385315631928403,2.574307225826394
6940,16950,0.03513641844631533,2000,1.263890797632643,2.9066022517024246
6941,16951,0.03513641844631533,2000,1.3469391031921338,2.8073282871022416
6942,16952,0.03513641844631533,2000,2.393451502481696,1.9810436294096359
6943,16953,0.03513641844631533,2000,2.113056745182743,2.3371064849158976
6944,16954,0.03513641844631533,2000,1.7462404495069712,2.598493760771975
6945,16955,0.03513641844631533,2000,1.527610592372731,2.7438164331436363
6946,16956,0.03513641844631533,2000,2.409203416334092,2.0407823577295416
6947,16957,0.03513641844631533,2000,2.0086982171587286,2.3821006191261698
6948,16958,0.03513641844631533,2000,2.7016625846848266,1.5996292433803598
6949,16959,0.03513641844631533,2000,2.5291507054495357,1.868103205914623
6950,16960,0.03513641844631533,2000,2.1048435523737696,2.3265022863980396
6951,16961,0.03513641844631533,2000,2.5002950831350357,1.8694617238018878
6952,16962,0.03513641844631533,2000,2.252491849332844,2.2329370466993814
6953,16963,0.03513641844631533,2000,1.9286506278477682,2.5203433403828903
6954,16964,0.03513641844631533,2000,1.2011065836219859,2.897000500132261
6955,16965,0.03513641844631533,2000,2.3366209810263507,2.1809580723838247
6956,16966,0.03513641844631533,2000,2.4491270127392584,1.8920925250239193
6957,16967,0.03513641844631533,2000,2.3196189657515602,2.120906498560496
6958,16968,0.03513641844631533,2000,1.2569822169253508,2.901103528116853
6959,16969,0.03513641844631533,2000,1.4283858250284065,2.78410813997267
6960,16970,0.03513641844631533,2000,2.100744619172098,2.3593872944217718
6961,16971,0.03513641844631533,2000,1.7201424854267433,2.5929440121392853
6962,16972,0.03513641844631533,2000,2.22505732243686,2.260230116607025
6963,16973,0.03513641844631533,2000,2.081535419785708,2.348735005973663
6964,16974,0.03513641844631533,2000,1.4274944469097794,2.817947503379663
6965,16975,0.03513641844631533,2000,2.205548519217296,2.275162355358719
6966,16976,0.03513641844631533,2000,1.6157335543819145,2.645067067727941
6967,16977,0.03513641844631533,2000,1.394517721939324,2.8102518600441586
6968,16978,0.03513641844631533,2000,2.5231303867130124,1.8904900126664597
6969,16979,0.03513641844631533,2000,1.3520298604057157,2.8461362557909284
6970,16980,0.03513641844631533,2000,1.9063069211802754,2.3764937326024085
6971,16981,0.03513641844631533,2000,1.253232905148247,2.876935218153575
6972,16982,0.03513641844631533,2000,1.326637090183504,2.858054189429013
6973,16983,0.03513641844631533,2000,2.2990339895373646,2.153028440643371
6974,16984,0.03513641844631533,2000,1.8084591085931034,2.566362879310355
6975,16985,0.03513641844631533,2000,1.745062838882093,2.6054328757183876
6976,16986,0.03513641844631533,2000,1.5531922415054689,2.7339797346256205
6977,16987,0.03513641844631533,2000,1.5668998247704216,2.718014801063913
6978,16988,0.03513641844631533,2000,1.395148904171622,2.868549975171976
6979,16989,0.03513641844631533,2000,2.2080798331099176,2.2110075503579667
6980,16990,0.03513641844631533,2000,2.1354546096129163,2.317906576707565
6981,16991,0.03513641844631533,2000,2.443283424317614,1.8550542704545232
6982,16992,0.03513641844631533,2000,1.9615253553269185,2.4306024553729833
6983,16993,0.03513641844631533,2000,2.635556465318829,1.7523989688586656
6984,16994,0.03513641844631533,2000,1.8214687667019014,2.536491200617438
6985,16995,0.03513641844631533,2000,1.8046546800969512,2.568089694773254
6986,16996,0.03513641844631533,2000,1.8658097395532072,2.4975610757663964
6987,16997,0.03513641844631533,2000,1.6698443146716955,2.679864743836499
6988,16998,0.03513641844631533,2000,2.4355736981908134,2.0014420367423824
6989,16999,0.03513641844631533,2000,1.3088970841522491,2.851566592984569
6990,17000,0.019758660111543588,200,1.3658847119388278,2.8495311725010177
6991,17001,0.019758660111543588,200,1.573567781380379,2.6803626531433578
6992,17002,0.019758660111543588,200,1.101884112890369,2.9545436196449826
6993,17003,0.019758660111543588,200,1.1250761205002706,2.909441110444919
6994,17004,0.019758660111543588,200,1.369349727388475,2.8310011023357573
6995,17005,0.019758660111543588,200,1.3255036455520401,2.83475595548697
6996,17006,0.019758660111543588,200,1.5565730173585937,2.723163348973797
6997,17007,0.019758660111543588,200,1.1220792172101737,2.9439424240429437
6998,17008,0.019758660111543588,200,1.1420912381347892,2.91027879228917
6999,17009,0.019758660111543588,200,1.1889518853909649,2.908299662537164
7000,17010,0.019758660111543588,200,1.3670290018976998,2.824655508089571
7001,17011,0.019758660111543588,200,1.7736201667682139,2.569749464894792
7002,17012,0.019758660111543588,200,1.0160803051770608,2.9829017923183105
7003,17013,0.019758660111543588,200,1.663775710419658,2.6380019787678117
7004,17014,0.019758660111543588,200,1.4592176507457775,2.7785530172124377
7005,17015,0.019758660111543588,200,1.760500936512741,2.585484955961023
7006,17016,0.019758660111543588,200,1.0687135229704536,2.9707439307693932
7007,17017,0.019758660111543588,200,1.9100323595084774,2.4264034531610212
7008,17018,0.019758660111543588,200,1.6290700217977458,2.645466691450989
7009,17019,0.019758660111543588,200,1.435348753795286,2.767513269869271
7010,17020,0.019758660111543588,200,1.1042781044728351,2.926242525329988
7011,17021,0.019758660111543588,200,1.4211420142106168,2.803581218341702
7012,17022,0.019758660111543588,200,1.1219046003993793,2.936521985322938
7013,17023,0.019758660111543588,200,1.5241596217377629,2.727712316763101
7014,17024,0.019758660111543588,200,1.1067801455846102,2.9425404304805913
7015,17025,0.019758660111543588,200,1.2643010685418568,2.8653943092712106
7016,17026,0.019758660111543588,200,1.6788410295054041,2.6216901904378753
7017,17027,0.019758660111543588,200,1.980471310802704,2.4331679483696527
7018,17028,0.019758660111543588,200,1.5322092826590927,2.6993447179982897
7019,17029,0.019758660111543588,200,1.5518782003815188,2.7204407453740944
7020,17030,0.019758660111543588,200,1.2813575816924112,2.845353669022683
7021,17031,0.019758660111543588,200,1.083137398732118,2.9480870651207316
7022,17032,0.019758660111543588,200,1.4559115991559297,2.77288630804306
7023,17033,0.019758660111543588,200,1.0575238701992364,2.9566026772491183
7024,17034,0.019758660111543588,200,1.279398216886445,2.8568157152175453
7025,17035,0.019758660111543588,200,1.3387796523220379,2.826422781380119
7026,17036,0.019758660111543588,200,1.6226123911670398,2.677110235339461
7027,17037,0.019758660111543588,200,1.2308421934124167,2.883678481055004
7028,17038,0.019758660111543588,200,1.078865031841624,2.9459033068481255
7029,17039,0.019758660111543588,200,1.4707948142596403,2.7687144784713773
7030,17040,0.019758660111543588,200,1.0353761880190857,2.968680228259802
7031,17041,0.019758660111543588,200,1.0520328622254762,2.9672646508365985
7032,17042,0.019758660111543588,200,1.4966458463738512,2.7318427666879055
7033,17043,0.019758660111543588,200,1.7643336984873355,2.5472249076022653
7034,17044,0.019758660111543588,200,1.337072301451358,2.841838256036213
7035,17045,0.019758660111543588,200,1.5591703731829951,2.7293108053196242
7036,17046,0.019758660111543588,200,1.558163123126891,2.69152480811169
7037,17047,0.019758660111543588,200,1.3282179613860723,2.8372192213149163
7038,17048,0.019758660111543588,200,1.1141116775043949,2.9329480763994487
7039,17049,0.019758660111543588,200,2.0752105344149636,2.3200483051733283
7040,17050,0.019758660111543588,200,2.499716152631543,1.8126235915261173
7041,17051,0.019758660111543588,200,1.4585829654632179,2.7323699538599096
7042,17052,0.019758660111543588,200,1.1551833646806922,2.944994470709735
7043,17053,0.019758660111543588,200,1.4472905544100516,2.7727198025534756
7044,17054,0.019758660111543588,200,1.0676132037840718,2.9820475038684036
7045,17055,0.019758660111543588,200,1.5359740523513028,2.6930345648979133
7046,17056,0.019758660111543588,200,1.2959305991035661,2.8477597025178776
7047,17057,0.019758660111543588,200,1.2936835928841135,2.8508191376829757
7048,17058,0.019758660111543588,200,1.0818843555345024,2.9476670396219764
7049,17059,0.019758660111543588,200,1.0704100798610792,2.930402612642462
7050,17060,0.019758660111543588,200,1.0320482185859008,2.9771324983455005
7051,17061,0.019758660111543588,200,1.4690054097409497,2.749590105878231
7052,17062,0.019758660111543588,200,1.3353221051752584,2.8452156074119452
7053,17063,0.019758660111543588,200,1.3079977496765929,2.8542914173374543
7054,17064,0.019758660111543588,200,1.444432855796261,2.7551465880639876
7055,17065,0.019758660111543588,200,1.7027732723327282,2.598944816158459
7056,17066,0.019758660111543588,200,1.3236787854842453,2.827332782080989
7057,17067,0.019758660111543588,200,1.6907677817025626,2.619471221353199
7058,17068,0.019758660111543588,200,1.4879355314332248,2.7427041946499893
7059,17069,0.019758660111543588,200,1.057688165873326,2.976109485204968
7060,17070,0.019758660111543588,200,1.5523772704016408,2.7263232342973773
7061,17071,0.019758660111543588,200,1.0382340573564488,2.982215305280976
7062,17072,0.019758660111543588,200,1.5115611119988537,2.716930982283338
7063,17073,0.019758660111543588,200,1.1124116066337102,2.9379579805334886
7064,17074,0.019758660111543588,200,1.2666951044533565,2.881155254927426
7065,17075,0.019758660111543588,200,1.1431084129455722,2.9211667986559506
7066,17076,0.019758660111543588,200,1.1635652686753286,2.917412353504863
7067,17077,0.019758660111543588,200,1.4090080152422506,2.7934378140360585
7068,17078,0.019758660111543588,200,1.3037715217062709,2.8464240771062768
7069,17079,0.019758660111543588,200,1.0345185764355134,2.9646316128421586
7070,17080,0.019758660111543588,200,1.8720179628179925,2.49508232616062
7071,17081,0.019758660111543588,200,1.4435224495049828,2.7935960304056144
7072,17082,0.019758660111543588,200,1.2357398865906304,2.8551441729351223
7073,17083,0.019758660111543588,200,1.5801934051427995,2.713077286802187
7074,17084,0.019758660111543588,200,1.6106003413561027,2.673911736885604
7075,17085,0.019758660111543588,200,1.040937684190841,2.9815648653367264
7076,17086,0.019758660111543588,200,1.3130857459268686,2.8059671209435253
7077,17087,0.019758660111543588,200,1.0446555122937558,2.977196705106804
7078,17088,0.019758660111543588,200,1.192442800705162,2.9012191532524367
7079,17089,0.019758660111543588,200,1.588405960173868,2.707189664474299
7080,17090,0.019758660111543588,200,1.4897056053130122,2.7635611936421074
7081,17091,0.019758660111543588,200,1.4398194266075262,2.7868530822174016
7082,17092,0.019758660111543588,200,1.7193148948591905,2.6250414511295483
7083,17093,0.019758660111543588,200,1.0607780117612582,2.972579034586075
7084,17094,0.019758660111543588,200,1.095816331886644,2.946993792875426
7085,17095,0.019758660111543588,200,1.100631972515199,2.948297684032954
7086,17096,0.019758660111543588,200,1.1521116830418892,2.930252736155792
7087,17097,0.019758660111543588,200,1.2547217536108675,2.8844100602274505
7088,17098,0.019758660111543588,200,1.1318022027872794,2.9099906927628596
7089,17099,0.019758660111543588,200,2.2875817145406776,2.0538031616248924
7090,17100,0.019758660111543588,400,1.4473710118989171,2.794271800124842
7091,17101,0.019758660111543588,400,1.449105078662726,2.7369018512165733
7092,17102,0.019758660111543588,400,2.0729288853647616,2.318870370193019
7093,17103,0.019758660111543588,400,1.2221601120798562,2.8986516981872454
7094,17104,0.019758660111543588,400,1.5157765557994523,2.7470138218999334
7095,17105,0.019758660111543588,400,1.2011789746014052,2.9114059783080215
7096,17106,0.019758660111543588,400,1.3569943953200074,2.8290295958204568
7097,17107,0.019758660111543588,400,1.451289979021704,2.7796441450855425
7098,17108,0.019758660111543588,400,1.073244136508876,2.950432330845145
7099,17109,0.019758660111543588,400,1.0544539580135972,2.9748210407764257
7100,17110,0.019758660111543588,400,1.4929522629663863,2.7670461999192897
7101,17111,0.019758660111543588,400,1.1556312829697413,2.9392067095135683
7102,17112,0.019758660111543588,400,1.9884605567333042,2.468621189434189
7103,17113,0.019758660111543588,400,1.534471336129808,2.72661796077408
7104,17114,0.019758660111543588,400,1.64025234748844,2.6956969026175353
7105,17115,0.019758660111543588,400,1.5616053030490629,2.7059939138889293
7106,17116,0.019758660111543588,400,1.2370271415971854,2.878815797355638
7107,17117,0.019758660111543588,400,1.5114786863181284,2.735200687412764
7108,17118,0.019758660111543588,400,1.5741863024690352,2.7011134142300888
7109,17119,0.019758660111543588,400,1.1381744558433688,2.929436253571499
7110,17120,0.019758660111543588,400,1.3135386094296622,2.827017550150582
7111,17121,0.019758660111543588,400,1.0087779243421426,2.9832981402448246
7112,17122,0.019758660111543588,400,2.1233035505745907,2.2204166760119883
7113,17123,0.019758660111543588,400,1.1692715041980901,2.869019852926519
7114,17124,0.019758660111543588,400,1.40296886561649,2.793906944808034
7115,17125,0.019758660111543588,400,1.1383916212885974,2.939636465027492
7116,17126,0.019758660111543588,400,1.7835678957512944,2.566607433379422
7117,17127,0.019758660111543588,400,1.577712085869104,2.672988075837843
7118,17128,0.019758660111543588,400,1.5104582784997778,2.7379359611107135
7119,17129,0.019758660111543588,400,1.493851495014625,2.756737397704012
7120,17130,0.019758660111543588,400,1.4746999532976015,2.7709423834412696
7121,17131,0.019758660111543588,400,1.858536979840888,2.5011439988744577
7122,17132,0.019758660111543588,400,1.1212674990261824,2.9405030690066956
7123,17133,0.019758660111543588,400,1.2126265120760402,2.903691014903883
7124,17134,0.019758660111543588,400,1.0818349719568805,2.942632876026977
7125,17135,0.019758660111543588,400,1.665192070108245,2.648871066220683
7126,17136,0.019758660111543588,400,1.6450404688737705,2.6857239008209923
7127,17137,0.019758660111543588,400,1.8192385482415454,2.5071407546229296
7128,17138,0.019758660111543588,400,2.143875931905727,2.2611112871032586
7129,17139,0.019758660111543588,400,1.352846199236969,2.8388960906502674
7130,17140,0.019758660111543588,400,1.1055056054676247,2.9484596029997907
7131,17141,0.019758660111543588,400,1.2859209796969417,2.862614131366969
7132,17142,0.019758660111543588,400,1.3612148661658978,2.834582794615364
7133,17143,0.019758660111543588,400,1.280107607743677,2.8580845730903346
7134,17144,0.019758660111543588,400,1.5300608459332683,2.7302428115409945
7135,17145,0.019758660111543588,400,1.0945766485419537,2.9565839531082805
7136,17146,0.019758660111543588,400,1.2059877980546345,2.900619430130088
7137,17147,0.019758660111543588,400,1.6523505567260337,2.6476263404093743
7138,17148,0.019758660111543588,400,2.0281976364034975,2.3848325478535486
7139,17149,0.019758660111543588,400,2.045732090861704,2.3504131077989974
7140,17150,0.019758660111543588,400,1.130636190960783,2.9299561203508
7141,17151,0.019758660111543588,400,1.212083238438029,2.910502629266951
7142,17152,0.019758660111543588,400,1.6309112135727353,2.665728371662671
7143,17153,0.019758660111543588,400,1.210500403294707,2.9035174990537493
7144,17154,0.019758660111543588,400,1.0568425965561548,2.9792039519052547
7145,17155,0.019758660111543588,400,1.3822806192478203,2.81715987507062
7146,17156,0.019758660111543588,400,1.5342304966380231,2.700794536876363
7147,17157,0.019758660111543588,400,1.3989798079399616,2.80578234413741
7148,17158,0.019758660111543588,400,1.3869747371077306,2.810481168333937
7149,17159,0.019758660111543588,400,1.061992316409614,2.945261197436988
7150,17160,0.019758660111543588,400,1.3226884688301364,2.8448145140351535
7151,17161,0.019758660111543588,400,1.7079913959148563,2.591832051230781
7152,17162,0.019758660111543588,400,1.024208437382336,2.968563819915974
7153,17163,0.019758660111543588,400,1.4198881182569114,2.8056217336182923
7154,17164,0.019758660111543588,400,1.0585378295481944,2.971318546175195
7155,17165,0.019758660111543588,400,1.180085218656847,2.9158718261230088
7156,17166,0.019758660111543588,400,1.1408887608995049,2.940218106102349
7157,17167,0.019758660111543588,400,1.087859019019585,2.951482057095563
7158,17168,0.019758660111543588,400,1.8000116580307133,2.5826325975502504
7159,17169,0.019758660111543588,400,1.1160847413574047,2.9380157665957887
7160,17170,0.019758660111543588,400,2.323343638941476,2.1311319608809374
7161,17171,0.019758660111543588,400,1.675300782973944,2.608582139065073
7162,17172,0.019758660111543588,400,1.3125970112123198,2.8634231241669594
7163,17173,0.019758660111543588,400,1.2530426379682806,2.880181227296386
7164,17174,0.019758660111543588,400,1.1319144816644104,2.9336310055893535
7165,17175,0.019758660111543588,400,2.228238532369738,2.181000447200832
7166,17176,0.019758660111543588,400,1.3209034180426338,2.8386575580537636
7167,17177,0.019758660111543588,400,1.3018613106500527,2.8595063568581605
7168,17178,0.019758660111543588,400,1.5535522523789516,2.7120253948141655
7169,17179,0.019758660111543588,400,1.3717829542468878,2.8195636268702957
7170,17180,0.019758660111543588,400,2.10848752398966,2.258388889096724
7171,17181,0.019758660111543588,400,1.233973648559462,2.8454025366123235
7172,17182,0.019758660111543588,400,1.692353457541699,2.605179543904703
7173,17183,0.019758660111543588,400,1.1442929181107322,2.942252839904476
7174,17184,0.019758660111543588,400,2.7503370056377543,1.3329187574519046
7175,17185,0.019758660111543588,400,1.6008607678614344,2.691915878058905
7176,17186,0.019758660111543588,400,1.3017632833296398,2.8331614437079597
7177,17187,0.019758660111543588,400,1.2565004830606208,2.876087881701159
7178,17188,0.019758660111543588,400,1.29224531303232,2.848444010686211
7179,17189,0.019758660111543588,400,1.1541289532053414,2.911414202329888
7180,17190,0.019758660111543588,400,1.0536693012239027,2.960377051759907
7181,17191,0.019758660111543588,400,1.135269596707889,2.9009272558586616
7182,17192,0.019758660111543588,400,1.2909661196983857,2.8261629088596782
7183,17193,0.019758660111543588,400,1.208439007381533,2.9144238931235646
7184,17194,0.019758660111543588,400,1.1193760264402062,2.942029007144604
7185,17195,0.019758660111543588,400,1.85204964591806,2.5262024207064466
7186,17196,0.019758660111543588,400,1.5204562461724314,2.6985977282458053
7187,17197,0.019758660111543588,400,1.063183229336884,2.9542641959894183
7188,17198,0.019758660111543588,400,1.881370525461353,2.4623257649209545
7189,17199,0.019758660111543588,400,1.3921683284125463,2.813505132711307
7190,17200,0.019758660111543588,600,1.1680117186235148,2.9160776994773
7191,17201,0.019758660111543588,600,1.6409698793530108,2.687834185138405
7192,17202,0.019758660111543588,600,1.0896765993833868,2.938892767190714
7193,17203,0.019758660111543588,600,1.1859600565731798,2.9054959375795497
7194,17204,0.019758660111543588,600,1.1414143890245905,2.9173043252258735
7195,17205,0.019758660111543588,600,1.489317729819713,2.7499616114203924
7196,17206,0.019758660111543588,600,1.6017025197206045,2.703489951779559
7197,17207,0.019758660111543588,600,1.8229091762598713,2.5550535487156245
7198,17208,0.019758660111543588,600,1.1643422971689532,2.916009852831363
7199,17209,0.019758660111543588,600,1.466991165797572,2.7980325089729905
7200,17210,0.019758660111543588,600,1.287515794412018,2.871326841033714
7201,17211,0.019758660111543588,600,1.3181883140413928,2.8597119887844085
7202,17212,0.019758660111543588,600,1.0398481117913918,2.9712295601090486
7203,17213,0.019758660111543588,600,1.7738746894520137,2.541902335854515
7204,17214,0.019758660111543588,600,1.7788423216805254,2.562349566044271
7205,17215,0.019758660111543588,600,1.3835672224598974,2.8142994857082737
7206,17216,0.019758660111543588,600,1.1013080676842355,2.956718693530685
7207,17217,0.019758660111543588,600,1.2780150845043514,2.9001730462303175
7208,17218,0.019758660111543588,600,1.73563561322092,2.609690483776519
7209,17219,0.019758660111543588,600,1.0439169180079566,2.9705250160223797
7210,17220,0.019758660111543588,600,1.0711700753169502,2.95522518108372
7211,17221,0.019758660111543588,600,1.4770448063309156,2.785484164906815
7212,17222,0.019758660111543588,600,1.1401080601348772,2.9359399923926626
7213,17223,0.019758660111543588,600,1.3423256627489397,2.8237287610131796
7214,17224,0.019758660111543588,600,1.3787980214570745,2.810269541333073
7215,17225,0.019758660111543588,600,1.5483965269178728,2.7491659859979634
7216,17226,0.019758660111543588,600,2.0088307082331043,2.4039292067421507
7217,17227,0.019758660111543588,600,1.5672260655930657,2.7256161555764375
7218,17228,0.019758660111543588,600,1.8545072363531774,2.4683585625377633
7219,17229,0.019758660111543588,600,1.2038036942067187,2.9087559718614013
7220,17230,0.019758660111543588,600,1.5529427456898284,2.6958840932889627
7221,17231,0.019758660111543588,600,1.1027850078577819,2.9492148142070485
7222,17232,0.019758660111543588,600,1.9592647657711262,2.44149639238337
7223,17233,0.019758660111543588,600,1.0861892969932083,2.9408679316052817
7224,17234,0.019758660111543588,600,1.9031482902709698,2.505397755327743
7225,17235,0.019758660111543588,600,1.4682400054663198,2.744069776608398
7226,17236,0.019758660111543588,600,1.7074072014720443,2.644641836611146
7227,17237,0.019758660111543588,600,1.9107840499136828,2.482702779933954
7228,17238,0.019758660111543588,600,1.1068222656616173,2.9293553296713517
7229,17239,0.019758660111543588,600,1.4977735019802945,2.763639567519472
7230,17240,0.019758660111543588,600,2.152973752200176,2.234705695553594
7231,17241,0.019758660111543588,600,2.033512880064814,2.350694688414164
7232,17242,0.019758660111543588,600,2.19155616905485,2.1889055623638995
7233,17243,0.019758660111543588,600,1.2396952402285257,2.8760695172563397
7234,17244,0.019758660111543588,600,1.1051191994368166,2.9326417654925114
7235,17245,0.019758660111543588,600,1.0430035480919722,2.9756396851396816
7236,17246,0.019758660111543588,600,1.855401277674097,2.507064975495995
7237,17247,0.019758660111543588,600,2.222169964633595,2.1629848640715976
7238,17248,0.019758660111543588,600,1.2802407968155924,2.884477405048623
7239,17249,0.019758660111543588,600,2.18919334752009,2.3114086784015155
7240,17250,0.019758660111543588,600,1.6748784604566924,2.6308978879621003
7241,17251,0.019758660111543588,600,1.0734548781773325,2.941896637688701
7242,17252,0.019758660111543588,600,1.6767670029005877,2.638427703706194
7243,17253,0.019758660111543588,600,1.7164538866332992,2.5227569032623527
7244,17254,0.019758660111543588,600,1.4485896669435683,2.7845747767992597
7245,17255,0.019758660111543588,600,1.1026744676324438,2.9400944821790054
7246,17256,0.019758660111543588,600,1.5005378544219028,2.753391264615026
7247,17257,0.019758660111543588,600,1.5993004054538265,2.649894155870376
7248,17258,0.019758660111543588,600,1.0909974451425664,2.959470727905451
7249,17259,0.019758660111543588,600,1.0662220320927753,2.9634018039230883
7250,17260,0.019758660111543588,600,1.5134985318403058,2.751836668231295
7251,17261,0.019758660111543588,600,1.22689255766928,2.893324653185772
7252,17262,0.019758660111543588,600,1.6426282518798518,2.6770342175328414
7253,17263,0.019758660111543588,600,1.02981652121075,2.963237005093482
7254,17264,0.019758660111543588,600,1.4997516666327013,2.74924450673006
7255,17265,0.019758660111543588,600,1.8409033232624281,2.478763172458427
7256,17266,0.019758660111543588,600,1.4434883123488031,2.805880893310297
7257,17267,0.019758660111543588,600,1.6403466378162335,2.673159916525454
7258,17268,0.019758660111543588,600,1.0768857147711122,2.94698915740205
7259,17269,0.019758660111543588,600,1.023710991455615,2.990318149977812
7260,17270,0.019758660111543588,600,1.9056151783030764,2.4525368307939788
7261,17271,0.019758660111543588,600,1.1083537726063133,2.9359832007870446
7262,17272,0.019758660111543588,600,1.4314462538628188,2.780124008567702
7263,17273,0.019758660111543588,600,1.331218865250894,2.8409637886841637
7264,17274,0.019758660111543588,600,1.594832857869101,2.6712481956851173
7265,17275,0.019758660111543588,600,2.2983374816559397,2.083086676286178
7266,17276,0.019758660111543588,600,1.8782625845049694,2.5346660238793683
7267,17277,0.019758660111543588,600,1.452278588130466,2.7775388308710744
7268,17278,0.019758660111543588,600,1.3771444033468903,2.8060914469276317
7269,17279,0.019758660111543588,600,2.003374033127156,2.3727371150131895
7270,17280,0.019758660111543588,600,1.7217313124505598,2.58976220489294
7271,17281,0.019758660111543588,600,1.0960131805058932,2.9309574327601577
7272,17282,0.019758660111543588,600,1.384459446666768,2.7962661459331577
7273,17283,0.019758660111543588,600,1.4836539457590368,2.7388349315225673
7274,17284,0.019758660111543588,600,1.992631770110569,2.386907629344238
7275,17285,0.019758660111543588,600,1.5095064704551255,2.752044922367696
7276,17286,0.019758660111543588,600,1.0528992851043117,2.9789145972728983
7277,17287,0.019758660111543588,600,1.615842757565617,2.664843763780802
7278,17288,0.019758660111543588,600,1.9724585745744267,2.4126238777952094
7279,17289,0.019758660111543588,600,1.427003985535747,2.7580033893253297
7280,17290,0.019758660111543588,600,2.0867507526523577,2.220343636854684
7281,17291,0.019758660111543588,600,1.9174625464087431,2.4663392536519253
7282,17292,0.019758660111543588,600,1.1598549139137604,2.9040177344008717
7283,17293,0.019758660111543588,600,1.3100269447784456,2.8533098568684414
7284,17294,0.019758660111543588,600,1.3317767969641914,2.8470306617252277
7285,17295,0.019758660111543588,600,2.1834194324540475,2.212888337085379
7286,17296,0.019758660111543588,600,1.5063842100469342,2.7230579498410528
7287,17297,0.019758660111543588,600,2.20786280183679,2.147726374598849
7288,17298,0.019758660111543588,600,1.1805670530208174,2.9040557743661557
7289,17299,0.019758660111543588,600,1.2742457399579092,2.8563415224988424
7290,17300,0.019758660111543588,800,1.806421778857273,2.522280985634998
7291,17301,0.019758660111543588,800,1.6367391998202891,2.6862909155474832
7292,17302,0.019758660111543588,800,1.9221945745354088,2.4778109133274073
7293,17303,0.019758660111543588,800,1.1919327377496833,2.9218414484501873
7294,17304,0.019758660111543588,800,1.2910265731945931,2.853784122028551
7295,17305,0.019758660111543588,800,2.0803678831798544,2.3103217898939894
7296,17306,0.019758660111543588,800,2.499644289321422,1.8929632996885162
7297,17307,0.019758660111543588,800,2.197050000649795,2.246510287416874
7298,17308,0.019758660111543588,800,1.281098299153579,2.8603677775293193
7299,17309,0.019758660111543588,800,1.8991991899556464,2.5212298391889187
7300,17310,0.019758660111543588,800,1.039037009615949,2.9766226730155494
7301,17311,0.019758660111543588,800,1.9536206530964333,2.437087435983111
7302,17312,0.019758660111543588,800,1.1121368794074913,2.9456606466093436
7303,17313,0.019758660111543588,800,1.1834943062024308,2.894372570198412
7304,17314,0.019758660111543588,800,1.1760834361013566,2.9184554558614324
7305,17315,0.019758660111543588,800,1.3402225551606786,2.8359522090885916
7306,17316,0.019758660111543588,800,1.1869396246324364,2.9006970428438232
7307,17317,0.019758660111543588,800,1.6508294087319695,2.669998007650127
7308,17318,0.019758660111543588,800,1.717509340381305,2.6449304744245485
7309,17319,0.019758660111543588,800,2.096896703203082,2.359225378435178
7310,17320,0.019758660111543588,800,1.8684898237508876,2.517842912242745
7311,17321,0.019758660111543588,800,1.3422825812679382,2.841358122389035
7312,17322,0.019758660111543588,800,2.139046175282847,2.2195823203899163
7313,17323,0.019758660111543588,800,2.1680781976999803,2.280658483438177
7314,17324,0.019758660111543588,800,1.5591736836737489,2.7372187443402733
7315,17325,0.019758660111543588,800,1.9119038804495034,2.505073075486752
7316,17326,0.019758660111543588,800,1.0943454896188345,2.959212142223569
7317,17327,0.019758660111543588,800,1.7393798186516378,2.619387840004554
7318,17328,0.019758660111543588,800,1.540246206755626,2.7040804508065643
7319,17329,0.019758660111543588,800,1.0872328382481868,2.9500192022865797
7320,17330,0.019758660111543588,800,1.5805789147228115,2.69256711477083
7321,17331,0.019758660111543588,800,1.3227175669351152,2.838002237599814
7322,17332,0.019758660111543588,800,1.9291440029803244,2.457006681216965
7323,17333,0.019758660111543588,800,1.2304677780482591,2.9107662918929327
7324,17334,0.019758660111543588,800,1.7358593644604376,2.587244594925103
7325,17335,0.019758660111543588,800,2.1670191379860784,2.2870620519200386
7326,17336,0.019758660111543588,800,2.2627628687654635,2.181286036231713
7327,17337,0.019758660111543588,800,1.171403335045083,2.9203792324951756
7328,17338,0.019758660111543588,800,1.7731565358594235,2.533035617282122
7329,17339,0.019758660111543588,800,1.0938452627234747,2.940711533845544
7330,17340,0.019758660111543588,800,1.0757937756815477,2.9408687241218487
7331,17341,0.019758660111543588,800,1.2899396111766372,2.866199906027453
7332,17342,0.019758660111543588,800,1.7267851886245384,2.6207503887310395
7333,17343,0.019758660111543588,800,1.1253436378115524,2.925471709834009
7334,17344,0.019758660111543588,800,1.225188960820542,2.897305671222491
7335,17345,0.019758660111543588,800,1.0366434572258485,2.966928393538494
7336,17346,0.019758660111543588,800,2.0270214518351763,2.38006727041492
7337,17347,0.019758660111543588,800,2.1164670810002146,2.2643086510718353
7338,17348,0.019758660111543588,800,1.4591849153105454,2.7590473393861936
7339,17349,0.019758660111543588,800,2.1308307725071205,2.2753560481528234
7340,17350,0.019758660111543588,800,1.7904511295961494,2.5782748435716774
7341,17351,0.019758660111543588,800,2.0087569814211137,2.3486204791330527
7342,17352,0.019758660111543588,800,1.6327938559467807,2.6921204279933746
7343,17353,0.019758660111543588,800,1.280511660897637,2.85442443025707
7344,17354,0.019758660111543588,800,1.9346469084083466,2.501769019722365
7345,17355,0.019758660111543588,800,1.0353713454079025,2.971779973413466
7346,17356,0.019758660111543588,800,1.542286453427773,2.6984109792714945
7347,17357,0.019758660111543588,800,2.3275760562642676,2.0899583590429174
7348,17358,0.019758660111543588,800,1.7312255117661366,2.6180668740123325
7349,17359,0.019758660111543588,800,1.8087415778195859,2.490741013294083
7350,17360,0.019758660111543588,800,1.221400097736705,2.8898051250689223
7351,17361,0.019758660111543588,800,1.6256012404784639,2.618215835515776
7352,17362,0.019758660111543588,800,2.0678821267829526,2.3576862080219976
7353,17363,0.019758660111543588,800,1.3384850142343354,2.819591169958193
7354,17364,0.019758660111543588,800,1.6030004269297062,2.69418667453374
7355,17365,0.019758660111543588,800,1.6184900931426327,2.648072851299608
7356,17366,0.019758660111543588,800,1.2615160219992028,2.886757231028457
7357,17367,0.019758660111543588,800,2.318851426406427,2.0894667430105125
7358,17368,0.019758660111543588,800,1.637394830773865,2.6427106954502757
7359,17369,0.019758660111543588,800,1.3177690130907023,2.8222565624519866
7360,17370,0.019758660111543588,800,1.1140212140220886,2.9344735787662857
7361,17371,0.019758660111543588,800,1.0487947802328104,2.969225599066699
7362,17372,0.019758660111543588,800,1.2559916078723306,2.885439114292975
7363,17373,0.019758660111543588,800,2.2661862736626546,2.108496203394646
7364,17374,0.019758660111543588,800,2.135377520083074,2.248838345503953
7365,17375,0.019758660111543588,800,1.035995806436663,2.9714032345793404
7366,17376,0.019758660111543588,800,1.2169651220696898,2.9063409704036722
7367,17377,0.019758660111543588,800,1.1584896519734327,2.923973752448794
7368,17378,0.019758660111543588,800,1.7171048179633044,2.5978844926593005
7369,17379,0.019758660111543588,800,1.3276400810842812,2.8474286658058916
7370,17380,0.019758660111543588,800,1.2999914167265418,2.8712791375301445
7371,17381,0.019758660111543588,800,1.60499086663646,2.6809194540036807
7372,17382,0.019758660111543588,800,1.5055618041236127,2.746006681097124
7373,17383,0.019758660111543588,800,1.3660687513534324,2.840178457731779
7374,17384,0.019758660111543588,800,1.718555508790581,2.5576724414664485
7375,17385,0.019758660111543588,800,1.4255286330758952,2.777239969721591
7376,17386,0.019758660111543588,800,1.1708708192144317,2.914733609797442
7377,17387,0.019758660111543588,800,2.1228160463733987,2.297829736761339
7378,17388,0.019758660111543588,800,2.1416273759856206,2.2404898190320397
7379,17389,0.019758660111543588,800,1.8021185093131618,2.569820336581047
7380,17390,0.019758660111543588,800,1.7560447885688588,2.566036500086986
7381,17391,0.019758660111543588,800,1.693163827111766,2.6732690489425854
7382,17392,0.019758660111543588,800,1.5534552702732687,2.730953651245026
7383,17393,0.019758660111543588,800,2.334685236449605,2.1232613832521694
7384,17394,0.019758660111543588,800,1.914536343228456,2.3924786064155557
7385,17395,0.019758660111543588,800,1.6093453541926155,2.6999416261816025
7386,17396,0.019758660111543588,800,1.1986667310034977,2.8817384701009114
7387,17397,0.019758660111543588,800,1.8985155087267818,2.4845054661951416
7388,17398,0.019758660111543588,800,1.2970293136425606,2.8652503806419327
7389,17399,0.019758660111543588,800,1.1715552510370648,2.9212774251209748
7390,17400,0.019758660111543588,1000,1.8762111937285382,2.5481212455171702
7391,17401,0.019758660111543588,1000,1.3041019959493847,2.860457224221773
7392,17402,0.019758660111543588,1000,1.634279232965649,2.668838228042347
7393,17403,0.019758660111543588,1000,2.2691717465455805,2.145836822047742
7394,17404,0.019758660111543588,1000,1.2789458649022498,2.8624690438356493
7395,17405,0.019758660111543588,1000,1.349905105287331,2.8551787644150637
7396,17406,0.019758660111543588,1000,1.5499422191721948,2.7310850555741806
7397,17407,0.019758660111543588,1000,1.6331009899322322,2.6569211664284618
7398,17408,0.019758660111543588,1000,1.1950821144741954,2.9055700212538773
7399,17409,0.019758660111543588,1000,1.6009077601642112,2.700984578295624
7400,17410,0.019758660111543588,1000,1.0550866287799825,2.9650587742556263
7401,17411,0.019758660111543588,1000,1.766012796347955,2.522812834582936
7402,17412,0.019758660111543588,1000,1.1562274852423262,2.9379745020239554
7403,17413,0.019758660111543588,1000,1.352007135921447,2.8358874319784757
7404,17414,0.019758660111543588,1000,1.6490655321322887,2.656369431334531
7405,17415,0.019758660111543588,1000,1.8262908708235404,2.536396164670534
7406,17416,0.019758660111543588,1000,1.7653363951111014,2.57265500579807
7407,17417,0.019758660111543588,1000,1.6132795825836694,2.6450703350669316
7408,17418,0.019758660111543588,1000,1.71583528888019,2.5991129714325134
7409,17419,0.019758660111543588,1000,1.9043742407132591,2.490928810143239
7410,17420,0.019758660111543588,1000,2.203520408860578,2.1370964642638968
7411,17421,0.019758660111543588,1000,1.5118694047529904,2.751019730461228
7412,17422,0.019758660111543588,1000,1.3257401474718442,2.825753564841701
7413,17423,0.019758660111543588,1000,2.3068877252192377,2.156611538180655
7414,17424,0.019758660111543588,1000,1.4441579768301238,2.7663631638571298
7415,17425,0.019758660111543588,1000,1.3279082719716038,2.839663695000619
7416,17426,0.019758660111543588,1000,1.7767372962978967,2.5704502673141123
7417,17427,0.019758660111543588,1000,1.6986985867519926,2.613391983196454
7418,17428,0.019758660111543588,1000,1.5700841580581355,2.6876795039908035
7419,17429,0.019758660111543588,1000,1.2893483857010661,2.86642166230145
7420,17430,0.019758660111543588,1000,1.5369118535298258,2.754402710892295
7421,17431,0.019758660111543588,1000,2.2427956042192516,2.032834730348609
7422,17432,0.019758660111543588,1000,1.5398923606305521,2.7301500853442278
7423,17433,0.019758660111543588,1000,1.8156142494375462,2.5349465609409143
7424,17434,0.019758660111543588,1000,1.588439291143109,2.6932636282298703
7425,17435,0.019758660111543588,1000,1.891401312472523,2.5014627960504012
7426,17436,0.019758660111543588,1000,1.8437768896878146,2.5388363897732034
7427,17437,0.019758660111543588,1000,1.5266732646015921,2.7311192237995634
7428,17438,0.019758660111543588,1000,1.872068301280276,2.4566374679111176
7429,17439,0.019758660111543588,1000,1.1256680088622277,2.9268884703506783
7430,17440,0.019758660111543588,1000,1.3383399909988927,2.7936535420665636
7431,17441,0.019758660111543588,1000,1.2706882070695145,2.860943859613439
7432,17442,0.019758660111543588,1000,1.3277702193804874,2.8464079208059383
7433,17443,0.019758660111543588,1000,1.3753711167994258,2.8170782883398355
7434,17444,0.019758660111543588,1000,1.8463195557480152,2.489155464046211
7435,17445,0.019758660111543588,1000,1.000669689628082,2.9813591063984832
7436,17446,0.019758660111543588,1000,2.2458356994065767,2.1896152979811196
7437,17447,0.019758660111543588,1000,2.2815113833253213,2.0995059198022163
7438,17448,0.019758660111543588,1000,1.9126678045295225,2.471028972213671
7439,17449,0.019758660111543588,1000,1.329293726367643,2.846996543371467
7440,17450,0.019758660111543588,1000,1.6053587159642078,2.6847287496672245
7441,17451,0.019758660111543588,1000,1.228669708015445,2.8832386443069935
7442,17452,0.019758660111543588,1000,2.3027571747705182,2.124935171703771
7443,17453,0.019758660111543588,1000,1.154551641642756,2.911929338516855
7444,17454,0.019758660111543588,1000,1.5921692019667317,2.708764937661139
7445,17455,0.019758660111543588,1000,1.27159130067531,2.87226552464363
7446,17456,0.019758660111543588,1000,1.3440165790687717,2.807348547229411
7447,17457,0.019758660111543588,1000,1.6602130203948804,2.616557806124215
7448,17458,0.019758660111543588,1000,1.1654316640298394,2.908240002759399
7449,17459,0.019758660111543588,1000,1.423371795396577,2.7790880026837916
7450,17460,0.019758660111543588,1000,1.869958185256548,2.4634639176184843
7451,17461,0.019758660111543588,1000,1.2304047799435294,2.8907410090953944
7452,17462,0.019758660111543588,1000,1.402933257093337,2.804067342503713
7453,17463,0.019758660111543588,1000,1.6635475171075327,2.6527997451218237
7454,17464,0.019758660111543588,1000,1.5746503181138967,2.6879592806122607
7455,17465,0.019758660111543588,1000,1.8028900930770113,2.5817806441912916
7456,17466,0.019758660111543588,1000,1.5951067501293246,2.7558648607934955
7457,17467,0.019758660111543588,1000,2.414404512036228,2.0144070162051233
7458,17468,0.019758660111543588,1000,1.4420769008869883,2.7674971237649784
7459,17469,0.019758660111543588,1000,1.1305951714663913,2.926712548433423
7460,17470,0.019758660111543588,1000,1.264178119013681,2.8816533218817697
7461,17471,0.019758660111543588,1000,1.7529470179503215,2.6234141916616194
7462,17472,0.019758660111543588,1000,1.2984306139022483,2.8700305243693935
7463,17473,0.019758660111543588,1000,1.9801996019546428,2.428788490249823
7464,17474,0.019758660111543588,1000,1.7612340832392808,2.5943974514157038
7465,17475,0.019758660111543588,1000,1.9541182288064927,2.4175569653761526
7466,17476,0.019758660111543588,1000,1.2630104067223702,2.868295607822648
7467,17477,0.019758660111543588,1000,1.346793364663283,2.818012304299814
7468,17478,0.019758660111543588,1000,1.534350564367626,2.723212233744202
7469,17479,0.019758660111543588,1000,1.9561927789167366,2.390074537365613
7470,17480,0.019758660111543588,1000,2.0837062370112474,2.254956882835672
7471,17481,0.019758660111543588,1000,1.8203683018858143,2.5493671923547234
7472,17482,0.019758660111543588,1000,1.501935034867518,2.7491589516055206
7473,17483,0.019758660111543588,1000,1.3387322102122856,2.8419714364894917
7474,17484,0.019758660111543588,1000,1.3641935621726673,2.7911968372695384
7475,17485,0.019758660111543588,1000,2.3800567938235972,1.9909969661259375
7476,17486,0.019758660111543588,1000,1.5199486610454174,2.7631330998047816
7477,17487,0.019758660111543588,1000,1.7558805485486648,2.5683653133999877
7478,17488,0.019758660111543588,1000,1.2552606515803755,2.887688918692144
7479,17489,0.019758660111543588,1000,1.7402715673336762,2.5377469951994542
7480,17490,0.019758660111543588,1000,1.90072196836513,2.488533555386115
7481,17491,0.019758660111543588,1000,1.7809531463951978,2.5542470167049336
7482,17492,0.019758660111543588,1000,1.855142910668158,2.493349793539107
7483,17493,0.019758660111543588,1000,2.146586339010015,2.2144435334032844
7484,17494,0.019758660111543588,1000,1.586246725153557,2.696581807324182
7485,17495,0.019758660111543588,1000,1.1980117024310857,2.911577756534438
7486,17496,0.019758660111543588,1000,1.2226070485103906,2.894632703644397
7487,17497,0.019758660111543588,1000,1.0577987428109465,2.9799295878051226
7488,17498,0.019758660111543588,1000,1.4727154404256944,2.7460685771864375
7489,17499,0.019758660111543588,1000,1.2206008268778805,2.880920878524262
7490,17500,0.019758660111543588,1200,2.307491544309523,2.1832224756670042
7491,17501,0.019758660111543588,1200,1.2139165312177407,2.8993307896190412
7492,17502,0.019758660111543588,1200,1.3691469298238539,2.798066568832629
7493,17503,0.019758660111543588,1200,2.0681224509275546,2.3795647082637177
7494,17504,0.019758660111543588,1200,1.6202666318067767,2.6656004901176162
7495,17505,0.019758660111543588,1200,1.609665992664548,2.754305083093081
7496,17506,0.019758660111543588,1200,1.680747564496789,2.6597230567887884
7497,17507,0.019758660111543588,1200,1.4811641837422558,2.7668732938478837
7498,17508,0.019758660111543588,1200,1.0710014809944308,2.9768567231603864
7499,17509,0.019758660111543588,1200,1.7636821826010174,2.617944904209304
7500,17510,0.019758660111543588,1200,1.5114507165704034,2.7482655789343404
7501,17511,0.019758660111543588,1200,1.7765880690020985,2.5154645955010535
7502,17512,0.019758660111543588,1200,1.7331662508634935,2.6262717526579906
7503,17513,0.019758660111543588,1200,1.3546315647596565,2.8035432057642926
7504,17514,0.019758660111543588,1200,1.3067420691975224,2.8517075574509825
7505,17515,0.019758660111543588,1200,2.275161020339135,2.182998156222426
7506,17516,0.019758660111543588,1200,2.286755681664716,2.0883093171694327
7507,17517,0.019758660111543588,1200,1.9901868216569754,2.415305867039009
7508,17518,0.019758660111543588,1200,1.026429220837586,2.977540097165644
7509,17519,0.019758660111543588,1200,1.9372858658143446,2.419769249874068
7510,17520,0.019758660111543588,1200,2.238052176578584,2.1842892760172274
7511,17521,0.019758660111543588,1200,1.234435695357315,2.9046002817951377
7512,17522,0.019758660111543588,1200,1.8882908242991523,2.5114020550385314
7513,17523,0.019758660111543588,1200,1.0442418090835428,2.98580306927811
7514,17524,0.019758660111543588,1200,1.8726672636809791,2.5210370251537624
7515,17525,0.019758660111543588,1200,2.008831742000494,2.3900971625053002
7516,17526,0.019758660111543588,1200,2.0972517606309844,2.3461833416397218
7517,17527,0.019758660111543588,1200,1.188946924418576,2.9060999856867804
7518,17528,0.019758660111543588,1200,1.5107124261033384,2.7435805809827687
7519,17529,0.019758660111543588,1200,2.0587665929716934,2.287894368290682
7520,17530,0.019758660111543588,1200,1.996388530152473,2.3599553567585185
7521,17531,0.019758660111543588,1200,1.8683432648000835,2.5328500478504936
7522,17532,0.019758660111543588,1200,1.856142730663846,2.444757675145768
7523,17533,0.019758660111543588,1200,1.4791389225482265,2.785225413355
7524,17534,0.019758660111543588,1200,1.8782948259872931,2.4655655834725763
7525,17535,0.019758660111543588,1200,1.985039316178111,2.4317940856445266
7526,17536,0.019758660111543588,1200,1.9965692385684026,2.439501287726782
7527,17537,0.019758660111543588,1200,1.8364127968031618,2.493718690475128
7528,17538,0.019758660111543588,1200,2.0499325188418736,2.321049294635609
7529,17539,0.019758660111543588,1200,1.865109199432537,2.4720811637851776
7530,17540,0.019758660111543588,1200,1.5980615945049048,2.7041192706679977
7531,17541,0.019758660111543588,1200,1.2002022777778172,2.8928047742546497
7532,17542,0.019758660111543588,1200,1.1939629482402645,2.9142889080805316
7533,17543,0.019758660111543588,1200,1.3753154063622772,2.822508659461917
7534,17544,0.019758660111543588,1200,1.298452798312359,2.8673550601999005
7535,17545,0.019758660111543588,1200,1.2197630751631119,2.8902053304462543
7536,17546,0.019758660111543588,1200,1.8261695687791626,2.5813103399161177
7537,17547,0.019758660111543588,1200,1.837297486999993,2.475133036355348
7538,17548,0.019758660111543588,1200,2.2198834292201783,2.2582886900545613
7539,17549,0.019758660111543588,1200,1.8509867844814802,2.5200881134314574
7540,17550,0.019758660111543588,1200,1.1997643112624021,2.9055231535359116
7541,17551,0.019758660111543588,1200,1.5436083634732751,2.737626564122037
7542,17552,0.019758660111543588,1200,2.1084209477951816,2.332578126488925
7543,17553,0.019758660111543588,1200,1.9191165805367514,2.466524035940984
7544,17554,0.019758660111543588,1200,1.3391448354367366,2.8227330537761315
7545,17555,0.019758660111543588,1200,1.6853262304817218,2.6240141317088512
7546,17556,0.019758660111543588,1200,2.4058357403111987,1.8952044464134936
7547,17557,0.019758660111543588,1200,1.319809416524468,2.8657116694508393
7548,17558,0.019758660111543588,1200,1.053498341121124,2.9565163505084078
7549,17559,0.019758660111543588,1200,1.2128660632034682,2.8834343079150555
7550,17560,0.019758660111543588,1200,1.3586944910105485,2.8339713518074947
7551,17561,0.019758660111543588,1200,1.452731913098027,2.7975479041005773
7552,17562,0.019758660111543588,1200,1.9691309355981559,2.426468406855913
7553,17563,0.019758660111543588,1200,2.1399570715943472,2.275640468425327
7554,17564,0.019758660111543588,1200,1.5911610955950708,2.7032329797885515
7555,17565,0.019758660111543588,1200,1.6127355391261848,2.625559296301396
7556,17566,0.019758660111543588,1200,1.428833571093908,2.7710579511460494
7557,17567,0.019758660111543588,1200,1.3645674527500988,2.8368376950157024
7558,17568,0.019758660111543588,1200,1.4336577981722818,2.7875911020874247
7559,17569,0.019758660111543588,1200,1.7794543253390782,2.58940405762235
7560,17570,0.019758660111543588,1200,1.1812268647665563,2.9155535389423584
7561,17571,0.019758660111543588,1200,1.3539541665815036,2.838259099663429
7562,17572,0.019758660111543588,1200,1.6527889124186692,2.6381077380975717
7563,17573,0.019758660111543588,1200,1.970316639935995,2.436728436561057
7564,17574,0.019758660111543588,1200,1.5051850041383332,2.7546118535298403
7565,17575,0.019758660111543588,1200,1.7717630282863688,2.6061346105482466
7566,17576,0.019758660111543588,1200,1.743977005609476,2.6239086729044048
7567,17577,0.019758660111543588,1200,1.334746583003059,2.825835790142905
7568,17578,0.019758660111543588,1200,1.2216713833341446,2.893976503269388
7569,17579,0.019758660111543588,1200,1.4132140968215319,2.8259812863512943
7570,17580,0.019758660111543588,1200,1.5975722460754864,2.6982702310590243
7571,17581,0.019758660111543588,1200,2.1924340647717404,2.19614782957777
7572,17582,0.019758660111543588,1200,2.0944226993999475,2.3228628619588236
7573,17583,0.019758660111543588,1200,1.8526257437012532,2.5085281880785084
7574,17584,0.019758660111543588,1200,1.3385842813723197,2.851188086949265
7575,17585,0.019758660111543588,1200,1.3524163468100507,2.8131253762141357
7576,17586,0.019758660111543588,1200,1.9682924926046959,2.363581642323511
7577,17587,0.019758660111543588,1200,2.1022433249967873,2.2801105568874656
7578,17588,0.019758660111543588,1200,2.1377678028762217,2.2390559976712767
7579,17589,0.019758660111543588,1200,1.668606874924918,2.6092096955283566
7580,17590,0.019758660111543588,1200,1.790491828350585,2.570152470486844
7581,17591,0.019758660111543588,1200,1.4750215829312885,2.7399598943412613
7582,17592,0.019758660111543588,1200,1.1287489558033292,2.9326905478607186
7583,17593,0.019758660111543588,1200,2.2795110998257764,2.13313061905323
7584,17594,0.019758660111543588,1200,1.6264908169568297,2.6821568584370588
7585,17595,0.019758660111543588,1200,2.0804135837536495,2.335175771514041
7586,17596,0.019758660111543588,1200,1.105278454664126,2.9690603270409825
7587,17597,0.019758660111543588,1200,1.9754134018347091,2.5213489096750417
7588,17598,0.019758660111543588,1200,2.092694093679754,2.2700752030303817
7589,17599,0.019758660111543588,1200,1.548410560856761,2.716897160187261
7590,17600,0.019758660111543588,1400,1.6407888209868187,2.6789626416071792
7591,17601,0.019758660111543588,1400,2.4662959354360217,1.8546428204969814
7592,17602,0.019758660111543588,1400,1.1291707390588681,2.9115359453989096
7593,17603,0.019758660111543588,1400,1.8758425643446919,2.4815959128710694
7594,17604,0.019758660111543588,1400,1.412871521199473,2.8102906178497578
7595,17605,0.019758660111543588,1400,1.6735977553564374,2.6613440009668983
7596,17606,0.019758660111543588,1400,1.6760645917093817,2.57584478976343
7597,17607,0.019758660111543588,1400,1.7844856725456153,2.5549070623483154
7598,17608,0.019758660111543588,1400,1.649000383744498,2.6291137788957686
7599,17609,0.019758660111543588,1400,2.72647986006293,1.6095303072792349
7600,17610,0.019758660111543588,1400,2.272991900939219,2.1139081080819007
7601,17611,0.019758660111543588,1400,1.5184640689138855,2.719613047079844
7602,17612,0.019758660111543588,1400,1.828620559421669,2.57637570955377
7603,17613,0.019758660111543588,1400,2.6178625220550695,1.719720945800511
7604,17614,0.019758660111543588,1400,2.562601547829881,1.8171106694395522
7605,17615,0.019758660111543588,1400,1.8535087572685456,2.5726977263358157
7606,17616,0.019758660111543588,1400,1.2821829950501193,2.892036629332032
7607,17617,0.019758660111543588,1400,1.8814319170320644,2.5575030600142097
7608,17618,0.019758660111543588,1400,1.6891767218243399,2.6425234214354996
7609,17619,0.019758660111543588,1400,1.1869851175672623,2.896634253151853
7610,17620,0.019758660111543588,1400,1.6067807451600953,2.674020712550637
7611,17621,0.019758660111543588,1400,1.7088721881075155,2.6223648313629617
7612,17622,0.019758660111543588,1400,1.2421964288478895,2.8891168967324177
7613,17623,0.019758660111543588,1400,1.8677783413961524,2.5395905337525315
7614,17624,0.019758660111543588,1400,1.3779882496201785,2.8121674594431654
7615,17625,0.019758660111543588,1400,2.176422913637319,2.2419488775134435
7616,17626,0.019758660111543588,1400,1.099963410974873,2.947939590956193
7617,17627,0.019758660111543588,1400,1.69934656478321,2.6553061928497455
7618,17628,0.019758660111543588,1400,1.8125711789392038,2.5223586601595462
7619,17629,0.019758660111543588,1400,1.5417099413172783,2.703385259942042
7620,17630,0.019758660111543588,1400,2.113639952969734,2.2891056435243
7621,17631,0.019758660111543588,1400,2.3686125141648304,2.065871969498854
7622,17632,0.019758660111543588,1400,2.0077429467035994,2.333861156149554
7623,17633,0.019758660111543588,1400,1.469908746753624,2.7470668414252115
7624,17634,0.019758660111543588,1400,1.3899037487838641,2.818321188905756
7625,17635,0.019758660111543588,1400,1.6949072886362422,2.653583108033442
7626,17636,0.019758660111543588,1400,2.278308618938857,2.143101022529077
7627,17637,0.019758660111543588,1400,1.9142136388718924,2.4042061842729394
7628,17638,0.019758660111543588,1400,1.948469904624048,2.4210656175020357
7629,17639,0.019758660111543588,1400,1.3192809289220904,2.853494888360224
7630,17640,0.019758660111543588,1400,1.1677992157809327,2.9267414497409066
7631,17641,0.019758660111543588,1400,1.1331317971962596,2.92648220834698
7632,17642,0.019758660111543588,1400,2.0884609322604866,2.268367578905649
7633,17643,0.019758660111543588,1400,1.5802401168774514,2.6903207835570195
7634,17644,0.019758660111543588,1400,1.249033001392571,2.8720870929271274
7635,17645,0.019758660111543588,1400,1.0489138097091182,2.9803027258279298
7636,17646,0.019758660111543588,1400,2.5991647044721584,1.8118108195429268
7637,17647,0.019758660111543588,1400,2.264663385186197,2.197097742085087
7638,17648,0.019758660111543588,1400,1.9328203657903842,2.4540861948034545
7639,17649,0.019758660111543588,1400,1.5934605450572137,2.7031224124911493
7640,17650,0.019758660111543588,1400,2.533127432005758,1.791561375013576
7641,17651,0.019758660111543588,1400,1.394921521842981,2.8077104854324917
7642,17652,0.019758660111543588,1400,1.7298072278537,2.6209538439017095
7643,17653,0.019758660111543588,1400,1.4284182719908667,2.7808678649182865
7644,17654,0.019758660111543588,1400,2.2182927453070365,2.1993667701823267
7645,17655,0.019758660111543588,1400,1.5527524293943655,2.743412244591752
7646,17656,0.019758660111543588,1400,1.790989011865085,2.6012882592881477
7647,17657,0.019758660111543588,1400,2.092864253481599,2.3153295418554887
7648,17658,0.019758660111543588,1400,1.6273028642198988,2.636309982878358
7649,17659,0.019758660111543588,1400,1.3440303921906627,2.8074739793773604
7650,17660,0.019758660111543588,1400,1.2820904132599096,2.8427155419802097
7651,17661,0.019758660111543588,1400,2.359547916732946,2.0874831646110366
7652,17662,0.019758660111543588,1400,1.831083919145176,2.4918640741238307
7653,17663,0.019758660111543588,1400,1.4648849954726448,2.7795861174637775
7654,17664,0.019758660111543588,1400,1.6637625757485637,2.6403518920660694
7655,17665,0.019758660111543588,1400,1.9112561635198333,2.4477938482235753
7656,17666,0.019758660111543588,1400,2.126556685756154,2.392590493154553
7657,17667,0.019758660111543588,1400,2.1329881080863755,2.2980128855981925
7658,17668,0.019758660111543588,1400,1.2401848790197503,2.9108827199556035
7659,17669,0.019758660111543588,1400,1.7032883861713408,2.6427624351401375
7660,17670,0.019758660111543588,1400,1.82931533288696,2.5408995507066616
7661,17671,0.019758660111543588,1400,1.275437302506723,2.851883493815659
7662,17672,0.019758660111543588,1400,1.7702049206326342,2.5933100475855797
7663,17673,0.019758660111543588,1400,1.405736858760378,2.8021212168798417
7664,17674,0.019758660111543588,1400,1.0913116094363196,2.947129148530121
7665,17675,0.019758660111543588,1400,1.4955285650301673,2.726572855277927
7666,17676,0.019758660111543588,1400,2.4590405064980496,1.964737405928274
7667,17677,0.019758660111543588,1400,2.24122076595901,2.1681355461788576
7668,17678,0.019758660111543588,1400,1.9437909545161882,2.4670667699167743
7669,17679,0.019758660111543588,1400,1.5076649985105348,2.7466960531475593
7670,17680,0.019758660111543588,1400,1.525269157614837,2.72583455407934
7671,17681,0.019758660111543588,1400,1.787652669871889,2.555193156677038
7672,17682,0.019758660111543588,1400,1.4406586779846788,2.761113411408531
7673,17683,0.019758660111543588,1400,2.1447778255338723,2.220263813573546
7674,17684,0.019758660111543588,1400,1.955113689095127,2.411845345163518
7675,17685,0.019758660111543588,1400,1.831686099601777,2.5202874474874286
7676,17686,0.019758660111543588,1400,2.054769644000538,2.3431151723333365
7677,17687,0.019758660111543588,1400,2.4443920700701605,1.98127335468483
7678,17688,0.019758660111543588,1400,1.3827781965659478,2.826517097893337
7679,17689,0.019758660111543588,1400,1.7558138122708353,2.6177385782652767
7680,17690,0.019758660111543588,1400,1.8750831209876708,2.503119445037407
7681,17691,0.019758660111543588,1400,2.950983765825943,1.038444565446402
7682,17692,0.019758660111543588,1400,1.160474948383349,2.9288370777098924
7683,17693,0.019758660111543588,1400,2.272157498958872,2.1406018899454837
7684,17694,0.019758660111543588,1400,1.6665258230829427,2.6720592589681487
7685,17695,0.019758660111543588,1400,2.7780466198085554,1.404834437766374
7686,17696,0.019758660111543588,1400,1.3404300807100848,2.8235788910076947
7687,17697,0.019758660111543588,1400,1.285373240717479,2.8517972608709163
7688,17698,0.019758660111543588,1400,1.1629695668452171,2.9107076395073923
7689,17699,0.019758660111543588,1400,2.0966885008655884,2.2620091962033753
7690,17700,0.019758660111543588,1600,1.4764391739344165,2.7380226552886358
7691,17701,0.019758660111543588,1600,1.611167702973295,2.667272081349974
7692,17702,0.019758660111543588,1600,1.2303845978780876,2.878835332601725
7693,17703,0.019758660111543588,1600,2.317233207045564,2.1568683773414596
7694,17704,0.019758660111543588,1600,1.4561505799869143,2.7961052497621646
7695,17705,0.019758660111543588,1600,1.3787878957254662,2.8233923559396352
7696,17706,0.019758660111543588,1600,1.4702810667427317,2.8174976215963787
7697,17707,0.019758660111543588,1600,2.3998354538471878,2.040147966796713
7698,17708,0.019758660111543588,1600,2.1284588835804783,2.331528292384912
7699,17709,0.019758660111543588,1600,1.7956840303411041,2.5725822403527348
7700,17710,0.019758660111543588,1600,2.1984714075788743,2.2513339801958794
7701,17711,0.019758660111543588,1600,2.0176381635094556,2.40852396330929
7702,17712,0.019758660111543588,1600,2.006685831662694,2.3876267714441735
7703,17713,0.019758660111543588,1600,1.7857200103615085,2.602458696504505
7704,17714,0.019758660111543588,1600,2.30362654486116,2.1761133179636363
7705,17715,0.019758660111543588,1600,2.2269160509378985,2.1851763471870407
7706,17716,0.019758660111543588,1600,1.9702826708683059,2.4727315721654817
7707,17717,0.019758660111543588,1600,1.4043495986527417,2.7780899198176576
7708,17718,0.019758660111543588,1600,1.9333526795725384,2.409247155595459
7709,17719,0.019758660111543588,1600,1.1601380175236111,2.9301126406903157
7710,17720,0.019758660111543588,1600,1.8921112505903281,2.49067937003261
7711,17721,0.019758660111543588,1600,1.139961038293266,2.9309911978827397
7712,17722,0.019758660111543588,1600,1.0633287872114259,2.9757553078094103
7713,17723,0.019758660111543588,1600,1.721067465708177,2.6148323182824145
7714,17724,0.019758660111543588,1600,2.1238628678940845,2.3354624427485424
7715,17725,0.019758660111543588,1600,1.6061572677656142,2.6823981275512283
7716,17726,0.019758660111543588,1600,2.366301088139878,2.0622418620185456
7717,17727,0.019758660111543588,1600,2.405362400179122,1.977459173174695
7718,17728,0.019758660111543588,1600,1.5306876968503922,2.7454563114883492
7719,17729,0.019758660111543588,1600,1.4095429785742097,2.8206591351947092
7720,17730,0.019758660111543588,1600,1.0798882906049325,2.9611846882371116
7721,17731,0.019758660111543588,1600,1.4347631054880368,2.814611967866157
7722,17732,0.019758660111543588,1600,2.0094654081425114,2.3917456106185613
7723,17733,0.019758660111543588,1600,2.2513408806072968,2.2214566741115456
7724,17734,0.019758660111543588,1600,1.3921694918182634,2.7733789034817535
7725,17735,0.019758660111543588,1600,1.25589922009075,2.8735279840743995
7726,17736,0.019758660111543588,1600,2.330557217826587,2.1026574222708976
7727,17737,0.019758660111543588,1600,1.3933385296337586,2.797776124985037
7728,17738,0.019758660111543588,1600,1.3962782227798605,2.8045027724587355
7729,17739,0.019758660111543588,1600,1.529564072166254,2.7551412941042472
7730,17740,0.019758660111543588,1600,1.635460868124073,2.6658578442764913
7731,17741,0.019758660111543588,1600,1.3921767774370781,2.820664757261548
7732,17742,0.019758660111543588,1600,2.3822887983540317,2.016207528839447
7733,17743,0.019758660111543588,1600,1.3927279224038587,2.805922036085683
7734,17744,0.019758660111543588,1600,1.200412683727468,2.8711370490999526
7735,17745,0.019758660111543588,1600,1.9630251523808038,2.4469769219164457
7736,17746,0.019758660111543588,1600,2.0832796634864215,2.3403602283114977
7737,17747,0.019758660111543588,1600,2.135388371462176,2.295083107615825
7738,17748,0.019758660111543588,1600,2.4037610964294487,2.0709578089677
7739,17749,0.019758660111543588,1600,1.5213735109402513,2.693557769529384
7740,17750,0.019758660111543588,1600,1.5271856969094615,2.756146627501802
7741,17751,0.019758660111543588,1600,1.2296923429634803,2.8952421508165536
7742,17752,0.019758660111543588,1600,2.1306688589184697,2.2808223925489637
7743,17753,0.019758660111543588,1600,1.7274891434785133,2.612245460513958
7744,17754,0.019758660111543588,1600,1.5125126365727455,2.748648956127048
7745,17755,0.019758660111543588,1600,2.0901235093275106,2.1540929837760006
7746,17756,0.019758660111543588,1600,1.9406760101428628,2.4868447248003656
7747,17757,0.019758660111543588,1600,2.070458766823148,2.2820603545278626
7748,17758,0.019758660111543588,1600,1.2731817985482168,2.8660278369360106
7749,17759,0.019758660111543588,1600,1.167761903257448,2.909859589353778
7750,17760,0.019758660111543588,1600,1.1452655544362742,2.914263569131311
7751,17761,0.019758660111543588,1600,1.6518391677110447,2.6311463153683587
7752,17762,0.019758660111543588,1600,1.9235157878056994,2.4099074309152275
7753,17763,0.019758660111543588,1600,1.760261637928759,2.636057867452275
7754,17764,0.019758660111543588,1600,1.6413309716241922,2.6594958662745163
7755,17765,0.019758660111543588,1600,1.9192901259877886,2.3554439631877067
7756,17766,0.019758660111543588,1600,1.2672834511083428,2.882399367533736
7757,17767,0.019758660111543588,1600,2.4069369686494566,1.975488651829569
7758,17768,0.019758660111543588,1600,1.0975368885970642,2.9458073340646385
7759,17769,0.019758660111543588,1600,1.4214569170491433,2.786558075060232
7760,17770,0.019758660111543588,1600,2.2700256319536534,2.225553226533282
7761,17771,0.019758660111543588,1600,1.3956520405084274,2.8070669715174144
7762,17772,0.019758660111543588,1600,2.2757064340144195,2.2065059452663336
7763,17773,0.019758660111543588,1600,2.437907142980677,1.9161299430386136
7764,17774,0.019758660111543588,1600,1.3086485412494755,2.856843939634742
7765,17775,0.019758660111543588,1600,2.2187290671412234,2.2757447614281703
7766,17776,0.019758660111543588,1600,2.174228949370005,2.295741986658293
7767,17777,0.019758660111543588,1600,1.812687752133236,2.4892841444001523
7768,17778,0.019758660111543588,1600,1.4793687666408026,2.784428548721073
7769,17779,0.019758660111543588,1600,2.643005332690887,1.668968996548087
7770,17780,0.019758660111543588,1600,1.3770517617722162,2.8097370948579914
7771,17781,0.019758660111543588,1600,2.307854772513172,2.1923763353190546
7772,17782,0.019758660111543588,1600,1.4826792201605061,2.7720681969385246
7773,17783,0.019758660111543588,1600,2.036706096835606,2.3840334842786026
7774,17784,0.019758660111543588,1600,1.7099430484992333,2.629224373531828
7775,17785,0.019758660111543588,1600,1.9534974202317965,2.4910232177526686
7776,17786,0.019758660111543588,1600,1.2549914055637834,2.8919690355516656
7777,17787,0.019758660111543588,1600,2.0662940361152136,2.4264171566421817
7778,17788,0.019758660111543588,1600,1.4668205483183354,2.721743764697989
7779,17789,0.019758660111543588,1600,1.5024805369797085,2.7896710114714107
7780,17790,0.019758660111543588,1600,1.9024553969901976,2.475464418471341
7781,17791,0.019758660111543588,1600,2.4097800807043774,1.86342728388925
7782,17792,0.019758660111543588,1600,1.276538266575312,2.8623122283712292
7783,17793,0.019758660111543588,1600,1.7497987164868332,2.6010946994203135
7784,17794,0.019758660111543588,1600,1.6123279013351006,2.640714554908738
7785,17795,0.019758660111543588,1600,1.4246118390351095,2.7656090197834393
7786,17796,0.019758660111543588,1600,1.1566177844490373,2.905903760447999
7787,17797,0.019758660111543588,1600,2.2901602260975777,2.141400948140246
7788,17798,0.019758660111543588,1600,1.859982930114679,2.5067957284086777
7789,17799,0.019758660111543588,1600,1.609153497856532,2.6944911147715467
7790,17800,0.019758660111543588,1800,1.7515323759332513,2.539652928853765
7791,17801,0.019758660111543588,1800,1.2517769306084747,2.8784608087335943
7792,17802,0.019758660111543588,1800,2.134756894760291,2.2794900091694017
7793,17803,0.019758660111543588,1800,1.3881933581551418,2.813125687119445
7794,17804,0.019758660111543588,1800,1.8778430392711418,2.521530010160343
7795,17805,0.019758660111543588,1800,1.9433101929342798,2.4584759348673697
7796,17806,0.019758660111543588,1800,2.255927700199082,2.151562092387168
7797,17807,0.019758660111543588,1800,2.1153821263692176,2.3375962750496173
7798,17808,0.019758660111543588,1800,1.2865406596429803,2.8578799148531147
7799,17809,0.019758660111543588,1800,2.4488887766990133,1.9206429214405183
7800,17810,0.019758660111543588,1800,1.298822239968969,2.8586054477920015
7801,17811,0.019758660111543588,1800,1.3702976103551294,2.80052073378233
7802,17812,0.019758660111543588,1800,1.4490873836654248,2.791335245768153
7803,17813,0.019758660111543588,1800,1.8450370325618395,2.46730378212203
7804,17814,0.019758660111543588,1800,2.3243084555611633,2.0542982398657603
7805,17815,0.019758660111543588,1800,1.3745272231117542,2.84568536772243
7806,17816,0.019758660111543588,1800,1.9431583686026208,2.4850530631518164
7807,17817,0.019758660111543588,1800,2.3512687894005166,2.0906499624116077
7808,17818,0.019758660111543588,1800,2.110405778532822,2.3269254977935514
7809,17819,0.019758660111543588,1800,2.105685329986134,2.2983079723345745
7810,17820,0.019758660111543588,1800,2.0379824555882435,2.3568117552471235
7811,17821,0.019758660111543588,1800,1.0845914524246778,2.9302946362561384
7812,17822,0.019758660111543588,1800,1.7245157825470532,2.6460011642916736
7813,17823,0.019758660111543588,1800,1.2751007883355963,2.8193348993086698
7814,17824,0.019758660111543588,1800,2.315642177892545,2.0983014328042486
7815,17825,0.019758660111543588,1800,1.2658137130399747,2.889563422481607
7816,17826,0.019758660111543588,1800,2.0491839160459713,2.395927312203551
7817,17827,0.019758660111543588,1800,2.355129436922633,2.0311486619016104
7818,17828,0.019758660111543588,1800,1.9305593946616793,2.3572448141808713
7819,17829,0.019758660111543588,1800,2.0266195428850464,2.3854531638431107
7820,17830,0.019758660111543588,1800,1.3860805732415267,2.7920495239840832
7821,17831,0.019758660111543588,1800,1.5171730048628673,2.735496425217153
7822,17832,0.019758660111543588,1800,1.1823606758141838,2.9248947835679138
7823,17833,0.019758660111543588,1800,1.6891119541706445,2.5736992701075314
7824,17834,0.019758660111543588,1800,1.0945143405593016,2.9351568228765315
7825,17835,0.019758660111543588,1800,2.3404473939109534,2.0917902706454496
7826,17836,0.019758660111543588,1800,1.7209730720080938,2.606870603374828
7827,17837,0.019758660111543588,1800,1.105294385927595,2.9452404072158
7828,17838,0.019758660111543588,1800,1.4552301047149998,2.7510482900960413
7829,17839,0.019758660111543588,1800,1.794288144159872,2.518560268558933
7830,17840,0.019758660111543588,1800,1.6511743209362817,2.664041589553635
7831,17841,0.019758660111543588,1800,1.3650807162702083,2.8302570713153483
7832,17842,0.019758660111543588,1800,1.6070569114519473,2.618551565628015
7833,17843,0.019758660111543588,1800,1.6786173604740342,2.6709154663105124
7834,17844,0.019758660111543588,1800,1.6684675199393986,2.6511454178742317
7835,17845,0.019758660111543588,1800,1.100413177194477,2.9491322534330435
7836,17846,0.019758660111543588,1800,1.9264697298594111,2.4652664264792303
7837,17847,0.019758660111543588,1800,1.9726328110020153,2.469081450137535
7838,17848,0.019758660111543588,1800,2.331707771324511,2.051805879287895
7839,17849,0.019758660111543588,1800,1.3706207802041255,2.827489127040703
7840,17850,0.019758660111543588,1800,1.7938723263810137,2.6160950930171736
7841,17851,0.019758660111543588,1800,1.3933597754645486,2.8054906194383706
7842,17852,0.019758660111543588,1800,2.1227523436581124,2.2901177933481334
7843,17853,0.019758660111543588,1800,1.5949914715463904,2.687213512674258
7844,17854,0.019758660111543588,1800,1.0802400975748174,2.965252059688315
7845,17855,0.019758660111543588,1800,1.1142658773312388,2.953666560993171
7846,17856,0.019758660111543588,1800,2.272623736651542,2.155370450767256
7847,17857,0.019758660111543588,1800,2.13664772326884,2.331058485717127
7848,17858,0.019758660111543588,1800,1.3152439725398124,2.850021058487805
7849,17859,0.019758660111543588,1800,1.6089206133255378,2.7063054528516632
7850,17860,0.019758660111543588,1800,1.6005838778621713,2.6883759250180437
7851,17861,0.019758660111543588,1800,1.9613198765458217,2.3722149586053396
7852,17862,0.019758660111543588,1800,1.546375134097621,2.726163964907471
7853,17863,0.019758660111543588,1800,2.337261013613865,2.089796882557403
7854,17864,0.019758660111543588,1800,2.036868228798615,2.214487245134399
7855,17865,0.019758660111543588,1800,1.8921894568931727,2.4713455803761573
7856,17866,0.019758660111543588,1800,1.7837387795641362,2.6101698520711265
7857,17867,0.019758660111543588,1800,2.255550577968737,2.1563396072446905
7858,17868,0.019758660111543588,1800,1.794041623735223,2.587988956044773
7859,17869,0.019758660111543588,1800,1.8966171827843108,2.5186987057597134
7860,17870,0.019758660111543588,1800,1.681956252037639,2.6523256706164986
7861,17871,0.019758660111543588,1800,1.3289961909334884,2.846281481069442
7862,17872,0.019758660111543588,1800,1.684359507542337,2.6708073413867943
7863,17873,0.019758660111543588,1800,2.5633890804654693,1.8667249987893997
7864,17874,0.019758660111543588,1800,1.3567205613962439,2.8422777417548515
7865,17875,0.019758660111543588,1800,1.9061805415698931,2.502258142237942
7866,17876,0.019758660111543588,1800,2.5031108446776136,1.90983028185321
7867,17877,0.019758660111543588,1800,1.9382616662720014,2.4184225123812135
7868,17878,0.019758660111543588,1800,2.5714174573597175,1.7680926355199624
7869,17879,0.019758660111543588,1800,1.0643209613800066,2.9616761366202673
7870,17880,0.019758660111543588,1800,2.5763300545223684,1.8208673692486017
7871,17881,0.019758660111543588,1800,1.5540769579819407,2.734971032444154
7872,17882,0.019758660111543588,1800,2.1473297863991263,2.309369668854834
7873,17883,0.019758660111543588,1800,2.312443408556734,2.029201992196496
7874,17884,0.019758660111543588,1800,1.4519840598861347,2.8024042136754703
7875,17885,0.019758660111543588,1800,2.0428557465939603,2.388450078679926
7876,17886,0.019758660111543588,1800,2.0348106559897863,2.4064903939134035
7877,17887,0.019758660111543588,1800,2.0157863792463706,2.43669332218857
7878,17888,0.019758660111543588,1800,1.688677509875,2.6688911609992267
7879,17889,0.019758660111543588,1800,1.4348620501838538,2.8207630215861617
7880,17890,0.019758660111543588,1800,2.7180460911132953,1.5258763624353864
7881,17891,0.019758660111543588,1800,2.576128790854058,1.7356125160488272
7882,17892,0.019758660111543588,1800,1.6269607227366916,2.646918675608593
7883,17893,0.019758660111543588,1800,2.0312064673543473,2.354673565311079
7884,17894,0.019758660111543588,1800,1.4098873163381815,2.7677175111227434
7885,17895,0.019758660111543588,1800,2.045293792856001,2.3491927930840393
7886,17896,0.019758660111543588,1800,1.412034687851126,2.785544762649948
7887,17897,0.019758660111543588,1800,1.48333415385244,2.766783601589034
7888,17898,0.019758660111543588,1800,1.4395899336769205,2.757263656888779
7889,17899,0.019758660111543588,1800,1.6289792099621305,2.6947129320218832
7890,17900,0.019758660111543588,2000,1.4190740243514512,2.8293091680433067
7891,17901,0.019758660111543588,2000,2.1995758251950783,2.227016367709034
7892,17902,0.019758660111543588,2000,1.396693468252838,2.790986925669764
7893,17903,0.019758660111543588,2000,1.143226602229187,2.9368531940945473
7894,17904,0.019758660111543588,2000,1.7296665993152367,2.571105104712518
7895,17905,0.019758660111543588,2000,2.3899286043255428,1.9795345229769346
7896,17906,0.019758660111543588,2000,2.206073400319368,2.2588535720499383
7897,17907,0.019758660111543588,2000,1.5655259674065025,2.729844085556207
7898,17908,0.019758660111543588,2000,2.314277594199514,2.0671250317857615
7899,17909,0.019758660111543588,2000,2.503938809980571,1.9994040114788754
7900,17910,0.019758660111543588,2000,1.0962759989172413,2.940101268539455
7901,17911,0.019758660111543588,2000,1.06589846097252,2.9471889147742476
7902,17912,0.019758660111543588,2000,2.1646108228367495,2.1924543362881934
7903,17913,0.019758660111543588,2000,1.3208559883737812,2.8243730778307556
7904,17914,0.019758660111543588,2000,2.0050329335671893,2.364541317054087
7905,17915,0.019758660111543588,2000,2.501444133415606,1.8298134795285983
7906,17916,0.019758660111543588,2000,2.6624587164966305,1.669251290891563
7907,17917,0.019758660111543588,2000,2.2670723134931037,2.120726068767315
7908,17918,0.019758660111543588,2000,2.23955450307019,2.2306942244725096
7909,17919,0.019758660111543588,2000,1.6197424627548636,2.7052705501101704
7910,17920,0.019758660111543588,2000,1.3710050511350125,2.8169468599307073
7911,17921,0.019758660111543588,2000,1.489830609581753,2.7803196511476376
7912,17922,0.019758660111543588,2000,1.731663230332843,2.6355154666940055
7913,17923,0.019758660111543588,2000,1.6069336865874966,2.6938493411140327
7914,17924,0.019758660111543588,2000,2.3219498510172176,2.116511697340438
7915,17925,0.019758660111543588,2000,1.9180432679447983,2.50206969525081
7916,17926,0.019758660111543588,2000,1.3936111445612687,2.8277312764214697
7917,17927,0.019758660111543588,2000,1.9266585128673914,2.4948325443353783
7918,17928,0.019758660111543588,2000,1.7860803679955304,2.568775643602157
7919,17929,0.019758660111543588,2000,1.4913800375871693,2.7517460080791123
7920,17930,0.019758660111543588,2000,2.0519266585557974,2.372521865583309
7921,17931,0.019758660111543588,2000,1.401141532213097,2.780118213965653
7922,17932,0.019758660111543588,2000,1.8341651430204244,2.561240457992771
7923,17933,0.019758660111543588,2000,1.167751733656778,2.9036782553629417
7924,17934,0.019758660111543588,2000,2.2272632337179727,2.1692648400835557
7925,17935,0.019758660111543588,2000,1.8837213752464972,2.542832850286842
7926,17936,0.019758660111543588,2000,2.301101540799336,2.1350125975115035
7927,17937,0.019758660111543588,2000,1.7510191356474827,2.616570286257454
7928,17938,0.019758660111543588,2000,2.26299757698014,2.1427869881662955
7929,17939,0.019758660111543588,2000,2.464832648676218,1.9300018490446906
7930,17940,0.019758660111543588,2000,2.2430727898195117,2.212642177328042
7931,17941,0.019758660111543588,2000,1.7118080719964799,2.628419590859651
7932,17942,0.019758660111543588,2000,1.63895530414744,2.661797725409773
7933,17943,0.019758660111543588,2000,1.7444393983822954,2.5842770671064326
7934,17944,0.019758660111543588,2000,2.008829452646809,2.365931861293032
7935,17945,0.019758660111543588,2000,1.4601219713096585,2.803076855394163
7936,17946,0.019758660111543588,2000,1.7169137626179307,2.569414280978175
7937,17947,0.019758660111543588,2000,1.7608925587704487,2.5856708794235566
7938,17948,0.019758660111543588,2000,1.7734792116037235,2.5608338359965446
7939,17949,0.019758660111543588,2000,2.42948430909853,1.9865730434031779
7940,17950,0.019758660111543588,2000,1.7402097178215263,2.6297768130372696
7941,17951,0.019758660111543588,2000,1.3979715142887845,2.8307332736411803
7942,17952,0.019758660111543588,2000,2.2524660699164234,2.2279639297456257
7943,17953,0.019758660111543588,2000,1.8826378575972182,2.4557201975866674
7944,17954,0.019758660111543588,2000,1.0457036784804141,2.9577310761046087
7945,17955,0.019758660111543588,2000,1.4957027138881132,2.7676412391588263
7946,17956,0.019758660111543588,2000,2.4836868877683584,1.9679554527899559
7947,17957,0.019758660111543588,2000,2.0729772953890584,2.367628641079633
7948,17958,0.019758660111543588,2000,1.4098495261506045,2.7330848936608856
7949,17959,0.019758660111543588,2000,1.8217940891305058,2.554202565532567
7950,17960,0.019758660111543588,2000,2.4521640061877235,1.9278578908746844
7951,17961,0.019758660111543588,2000,2.2403929801197235,2.1434859433741
7952,17962,0.019758660111543588,2000,2.4040083421585137,1.9536524296646995
7953,17963,0.019758660111543588,2000,1.9191841815818609,2.5003817327243865
7954,17964,0.019758660111543588,2000,1.5992398501898717,2.7025020722706476
7955,17965,0.019758660111543588,2000,1.8225574550770935,2.5319054365044447
7956,17966,0.019758660111543588,2000,1.7207813763155102,2.59084084713774
7957,17967,0.019758660111543588,2000,1.9594318259995884,2.4423937433992715
7958,17968,0.019758660111543588,2000,2.2683763101882275,2.0790951706338174
7959,17969,0.019758660111543588,2000,1.5173089854024728,2.703438162808214
7960,17970,0.019758660111543588,2000,2.187219591709071,2.3163915984748056
7961,17971,0.019758660111543588,2000,1.5770398787983873,2.71970949488535
7962,17972,0.019758660111543588,2000,2.753717133962423,1.4129540921208465
7963,17973,0.019758660111543588,2000,2.1100611026850213,2.3397295657181774
7964,17974,0.019758660111543588,2000,1.9774378371194143,2.405061068315816
7965,17975,0.019758660111543588,2000,2.142409210253916,2.3551252170669486
7966,17976,0.019758660111543588,2000,2.110381112874644,2.333835931457383
7967,17977,0.019758660111543588,2000,1.3652018414014135,2.8335612140916497
7968,17978,0.019758660111543588,2000,1.7896162455460114,2.5849688223533165
7969,17979,0.019758660111543588,2000,2.1409860343441567,2.277316743153309
7970,17980,0.019758660111543588,2000,1.7516240261955278,2.542211206633353
7971,17981,0.019758660111543588,2000,1.9687847808953212,2.352557796673414
7972,17982,0.019758660111543588,2000,1.905781322794064,2.5087387553936518
7973,17983,0.019758660111543588,2000,2.68299220985642,1.6417449654774618
7974,17984,0.019758660111543588,2000,1.867886696050602,2.4346210490611915
7975,17985,0.019758660111543588,2000,2.272293173064374,2.0874876689891617
7976,17986,0.019758660111543588,2000,1.3667937738018416,2.8285737145951644
7977,17987,0.019758660111543588,2000,2.2278286894797246,2.1741667983572253
7978,17988,0.019758660111543588,2000,1.8316011032303243,2.4742105916686694
7979,17989,0.019758660111543588,2000,1.453802157604183,2.7756082326883207
7980,17990,0.019758660111543588,2000,1.9164985505446022,2.4348091357503585
7981,17991,0.019758660111543588,2000,2.3903801203271655,2.0004889194491127
7982,17992,0.019758660111543588,2000,1.8456363065548396,2.5208204001113943
7983,17993,0.019758660111543588,2000,1.9395970720850193,2.4494008429960976
7984,17994,0.019758660111543588,2000,2.171169256936329,2.2198678854071963
7985,17995,0.019758660111543588,2000,1.4400110305556795,2.812268775362685
7986,17996,0.019758660111543588,2000,1.3691893392744812,2.8095855691946383
7987,17997,0.019758660111543588,2000,1.259572128418591,2.8717743211146347
7988,17998,0.019758660111543588,2000,1.7461659857924434,2.600017921975503
7989,17999,0.019758660111543588,2000,1.442596416530509,2.7637518577492153
7990,18000,0.011111111111111112,200,1.3109972018792908,2.84797218805859
7991,18001,0.011111111111111112,200,1.1523423932956869,2.926569157341998
7992,18002,0.011111111111111112,200,1.3866021650577025,2.818031875332646
7993,18003,0.011111111111111112,200,1.2545039349025584,2.841666839251002
7994,18004,0.011111111111111112,200,2.065037176717487,2.324953856538285
7995,18005,0.011111111111111112,200,1.2937626463400298,2.846930277966038
7996,18006,0.011111111111111112,200,1.3003492064391762,2.8460560329996243
7997,18007,0.011111111111111112,200,1.8074120772823132,2.522847796406602
7998,18008,0.011111111111111112,200,1.314167057919216,2.814965258447575
7999,18009,0.011111111111111112,200,1.1547316628206694,2.927802870014117
8000,18010,0.011111111111111112,200,1.3845973609244164,2.819685857514787
8001,18011,0.011111111111111112,200,1.7142507168671053,2.5308857249712635
8002,18012,0.011111111111111112,200,1.2124737464826039,2.898391000348274
8003,18013,0.011111111111111112,200,1.4623204662011218,2.7666007364825007
8004,18014,0.011111111111111112,200,1.9163853929896189,2.4678931354801064
8005,18015,0.011111111111111112,200,1.7923747373909762,2.565987023425761
8006,18016,0.011111111111111112,200,1.1877687504517087,2.8957614059617005
8007,18017,0.011111111111111112,200,1.04707202086092,2.9810943480442083
8008,18018,0.011111111111111112,200,1.0545123627208313,2.9553486926030827
8009,18019,0.011111111111111112,200,1.0180294616642955,2.967100698906984
8010,18020,0.011111111111111112,200,1.0820584108091449,2.9336682491884076
8011,18021,0.011111111111111112,200,1.1482696497256,2.9304136946312296
8012,18022,0.011111111111111112,200,1.0712220611996592,2.962805923217225
8013,18023,0.011111111111111112,200,1.042342573306101,2.9724827361952224
8014,18024,0.011111111111111112,200,1.0455421904250817,2.962938043189364
8015,18025,0.011111111111111112,200,1.2845189874641363,2.87458373830641
8016,18026,0.011111111111111112,200,1.3004391094819572,2.8571326773917147
8017,18027,0.011111111111111112,200,1.6677121322674722,2.672962711676937
8018,18028,0.011111111111111112,200,1.2101191876428583,2.885701833891294
8019,18029,0.011111111111111112,200,1.4401877532954699,2.7762556899224333
8020,18030,0.011111111111111112,200,1.1271512714622374,2.918368953682399
8021,18031,0.011111111111111112,200,1.477620621047845,2.7415958989105906
8022,18032,0.011111111111111112,200,1.0354179662354777,2.980493036356177
8023,18033,0.011111111111111112,200,1.1937825869136978,2.9031928783335044
8024,18034,0.011111111111111112,200,1.0388054503977366,2.965490233344772
8025,18035,0.011111111111111112,200,1.3724189750324232,2.7901544348459635
8026,18036,0.011111111111111112,200,1.3145277353615021,2.830471259351636
8027,18037,0.011111111111111112,200,1.4100838984657358,2.797415103000655
8028,18038,0.011111111111111112,200,1.0930454629329982,2.9191084235969873
8029,18039,0.011111111111111112,200,1.0160121436434992,2.9900561715752247
8030,18040,0.011111111111111112,200,1.871389216614039,2.5179435014473963
8031,18041,0.011111111111111112,200,1.1763399002808441,2.9194453135285903
8032,18042,0.011111111111111112,200,1.4590565761460352,2.7764586087681886
8033,18043,0.011111111111111112,200,1.2908282889123996,2.8689164083273258
8034,18044,0.011111111111111112,200,1.0342723001526324,2.969142645281854
8035,18045,0.011111111111111112,200,1.4227508847529662,2.7753092935399524
8036,18046,0.011111111111111112,200,2.0773876735755668,2.3127263787393972
8037,18047,0.011111111111111112,200,1.063250886375462,2.967862017093858
8038,18048,0.011111111111111112,200,1.1856665352926323,2.905216321967275
8039,18049,0.011111111111111112,200,1.314676587167953,2.859554096565707
8040,18050,0.011111111111111112,200,1.1993574385626966,2.8836566569950195
8041,18051,0.011111111111111112,200,1.2081881176896563,2.8857076320516617
8042,18052,0.011111111111111112,200,1.0936195637242951,2.9471470440987737
8043,18053,0.011111111111111112,200,1.36618414863224,2.7984121654872838
8044,18054,0.011111111111111112,200,1.1857272212296028,2.920598083307813
8045,18055,0.011111111111111112,200,1.098551353519507,2.956622853532471
8046,18056,0.011111111111111112,200,1.058192334192793,2.943129234029514
8047,18057,0.011111111111111112,200,1.145377051363927,2.9335513760968057
8048,18058,0.011111111111111112,200,1.0481816663580088,2.958338572426987
8049,18059,0.011111111111111112,200,1.809022529548421,2.5262811203762654
8050,18060,0.011111111111111112,200,1.5420053938781773,2.7282329704795716
8051,18061,0.011111111111111112,200,1.1210296958832315,2.93565042541708
8052,18062,0.011111111111111112,200,2.20876458401937,2.1877018740538388
8053,18063,0.011111111111111112,200,1.3596094149437847,2.8334148177522165
8054,18064,0.011111111111111112,200,1.383948589371555,2.793600606674125
8055,18065,0.011111111111111112,200,1.091278294552023,2.9489806200069912
8056,18066,0.011111111111111112,200,1.6318605345330848,2.673935153283388
8057,18067,0.011111111111111112,200,1.2709586748982242,2.8653088077207807
8058,18068,0.011111111111111112,200,1.3851512193989217,2.812229287434371
8059,18069,0.011111111111111112,200,1.0696035107102,2.9572092237270486
8060,18070,0.011111111111111112,200,1.741512665336599,2.6159506047194876
8061,18071,0.011111111111111112,200,1.0462870017420818,2.977970012389026
8062,18072,0.011111111111111112,200,1.6319060087797834,2.6540282349564954
8063,18073,0.011111111111111112,200,1.2398279944993067,2.895415815474348
8064,18074,0.011111111111111112,200,1.2015397841478697,2.904259944983837
8065,18075,0.011111111111111112,200,1.509793609031063,2.751610220302997
8066,18076,0.011111111111111112,200,1.0355090312005628,2.9713382369212735
8067,18077,0.011111111111111112,200,1.1295391117598677,2.9138267744783675
8068,18078,0.011111111111111112,200,1.4372789574991462,2.767771933563325
8069,18079,0.011111111111111112,200,1.1637254544883402,2.9133114428800164
8070,18080,0.011111111111111112,200,1.0593530153513762,2.939485224075486
8071,18081,0.011111111111111112,200,1.0339298700017439,2.96112297412433
8072,18082,0.011111111111111112,200,1.4938235309423613,2.7271548577743396
8073,18083,0.011111111111111112,200,1.3787865316195564,2.8244980199714376
8074,18084,0.011111111111111112,200,1.0603989900532174,2.9717835027846116
8075,18085,0.011111111111111112,200,1.1805633507566355,2.912910365079882
8076,18086,0.011111111111111112,200,1.2568505132570773,2.869461748540242
8077,18087,0.011111111111111112,200,1.2906520034015094,2.872766554262083
8078,18088,0.011111111111111112,200,1.0446798575342808,2.9596963167055894
8079,18089,0.011111111111111112,200,2.3657711598031304,2.0400249882316106
8080,18090,0.011111111111111112,200,1.3294690605329007,2.831917675145549
8081,18091,0.011111111111111112,200,1.1671417931474695,2.9291412141812243
8082,18092,0.011111111111111112,200,1.3165545726589676,2.8553694041741613
8083,18093,0.011111111111111112,200,1.2090011212779355,2.90562441742972
8084,18094,0.011111111111111112,200,1.3098345960287774,2.8373148375751307
8085,18095,0.011111111111111112,200,1.291416386910509,2.8564640447249987
8086,18096,0.011111111111111112,200,1.0320265092057557,2.991064290658678
8087,18097,0.011111111111111112,200,1.5307211648429295,2.7484265651457114
8088,18098,0.011111111111111112,200,1.5253762317949509,2.7140685625535648
8089,18099,0.011111111111111112,200,1.1181674753977568,2.922293285527013
8090,18100,0.011111111111111112,400,1.138736186507601,2.9125274027716195
8091,18101,0.011111111111111112,400,1.3672969647780917,2.780995420904347
8092,18102,0.011111111111111112,400,1.3586107735714947,2.843504608905679
8093,18103,0.011111111111111112,400,1.5067192057817311,2.7706311140645132
8094,18104,0.011111111111111112,400,1.3669595377541592,2.8304213264173335
8095,18105,0.011111111111111112,400,2.216233108832956,2.1929893738852724
8096,18106,0.011111111111111112,400,1.8388982191946859,2.4981528198161547
8097,18107,0.011111111111111112,400,1.3208368222773799,2.852048348315514
8098,18108,0.011111111111111112,400,1.4074980990411803,2.8146533876200293
8099,18109,0.011111111111111112,400,1.1652398702255429,2.9200940746313977
8100,18110,0.011111111111111112,400,1.3875020159599056,2.809273774895948
8101,18111,0.011111111111111112,400,1.1836721738143885,2.9084442475532137
8102,18112,0.011111111111111112,400,1.3483182628004182,2.8568265998079214
8103,18113,0.011111111111111112,400,1.148657322496018,2.9368714873958064
8104,18114,0.011111111111111112,400,1.8091389204836283,2.556662601637254
8105,18115,0.011111111111111112,400,1.504233854670432,2.7473734576901867
8106,18116,0.011111111111111112,400,1.049911258707441,2.9514480161261005
8107,18117,0.011111111111111112,400,1.0248274035723588,2.98814014323044
8108,18118,0.011111111111111112,400,1.073629836935782,2.9453489417077248
8109,18119,0.011111111111111112,400,1.432003807375473,2.805244462550621
8110,18120,0.011111111111111112,400,1.430464081544637,2.791487539223346
8111,18121,0.011111111111111112,400,1.6193534849126134,2.6650649540026947
8112,18122,0.011111111111111112,400,1.4255728841234074,2.7765265801402714
8113,18123,0.011111111111111112,400,1.419272247622733,2.7775453013197557
8114,18124,0.011111111111111112,400,1.3773784189855482,2.8112023568051536
8115,18125,0.011111111111111112,400,1.1013871964752089,2.941360017121807
8116,18126,0.011111111111111112,400,1.047440118601644,2.967947427693566
8117,18127,0.011111111111111112,400,1.6467323179114903,2.6523299669706
8118,18128,0.011111111111111112,400,1.0937682076714492,2.933147272343917
8119,18129,0.011111111111111112,400,1.337434768354496,2.847492215021748
8120,18130,0.011111111111111112,400,1.4472588740420806,2.791800208919647
8121,18131,0.011111111111111112,400,1.2134769704937798,2.8852739383316623
8122,18132,0.011111111111111112,400,1.9107974227000533,2.4688831704676018
8123,18133,0.011111111111111112,400,1.093616294938402,2.9512025094979633
8124,18134,0.011111111111111112,400,1.5459741644611904,2.730058216127237
8125,18135,0.011111111111111112,400,1.3833577790570237,2.81509433132384
8126,18136,0.011111111111111112,400,1.1643350197267375,2.9268357991678555
8127,18137,0.011111111111111112,400,1.1254380399893151,2.9353767185426856
8128,18138,0.011111111111111112,400,1.710546397234945,2.604082210050548
8129,18139,0.011111111111111112,400,1.07515628625416,2.9636708753210605
8130,18140,0.011111111111111112,400,1.057904576727809,2.96615504543895
8131,18141,0.011111111111111112,400,1.3029183411943286,2.8442320686135814
8132,18142,0.011111111111111112,400,1.0710388767374002,2.960312229677432
8133,18143,0.011111111111111112,400,1.058080679493512,2.9456943205724784
8134,18144,0.011111111111111112,400,1.8030964767382094,2.583579494576186
8135,18145,0.011111111111111112,400,1.3595013416586297,2.8405649928962884
8136,18146,0.011111111111111112,400,1.9448947971657333,2.446503769448902
8137,18147,0.011111111111111112,400,1.244911199048976,2.862689570416209
8138,18148,0.011111111111111112,400,1.4925801236153262,2.7613056810741097
8139,18149,0.011111111111111112,400,1.5676871095361968,2.7329038286588383
8140,18150,0.011111111111111112,400,1.2798892730492963,2.8734116410539756
8141,18151,0.011111111111111112,400,1.9742434065929024,2.3954194098091097
8142,18152,0.011111111111111112,400,1.3394462257582485,2.8480051582952037
8143,18153,0.011111111111111112,400,1.2849603701031937,2.8689349978030214
8144,18154,0.011111111111111112,400,1.5426676586080919,2.714105726392479
8145,18155,0.011111111111111112,400,1.119323655455703,2.9281715392380203
8146,18156,0.011111111111111112,400,1.2105920417838747,2.901555026383418
8147,18157,0.011111111111111112,400,1.5017167069549922,2.741410935391997
8148,18158,0.011111111111111112,400,1.60368074958388,2.6760883359645797
8149,18159,0.011111111111111112,400,1.0657176118862508,2.9473987210728683
8150,18160,0.011111111111111112,400,2.087786269130084,2.288923990170295
8151,18161,0.011111111111111112,400,1.9773877270437967,2.3890785275505815
8152,18162,0.011111111111111112,400,1.6989472646112325,2.618510075795384
8153,18163,0.011111111111111112,400,1.5063255875787411,2.7629067772321037
8154,18164,0.011111111111111112,400,1.114556135327541,2.944834176928473
8155,18165,0.011111111111111112,400,1.0768030590987663,2.9630966746524736
8156,18166,0.011111111111111112,400,1.5999258719776528,2.666640918327393
8157,18167,0.011111111111111112,400,1.154130223669186,2.920617255178364
8158,18168,0.011111111111111112,400,1.6342362881398036,2.7063592094885207
8159,18169,0.011111111111111112,400,1.1799463354362343,2.908424872190542
8160,18170,0.011111111111111112,400,1.2306813712725695,2.8814024638941733
8161,18171,0.011111111111111112,400,1.2001481566416639,2.9204568272420413
8162,18172,0.011111111111111112,400,1.5295901666136156,2.7248757888740047
8163,18173,0.011111111111111112,400,1.2547554288110037,2.8823760897652178
8164,18174,0.011111111111111112,400,1.49575274253539,2.7281175216335223
8165,18175,0.011111111111111112,400,1.3367965708862377,2.8522970801356795
8166,18176,0.011111111111111112,400,1.2666915478066834,2.858406646590766
8167,18177,0.011111111111111112,400,1.1209381017572029,2.929629626865835
8168,18178,0.011111111111111112,400,1.9264683331815582,2.424991122242604
8169,18179,0.011111111111111112,400,1.5868413365365626,2.6799546629580577
8170,18180,0.011111111111111112,400,1.6562573670691705,2.6297534241526943
8171,18181,0.011111111111111112,400,1.128292169559712,2.92257509220827
8172,18182,0.011111111111111112,400,1.7387375372234346,2.5909862929991405
8173,18183,0.011111111111111112,400,1.208788638014987,2.9067146583258583
8174,18184,0.011111111111111112,400,1.0433215146591377,2.9681808305828703
8175,18185,0.011111111111111112,400,1.7177586105584797,2.573657212130828
8176,18186,0.011111111111111112,400,1.2020592571232622,2.8917454163331153
8177,18187,0.011111111111111112,400,1.1054161959178894,2.9253918861469046
8178,18188,0.011111111111111112,400,1.3495700612330936,2.824483549293098
8179,18189,0.011111111111111112,400,1.5096266137685603,2.7345279129861275
8180,18190,0.011111111111111112,400,1.0794114229238634,2.9528778995282723
8181,18191,0.011111111111111112,400,1.381788052277256,2.8213746560011104
8182,18192,0.011111111111111112,400,1.798290597570699,2.5221110774598126
8183,18193,0.011111111111111112,400,1.1374538863882209,2.9362510836442524
8184,18194,0.011111111111111112,400,1.692295620638816,2.633486593567741
8185,18195,0.011111111111111112,400,1.1278831611079339,2.9455835017270897
8186,18196,0.011111111111111112,400,1.2055369901464148,2.9063359016907744
8187,18197,0.011111111111111112,400,1.2312861571616138,2.891847825380362
8188,18198,0.011111111111111112,400,1.37889928806992,2.7933633998867657
8189,18199,0.011111111111111112,400,1.0402172764925126,2.9793069598064585
8190,18200,0.011111111111111112,600,1.05174247852456,2.9624589812900686
8191,18201,0.011111111111111112,600,1.6110510090201615,2.660761367218837
8192,18202,0.011111111111111112,600,1.2312698683353744,2.877104166531879
8193,18203,0.011111111111111112,600,1.3949372810650162,2.8211543876684866
8194,18204,0.011111111111111112,600,1.0950421064672542,2.9371644273062203
8195,18205,0.011111111111111112,600,1.8484256587310917,2.5024446329271886
8196,18206,0.011111111111111112,600,1.510801390826986,2.7492649939846823
8197,18207,0.011111111111111112,600,1.2316162953877077,2.910437969817022
8198,18208,0.011111111111111112,600,1.520020619868322,2.738352662291467
8199,18209,0.011111111111111112,600,1.270621352120668,2.884857135861572
8200,18210,0.011111111111111112,600,1.2562175043349997,2.8866779811247625
8201,18211,0.011111111111111112,600,1.1157669715823895,2.937600123935321
8202,18212,0.011111111111111112,600,1.9959060258581942,2.367374052069272
8203,18213,0.011111111111111112,600,1.2182708193490641,2.8879481203597988
8204,18214,0.011111111111111112,600,1.7677644929165712,2.588423707362252
8205,18215,0.011111111111111112,600,1.4151027564306689,2.792155738155176
8206,18216,0.011111111111111112,600,2.188241189881429,2.1895024146303976
8207,18217,0.011111111111111112,600,1.4534533897623845,2.785764200303822
8208,18218,0.011111111111111112,600,1.875490804503214,2.5062544211265556
8209,18219,0.011111111111111112,600,1.9343694069181567,2.4272485237497614
8210,18220,0.011111111111111112,600,1.8383867773459752,2.4921891854430362
8211,18224,0.011111111111111112,600,1.3034217434385815,2.835516963248535
8212,18225,0.011111111111111112,600,1.0839757446716227,2.952034468223466
8213,18226,0.011111111111111112,600,1.5150109466169925,2.7289829843354303
8214,18227,0.011111111111111112,600,1.074698821872452,2.9554675107373494
8215,18228,0.011111111111111112,600,1.7776822116719881,2.554012202732839
8216,18229,0.011111111111111112,600,1.2164690531086182,2.889416844825958
8217,18230,0.011111111111111112,600,1.463606694277723,2.7661019239121227
8218,18231,0.011111111111111112,600,1.755723327307893,2.6109961017437255
8219,18232,0.011111111111111112,600,1.2580958069699908,2.8812058874691036
8220,18233,0.011111111111111112,600,1.1724000592849495,2.9160078922437513
8221,18234,0.011111111111111112,600,1.3780765052319377,2.840059741593586
8222,18235,0.011111111111111112,600,1.8490243115185343,2.5516795022497356
8223,18236,0.011111111111111112,600,1.3947839487569658,2.8521026941405703
8224,18237,0.011111111111111112,600,1.1971468324508208,2.910181899967404
8225,18238,0.011111111111111112,600,1.103292315016168,2.956270294389576
8226,18239,0.011111111111111112,600,1.3262234798362047,2.818961947662511
8227,18240,0.011111111111111112,600,1.913020915106496,2.4523515382772874
8228,18241,0.011111111111111112,600,1.1391169814223692,2.942679551398059
8229,18242,0.011111111111111112,600,1.5501235229563544,2.6958672667417063
8230,18243,0.011111111111111112,600,1.7963165584648368,2.562688212395578
8231,18244,0.011111111111111112,600,1.4149026734134125,2.7989418294441384
8232,18245,0.011111111111111112,600,1.4565756506624794,2.7481251080853335
8233,18246,0.011111111111111112,600,2.307239191608818,2.16321684147574
8234,18247,0.011111111111111112,600,1.341196170397626,2.8408024578853888
8235,18248,0.011111111111111112,600,1.0778695515785262,2.959128280719132
8236,18249,0.011111111111111112,600,1.4728747984073645,2.797615765158479
8237,18250,0.011111111111111112,600,1.1220778843474908,2.9507239829654317
8238,18251,0.011111111111111112,600,1.4334198940168466,2.74364513465285
8239,18252,0.011111111111111112,600,1.1709354388382998,2.9361005872952055
8240,18253,0.011111111111111112,600,1.4645463872069304,2.743579231148062
8241,18254,0.011111111111111112,600,1.3694512503385372,2.825375746876409
8242,18255,0.011111111111111112,600,1.1122361419459266,2.953724875395079
8243,18256,0.011111111111111112,600,1.1305569615375342,2.9274795989418085
8244,18257,0.011111111111111112,600,1.32618800361522,2.836002796460545
8245,18258,0.011111111111111112,600,1.3576387791528317,2.820282964868697
8246,18259,0.011111111111111112,600,1.532641478373495,2.7402781708759743
8247,18260,0.011111111111111112,600,2.032841098360353,2.361972450821596
8248,18261,0.011111111111111112,600,1.8996350657140635,2.5082022134899744
8249,18262,0.011111111111111112,600,1.919781469484456,2.4809603498157595
8250,18263,0.011111111111111112,600,1.2025515472597192,2.893426324625965
8251,18264,0.011111111111111112,600,1.683207166800989,2.5962308302336714
8252,18265,0.011111111111111112,600,1.1164374827072447,2.9344110524225813
8253,18266,0.011111111111111112,600,1.5505961292250994,2.719816981486515
8254,18267,0.011111111111111112,600,2.1134578795547805,2.291993891935685
8255,18268,0.011111111111111112,600,1.7377537515218695,2.621981192435484
8256,18269,0.011111111111111112,600,1.305615480234311,2.8774052002499872
8257,18270,0.011111111111111112,600,1.4403635161152804,2.777481759413112
8258,18271,0.011111111111111112,600,1.639526958691781,2.650729057746081
8259,18272,0.011111111111111112,600,1.4896236242230896,2.776540135558403
8260,18273,0.011111111111111112,600,1.2146060413563715,2.893249180580827
8261,18274,0.011111111111111112,600,1.0702389459616641,2.9588318592890976
8262,18275,0.011111111111111112,600,1.5981025024597253,2.697757213935559
8263,18276,0.011111111111111112,600,1.12409625823104,2.9415067273021456
8264,18277,0.011111111111111112,600,1.1762149694080695,2.8964245621089146
8265,18278,0.011111111111111112,600,1.6409276796847003,2.665457833682766
8266,18279,0.011111111111111112,600,1.5830176285935909,2.67119329665622
8267,18280,0.011111111111111112,600,2.471859101848357,2.0093553362456644
8268,18281,0.011111111111111112,600,1.5855178450310603,2.7129439945331546
8269,18282,0.011111111111111112,600,1.6203040150539727,2.659418446383732
8270,18283,0.011111111111111112,600,1.0952891204598192,2.940656421853844
8271,18284,0.011111111111111112,600,1.202589650057975,2.913604763501924
8272,18285,0.011111111111111112,600,1.597879947884406,2.6820070753233294
8273,18286,0.011111111111111112,600,1.0417293789198891,2.979120116388351
8274,18287,0.011111111111111112,600,2.1392410205831616,2.2856651495516
8275,18288,0.011111111111111112,600,1.8292317624326464,2.5318701430008628
8276,18289,0.011111111111111112,600,1.4848829737907352,2.7538268760055167
8277,18290,0.011111111111111112,600,1.444683077589562,2.7658162054498634
8278,18291,0.011111111111111112,600,1.7536334588228002,2.614297439823889
8279,18292,0.011111111111111112,600,1.0357423657320861,2.961156876220042
8280,18293,0.011111111111111112,600,2.6032688781956397,1.7809633615657003
8281,18294,0.011111111111111112,600,1.4285638817168163,2.794411414611268
8282,18295,0.011111111111111112,600,1.4047221078012389,2.8017144984747198
8283,18296,0.011111111111111112,600,1.6874166247540576,2.6432493623459545
8284,18297,0.011111111111111112,600,1.7835109738141768,2.557018656487497
8285,18298,0.011111111111111112,600,1.12425900982001,2.9209749802099494
8286,18299,0.011111111111111112,600,1.3430229892524566,2.8536275126907418
8287,18300,0.011111111111111112,800,2.018559771091912,2.31050650983134
8288,18301,0.011111111111111112,800,1.5201632161148646,2.707964589301695
8289,18302,0.011111111111111112,800,1.0760140832232274,2.9532422657776727
8290,18303,0.011111111111111112,800,1.4805626428737066,2.7293668562364073
8291,18304,0.011111111111111112,800,1.4710904526521498,2.7547903895288446
8292,18305,0.011111111111111112,800,2.054560698380953,2.3299334322218876
8293,18306,0.011111111111111112,800,1.126726005088989,2.9307540646044874
8294,18307,0.011111111111111112,800,1.365255538266339,2.830431643930977
8295,18308,0.011111111111111112,800,1.5566946075177497,2.7115914000566788
8296,18309,0.011111111111111112,800,1.3605330743366881,2.8397731933819426
8297,18310,0.011111111111111112,800,1.1522446122555396,2.941132991236157
8298,18311,0.011111111111111112,800,1.530132294628213,2.7138844763025647
8299,18312,0.011111111111111112,800,1.4367514174651599,2.794763507757262
8300,18313,0.011111111111111112,800,1.279044387762801,2.874415010732328
8301,18314,0.011111111111111112,800,1.8811717089542295,2.485089721658083
8302,18315,0.011111111111111112,800,2.1897260155803204,2.186476778223794
8303,18316,0.011111111111111112,800,1.9385285901928146,2.493347766466075
8304,18317,0.011111111111111112,800,1.1613511826457965,2.920704375383267
8305,18318,0.011111111111111112,800,1.316509535793968,2.8542201699944636
8306,18319,0.011111111111111112,800,1.5613117842306985,2.6815534713519042
8307,18320,0.011111111111111112,800,1.5357440005126957,2.723542974352917
8308,18321,0.011111111111111112,800,1.218563249332987,2.89629095086162
8309,18322,0.011111111111111112,800,1.470145520012574,2.7692055032400464
8310,18323,0.011111111111111112,800,1.643396492760426,2.660244410000092
8311,18324,0.011111111111111112,800,1.1836326223833498,2.927533969883163
8312,18325,0.011111111111111112,800,1.0819678573978,2.9411979448865093
8313,18326,0.011111111111111112,800,2.290085983375758,2.1931246767387003
8314,18327,0.011111111111111112,800,1.5364902142600758,2.73130706565981
8315,18328,0.011111111111111112,800,1.3938810776530492,2.7763046963455142
8316,18329,0.011111111111111112,800,1.074569395777928,2.9376354262361235
8317,18330,0.011111111111111112,800,1.351840502113808,2.838534557308129
8318,18331,0.011111111111111112,800,1.1142288932155102,2.934290038991734
8319,18332,0.011111111111111112,800,1.038166246830126,2.976274237765723
8320,18333,0.011111111111111112,800,1.6693412370076957,2.6632212590711335
8321,18334,0.011111111111111112,800,1.5384658854665725,2.7218152461529304
8322,18335,0.011111111111111112,800,1.4107584616720343,2.801607478339488
8323,18336,0.011111111111111112,800,1.333599091303447,2.8514055770815014
8324,18337,0.011111111111111112,800,1.451399046340053,2.776692504357002
8325,18338,0.011111111111111112,800,1.2221401147993267,2.893964899454139
8326,18339,0.011111111111111112,800,1.5633231108452976,2.6685910209699206
8327,18340,0.011111111111111112,800,1.7119433110590045,2.605282722435849
8328,18341,0.011111111111111112,800,1.403218942715606,2.8710909716836186
8329,18342,0.011111111111111112,800,1.7337173467927447,2.59370798270263
8330,18343,0.011111111111111112,800,1.481705592611192,2.7548583922188876
8331,18344,0.011111111111111112,800,1.2455085622243778,2.900204117766722
8332,18345,0.011111111111111112,800,1.0388687424830776,2.975387907741856
8333,18346,0.011111111111111112,800,1.8748906813762087,2.5087058722018423
8334,18347,0.011111111111111112,800,1.0674783171674262,2.941279668153199
8335,18348,0.011111111111111112,800,1.936773615988918,2.4424499627969984
8336,18349,0.011111111111111112,800,2.2467623392046723,2.173801943629204
8337,18350,0.011111111111111112,800,1.9786629291810574,2.4625753311955934
8338,18351,0.011111111111111112,800,1.7455821834185745,2.5600195506978447
8339,18352,0.011111111111111112,800,1.8371478345150567,2.4927324685794767
8340,18353,0.011111111111111112,800,1.4865821520747267,2.718522529716747
8341,18354,0.011111111111111112,800,1.5974610694539346,2.7319228386390138
8342,18355,0.011111111111111112,800,1.1120924171118987,2.927989007411043
8343,18356,0.011111111111111112,800,1.3779306641957147,2.7884754585586062
8344,18357,0.011111111111111112,800,1.558374435865615,2.7267896170182118
8345,18358,0.011111111111111112,800,1.875404424815914,2.49443161623108
8346,18359,0.011111111111111112,800,1.3532027371690682,2.8162019369280933
8347,18360,0.011111111111111112,800,1.0852571870934447,2.9408915275396166
8348,18361,0.011111111111111112,800,1.5293613717791217,2.741619048512919
8349,18362,0.011111111111111112,800,2.3773215411003323,1.9608499372957335
8350,18363,0.011111111111111112,800,1.1241781021949193,2.9367785257354866
8351,18364,0.011111111111111112,800,1.4463809520268875,2.759120942306123
8352,18365,0.011111111111111112,800,2.11886611741246,2.2839402145699723
8353,18366,0.011111111111111112,800,2.294016277684693,2.009024681285967
8354,18367,0.011111111111111112,800,1.0774518964013287,2.9466915442112276
8355,18368,0.011111111111111112,800,1.0827609303599641,2.934771501458049
8356,18369,0.011111111111111112,800,1.6780475381424835,2.5866466635088035
8357,18370,0.011111111111111112,800,1.0215249638422639,2.976839612788798
8358,18371,0.011111111111111112,800,1.088649573098198,2.97012066564241
8359,18372,0.011111111111111112,800,1.0846441449512603,2.943697833945503
8360,18373,0.011111111111111112,800,1.3544344220519435,2.835530973257966
8361,18374,0.011111111111111112,800,1.3611161242226604,2.8100290197164517
8362,18375,0.011111111111111112,800,1.9314596398056878,2.5093828561849034
8363,18376,0.011111111111111112,800,1.10189314532446,2.963585773600202
8364,18377,0.011111111111111112,800,1.2837420149338936,2.835355248268707
8365,18378,0.011111111111111112,800,1.7300821933195851,2.605836870312266
8366,18379,0.011111111111111112,800,1.3988618595939915,2.787639234452141
8367,18380,0.011111111111111112,800,1.471701384783194,2.7707415926625316
8368,18381,0.011111111111111112,800,1.8515318292048046,2.51461643669487
8369,18382,0.011111111111111112,800,1.6227571816411204,2.6790552788538857
8370,18383,0.011111111111111112,800,1.372536777386168,2.8419021114788796
8371,18384,0.011111111111111112,800,1.36187289710788,2.819422389136244
8372,18385,0.011111111111111112,800,1.7081016038784262,2.6292705832666066
8373,18386,0.011111111111111112,800,1.6084783458378236,2.6723079469558777
8374,18387,0.011111111111111112,800,1.747495576651641,2.5881946465260754
8375,18388,0.011111111111111112,800,1.796905327340736,2.525240410702448
8376,18389,0.011111111111111112,800,2.0780562958952813,2.3080287800625183
8377,18390,0.011111111111111112,800,1.1289599643996184,2.9355240689196287
8378,18391,0.011111111111111112,800,1.3071562974283544,2.8666541457572436
8379,18392,0.011111111111111112,800,1.677842378190816,2.655320225034978
8380,18393,0.011111111111111112,800,1.4820850848849467,2.7632778059184027
8381,18394,0.011111111111111112,800,1.7951111322041207,2.590131099453099
8382,18395,0.011111111111111112,800,2.302718587267825,2.0365042270199227
8383,18396,0.011111111111111112,800,1.5009519587087952,2.7202446253073953
8384,18397,0.011111111111111112,800,1.581740033462036,2.6759646360314435
8385,18398,0.011111111111111112,800,1.1727587454783999,2.9160660308475777
8386,18399,0.011111111111111112,800,1.9184627734986204,2.4733279206316467
8387,18400,0.011111111111111112,1000,1.8590989863094722,2.556898958289339
8388,18401,0.011111111111111112,1000,2.3712236648267364,1.981528342801067
8389,18402,0.011111111111111112,1000,1.7828429535753496,2.5528750299062404
8390,18403,0.011111111111111112,1000,1.229270979327568,2.862311529992803
8391,18404,0.011111111111111112,1000,1.577442244958045,2.7172034803389264
8392,18405,0.011111111111111112,1000,1.5910167863916957,2.722156929306906
8393,18406,0.011111111111111112,1000,1.4974759766265318,2.733218967164205
8394,18407,0.011111111111111112,1000,2.201252328541622,2.282885010791186
8395,18408,0.011111111111111112,1000,1.145215437563068,2.9108539802699296
8396,18409,0.011111111111111112,1000,1.2109297950531457,2.9041104212386575
8397,18410,0.011111111111111112,1000,1.7752497625320924,2.521442634634511
8398,18411,0.011111111111111112,1000,1.0895963968366593,2.9526943655124103
8399,18412,0.011111111111111112,1000,1.5443720814025579,2.7243455314253238
8400,18413,0.011111111111111112,1000,1.1543194341626422,2.9168898859144137
8401,18414,0.011111111111111112,1000,1.1845359716906627,2.911681600188655
8402,18415,0.011111111111111112,1000,1.8947464704148456,2.503270322991524
8403,18416,0.011111111111111112,1000,1.4904970560387272,2.7579166662345984
8404,18417,0.011111111111111112,1000,2.4241923645413115,1.902717161947607
8405,18418,0.011111111111111112,1000,1.4054945922390094,2.7968651144991616
8406,18419,0.011111111111111112,1000,1.25942002965327,2.8589255386164476
8407,18420,0.011111111111111112,1000,1.7220102118947516,2.6175535797301928
8408,18421,0.011111111111111112,1000,1.5224497328895938,2.73671446495678
8409,18422,0.011111111111111112,1000,1.7113263011214985,2.6009170940030537
8410,18423,0.011111111111111112,1000,1.1375728591745748,2.9276162155623533
8411,18424,0.011111111111111112,1000,1.3865112128231156,2.828230807967301
8412,18425,0.011111111111111112,1000,1.5412196860269338,2.7314232523642596
8413,18426,0.011111111111111112,1000,1.0967632245149068,2.947212314174405
8414,18427,0.011111111111111112,1000,1.6846060009784558,2.6411730588367335
8415,18428,0.011111111111111112,1000,1.2529993591888076,2.861361564703363
8416,18429,0.011111111111111112,1000,1.8103269491639356,2.5172249374612217
8417,18430,0.011111111111111112,1000,1.7070777842564233,2.6261768630173803
8418,18431,0.011111111111111112,1000,1.7523249022253942,2.600996240795111
8419,18432,0.011111111111111112,1000,2.018923013569809,2.384574974216525
8420,18433,0.011111111111111112,1000,1.3332923816867974,2.8434886361979816
8421,18434,0.011111111111111112,1000,1.3963776456411718,2.800552331895807
8422,18435,0.011111111111111112,1000,1.3113334614465388,2.853568949365041
8423,18436,0.011111111111111112,1000,1.3803846833879097,2.8005669348447855
8424,18437,0.011111111111111112,1000,1.2466877391247349,2.8837002872037614
8425,18438,0.011111111111111112,1000,1.0717980319507983,2.950994037776403
8426,18439,0.011111111111111112,1000,1.2172001370563408,2.894996673640592
8427,18440,0.011111111111111112,1000,1.2114381146479443,2.9070283850674543
8428,18441,0.011111111111111112,1000,1.2281518592665421,2.878383108271708
8429,18442,0.011111111111111112,1000,2.380466678076777,2.024863468986933
8430,18443,0.011111111111111112,1000,1.106813704778101,2.9416522609248585
8431,18444,0.011111111111111112,1000,1.3565743721714372,2.8223139435435565
8432,18445,0.011111111111111112,1000,1.2530876091048673,2.869531322413713
8433,18446,0.011111111111111112,1000,2.5618527078197677,1.8115081924042542
8434,18447,0.011111111111111112,1000,1.9285236645557604,2.472102701605446
8435,18448,0.011111111111111112,1000,1.0517921863697033,2.970123497576046
8436,18449,0.011111111111111112,1000,1.3189266740989714,2.829480853889481
8437,18450,0.011111111111111112,1000,1.2071552775588335,2.902920296059308
8438,18451,0.011111111111111112,1000,1.1901435334074248,2.906154545027522
8439,18452,0.011111111111111112,1000,1.7524532794096075,2.6195101751298835
8440,18453,0.011111111111111112,1000,1.1357576082256808,2.9210756253374144
8441,18454,0.011111111111111112,1000,1.2978120141219647,2.878293311725681
8442,18455,0.011111111111111112,1000,1.1144146805142081,2.938265162084773
8443,18456,0.011111111111111112,1000,1.5595153428044175,2.6707966183045175
8444,18457,0.011111111111111112,1000,1.227222069016889,2.9090499859028847
8445,18458,0.011111111111111112,1000,1.0859930298549059,2.951235031350321
8446,18459,0.011111111111111112,1000,1.632042564342481,2.6526944096351817
8447,18460,0.011111111111111112,1000,1.2668309881910462,2.871985710347161
8448,18461,0.011111111111111112,1000,1.3096109297030256,2.842209061794361
8449,18462,0.011111111111111112,1000,2.271034308502297,2.1207662915352232
8450,18463,0.011111111111111112,1000,1.540916529216346,2.721254384769988
8451,18464,0.011111111111111112,1000,1.0887951646246403,2.945929815087241
8452,18465,0.011111111111111112,1000,1.480506071243016,2.7684635399046864
8453,18466,0.011111111111111112,1000,1.1605915787773264,2.92506433634074
8454,18467,0.011111111111111112,1000,1.0330439002960126,2.967098375919944
8455,18468,0.011111111111111112,1000,1.6284745758730927,2.6995106615955544
8456,18469,0.011111111111111112,1000,1.1032190232887957,2.943780842142551
8457,18470,0.011111111111111112,1000,1.0685065536427207,2.9525573747803384
8458,18471,0.011111111111111112,1000,1.5305897683078444,2.755170286649897
8459,18472,0.011111111111111112,1000,1.2151799106234118,2.895373619040021
8460,18473,0.011111111111111112,1000,1.9634314156257169,2.3554294702348133
8461,18474,0.011111111111111112,1000,1.0812341112908617,2.963984903134295
8462,18475,0.011111111111111112,1000,1.3100468735491302,2.8671273757333946
8463,18476,0.011111111111111112,1000,1.9611120616635471,2.4199829103224344
8464,18477,0.011111111111111112,1000,1.8333306613897662,2.544648103947945
8465,18478,0.011111111111111112,1000,1.0871948422224016,2.9554349450803064
8466,18479,0.011111111111111112,1000,1.73342649425161,2.6186364177208405
8467,18480,0.011111111111111112,1000,1.6044542802412056,2.6776795642079274
8468,18481,0.011111111111111112,1000,1.6206474168612288,2.686256614479071
8469,18482,0.011111111111111112,1000,1.305562384140555,2.859476356740119
8470,18483,0.011111111111111112,1000,1.0510571513006377,2.9648205536083045
8471,18484,0.011111111111111112,1000,1.9157521764846401,2.498231154127871
8472,18485,0.011111111111111112,1000,1.156253161485615,2.942703791752331
8473,18486,0.011111111111111112,1000,2.0993397247595995,2.3311749469884764
8474,18487,0.011111111111111112,1000,2.0126587828964286,2.40859540889887
8475,18488,0.011111111111111112,1000,1.718066401540571,2.60643338034849
8476,18489,0.011111111111111112,1000,1.5666099288279538,2.712223126204245
8477,18490,0.011111111111111112,1000,1.992600447815996,2.401726703246924
8478,18491,0.011111111111111112,1000,1.1388728534573382,2.951880448499363
8479,18492,0.011111111111111112,1000,1.4873715321689864,2.7352093262675328
8480,18493,0.011111111111111112,1000,1.4016816479268261,2.821097708468194
8481,18494,0.011111111111111112,1000,1.2447733442671194,2.8921942243795984
8482,18495,0.011111111111111112,1000,1.4230772215512153,2.802220687272711
8483,18496,0.011111111111111112,1000,1.4664352085554007,2.7716238583410338
8484,18497,0.011111111111111112,1000,1.8531036252622541,2.492875098130683
8485,18498,0.011111111111111112,1000,1.8520731196336935,2.4795583258616545
8486,18499,0.011111111111111112,1000,1.4353237308003333,2.7571290707424456
8487,18500,0.011111111111111112,1200,1.2565491173024301,2.8823686787832665
8488,18501,0.011111111111111112,1200,1.74476493217835,2.5815281166936463
8489,18502,0.011111111111111112,1200,1.571506532461209,2.716461389448706
8490,18503,0.011111111111111112,1200,1.4475705916538315,2.796869020228189
8491,18504,0.011111111111111112,1200,1.1675553306474922,2.8991482274808895
8492,18505,0.011111111111111112,1200,1.3323148781680119,2.8371621730828616
8493,18506,0.011111111111111112,1200,1.1697830185062847,2.8772109694618466
8494,18507,0.011111111111111112,1200,1.8594094590430648,2.494219007766223
8495,18508,0.011111111111111112,1200,1.8522332710609273,2.494497741147013
8496,18509,0.011111111111111112,1200,1.8259149987606136,2.4732440029801785
8497,18510,0.011111111111111112,1200,1.7764505996667133,2.636818666885026
8498,18511,0.011111111111111112,1200,1.5109287861352438,2.7695542812235
8499,18512,0.011111111111111112,1200,1.264201004645321,2.8574493388943436
8500,18513,0.011111111111111112,1200,1.2673989027376837,2.8557082763049477
8501,18514,0.011111111111111112,1200,1.180026140899193,2.903590045599336
8502,18515,0.011111111111111112,1200,1.1249615589140232,2.943918774556959
8503,18516,0.011111111111111112,1200,1.276086119214569,2.852670368328533
8504,18517,0.011111111111111112,1200,1.694938892265426,2.640256518680822
8505,18518,0.011111111111111112,1200,1.0396250207983864,2.976881580091066
8506,18519,0.011111111111111112,1200,1.1667653043013928,2.946007181319159
8507,18520,0.011111111111111112,1200,1.8718672272007582,2.4941282416370814
8508,18521,0.011111111111111112,1200,1.6494092534369709,2.6423137604229594
8509,18522,0.011111111111111112,1200,1.359186766251407,2.8191072802307193
8510,18523,0.011111111111111112,1200,1.9246836921646509,2.4558657358276514
8511,18524,0.011111111111111112,1200,2.249182167342977,2.159182222581453
8512,18525,0.011111111111111112,1200,1.1184546305795098,2.9399074527031415
8513,18526,0.011111111111111112,1200,1.9226553326156341,2.488541166720205
8514,18527,0.011111111111111112,1200,1.1465797458285216,2.9291910974940145
8515,18528,0.011111111111111112,1200,1.7793824686678636,2.483835139982302
8516,18529,0.011111111111111112,1200,1.2494787842602026,2.865940745166587
8517,18530,0.011111111111111112,1200,1.8553607563693866,2.443364885943244
8518,18531,0.011111111111111112,1200,1.7746936338064216,2.5070687889874286
8519,18532,0.011111111111111112,1200,2.206040950215209,2.269891672603422
8520,18533,0.011111111111111112,1200,1.4819854558261365,2.766511331288176
8521,18534,0.011111111111111112,1200,2.463906726665633,1.9122245349791391
8522,18535,0.011111111111111112,1200,1.3183672522075212,2.8308452927477283
8523,18536,0.011111111111111112,1200,1.561327980700286,2.710118065272497
8524,18537,0.011111111111111112,1200,1.3663037772123925,2.816220272422759
8525,18538,0.011111111111111112,1200,1.2111049277713757,2.8998631317688814
8526,18539,0.011111111111111112,1200,1.8455349236261331,2.5151111349499202
8527,18540,0.011111111111111112,1200,1.316035193736909,2.8262661463747
8528,18541,0.011111111111111112,1200,1.3105620298496468,2.8343444989807147
8529,18542,0.011111111111111112,1200,1.5811772736755643,2.7123563908926362
8530,18543,0.011111111111111112,1200,1.1929699575150314,2.910637741592981
8531,18544,0.011111111111111112,1200,1.6793770049027124,2.6581063539607745
8532,18545,0.011111111111111112,1200,1.486066807878636,2.7582703838994806
8533,18546,0.011111111111111112,1200,2.0970370418135094,2.3740260078204303
8534,18547,0.011111111111111112,1200,1.0645280696754473,2.954907599268311
8535,18548,0.011111111111111112,1200,2.631801327675098,1.7283392642696747
8536,18549,0.011111111111111112,1200,2.3550652880739897,2.080310651217785
8537,18550,0.011111111111111112,1200,1.2835201291160134,2.86886084229697
8538,18551,0.011111111111111112,1200,1.480888810952219,2.7506224971801068
8539,18552,0.011111111111111112,1200,1.9071704755747763,2.51758846803586
8540,18553,0.011111111111111112,1200,1.2541542892647075,2.8841511414666887
8541,18554,0.011111111111111112,1200,2.1805889432058487,2.213871290154036
8542,18555,0.011111111111111112,1200,1.123774736075903,2.9247246877668305
8543,18556,0.011111111111111112,1200,1.8023768079195535,2.577644007331828
8544,18557,0.011111111111111112,1200,2.4004622128422253,1.9783544814796208
8545,18558,0.011111111111111112,1200,1.2766578532534343,2.855976637740541
8546,18559,0.011111111111111112,1200,1.3644554672071092,2.8247188939903802
8547,18560,0.011111111111111112,1200,1.0888297578959327,2.9585562680202195
8548,18561,0.011111111111111112,1200,1.077353251487947,2.9685525413398133
8549,18562,0.011111111111111112,1200,1.543762075417839,2.737548904910321
8550,18563,0.011111111111111112,1200,1.5545342390185326,2.705795672988394
8551,18564,0.011111111111111112,1200,1.3122261862112719,2.840215612031939
8552,18565,0.011111111111111112,1200,1.8638153616472124,2.487689794225367
8553,18566,0.011111111111111112,1200,1.6104965347948474,2.69546168713658
8554,18567,0.011111111111111112,1200,1.5771401852214582,2.7020503476997546
8555,18568,0.011111111111111112,1200,1.4469279709224803,2.7883816762739615
8556,18569,0.011111111111111112,1200,1.2057220736211887,2.9043320647994255
8557,18570,0.011111111111111112,1200,1.8885921675017148,2.528109491008661
8558,18571,0.011111111111111112,1200,1.4886448586747327,2.752497815035983
8559,18572,0.011111111111111112,1200,2.1547218958282874,2.2693137666730943
8560,18573,0.011111111111111112,1200,1.343980389186323,2.810810373520438
8561,18574,0.011111111111111112,1200,2.004840617371994,2.426560095075914
8562,18575,0.011111111111111112,1200,2.3661499459008732,2.050088308513512
8563,18576,0.011111111111111112,1200,1.8777386768238808,2.497436451745961
8564,18577,0.011111111111111112,1200,1.182730068019475,2.8879545149773986
8565,18578,0.011111111111111112,1200,2.0269013123103234,2.4087890835097245
8566,18579,0.011111111111111112,1200,2.528456507840241,1.887773802586509
8567,18580,0.011111111111111112,1200,2.1409856241174596,2.240010323055985
8568,18581,0.011111111111111112,1200,1.9559949580612586,2.4580530830582017
8569,18582,0.011111111111111112,1200,1.2031109592602331,2.8984774879822988
8570,18583,0.011111111111111112,1200,1.6399677118537928,2.6131122225051278
8571,18584,0.011111111111111112,1200,1.3649065781346765,2.8331033344882544
8572,18585,0.011111111111111112,1200,2.0691098714659253,2.382634063933376
8573,18586,0.011111111111111112,1200,1.1418026585950636,2.906267494593572
8574,18587,0.011111111111111112,1200,2.109394242202452,2.2984731572046657
8575,18588,0.011111111111111112,1200,1.6228994452179477,2.682421420004986
8576,18589,0.011111111111111112,1200,1.8310340826418063,2.5665314739251364
8577,18590,0.011111111111111112,1200,1.0812367363780706,2.9458783482016186
8578,18591,0.011111111111111112,1200,2.0520103674488985,2.3655566355141326
8579,18592,0.011111111111111112,1200,1.1889882457294134,2.914868614680497
8580,18593,0.011111111111111112,1200,2.5508376252541027,1.8507607189972084
8581,18594,0.011111111111111112,1200,1.3513355264688598,2.83461720808888
8582,18595,0.011111111111111112,1200,1.8535560287255346,2.5077964832233937
8583,18596,0.011111111111111112,1200,2.026028329536854,2.415255327452427
8584,18597,0.011111111111111112,1200,1.7389870049551455,2.565807534451731
8585,18598,0.011111111111111112,1200,1.4025059022884894,2.7903504302055193
8586,18599,0.011111111111111112,1200,1.2637428509940216,2.874468852855521
8587,18600,0.011111111111111112,1400,1.6528140461678908,2.6584208260008904
8588,18601,0.011111111111111112,1400,1.2457504287626644,2.8937578151148897
8589,18602,0.011111111111111112,1400,1.0511461352573703,2.945781599355759
8590,18603,0.011111111111111112,1400,1.1519068183065773,2.933167027057312
8591,18604,0.011111111111111112,1400,1.4910423604609264,2.7536377136999386
8592,18605,0.011111111111111112,1400,1.3719335766930854,2.8132513153209553
8593,18606,0.011111111111111112,1400,1.4451154274138696,2.7914008019188317
8594,18607,0.011111111111111112,1400,2.490084262857251,1.9560348684624074
8595,18608,0.011111111111111112,1400,1.955558741940211,2.3755798437494886
8596,18609,0.011111111111111112,1400,1.5336450513111528,2.7343428809125325
8597,18610,0.011111111111111112,1400,1.8832846132551269,2.4922619496735754
8598,18611,0.011111111111111112,1400,1.3306725804546136,2.8348964068334923
8599,18612,0.011111111111111112,1400,2.0558457039649936,2.3717120456245593
8600,18613,0.011111111111111112,1400,1.4991964659982289,2.759970990548049
8601,18614,0.011111111111111112,1400,1.2522370086512318,2.8773687349981296
8602,18615,0.011111111111111112,1400,2.25768691306734,2.2054039330906727
8603,18616,0.011111111111111112,1400,1.264467680510764,2.864862913866684
8604,18617,0.011111111111111112,1400,1.093843103385167,2.9478268228320994
8605,18618,0.011111111111111112,1400,1.1456343393625468,2.9359934221120847
8606,18619,0.011111111111111112,1400,2.1828414666000633,2.238697750092418
8607,18620,0.011111111111111112,1400,1.6217337961948979,2.7058754814388952
8608,18621,0.011111111111111112,1400,2.4301745473795373,1.983079535559438
8609,18622,0.011111111111111112,1400,1.8229469154866034,2.503701604067416
8610,18623,0.011111111111111112,1400,1.5965949733665663,2.6474540870414836
8611,18624,0.011111111111111112,1400,1.9778817669326567,2.439719936230768
8612,18625,0.011111111111111112,1400,2.3116645684120867,2.1474445906879267
8613,18626,0.011111111111111112,1400,1.2809968371415466,2.8843944075301606
8614,18627,0.011111111111111112,1400,1.5649778942151715,2.7060480602064896
8615,18628,0.011111111111111112,1400,2.254690118412685,2.1958949981636002
8616,18629,0.011111111111111112,1400,1.5327580700578003,2.696152886532492
8617,18630,0.011111111111111112,1400,2.199216282368195,2.2256193111825153
8618,18631,0.011111111111111112,1400,1.844220916029546,2.5010759203092734
8619,18632,0.011111111111111112,1400,1.2145167482389658,2.9068982295999377
8620,18633,0.011111111111111112,1400,1.6499836380955557,2.659574072463694
8621,18634,0.011111111111111112,1400,1.3555494593790687,2.84717920018613
8622,18635,0.011111111111111112,1400,1.9679491143050527,2.416964900088849
8623,18636,0.011111111111111112,1400,1.4508652039721723,2.7793510224157183
8624,18637,0.011111111111111112,1400,2.4799450570706525,2.053732137108151
8625,18638,0.011111111111111112,1400,1.3095290844275624,2.8428811062553985
8626,18639,0.011111111111111112,1400,1.2289966651253896,2.895311376957649
8627,18640,0.011111111111111112,1400,1.3407505018627461,2.812315757921897
8628,18641,0.011111111111111112,1400,1.464874460919337,2.779108935730899
8629,18642,0.011111111111111112,1400,1.7633536498540443,2.611192004978996
8630,18643,0.011111111111111112,1400,1.1314349305445954,2.923910089878543
8631,18644,0.011111111111111112,1400,2.0332927848456253,2.2842832943701046
8632,18645,0.011111111111111112,1400,2.3089566478592345,2.1602742398976957
8633,18646,0.011111111111111112,1400,2.272866587040435,2.1984553153902135
8634,18647,0.011111111111111112,1400,1.7633235607987987,2.642679867546208
8635,18648,0.011111111111111112,1400,1.2305038082358528,2.9054869066281013
8636,18649,0.011111111111111112,1400,2.3053652036483774,2.049391700074685
8637,18650,0.011111111111111112,1400,2.354785969441118,2.0495202363810407
8638,18651,0.011111111111111112,1400,1.7072107486272365,2.6392790166333144
8639,18652,0.011111111111111112,1400,1.679506957861102,2.650082505311532
8640,18653,0.011111111111111112,1400,1.054567822053961,2.9706086917146495
8641,18654,0.011111111111111112,1400,1.9341681255451775,2.452211212865144
8642,18655,0.011111111111111112,1400,1.1153724394478668,2.938673191231739
8643,18656,0.011111111111111112,1400,1.4554625045168401,2.743367071993794
8644,18657,0.011111111111111112,1400,1.799024214410725,2.530535029124708
8645,18658,0.011111111111111112,1400,1.41497031694635,2.789327031220685
8646,18659,0.011111111111111112,1400,1.6425256062878142,2.6636798266548745
8647,18660,0.011111111111111112,1400,1.7023443329635939,2.6395095612100303
8648,18661,0.011111111111111112,1400,1.8224896636629668,2.552286223489342
8649,18662,0.011111111111111112,1400,2.170038287393906,2.173195586539121
8650,18663,0.011111111111111112,1400,1.0865677433665932,2.9498720531974087
8651,18664,0.011111111111111112,1400,1.3183187624161874,2.819429291118309
8652,18665,0.011111111111111112,1400,1.6240503105700441,2.666080651299404
8653,18666,0.011111111111111112,1400,2.2466192791365907,2.1802694636491986
8654,18667,0.011111111111111112,1400,1.1663692812233983,2.913948847169909
8655,18668,0.011111111111111112,1400,1.5484176522776765,2.7159298702275843
8656,18669,0.011111111111111112,1400,1.2625658700883744,2.8647524954976595
8657,18670,0.011111111111111112,1400,1.2828661833915334,2.893163743159315
8658,18671,0.011111111111111112,1400,1.2105409388471426,2.8782918944089984
8659,18672,0.011111111111111112,1400,1.3832077394265796,2.8055047605258174
8660,18673,0.011111111111111112,1400,1.0612962078368218,2.9549361170997424
8661,18674,0.011111111111111112,1400,1.2302217200210432,2.889553235791777
8662,18675,0.011111111111111112,1400,1.3351853523408403,2.846337772640899
8663,18676,0.011111111111111112,1400,1.7003125013785023,2.662517654433811
8664,18677,0.011111111111111112,1400,1.545297374279399,2.694533542014781
8665,18678,0.011111111111111112,1400,1.7343413748402807,2.6244797350997127
8666,18679,0.011111111111111112,1400,2.30589032207223,1.994000350025574
8667,18680,0.011111111111111112,1400,1.0995916401386558,2.9506568177905828
8668,18681,0.011111111111111112,1400,1.4093760999344478,2.8184098921408642
8669,18683,0.011111111111111112,1400,1.5498589262406628,2.6970497310556465
8670,18684,0.011111111111111112,1400,1.0930796993297693,2.9572532263562823
8671,18685,0.011111111111111112,1400,1.68932290675261,2.658340876045714
8672,18687,0.011111111111111112,1400,1.2448438157553068,2.869429360459864
8673,18688,0.011111111111111112,1400,1.4709517248560966,2.770269286467488
8674,18689,0.011111111111111112,1400,1.3431796930281021,2.8480303932298896
8675,18690,0.011111111111111112,1400,1.347759039900617,2.8541019584985587
8676,18691,0.011111111111111112,1400,1.4583946801747154,2.7797432663813715
8677,18692,0.011111111111111112,1400,2.1895045169851035,2.183618506186664
8678,18693,0.011111111111111112,1400,2.0546546891872897,2.366709456072163
8679,18694,0.011111111111111112,1400,1.3102262486688945,2.8433334711212277
8680,18695,0.011111111111111112,1400,2.580777861612908,1.8384009442646494
8681,18696,0.011111111111111112,1400,1.4218790421385232,2.7788769146251244
8682,18697,0.011111111111111112,1400,1.5380160909883271,2.735332551486748
8683,18698,0.011111111111111112,1400,1.7809780574279426,2.5761970616936667
8684,18699,0.011111111111111112,1400,1.6911023675240866,2.6493599466786586
8685,18700,0.011111111111111112,1600,2.380200850853296,1.9744721382861812
8686,18701,0.011111111111111112,1600,2.2777500785541696,2.108660555143408
8687,18702,0.011111111111111112,1600,1.6046312784602939,2.6741015668927433
8688,18703,0.011111111111111112,1600,2.3149143187267684,2.0292189738722373
8689,18704,0.011111111111111112,1600,1.5589641410833146,2.7179432541061948
8690,18705,0.011111111111111112,1600,2.0792042239795796,2.3682679562702758
8691,18706,0.011111111111111112,1600,2.2026916042981783,2.1358674428522493
8692,18707,0.011111111111111112,1600,2.2237647505696048,2.2546918154260043
8693,18708,0.011111111111111112,1600,1.2004331823567198,2.9066336520626694
8694,18709,0.011111111111111112,1600,1.05710246186156,2.9794338304675967
8695,18710,0.011111111111111112,1600,1.8821742110764603,2.442891697119879
8696,18711,0.011111111111111112,1600,1.7107901677326687,2.6038479126528564
8697,18712,0.011111111111111112,1600,2.3304958588198303,2.0441247415678774
8698,18713,0.011111111111111112,1600,1.4819460427155247,2.7843536942753992
8699,18714,0.011111111111111112,1600,1.9632945748335469,2.4126808076505815
8700,18715,0.011111111111111112,1600,2.6454043639415317,1.7129523287263548
8701,18716,0.011111111111111112,1600,1.2940736231229117,2.8345014903533867
8702,18717,0.011111111111111112,1600,1.8209066443697144,2.534967617977707
8703,18718,0.011111111111111112,1600,1.6385377606276124,2.666413823655374
8704,18719,0.011111111111111112,1600,1.0210627895220887,2.9751825947481203
8705,18720,0.011111111111111112,1600,1.9386673883465277,2.460153164773401
8706,18721,0.011111111111111112,1600,2.121183860378968,2.3219323838307906
8707,18722,0.011111111111111112,1600,1.1141058622607678,2.9317585152115333
8708,18723,0.011111111111111112,1600,1.6251967691787672,2.683309407207195
8709,18724,0.011111111111111112,1600,1.2408692777546564,2.899959852401461
8710,18725,0.011111111111111112,1600,1.4776956830465058,2.7134713474266143
8711,18726,0.011111111111111112,1600,2.3301494447426787,2.145453560831555
8712,18727,0.011111111111111112,1600,2.562798727721508,1.6962329258313695
8713,18728,0.011111111111111112,1600,1.4614641067205048,2.777852273290943
8714,18729,0.011111111111111112,1600,1.4890332599548335,2.7683163046348414
8715,18730,0.011111111111111112,1600,2.5756769647390843,1.75573250812185
8716,18731,0.011111111111111112,1600,2.321564468157802,2.092967918235496
8717,18732,0.011111111111111112,1600,1.088089248243067,2.937681878643173
8718,18733,0.011111111111111112,1600,1.209398543818905,2.917101564987199
8719,18734,0.011111111111111112,1600,1.9407745811301749,2.389555922560688
8720,18735,0.011111111111111112,1600,1.1494307214982078,2.9248512327195444
8721,18736,0.011111111111111112,1600,1.5916823371414786,2.7033457196901347
8722,18737,0.011111111111111112,1600,2.4344170283755338,2.027024255646081
8723,18738,0.011111111111111112,1600,1.8893659442982103,2.48319507598801
8724,18739,0.011111111111111112,1600,1.2427049218016024,2.892742779244025
8725,18740,0.011111111111111112,1600,1.6428364292161042,2.641359030359111
8726,18741,0.011111111111111112,1600,1.3856281887903823,2.847403431267496
8727,18742,0.011111111111111112,1600,1.4018190744829018,2.8072085531993647
8728,18743,0.011111111111111112,1600,1.1141018373657343,2.9449740728958202
8729,18744,0.011111111111111112,1600,2.1557095961941384,2.2345993334900616
8730,18745,0.011111111111111112,1600,1.5435633950306946,2.7457088949462176
8731,18746,0.011111111111111112,1600,2.482404722711979,1.961225629741684
8732,18747,0.011111111111111112,1600,1.5040830290148848,2.7656320481451306
8733,18748,0.011111111111111112,1600,2.0266502308534724,2.418519105743472
8734,18749,0.011111111111111112,1600,2.0851096576012624,2.303376518852797
8735,18750,0.011111111111111112,1600,1.1776799809914693,2.897586161440713
8736,18751,0.011111111111111112,1600,1.0637983600170597,2.9701716294438327
8737,18752,0.011111111111111112,1600,2.316358875519336,2.1019305939639947
8738,18753,0.011111111111111112,1600,1.0451564763288126,2.9764554278699897
8739,18754,0.011111111111111112,1600,1.9155700463253467,2.4653588291866106
8740,18755,0.011111111111111112,1600,1.5438919916053815,2.6973198743268325
8741,18756,0.011111111111111112,1600,2.7146873228057795,1.5418382994931936
8742,18757,0.011111111111111112,1600,2.0799220967489567,2.3558873181286275
8743,18758,0.011111111111111112,1600,1.1847152339189402,2.91374017155061
8744,18759,0.011111111111111112,1600,1.4240956498364632,2.799234594327286
8745,18760,0.011111111111111112,1600,1.227351097259998,2.8923427672202946
8746,18761,0.011111111111111112,1600,1.1819015748179664,2.9073867590121316
8747,18762,0.011111111111111112,1600,1.5869349258109988,2.7393708661848275
8748,18763,0.011111111111111112,1600,2.460800218936951,1.9484770496090884
8749,18764,0.011111111111111112,1600,2.369987874330417,1.9602373051357733
8750,18765,0.011111111111111112,1600,1.340867455743032,2.8062454945703377
8751,18766,0.011111111111111112,1600,1.9536639179352875,2.4259405166818793
8752,18767,0.011111111111111112,1600,1.2608597827654502,2.8786162958042425
8753,18768,0.011111111111111112,1600,1.735055331138522,2.6079594489221805
8754,18769,0.011111111111111112,1600,1.3655784604985235,2.8285043024264223
8755,18770,0.011111111111111112,1600,1.9891292403426224,2.40671175459778
8756,18771,0.011111111111111112,1600,1.4572702892928668,2.768199378766714
8757,18772,0.011111111111111112,1600,1.1259147060751091,2.914140684007709
8758,18773,0.011111111111111112,1600,1.9439662308923609,2.323444957057851
8759,18774,0.011111111111111112,1600,1.6741836774837968,2.655833487417882
8760,18775,0.011111111111111112,1600,1.1874934127160977,2.9084513615011516
8761,18776,0.011111111111111112,1600,1.8918438607332297,2.5375070659424748
8762,18777,0.011111111111111112,1600,1.468533268978185,2.752187096882741
8763,18778,0.011111111111111112,1600,2.2768221230867622,2.0987135503510017
8764,18779,0.011111111111111112,1600,1.3747690789448521,2.8307990385288013
8765,18780,0.011111111111111112,1600,2.11009253873008,2.238640630260031
8766,18781,0.011111111111111112,1600,1.5378979152292898,2.7167601377014265
8767,18782,0.011111111111111112,1600,2.0614245528952084,2.3484845120949975
8768,18783,0.011111111111111112,1600,1.883886142187268,2.505561739459156
8769,18784,0.011111111111111112,1600,1.0045082047371243,3.0106588532181933
8770,18785,0.011111111111111112,1600,1.7090139731829894,2.614588973739354
8771,18786,0.011111111111111112,1600,1.2783403364547268,2.8645562838022647
8772,18787,0.011111111111111112,1600,2.0711528888019286,2.3937087896372278
8773,18788,0.011111111111111112,1600,2.270138079799304,2.187736136134924
8774,18789,0.011111111111111112,1600,1.1487096747950847,2.9105590611620094
8775,18790,0.011111111111111112,1600,1.1495411097055164,2.923511922186929
8776,18791,0.011111111111111112,1600,2.112305406943602,2.289614449282841
8777,18792,0.011111111111111112,1600,1.151455551412048,2.933637894290022
8778,18793,0.011111111111111112,1600,2.3080851366399586,2.164092089347078
8779,18794,0.011111111111111112,1600,1.602044759035217,2.675839796642304
8780,18795,0.011111111111111112,1600,1.966455370935897,2.4423001193268528
8781,18796,0.011111111111111112,1600,1.2888679657011999,2.837804575746422
8782,18797,0.011111111111111112,1600,2.051705960089635,2.3664006710103265
8783,18798,0.011111111111111112,1600,1.169110633824517,2.9144247634029607
8784,18799,0.011111111111111112,1600,1.438606693325623,2.7438275660272637
8785,18800,0.011111111111111112,1800,1.0638290504318602,2.95446359411579
8786,18801,0.011111111111111112,1800,1.305644713301794,2.8688331691443474
8787,18802,0.011111111111111112,1800,1.173887897766819,2.9202789921630212
8788,18803,0.011111111111111112,1800,2.4455232911864218,1.9372640567802493
8789,18804,0.011111111111111112,1800,1.521579885625263,2.7414955820763054
8790,18805,0.011111111111111112,1800,2.157853345503402,2.2693532172979416
8791,18806,0.011111111111111112,1800,1.1185781442621632,2.949978962712125
8792,18807,0.011111111111111112,1800,2.4885286498864834,1.9010857160284829
8793,18808,0.011111111111111112,1800,1.921209736031892,2.4764150907204416
8794,18809,0.011111111111111112,1800,1.5514786213235665,2.7077031368558178
8795,18810,0.011111111111111112,1800,2.315973538932453,2.075389448560125
8796,18811,0.011111111111111112,1800,1.4378785865524364,2.790809670066411
8797,18812,0.011111111111111112,1800,1.8004269377460258,2.5847448726173887
8798,18813,0.011111111111111112,1800,1.3525170448593176,2.84724578339253
8799,18814,0.011111111111111112,1800,2.147671071417901,2.2832574946805546
8800,18815,0.011111111111111112,1800,2.339525615804618,2.1150845233705367
8801,18816,0.011111111111111112,1800,1.1427139698817161,2.912500984517783
8802,18817,0.011111111111111112,1800,1.1210494325165157,2.9655926454821744
8803,18818,0.011111111111111112,1800,1.1844648740101216,2.9008549737908558
8804,18819,0.011111111111111112,1800,1.3918004831702002,2.8284000399685323
8805,18820,0.011111111111111112,1800,2.296180709021228,2.073749410316583
8806,18821,0.011111111111111112,1800,1.3407038990774953,2.834753773374352
8807,18822,0.011111111111111112,1800,1.8936610742636966,2.505750318987979
8808,18823,0.011111111111111112,1800,1.6778779368189913,2.6260931766635496
8809,18824,0.011111111111111112,1800,1.148451646600393,2.931583312927114
8810,18825,0.011111111111111112,1800,1.2853616925315323,2.8705976378429776
8811,18826,0.011111111111111112,1800,2.255350785627119,2.1934248833970815
8812,18827,0.011111111111111112,1800,1.3293892704594321,2.8514822616162463
8813,18828,0.011111111111111112,1800,1.59504028027965,2.7211652066604923
8814,18829,0.011111111111111112,1800,1.5619416874897092,2.7100761157659092
8815,18830,0.011111111111111112,1800,1.4885455992148426,2.767212823158517
8816,18831,0.011111111111111112,1800,1.7378780279077901,2.618774613339713
8817,18832,0.011111111111111112,1800,1.347594170291898,2.838050649318527
8818,18833,0.011111111111111112,1800,1.5413159717680975,2.6962046242373785
8819,18834,0.011111111111111112,1800,1.9051512425454096,2.354946102109671
8820,18835,0.011111111111111112,1800,1.051462665238478,2.9530052231461976
8821,18836,0.011111111111111112,1800,1.876502994308002,2.506091772362294
8822,18837,0.011111111111111112,1800,1.519931739516127,2.7504916289886063
8823,18838,0.011111111111111112,1800,1.2548831076017115,2.8626171914722796
8824,18839,0.011111111111111112,1800,1.3275062431222648,2.8408924327236242
8825,18840,0.011111111111111112,1800,1.2023664300486412,2.8979418025741093
8826,18841,0.011111111111111112,1800,1.8978770941263103,2.4801131205956306
8827,18842,0.011111111111111112,1800,2.2420345174142233,2.150766849371119
8828,18843,0.011111111111111112,1800,1.9964435480357001,2.4308708390491214
8829,18844,0.011111111111111112,1800,1.8034200348873277,2.6180573283467163
8830,18845,0.011111111111111112,1800,1.6417033207821994,2.669352793882962
8831,18846,0.011111111111111112,1800,2.38716871217141,2.063398368808708
8832,18847,0.011111111111111112,1800,2.4994092523281166,1.8796152612407073
8833,18848,0.011111111111111112,1800,2.1366598265444883,2.254882616233649
8834,18849,0.011111111111111112,1800,1.0332301124658128,2.966793898730279
8835,18850,0.011111111111111112,1800,1.2922399073291353,2.865060705946433
8836,18851,0.011111111111111112,1800,1.5555435063989989,2.6917843222370346
8837,18852,0.011111111111111112,1800,1.198420066506181,2.9306226025879996
8838,18853,0.011111111111111112,1800,1.1228907892988738,2.9373669562096754
8839,18854,0.011111111111111112,1800,2.2316185558500115,2.2103359953419766
8840,18855,0.011111111111111112,1800,1.0809436474294056,2.9778841502516604
8841,18856,0.011111111111111112,1800,1.2476329026621933,2.8842591209819872
8842,18857,0.011111111111111112,1800,1.9561656989625322,2.463157790461777
8843,18858,0.011111111111111112,1800,1.416821661894921,2.807992617496433
8844,18859,0.011111111111111112,1800,1.1967264519574927,2.899955436395726
8845,18860,0.011111111111111112,1800,1.1314675372375778,2.928850873606449
8846,18861,0.011111111111111112,1800,1.6329967074325566,2.650039632391042
8847,18862,0.011111111111111112,1800,2.048225363631583,2.4437645090853004
8848,18863,0.011111111111111112,1800,2.2887904181171366,2.1594105968638
8849,18864,0.011111111111111112,1800,1.8407101100289112,2.5129779952413474
8850,18865,0.011111111111111112,1800,1.4055966892920029,2.7883162939023753
8851,18866,0.011111111111111112,1800,1.7894241083909108,2.573670467282064
8852,18867,0.011111111111111112,1800,2.4877106897457644,1.872362745522412
8853,18868,0.011111111111111112,1800,1.1294726041744645,2.883400942080494
8854,18869,0.011111111111111112,1800,1.4414083191143745,2.7963234184110295
8855,18870,0.011111111111111112,1800,2.368788167898505,2.021854564572464
8856,18871,0.011111111111111112,1800,1.773074838954345,2.6045145701435293
8857,18872,0.011111111111111112,1800,1.3529380389136425,2.847443548800902
8858,18873,0.011111111111111112,1800,2.4821833589377276,1.9228347636151792
8859,18874,0.011111111111111112,1800,1.3529237899659827,2.8290617335988406
8860,18875,0.011111111111111112,1800,2.0816156233088474,2.300990276659797
8861,18876,0.011111111111111112,1800,1.031041100942558,2.96386611285918
8862,18877,0.011111111111111112,1800,1.3765625473133647,2.7906491411153143
8863,18878,0.011111111111111112,1800,1.8204268195055753,2.5707720467308572
8864,18879,0.011111111111111112,1800,1.7149546272017049,2.6283342236738263
8865,18880,0.011111111111111112,1800,1.8637001716342794,2.5503887277841115
8866,18881,0.011111111111111112,1800,2.5205731034547725,1.8914976205233724
8867,18882,0.011111111111111112,1800,2.258297485025683,2.2144873921316757
8868,18883,0.011111111111111112,1800,1.0974235195576663,2.959731246189964
8869,18884,0.011111111111111112,1800,2.1271127903007327,2.2711796746306434
8870,18885,0.011111111111111112,1800,1.3472789836714893,2.8290574134348967
8871,18886,0.011111111111111112,1800,1.104898865837539,2.9378374376604826
8872,18887,0.011111111111111112,1800,1.0321216513176996,2.9975690662146572
8873,18888,0.011111111111111112,1800,1.2492243924457525,2.8752155525321874
8874,18889,0.011111111111111112,1800,1.7115036076975756,2.6052180452129754
8875,18890,0.011111111111111112,1800,1.2614363471595798,2.863120233656726
8876,18891,0.011111111111111112,1800,2.3319126710597233,2.0628635025761
8877,18892,0.011111111111111112,1800,1.0670312994997673,2.9265869917517753
8878,18893,0.011111111111111112,1800,2.5581882784150776,1.7853587497440084
8879,18894,0.011111111111111112,1800,2.718531639717164,1.5439509016612
8880,18895,0.011111111111111112,1800,2.0629106028958533,2.375285947417751
8881,18896,0.011111111111111112,1800,1.0730495475282003,2.958728712701722
8882,18897,0.011111111111111112,1800,1.762359274025291,2.596529239634847
8883,18898,0.011111111111111112,1800,1.4677808935952457,2.731770347884359
8884,18899,0.011111111111111112,1800,2.709976361320039,1.4856791499108721
8885,18900,0.011111111111111112,2000,1.2128028893132776,2.907797800091886
8886,18901,0.011111111111111112,2000,1.874062542291772,2.4842051046032405
8887,18902,0.011111111111111112,2000,1.8312342621866269,2.5814881251009103
8888,18903,0.011111111111111112,2000,1.7989681120233043,2.5732732663796387
8889,18904,0.011111111111111112,2000,1.6511531092074196,2.6575769101327538
8890,18905,0.011111111111111112,2000,2.12807459592297,2.292860412847083
8891,18906,0.011111111111111112,2000,1.5037187443558981,2.7462918376458836
8892,18907,0.011111111111111112,2000,2.34187514776477,2.130851906169697
8893,18908,0.011111111111111112,2000,1.2038948606499251,2.8916535219883412
8894,18909,0.011111111111111112,2000,1.3057584770186328,2.853206794065606
8895,18910,0.011111111111111112,2000,2.1838475308634147,2.2600734118444743
8896,18911,0.011111111111111112,2000,1.5288549651759034,2.714947234273041
8897,18912,0.011111111111111112,2000,1.4950846865411598,2.7276092249748927
8898,18913,0.011111111111111112,2000,1.7754277218128536,2.5188599618290866
8899,18914,0.011111111111111112,2000,1.9412363939296153,2.4460023155186787
8900,18915,0.011111111111111112,2000,2.170414906620065,2.2493339649892796
8901,18916,0.011111111111111112,2000,1.3243826206855593,2.8297937459577716
8902,18917,0.011111111111111112,2000,1.0758902454122412,2.956095368830886
8903,18918,0.011111111111111112,2000,1.4606978089624907,2.769715824305497
8904,18919,0.011111111111111112,2000,2.0431769925706895,2.4133671010070517
8905,18920,0.011111111111111112,2000,1.4775350155485174,2.72193910185249
8906,18921,0.011111111111111112,2000,1.6817816396394094,2.665493940305447
8907,18922,0.011111111111111112,2000,2.228801729291235,2.1624884774143136
8908,18923,0.011111111111111112,2000,1.2089994194834057,2.8965717374539786
8909,18924,0.011111111111111112,2000,1.7173385586374095,2.6471793776393158
8910,18925,0.011111111111111112,2000,1.2024681703747904,2.901681148779379
8911,18926,0.011111111111111112,2000,1.3984415059161637,2.8237902051111385
8912,18927,0.011111111111111112,2000,2.393903616062416,2.0635544422584
8913,18928,0.011111111111111112,2000,1.9932899849030576,2.41788585281316
8914,18929,0.011111111111111112,2000,1.493081660875212,2.754729345787646
8915,18930,0.011111111111111112,2000,2.0125550506004295,2.418526780670037
8916,18931,0.011111111111111112,2000,1.6234565496625386,2.652302443321955
8917,18932,0.011111111111111112,2000,1.9244633321081797,2.4766449768069942
8918,18933,0.011111111111111112,2000,1.261070702359567,2.8705609272426345
8919,18934,0.011111111111111112,2000,1.9016245092908348,2.469938882332655
8920,18935,0.011111111111111112,2000,1.1308592492043301,2.9427738031630466
8921,18936,0.011111111111111112,2000,2.511507526034588,1.912116118321031
8922,18937,0.011111111111111112,2000,1.2403595292698988,2.8965572514941407
8923,18938,0.011111111111111112,2000,1.3354193561042564,2.8439703062279724
8924,18939,0.011111111111111112,2000,1.6365901666671991,2.669182113785748
8925,18940,0.011111111111111112,2000,1.3976644838574963,2.7979622818793604
8926,18941,0.011111111111111112,2000,1.1194102445957463,2.919030094848111
8927,18942,0.011111111111111112,2000,2.2936079015831727,2.043992903106701
8928,18943,0.011111111111111112,2000,1.4262876867575742,2.7937460618260537
8929,18944,0.011111111111111112,2000,1.618549851131784,2.670105881574524
8930,18945,0.011111111111111112,2000,1.9692779689481807,2.403784668027197
8931,18946,0.011111111111111112,2000,2.353616426080957,2.037107814029564
8932,18947,0.011111111111111112,2000,1.0745960716819514,2.929739449041365
8933,18948,0.011111111111111112,2000,2.1380199539160243,2.2439481278352824
8934,18949,0.011111111111111112,2000,1.963624348355258,2.444114655697444
8935,18950,0.011111111111111112,2000,1.736229318170917,2.6064030080768457
8936,18951,0.011111111111111112,2000,1.1186048452876836,2.916366757204776
8937,18952,0.011111111111111112,2000,2.479168289507025,1.9418547122438532
8938,18953,0.011111111111111112,2000,1.2947306300332306,2.8593866847840763
8939,18954,0.011111111111111112,2000,2.0348106643733375,2.401134185315917
8940,18955,0.011111111111111112,2000,1.1755287231856375,2.880501749634756
8941,18956,0.011111111111111112,2000,2.1816467033129,2.248063016607248
8942,18957,0.011111111111111112,2000,2.474055449478027,1.968088377749203
8943,18958,0.011111111111111112,2000,1.331298925070455,2.83987398734289
8944,18959,0.011111111111111112,2000,1.7812796879303339,2.586750921290214
8945,18960,0.011111111111111112,2000,1.893149288035864,2.4823369544649765
8946,18961,0.011111111111111112,2000,1.3110351698572313,2.8335707303155906
8947,18962,0.011111111111111112,2000,2.300361660643744,2.1626127322482214
8948,18963,0.011111111111111112,2000,2.2938066074010752,2.132566779022982
8949,18964,0.011111111111111112,2000,1.966076683141789,2.411645618884491
8950,18965,0.011111111111111112,2000,1.1632163897622803,2.9005003020731737
8951,18966,0.011111111111111112,2000,1.7724476654155599,2.553821988724188
8952,18967,0.011111111111111112,2000,2.0425000653329404,2.35734218383988
8953,18968,0.011111111111111112,2000,1.2079611998444926,2.8997753501440844
8954,18969,0.011111111111111112,2000,1.8066038828640518,2.5529428161638137
8955,18970,0.011111111111111112,2000,1.5869638793874863,2.727973795934175
8956,18971,0.011111111111111112,2000,1.406626789445888,2.8091414926961256
8957,18972,0.011111111111111112,2000,1.5742804859989543,2.7099431748801495
8958,18973,0.011111111111111112,2000,2.475375845337287,1.9831004507936314
8959,18974,0.011111111111111112,2000,1.7046356844079777,2.643741495595014
8960,18975,0.011111111111111112,2000,1.6345608910560396,2.6720009273345213
8961,18976,0.011111111111111112,2000,1.7582704270194405,2.59941951100589
8962,18977,0.011111111111111112,2000,1.9599496860625254,2.420113644717259
8963,18978,0.011111111111111112,2000,2.193272000693974,2.19238833756212
8964,18979,0.011111111111111112,2000,1.989226824876263,2.3659518934033175
8965,18980,0.011111111111111112,2000,1.060254382556823,2.966359141863023
8966,18981,0.011111111111111112,2000,2.2555265729873186,2.155382685053442
8967,18982,0.011111111111111112,2000,2.4077559368127357,2.059327751730563
8968,18983,0.011111111111111112,2000,1.0908091168615826,2.977480243673023
8969,18984,0.011111111111111112,2000,1.168118209399465,2.9130338160236535
8970,18985,0.011111111111111112,2000,1.5507583324090317,2.7635369853414806
8971,18986,0.011111111111111112,2000,1.7957204808792173,2.565318133427483
8972,18987,0.011111111111111112,2000,2.2843113959564225,2.1501816072715454
8973,18988,0.011111111111111112,2000,2.0196026433477785,2.4015157246113024
8974,18989,0.011111111111111112,2000,1.4594219962504096,2.7664565931853833
8975,18990,0.011111111111111112,2000,1.4382209475522403,2.8210443415793724
8976,18991,0.011111111111111112,2000,1.6918066571069563,2.6071154858943038
8977,18992,0.011111111111111112,2000,2.725059288182891,1.470056428226607
8978,18993,0.011111111111111112,2000,1.7842687012886818,2.598238169899067
8979,18994,0.011111111111111112,2000,1.926175199807739,2.4351868096548066
8980,18995,0.011111111111111112,2000,2.289173455667486,2.092357065452261
8981,18996,0.011111111111111112,2000,2.428095930423828,2.053541963568893
8982,18997,0.011111111111111112,2000,1.6753096198504978,2.6479464220436477
8983,18998,0.011111111111111112,2000,2.12255513183696,2.305921801829401
8984,18999,0.011111111111111112,2000,1.4847881384377444,2.7086792728901985
8985,19000,0.006248236946559435,200,0.9992507778419257,2.999214185943059
8986,19001,0.006248236946559435,200,1.3990790411305274,2.8279058848202885
8987,19002,0.006248236946559435,200,1.1149954289114183,2.9519443662667575
8988,19003,0.006248236946559435,200,1.3245056753922066,2.785280837913484
8989,19004,0.006248236946559435,200,1.2758548961166627,2.8578332290955517
8990,19005,0.006248236946559435,200,2.0521402576108505,2.3317328957672023
8991,19006,0.006248236946559435,200,1.043426887617532,2.9634488836145225
8992,19007,0.006248236946559435,200,1.271039625841572,2.871698575842667
8993,19008,0.006248236946559435,200,1.0585242612036674,2.945103869948524
8994,19009,0.006248236946559435,200,1.1146577530992414,2.927748828545372
8995,19010,0.006248236946559435,200,1.5083134305869061,2.7385449648930162
8996,19011,0.006248236946559435,200,1.2590034989222842,2.8511540757260607
8997,19012,0.006248236946559435,200,1.6231150133905508,2.68890287412432
8998,19013,0.006248236946559435,200,1.2845874001582753,2.8574856458143074
8999,19014,0.006248236946559435,200,1.234465480110974,2.8940269834643777
9000,19015,0.006248236946559435,200,1.0345488395533144,2.962355706354909
9001,19016,0.006248236946559435,200,1.253261787980825,2.838349287263621
9002,19017,0.006248236946559435,200,1.6593415736615686,2.64084321975092
9003,19018,0.006248236946559435,200,1.3228151928065455,2.824219753723104
9004,19019,0.006248236946559435,200,1.2844251747546545,2.8488644361953863
9005,19020,0.006248236946559435,200,1.2863828690225112,2.838029233767206
9006,19021,0.006248236946559435,200,1.0972309136311091,2.955064814824943
9007,19022,0.006248236946559435,200,1.0628795857514508,2.969324050073178
9008,19023,0.006248236946559435,200,1.0519720434201498,2.967464650142266
9009,19024,0.006248236946559435,200,1.0359818849244982,2.968567020108556
9010,19025,0.006248236946559435,200,1.0878920909785337,2.954337473140718
9011,19026,0.006248236946559435,200,1.1117070316716158,2.9430211152259056
9012,19027,0.006248236946559435,200,1.0326340868792534,2.967019634415073
9013,19028,0.006248236946559435,200,1.055936544073,2.9377738550888095
9014,19029,0.006248236946559435,200,1.0906981403478848,2.9554702008331395
9015,19030,0.006248236946559435,200,1.2358895311375986,2.860153700226921
9016,19031,0.006248236946559435,200,1.942436589968412,2.310069497401923
9017,19032,0.006248236946559435,200,1.2921619077882072,2.8678737364361813
9018,19033,0.006248236946559435,200,1.2383261863389237,2.8636897587664385
9019,19034,0.006248236946559435,200,1.0805091514073486,2.931150527110667
9020,19035,0.006248236946559435,200,1.8365254143539638,2.5269018120724986
9021,19036,0.006248236946559435,200,1.0662468300028807,2.973310012752772
9022,19037,0.006248236946559435,200,1.099174399847931,2.9423472398150965
9023,19038,0.006248236946559435,200,1.303258657814485,2.861470284874136
9024,19039,0.006248236946559435,200,1.0490046987689081,2.958067316322706
9025,19040,0.006248236946559435,200,1.1794774129585939,2.9129654451348914
9026,19041,0.006248236946559435,200,1.0910715384364125,2.9455959980970063
9027,19042,0.006248236946559435,200,1.1240279852871966,2.9163242278282144
9028,19043,0.006248236946559435,200,1.3610145625496999,2.8168262972472524
9029,19044,0.006248236946559435,200,1.2733395306907735,2.878937981220448
9030,19045,0.006248236946559435,200,1.1200979643005178,2.9325658064830873
9031,19046,0.006248236946559435,200,1.6890465984770362,2.6260100861259206
9032,19047,0.006248236946559435,200,1.0770246462897632,2.960370013681677
9033,19048,0.006248236946559435,200,1.0228246863961297,2.976033502298452
9034,19049,0.006248236946559435,200,1.218034239367844,2.917911555416231
9035,19050,0.006248236946559435,200,2.012592739850482,2.34305353154216
9036,19051,0.006248236946559435,200,1.0975859966997203,2.9197881944129653
9037,19052,0.006248236946559435,200,1.6672770375937955,2.6671662812396293
9038,19053,0.006248236946559435,200,1.0441046778025853,2.9460209924364147
9039,19054,0.006248236946559435,200,1.356516815002827,2.8344525533748186
9040,19055,0.006248236946559435,200,1.1648173809010118,2.9041345844393023
9041,19056,0.006248236946559435,200,1.0567674109850214,2.9580392686724934
9042,19057,0.006248236946559435,200,1.0138917355629231,2.9808522504599315
9043,19058,0.006248236946559435,200,1.439798617854271,2.7807339455157893
9044,19059,0.006248236946559435,200,1.0157416896188063,2.9742417499986304
9045,19060,0.006248236946559435,200,1.0453995961374238,2.9642710802216765
9046,19061,0.006248236946559435,200,1.1385681515658188,2.9216545203242568
9047,19062,0.006248236946559435,200,1.2353177614404782,2.8770497012274925
9048,19063,0.006248236946559435,200,1.1260128987582028,2.927889313138807
9049,19064,0.006248236946559435,200,1.3768251812302288,2.799207708037257
9050,19065,0.006248236946559435,200,1.1949022133985872,2.8976810133039903
9051,19066,0.006248236946559435,200,1.0319757798622673,2.984407708909054
9052,19067,0.006248236946559435,200,1.693015847811532,2.627318380585464
9053,19068,0.006248236946559435,200,1.9167266270497556,2.460601599441415
9054,19069,0.006248236946559435,200,1.3662316284922538,2.835783662740062
9055,19070,0.006248236946559435,200,1.7835449728185604,2.5532302904496027
9056,19071,0.006248236946559435,200,1.2416315958554152,2.8873934466641473
9057,19072,0.006248236946559435,200,1.4095728281429405,2.771599365088543
9058,19073,0.006248236946559435,200,1.0240895574656723,2.9746524998056345
9059,19074,0.006248236946559435,200,1.0666520603425,2.974123676519626
9060,19075,0.006248236946559435,200,1.2407172177598607,2.8703973476723386
9061,19076,0.006248236946559435,200,1.02436676223103,2.9502025841340296
9062,19077,0.006248236946559435,200,1.1267631476055542,2.9290536727331653
9063,19078,0.006248236946559435,200,1.0660661879624125,2.939166624428319
9064,19079,0.006248236946559435,200,1.3607463883903306,2.802595167809818
9065,19080,0.006248236946559435,200,1.3713177573345225,2.8215521503026397
9066,19081,0.006248236946559435,200,1.0501545090552191,2.961800019958114
9067,19082,0.006248236946559435,200,1.0583683727094733,2.9400234182757554
9068,19083,0.006248236946559435,200,1.6335987929331395,2.630913675958252
9069,19084,0.006248236946559435,200,1.0441730332021488,2.9602664535628387
9070,19085,0.006248236946559435,200,1.6526070121894385,2.6386568769074183
9071,19086,0.006248236946559435,200,1.182004038648469,2.8988924622325136
9072,19087,0.006248236946559435,200,1.1641806056825346,2.92358215628996
9073,19088,0.006248236946559435,200,2.325562949009087,2.0232157118360545
9074,19089,0.006248236946559435,200,1.6110820585700332,2.677342210019009
9075,19090,0.006248236946559435,200,1.2885013269789094,2.835183079536385
9076,19091,0.006248236946559435,200,1.290774441633435,2.858266278924588
9077,19092,0.006248236946559435,200,1.0654588450389126,2.9569990831749773
9078,19093,0.006248236946559435,200,1.2318670235828308,2.8838098758682866
9079,19094,0.006248236946559435,200,1.1025208295539008,2.9427141412273095
9080,19095,0.006248236946559435,200,1.2656743805966597,2.8585796135895665
9081,19096,0.006248236946559435,200,1.0283749220494909,2.9779119924210464
9082,19097,0.006248236946559435,200,1.6031712758068708,2.651230942589801
9083,19098,0.006248236946559435,200,1.1782641648435892,2.902242788022885
9084,19099,0.006248236946559435,200,1.2087238848080335,2.8925814127561202
9085,19100,0.006248236946559435,400,1.2459742506369886,2.859451823361528
9086,19101,0.006248236946559435,400,1.112265093440862,2.919738982797162
9087,19102,0.006248236946559435,400,1.0832500474375082,2.953583947871409
9088,19103,0.006248236946559435,400,1.5866378560128187,2.710651672831629
9089,19104,0.006248236946559435,400,1.0648450838566184,2.9768964008198116
9090,19105,0.006248236946559435,400,1.7379451432591257,2.6119354314218617
9091,19106,0.006248236946559435,400,1.1137345296486392,2.937870931371418
9092,19107,0.006248236946559435,400,1.3843672484872196,2.8121859435570187
9093,19108,0.006248236946559435,400,1.5386971330298265,2.7272385921886544
9094,19109,0.006248236946559435,400,1.1779729086198119,2.9046065954264977
9095,19110,0.006248236946559435,400,1.2454737423661322,2.876075184823193
9096,19111,0.006248236946559435,400,1.0546704552513735,2.957998499058807
9097,19112,0.006248236946559435,400,1.8902034169826774,2.484731985107288
9098,19113,0.006248236946559435,400,1.2324131564137057,2.8994756009080627
9099,19114,0.006248236946559435,400,1.6906126264953596,2.6452311335755914
9100,19115,0.006248236946559435,400,1.9177624653865757,2.471390901475618
9101,19116,0.006248236946559435,400,1.1108806226011112,2.929787607871837
9102,19117,0.006248236946559435,400,1.142579747846009,2.9101658504181693
9103,19118,0.006248236946559435,400,1.1406011962403404,2.9328997911474484
9104,19119,0.006248236946559435,400,2.13240179076684,2.271221897177102
9105,19120,0.006248236946559435,400,1.1012429443543659,2.941146821859534
9106,19121,0.006248236946559435,400,1.588120221799641,2.666424558638826
9107,19122,0.006248236946559435,400,1.5576522791642764,2.7045146780557556
9108,19123,0.006248236946559435,400,1.3087326729015545,2.8053934978895256
9109,19124,0.006248236946559435,400,1.2610802173686608,2.8639646733266964
9110,19125,0.006248236946559435,400,1.7006002239691562,2.618073450402091
9111,19126,0.006248236946559435,400,1.7430464272650645,2.592404012949054
9112,19127,0.006248236946559435,400,1.0436827442617647,2.964565806764122
9113,19128,0.006248236946559435,400,1.2633728989843775,2.8522601948065045
9114,19129,0.006248236946559435,400,1.301523357333238,2.839185366576406
9115,19130,0.006248236946559435,400,1.389976373602614,2.812021925955427
9116,19131,0.006248236946559435,400,1.049553144620964,2.9720958316960546
9117,19132,0.006248236946559435,400,2.2363912275245097,2.1587884424384205
9118,19133,0.006248236946559435,400,1.3420847143002759,2.84397963184929
9119,19134,0.006248236946559435,400,1.4072785067106535,2.795600777119433
9120,19135,0.006248236946559435,400,1.326168924087991,2.8400185876074273
9121,19136,0.006248236946559435,400,1.1897041408662594,2.9283587956519797
9122,19137,0.006248236946559435,400,1.3363048162859952,2.8203208718218256
9123,19138,0.006248236946559435,400,1.243955797685692,2.885313466777416
9124,19139,0.006248236946559435,400,1.333303488260486,2.840393877743754
9125,19140,0.006248236946559435,400,1.157738455637678,2.917054996204134
9126,19141,0.006248236946559435,400,1.6159478097489803,2.6796619728246363
9127,19142,0.006248236946559435,400,1.4327915412672203,2.769229094660537
9128,19143,0.006248236946559435,400,1.5652255717256376,2.707232162542023
9129,19144,0.006248236946559435,400,2.0207301904478836,2.3789047288804386
9130,19145,0.006248236946559435,400,1.1553245686491356,2.937322036239192
9131,19146,0.006248236946559435,400,1.1940732076984337,2.9118804123466386
9132,19147,0.006248236946559435,400,1.2061280604211382,2.8933384535919853
9133,19148,0.006248236946559435,400,1.4712097677023326,2.7289725027782374
9134,19149,0.006248236946559435,400,1.3462641890260236,2.856688023322642
9135,19150,0.006248236946559435,400,1.1019016681348266,2.948741767108834
9136,19151,0.006248236946559435,400,1.163722812164894,2.920869367344794
9137,19152,0.006248236946559435,400,1.3707805445012131,2.8317164984290004
9138,19153,0.006248236946559435,400,1.723913097748301,2.6006496378930635
9139,19154,0.006248236946559435,400,1.2928644132141007,2.875297323646957
9140,19155,0.006248236946559435,400,1.2101609418158101,2.9071429896648056
9141,19156,0.006248236946559435,400,1.250379043034169,2.8941872021050843
9142,19157,0.006248236946559435,400,1.466524493864999,2.801174149576217
9143,19158,0.006248236946559435,400,1.0807623028643671,2.935839918044386
9144,19159,0.006248236946559435,400,1.0569723372498574,2.957865812067177
9145,19160,0.006248236946559435,400,1.3122030029438414,2.8480682338531214
9146,19161,0.006248236946559435,400,1.3022352322905906,2.8233792203005796
9147,19162,0.006248236946559435,400,1.3781650839249446,2.8070949017198896
9148,19163,0.006248236946559435,400,1.830446235965044,2.5060402836795403
9149,19164,0.006248236946559435,400,1.927785131577433,2.4780065800453603
9150,19165,0.006248236946559435,400,1.824281732168474,2.546049567085264
9151,19166,0.006248236946559435,400,1.573040250957306,2.729984888651276
9152,19167,0.006248236946559435,400,1.2036690988585839,2.898996594184624
9153,19168,0.006248236946559435,400,1.288939950508033,2.861408313942581
9154,19169,0.006248236946559435,400,1.209332954204126,2.8905429555505457
9155,19170,0.006248236946559435,400,1.155056881304727,2.9228287213022375
9156,19171,0.006248236946559435,400,1.1626999948230132,2.905652683222613
9157,19172,0.006248236946559435,400,1.0562331846787683,2.9570704066778677
9158,19173,0.006248236946559435,400,1.3903703046409008,2.826613047415804
9159,19174,0.006248236946559435,400,1.0411427672270221,2.967389610805103
9160,19175,0.006248236946559435,400,1.9727098301944566,2.360703194787793
9161,19176,0.006248236946559435,400,1.0438994875364132,2.965528491217379
9162,19177,0.006248236946559435,400,1.0555402316567009,2.970228545730286
9163,19178,0.006248236946559435,400,1.3485122464145243,2.8288200439304907
9164,19179,0.006248236946559435,400,1.7012519593451365,2.6118788191267477
9165,19180,0.006248236946559435,400,1.0488763358546707,2.9678454163381636
9166,19181,0.006248236946559435,400,1.1746875483890782,2.8780498748796868
9167,19182,0.006248236946559435,400,1.5620503859562966,2.730617300997288
9168,19183,0.006248236946559435,400,1.105719164284754,2.9527173929668473
9169,19184,0.006248236946559435,400,1.3342035841040518,2.841430431439094
9170,19185,0.006248236946559435,400,1.3783244971623456,2.8184391103344337
9171,19186,0.006248236946559435,400,1.052507304351716,2.95275454945086
9172,19187,0.006248236946559435,400,1.4291621222960043,2.7731535516638752
9173,19188,0.006248236946559435,400,1.0271194718294736,2.981443260372337
9174,19189,0.006248236946559435,400,1.1087307835732092,2.9454017360577756
9175,19190,0.006248236946559435,400,1.0613246091545612,2.958070945817804
9176,19191,0.006248236946559435,400,1.2151297613691971,2.8911623720596347
9177,19192,0.006248236946559435,400,2.275067922338058,2.10446276376978
9178,19193,0.006248236946559435,400,1.1244278092001372,2.943911644161674
9179,19194,0.006248236946559435,400,1.4040070478434195,2.8202091154939133
9180,19195,0.006248236946559435,400,1.3989596912972904,2.78044196861193
9181,19196,0.006248236946559435,400,1.2290491875833114,2.9000749956049896
9182,19197,0.006248236946559435,400,1.6073134208926523,2.706881253270208
9183,19198,0.006248236946559435,400,1.1325517186800622,2.9149655530405134
9184,19199,0.006248236946559435,400,1.0734813692697427,2.966171012920177
9185,19200,0.006248236946559435,600,1.0438171378962564,2.9682872445641744
9186,19201,0.006248236946559435,600,1.9066529096040774,2.499736898877343
9187,19202,0.006248236946559435,600,1.6353681941037113,2.6735296003411126
9188,19203,0.006248236946559435,600,1.3843194419046032,2.8451713871230737
9189,19204,0.006248236946559435,600,1.6872319057269831,2.6242991877900366
9190,19205,0.006248236946559435,600,1.3900408124497958,2.8081990366336678
9191,19206,0.006248236946559435,600,1.353871824223908,2.8149667862476884
9192,19207,0.006248236946559435,600,1.47385197283061,2.789126406183253
9193,19208,0.006248236946559435,600,1.0942069471863378,2.9466915821800517
9194,19209,0.006248236946559435,600,1.588555622236218,2.7137472343663878
9195,19210,0.006248236946559435,600,1.1400388669667458,2.9752334607581092
9196,19211,0.006248236946559435,600,1.695184537460841,2.6431223885183157
9197,19212,0.006248236946559435,600,1.0563786481984667,2.959792917772991
9198,19213,0.006248236946559435,600,1.8634675603280033,2.5075440915729144
9199,19214,0.006248236946559435,600,1.5060664568862838,2.761641044948428
9200,19215,0.006248236946559435,600,1.4665928306573324,2.7573086272967693
9201,19216,0.006248236946559435,600,1.0263630852552672,2.9845505084435806
9202,19217,0.006248236946559435,600,1.725188354708654,2.5944552005948145
9203,19218,0.006248236946559435,600,1.6393924106582756,2.681672814637559
9204,19219,0.006248236946559435,600,1.5967204337188043,2.693036693037749
9205,19220,0.006248236946559435,600,1.3264876944437105,2.8135288066680326
9206,19221,0.006248236946559435,600,1.7038913575665984,2.635997755700734
9207,19222,0.006248236946559435,600,1.2282468564632112,2.888784724049149
9208,19223,0.006248236946559435,600,1.3816204600191955,2.7878323321567477
9209,19224,0.006248236946559435,600,1.2996057093981983,2.873142013328626
9210,19225,0.006248236946559435,600,1.0935592907413885,2.941858450845971
9211,19226,0.006248236946559435,600,1.2966129246533382,2.8599629964324103
9212,19227,0.006248236946559435,600,1.0339783172593067,2.9538767902687613
9213,19228,0.006248236946559435,600,1.0661762442059783,2.964270791039995
9214,19229,0.006248236946559435,600,1.3006334068459418,2.8603781266058417
9215,19230,0.006248236946559435,600,1.5593907436682801,2.6896481565840418
9216,19231,0.006248236946559435,600,1.1501747000445266,2.9214788299452397
9217,19232,0.006248236946559435,600,1.6212655794835282,2.6508682065953666
9218,19233,0.006248236946559435,600,1.2646966923706722,2.8558328674652755
9219,19234,0.006248236946559435,600,1.9534040792502967,2.4312570057104557
9220,19235,0.006248236946559435,600,1.7571250121115018,2.6170417511702224
9221,19236,0.006248236946559435,600,1.9015874182423882,2.4647490708203432
9222,19237,0.006248236946559435,600,1.370108304135489,2.807346112993861
9223,19238,0.006248236946559435,600,1.633063302241555,2.668161429351775
9224,19239,0.006248236946559435,600,2.1321969875886024,2.258962667003477
9225,19240,0.006248236946559435,600,1.2705841193470941,2.844573996532993
9226,19241,0.006248236946559435,600,2.423211519202406,1.9971420373324669
9227,19242,0.006248236946559435,600,1.0193925150632577,2.9669423002313913
9228,19243,0.006248236946559435,600,1.3364031114028008,2.825366323841571
9229,19244,0.006248236946559435,600,1.911732932432431,2.4699587197651782
9230,19245,0.006248236946559435,600,1.2505020128929547,2.8807475261390483
9231,19246,0.006248236946559435,600,1.1555486316238934,2.9294408608180573
9232,19247,0.006248236946559435,600,1.4141446024320472,2.75963368368937
9233,19248,0.006248236946559435,600,2.0630166283146325,2.3380320952108855
9234,19249,0.006248236946559435,600,1.5247818589275925,2.7318838506636345
9235,19250,0.006248236946559435,600,1.4628228252677773,2.765204583644008
9236,19251,0.006248236946559435,600,1.3974954683451233,2.7808996645568405
9237,19252,0.006248236946559435,600,1.3846991655756156,2.786136311915851
9238,19253,0.006248236946559435,600,1.1625875511828743,2.9094861598404074
9239,19254,0.006248236946559435,600,1.5317844721350855,2.696104318264156
9240,19255,0.006248236946559435,600,1.338152438381794,2.8322716336908007
9241,19256,0.006248236946559435,600,1.0777606251717804,2.9415607674812563
9242,19257,0.006248236946559435,600,1.515917997083605,2.732221017216179
9243,19258,0.006248236946559435,600,1.2903799855964566,2.856305942469075
9244,19259,0.006248236946559435,600,1.5067088084507865,2.675764433616462
9245,19260,0.006248236946559435,600,1.0151041215673733,2.9859847637643284
9246,19261,0.006248236946559435,600,1.0602175211363334,2.965262483179972
9247,19262,0.006248236946559435,600,1.4902001830138398,2.7661728987737333
9248,19263,0.006248236946559435,600,1.3435913193968578,2.8581160750126293
9249,19264,0.006248236946559435,600,1.029189404413768,2.979281581218813
9250,19265,0.006248236946559435,600,1.3980207971483505,2.7821718058882974
9251,19266,0.006248236946559435,600,1.2052755636657726,2.9108183754478465
9252,19267,0.006248236946559435,600,1.3868082947696454,2.8073367663305104
9253,19268,0.006248236946559435,600,1.4584555575282676,2.772770798860482
9254,19269,0.006248236946559435,600,1.0544201313183783,2.979368209554889
9255,19270,0.006248236946559435,600,1.5130474723067202,2.7173263977687077
9256,19271,0.006248236946559435,600,1.9995977494543595,2.342199692267318
9257,19272,0.006248236946559435,600,1.0300528672515872,2.982906274509207
9258,19273,0.006248236946559435,600,1.039202902084366,2.9724240632459358
9259,19274,0.006248236946559435,600,1.1593985367815904,2.9167864884064287
9260,19275,0.006248236946559435,600,1.5727818658282544,2.727687020181661
9261,19276,0.006248236946559435,600,1.2781612538938396,2.894552374436157
9262,19277,0.006248236946559435,600,1.6114006822308315,2.6730865487582642
9263,19278,0.006248236946559435,600,1.1061554718686646,2.9269764374505067
9264,19279,0.006248236946559435,600,1.9915829970116978,2.4310275946689286
9265,19280,0.006248236946559435,600,1.2055365356127987,2.8965498776180945
9266,19281,0.006248236946559435,600,1.2102892590462937,2.903031107245376
9267,19282,0.006248236946559435,600,1.5412186091435267,2.7019067071470912
9268,19283,0.006248236946559435,600,2.1038176007859217,2.3022084226805033
9269,19284,0.006248236946559435,600,2.108911272561799,2.34786936427081
9270,19285,0.006248236946559435,600,1.6388852220137244,2.629649877720402
9271,19286,0.006248236946559435,600,1.3705063047724464,2.8148523288081164
9272,19287,0.006248236946559435,600,2.3361952194490914,2.135326231378489
9273,19288,0.006248236946559435,600,1.1165284562986657,2.9494523017209295
9274,19289,0.006248236946559435,600,1.7928380743143637,2.604185211553752
9275,19290,0.006248236946559435,600,1.5985643981542947,2.7014652072305534
9276,19291,0.006248236946559435,600,1.1379712385977785,2.9383194634207874
9277,19292,0.006248236946559435,600,1.1022948577278278,2.934323300006949
9278,19293,0.006248236946559435,600,1.185055447233136,2.914868585345576
9279,19294,0.006248236946559435,600,1.0648277160502087,2.9604316188081987
9280,19295,0.006248236946559435,600,1.0665380473328718,2.9434147055078532
9281,19296,0.006248236946559435,600,1.3089634307090792,2.8558320239996084
9282,19297,0.006248236946559435,600,1.5809363464701418,2.7308636173267735
9283,19298,0.006248236946559435,600,1.8201609740987401,2.5134479648244126
9284,19299,0.006248236946559435,600,1.7151828570847627,2.619314901249223
9285,19300,0.006248236946559435,800,1.3212482788125373,2.8316821168935347
9286,19301,0.006248236946559435,800,1.690978585945991,2.650149551441691
9287,19302,0.006248236946559435,800,1.2554888801887165,2.8746870657007646
9288,19303,0.006248236946559435,800,1.5447771159778567,2.706879079132441
9289,19304,0.006248236946559435,800,1.0207781171732413,2.977462223275807
9290,19305,0.006248236946559435,800,1.0937073814950629,2.9571330257985013
9291,19306,0.006248236946559435,800,1.2189320138695974,2.9006863786591075
9292,19307,0.006248236946559435,800,1.6957322685285399,2.6173396579350685
9293,19308,0.006248236946559435,800,1.1117154770750457,2.924758849798878
9294,19309,0.006248236946559435,800,1.2992226129249933,2.854151968917697
9295,19310,0.006248236946559435,800,1.3442005060718463,2.8371680457526476
9296,19311,0.006248236946559435,800,1.6787386887397424,2.6520411803902855
9297,19312,0.006248236946559435,800,1.363526104271565,2.8402021513432634
9298,19313,0.006248236946559435,800,1.4412951692280722,2.802667846179687
9299,19314,0.006248236946559435,800,2.115415779390896,2.3061029904616204
9300,19315,0.006248236946559435,800,1.4435039467689597,2.7868020393249986
9301,19316,0.006248236946559435,800,1.1192618102475633,2.937214999920882
9302,19317,0.006248236946559435,800,1.6682220779003067,2.652425536834574
9303,19318,0.006248236946559435,800,1.043185957716042,2.978313345356835
9304,19319,0.006248236946559435,800,1.0699875317886165,2.9537676927880607
9305,19320,0.006248236946559435,800,2.031155789231523,2.3611762905613234
9306,19321,0.006248236946559435,800,1.0878094469663437,2.9659142279539137
9307,19322,0.006248236946559435,800,1.9250256673944037,2.4719595614306384
9308,19323,0.006248236946559435,800,1.0521615076775241,2.971836361055123
9309,19324,0.006248236946559435,800,1.7944551364879733,2.545105401654202
9310,19325,0.006248236946559435,800,1.1843697370187862,2.879589598535901
9311,19326,0.006248236946559435,800,1.1368217410188597,2.927475788888587
9312,19327,0.006248236946559435,800,1.1071587582216853,2.921810482481032
9313,19328,0.006248236946559435,800,1.1284632730398338,2.9306147635994217
9314,19329,0.006248236946559435,800,1.6627211352835076,2.6082605175457965
9315,19330,0.006248236946559435,800,1.677383755706043,2.644059801890708
9316,19331,0.006248236946559435,800,1.1601105295269585,2.9065406010020287
9317,19332,0.006248236946559435,800,1.6191253504407825,2.723469874004488
9318,19333,0.006248236946559435,800,1.1123328313155165,2.9431880485614235
9319,19334,0.006248236946559435,800,1.6578568824949418,2.6855255820011132
9320,19335,0.006248236946559435,800,1.5658497775045084,2.7209565794201476
9321,19336,0.006248236946559435,800,1.6376447418221385,2.640325873843486
9322,19337,0.006248236946559435,800,1.1321461004449507,2.940489066464681
9323,19338,0.006248236946559435,800,1.2367612914340351,2.8843291606210157
9324,19339,0.006248236946559435,800,1.983683606881814,2.3923628551238583
9325,19340,0.006248236946559435,800,1.9024911657743655,2.4547663231895993
9326,19341,0.006248236946559435,800,1.1981952417410784,2.904348819964428
9327,19342,0.006248236946559435,800,1.5627464137841316,2.7160665310876384
9328,19343,0.006248236946559435,800,1.52964298631841,2.713467687163599
9329,19344,0.006248236946559435,800,1.8788556874266669,2.4570779514238565
9330,19345,0.006248236946559435,800,1.37924742468629,2.8194116462728864
9331,19346,0.006248236946559435,800,1.8836650514052231,2.497426562585974
9332,19347,0.006248236946559435,800,1.6907432531089526,2.6349975207931666
9333,19348,0.006248236946559435,800,1.9894585917319378,2.3711641307900906
9334,19349,0.006248236946559435,800,1.500956321102771,2.7602852120989647
9335,19350,0.006248236946559435,800,1.7380613810359855,2.63596357437671
9336,19351,0.006248236946559435,800,1.5372489932693916,2.6990525926954385
9337,19352,0.006248236946559435,800,1.1593913095088901,2.9248388693959457
9338,19353,0.006248236946559435,800,1.751178355522987,2.6022498851500298
9339,19354,0.006248236946559435,800,1.0846408478771503,2.9631325961242974
9340,19355,0.006248236946559435,800,1.3041786316816237,2.8406921472199116
9341,19356,0.006248236946559435,800,2.4237966750429503,1.8920681038652905
9342,19357,0.006248236946559435,800,1.7438562910651285,2.6095932386429395
9343,19358,0.006248236946559435,800,1.5237776456229521,2.7308737028523793
9344,19359,0.006248236946559435,800,1.7044099668203618,2.632599870571732
9345,19360,0.006248236946559435,800,1.5727017106472512,2.691063757318242
9346,19361,0.006248236946559435,800,1.0279542414268474,2.9658744895405436
9347,19362,0.006248236946559435,800,2.008855504088996,2.3912289741162893
9348,19363,0.006248236946559435,800,1.8395557232765594,2.5414340764603667
9349,19364,0.006248236946559435,800,1.447223546902577,2.7862292752794944
9350,19365,0.006248236946559435,800,1.1033091286028933,2.9417101410992097
9351,19366,0.006248236946559435,800,1.255626666858702,2.883402356795165
9352,19367,0.006248236946559435,800,1.081840620219192,2.946633675179611
9353,19368,0.006248236946559435,800,1.4961436065390523,2.7488193076631697
9354,19369,0.006248236946559435,800,1.2630738120763227,2.8613501711124387
9355,19370,0.006248236946559435,800,1.8893461635482005,2.4298104216614864
9356,19371,0.006248236946559435,800,1.7807749858986544,2.577830268183763
9357,19372,0.006248236946559435,800,1.4173341900418532,2.8237352340392903
9358,19373,0.006248236946559435,800,1.787409949757451,2.5721104522633484
9359,19374,0.006248236946559435,800,1.6685217411297082,2.654684847105551
9360,19375,0.006248236946559435,800,2.0041626409284676,2.357887621760935
9361,19376,0.006248236946559435,800,1.0102292002428237,2.9919752857223196
9362,19377,0.006248236946559435,800,1.1431951930444557,2.9215388350600766
9363,19378,0.006248236946559435,800,1.9896258319792004,2.39054196989792
9364,19379,0.006248236946559435,800,1.23314778690451,2.8874541978600137
9365,19380,0.006248236946559435,800,1.21526209563387,2.890289542456351
9366,19381,0.006248236946559435,800,1.0556167314447142,2.9614582792410906
9367,19382,0.006248236946559435,800,2.2354193826230184,2.1973519985744696
9368,19383,0.006248236946559435,800,1.080350396694263,2.9765596895823725
9369,19384,0.006248236946559435,800,1.0470588887096144,2.9522525919366833
9370,19385,0.006248236946559435,800,2.1483752638967557,2.246448887418846
9371,19386,0.006248236946559435,800,1.853617321372333,2.4994508927475323
9372,19387,0.006248236946559435,800,1.6112014070391152,2.6784177589411713
9373,19388,0.006248236946559435,800,1.231813894983155,2.8823701954597722
9374,19389,0.006248236946559435,800,1.456849956073221,2.7829951160511976
9375,19390,0.006248236946559435,800,1.6124275856647408,2.6703159169881943
9376,19391,0.006248236946559435,800,1.8706458059552091,2.486607999054782
9377,19392,0.006248236946559435,800,1.032657281956943,2.9830840407834014
9378,19393,0.006248236946559435,800,1.7462894318078614,2.584365960376748
9379,19394,0.006248236946559435,800,1.098587696816778,2.9367260596048568
9380,19395,0.006248236946559435,800,1.585939833467746,2.6926658753391206
9381,19396,0.006248236946559435,800,1.4513190577004136,2.7670868532315986
9382,19397,0.006248236946559435,800,1.1600675909943128,2.913284732288682
9383,19398,0.006248236946559435,800,2.263497760933317,2.1422698306745063
9384,19399,0.006248236946559435,800,1.2618556435136976,2.850113645252665
9385,19400,0.006248236946559435,1000,1.6610001676400743,2.6900416022124722
9386,19401,0.006248236946559435,1000,1.3472459094690412,2.8297544468176397
9387,19402,0.006248236946559435,1000,1.5170138400869748,2.7127509737574997
9388,19403,0.006248236946559435,1000,1.1983499156976358,2.910547005422725
9389,19404,0.006248236946559435,1000,1.7793882413684372,2.578093485606587
9390,19405,0.006248236946559435,1000,2.2855736970441463,2.158288982681676
9391,19406,0.006248236946559435,1000,1.4081241672569615,2.780450125585585
9392,19407,0.006248236946559435,1000,1.4154553226958146,2.8042878713015456
9393,19408,0.006248236946559435,1000,1.044089531697845,2.9689136220091856
9394,19409,0.006248236946559435,1000,1.2562924667322994,2.8560188905590493
9395,19410,0.006248236946559435,1000,1.356669856310591,2.834234528980653
9396,19411,0.006248236946559435,1000,1.284046658201276,2.849219577252877
9397,19412,0.006248236946559435,1000,2.0700054864006856,2.345679685857138
9398,19413,0.006248236946559435,1000,1.2288578049814745,2.898926615157822
9399,19414,0.006248236946559435,1000,1.3256626909458276,2.852312343297879
9400,19415,0.006248236946559435,1000,1.0323334450408388,2.9787332682635217
9401,19416,0.006248236946559435,1000,1.118797982913414,2.9349277932417595
9402,19417,0.006248236946559435,1000,2.1901631364399523,2.2407865997447027
9403,19418,0.006248236946559435,1000,1.2749672297570704,2.867551052297097
9404,19419,0.006248236946559435,1000,1.4912918263421693,2.7732529465860325
9405,19420,0.006248236946559435,1000,1.0833393343988464,2.953992081553077
9406,19421,0.006248236946559435,1000,1.1152726498240582,2.9307565944278946
9407,19422,0.006248236946559435,1000,1.5786979488106316,2.6701385832511115
9408,19423,0.006248236946559435,1000,1.5868140405346458,2.678924605158022
9409,19424,0.006248236946559435,1000,1.3586526887586254,2.8354097132106375
9410,19425,0.006248236946559435,1000,1.5167020331243908,2.7540848269424223
9411,19426,0.006248236946559435,1000,1.3070847146994888,2.8716385938169844
9412,19427,0.006248236946559435,1000,1.5501375653593017,2.7096107234216
9413,19428,0.006248236946559435,1000,1.399054943387196,2.793832945106426
9414,19429,0.006248236946559435,1000,1.1538877470647322,2.9299484988700493
9415,19430,0.006248236946559435,1000,1.3831535205407097,2.796595900307152
9416,19431,0.006248236946559435,1000,1.0775203000170737,2.9672326335393775
9417,19432,0.006248236946559435,1000,2.531479901365033,1.8364436692490684
9418,19433,0.006248236946559435,1000,1.1134570022535601,2.9379164445546886
9419,19434,0.006248236946559435,1000,1.264807225243235,2.8880187515885227
9420,19435,0.006248236946559435,1000,1.4631727778006127,2.7927458132536294
9421,19436,0.006248236946559435,1000,1.850916551115327,2.4645794435221955
9422,19437,0.006248236946559435,1000,1.2063870241759518,2.8922281606367193
9423,19438,0.006248236946559435,1000,1.288036199276176,2.8659161464071055
9424,19439,0.006248236946559435,1000,1.414492085529152,2.8087878651899336
9425,19440,0.006248236946559435,1000,1.2025392552966792,2.8735661144495497
9426,19441,0.006248236946559435,1000,1.0954363376023886,2.9575706057857882
9427,19442,0.006248236946559435,1000,1.70232749873693,2.6411525578949204
9428,19443,0.006248236946559435,1000,1.1959127314948383,2.885950372526186
9429,19444,0.006248236946559435,1000,1.7613364379771497,2.5685695212620323
9430,19445,0.006248236946559435,1000,1.3869656614564843,2.7977001972870195
9431,19446,0.006248236946559435,1000,1.8656567745359447,2.5233397177646095
9432,19447,0.006248236946559435,1000,1.9024915441830068,2.460987981775303
9433,19448,0.006248236946559435,1000,1.6267920476610613,2.6239507276077254
9434,19449,0.006248236946559435,1000,1.4172259839521262,2.805769729342247
9435,19450,0.006248236946559435,1000,1.3469362094084047,2.837184227597572
9436,19451,0.006248236946559435,1000,1.9790817605245412,2.3730554907198775
9437,19452,0.006248236946559435,1000,1.7474591090730303,2.5745670137540784
9438,19453,0.006248236946559435,1000,1.1585222531494728,2.9281050615062445
9439,19454,0.006248236946559435,1000,1.14836600045582,2.9281389062762746
9440,19455,0.006248236946559435,1000,1.2625073035017174,2.883507772284161
9441,19456,0.006248236946559435,1000,1.1780770488615986,2.889169987532113
9442,19457,0.006248236946559435,1000,1.2351740041428068,2.9113855031398685
9443,19458,0.006248236946559435,1000,1.577529344936904,2.699083746699781
9444,19459,0.006248236946559435,1000,1.1454150751434404,2.916723631253908
9445,19460,0.006248236946559435,1000,1.9667399024307275,2.3943010131738722
9446,19461,0.006248236946559435,1000,1.4982344545938744,2.781498045273799
9447,19462,0.006248236946559435,1000,2.2781610544340567,2.129595986671098
9448,19463,0.006248236946559435,1000,1.540967100171788,2.7229505389829165
9449,19464,0.006248236946559435,1000,1.2352291635981723,2.8798449159179085
9450,19465,0.006248236946559435,1000,1.2149149064476343,2.892147205653658
9451,19466,0.006248236946559435,1000,1.5780731949138391,2.723745660907774
9452,19467,0.006248236946559435,1000,1.9347403983587772,2.486345468331963
9453,19468,0.006248236946559435,1000,2.4028200145264025,1.9906885525060631
9454,19469,0.006248236946559435,1000,1.5722121865444856,2.6737459127976377
9455,19470,0.006248236946559435,1000,1.2845300784869635,2.8538025899707526
9456,19471,0.006248236946559435,1000,1.1724008601302305,2.9175546728560047
9457,19472,0.006248236946559435,1000,2.2380502987615074,2.1750728485988953
9458,19473,0.006248236946559435,1000,1.3850883792931594,2.8128263340558695
9459,19474,0.006248236946559435,1000,1.8572031390246964,2.500808243720349
9460,19475,0.006248236946559435,1000,2.209802226550891,2.1439865547670816
9461,19476,0.006248236946559435,1000,1.0597467046825138,2.928153131842477
9462,19477,0.006248236946559435,1000,1.608333478009864,2.672562783556829
9463,19478,0.006248236946559435,1000,1.963011096167905,2.417296976567102
9464,19479,0.006248236946559435,1000,1.2178274682950136,2.8940862302556796
9465,19480,0.006248236946559435,1000,1.671781739351567,2.634666077055007
9466,19481,0.006248236946559435,1000,1.356274806887774,2.870973995572128
9467,19482,0.006248236946559435,1000,1.393300104360744,2.806005846619472
9468,19483,0.006248236946559435,1000,1.478181750445475,2.7623401867729047
9469,19484,0.006248236946559435,1000,1.3116966387731488,2.8562415517476802
9470,19485,0.006248236946559435,1000,1.4415602539772994,2.7916983721432205
9471,19486,0.006248236946559435,1000,1.234129738334421,2.8662837024434444
9472,19487,0.006248236946559435,1000,1.5656677840031663,2.7286288775930982
9473,19488,0.006248236946559435,1000,1.7188659339201977,2.600621336728243
9474,19489,0.006248236946559435,1000,1.528950590046938,2.7155491417560578
9475,19490,0.006248236946559435,1000,1.8839319282169207,2.4551275815707005
9476,19491,0.006248236946559435,1000,1.4211000517995243,2.8113515152043025
9477,19492,0.006248236946559435,1000,1.1087607238517243,2.940858307143627
9478,19493,0.006248236946559435,1000,1.3809672439015042,2.8191643043041426
9479,19494,0.006248236946559435,1000,1.4524530262977633,2.8030355546651764
9480,19495,0.006248236946559435,1000,1.4334747636216574,2.7921785259107628
9481,19496,0.006248236946559435,1000,2.014902246140956,2.428415522400323
9482,19497,0.006248236946559435,1000,1.5332459958560225,2.745033047470498
9483,19498,0.006248236946559435,1000,1.2769546575306348,2.871710336961455
9484,19499,0.006248236946559435,1000,1.6334418529525805,2.631601816846781
9485,19500,0.006248236946559435,1200,2.1203172893539786,2.2794813227945006
9486,19501,0.006248236946559435,1200,1.4216492815577264,2.7730764279489963
9487,19502,0.006248236946559435,1200,1.5499455642598197,2.7295344120132468
9488,19503,0.006248236946559435,1200,1.3988358714112574,2.830278574847506
9489,19504,0.006248236946559435,1200,1.4877702564612358,2.757448028643716
9490,19505,0.006248236946559435,1200,1.2019709121959674,2.9067834518389093
9491,19506,0.006248236946559435,1200,1.2472456037640522,2.8716525295572746
9492,19507,0.006248236946559435,1200,1.654796682409946,2.653168928190455
9493,19508,0.006248236946559435,1200,1.91258935498696,2.429762598398524
9494,19509,0.006248236946559435,1200,1.35719896795132,2.8227081635639664
9495,19510,0.006248236946559435,1200,2.185475933737149,2.036123846557009
9496,19511,0.006248236946559435,1200,1.189659772568324,2.9130362310122795
9497,19512,0.006248236946559435,1200,1.7653021319765867,2.586299280789681
9498,19513,0.006248236946559435,1200,1.041841985673669,2.9742542343271605
9499,19514,0.006248236946559435,1200,1.8577887675562628,2.5236908081587694
9500,19515,0.006248236946559435,1200,1.6536444427456942,2.6415358885980185
9501,19516,0.006248236946559435,1200,1.08357351954156,2.936034757642754
9502,19517,0.006248236946559435,1200,1.747064647061365,2.594313527509084
9503,19518,0.006248236946559435,1200,1.3393683635901374,2.8492163284567864
9504,19519,0.006248236946559435,1200,1.3553414129410164,2.853129997246193
9505,19520,0.006248236946559435,1200,1.7138184257115927,2.53873396569436
9506,19521,0.006248236946559435,1200,1.6748548060767532,2.6704303260028786
9507,19522,0.006248236946559435,1200,1.412506778630689,2.7984349311366166
9508,19523,0.006248236946559435,1200,1.2266090893410555,2.8481824797420594
9509,19524,0.006248236946559435,1200,1.2219427512526444,2.891414570375395
9510,19525,0.006248236946559435,1200,1.366815467637701,2.824897240264339
9511,19526,0.006248236946559435,1200,1.3707666789020614,2.830365478676238
9512,19527,0.006248236946559435,1200,1.2384799545806513,2.876745207728644
9513,19528,0.006248236946559435,1200,1.5284911051517198,2.7073004224408423
9514,19529,0.006248236946559435,1200,1.4093162396400538,2.789122450061054
9515,19530,0.006248236946559435,1200,2.1609180565939665,2.229612985496039
9516,19531,0.006248236946559435,1200,1.153697593309838,2.893131250343825
9517,19532,0.006248236946559435,1200,1.996071051303181,2.3700858790149235
9518,19533,0.006248236946559435,1200,2.2084348466653356,2.210033613402516
9519,19534,0.006248236946559435,1200,1.2152658971148336,2.8886173072004717
9520,19535,0.006248236946559435,1200,1.0974595744604758,2.9410370271559167
9521,19536,0.006248236946559435,1200,1.7881580984549519,2.5388823212942646
9522,19537,0.006248236946559435,1200,1.0767550419730685,2.9483146440043155
9523,19538,0.006248236946559435,1200,1.6983596070499658,2.640566481994986
9524,19539,0.006248236946559435,1200,1.121407421848542,2.9249068435904375
9525,19540,0.006248236946559435,1200,1.1636331695987212,2.9272786339708334
9526,19541,0.006248236946559435,1200,1.718541462489806,2.600181817843314
9527,19542,0.006248236946559435,1200,1.1283402647543896,2.9152200320091177
9528,19543,0.006248236946559435,1200,1.3728248529137173,2.812141541295429
9529,19544,0.006248236946559435,1200,1.12117086825126,2.939744733872806
9530,19545,0.006248236946559435,1200,1.278531450353787,2.8713742209032387
9531,19546,0.006248236946559435,1200,2.101090244171427,2.4009378526278256
9532,19547,0.006248236946559435,1200,1.1901932688826529,2.9093684922957315
9533,19548,0.006248236946559435,1200,1.139215892459837,2.9328617989345895
9534,19549,0.006248236946559435,1200,1.6238574421601517,2.6644974205724163
9535,19550,0.006248236946559435,1200,1.3523135665284256,2.8569439504858605
9536,19551,0.006248236946559435,1200,1.2182629831329925,2.8791975152438978
9537,19552,0.006248236946559435,1200,1.4848777935114978,2.773895887747835
9538,19553,0.006248236946559435,1200,1.462594875223531,2.7750138893028184
9539,19554,0.006248236946559435,1200,1.0715677284653722,2.96241628307327
9540,19555,0.006248236946559435,1200,1.1899957134929027,2.893696825726349
9541,19556,0.006248236946559435,1200,1.2402251088854999,2.8875174917292763
9542,19557,0.006248236946559435,1200,1.9911812572477003,2.3160969154111477
9543,19558,0.006248236946559435,1200,1.3189957041200973,2.8346495358443153
9544,19559,0.006248236946559435,1200,1.4659345987226715,2.7671280861179226
9545,19560,0.006248236946559435,1200,1.3806440988038242,2.8151748268293644
9546,19561,0.006248236946559435,1200,1.0805646978140344,2.944948331732928
9547,19562,0.006248236946559435,1200,1.8001973851848532,2.5271993108455475
9548,19563,0.006248236946559435,1200,1.129817915195259,2.9442168479521156
9549,19564,0.006248236946559435,1200,1.065691714352932,2.9469933573876252
9550,19565,0.006248236946559435,1200,1.019961560894298,2.964646068588615
9551,19566,0.006248236946559435,1200,2.150384196507685,2.2313680883178515
9552,19567,0.006248236946559435,1200,2.0385354609174917,2.3425968305177447
9553,19568,0.006248236946559435,1200,1.517117583502292,2.7443315653180176
9554,19569,0.006248236946559435,1200,1.0678425759437749,2.959150212552495
9555,19570,0.006248236946559435,1200,1.4106208987105837,2.8178072778508407
9556,19571,0.006248236946559435,1200,1.2322955071598396,2.899344056308771
9557,19572,0.006248236946559435,1200,1.50748979543189,2.7580499237483918
9558,19573,0.006248236946559435,1200,1.0481532156648072,2.965646084896079
9559,19574,0.006248236946559435,1200,1.6960755369947846,2.6513189397314085
9560,19575,0.006248236946559435,1200,1.7592768690124896,2.5823037243370464
9561,19576,0.006248236946559435,1200,1.0228820834998475,2.9706243173021765
9562,19577,0.006248236946559435,1200,1.2536791006040526,2.8737653994109578
9563,19578,0.006248236946559435,1200,1.8326704222823627,2.499552744431784
9564,19579,0.006248236946559435,1200,1.7009836467494406,2.636638526690107
9565,19580,0.006248236946559435,1200,1.3584876032428148,2.822555876233013
9566,19581,0.006248236946559435,1200,1.293013145479923,2.8721504277309
9567,19582,0.006248236946559435,1200,1.6385139413004253,2.657563838343199
9568,19583,0.006248236946559435,1200,1.9127541700734725,2.4312893964136464
9569,19584,0.006248236946559435,1200,1.3755302144339319,2.8178774259023553
9570,19585,0.006248236946559435,1200,1.7901231740477985,2.5575695085218344
9571,19586,0.006248236946559435,1200,1.3842159252497548,2.7933389092771437
9572,19587,0.006248236946559435,1200,1.6203644056590751,2.7195272618014625
9573,19588,0.006248236946559435,1200,1.5971652071703608,2.681629302791522
9574,19589,0.006248236946559435,1200,1.8837670853844095,2.467478839969414
9575,19590,0.006248236946559435,1200,1.9352584128682242,2.493878798481859
9576,19591,0.006248236946559435,1200,2.0338744026811417,2.3832824491755495
9577,19592,0.006248236946559435,1200,1.0663646990853106,2.949676775892633
9578,19593,0.006248236946559435,1200,1.7544117220540918,2.574370440975499
9579,19594,0.006248236946559435,1200,1.1920917408117462,2.90189743537728
9580,19595,0.006248236946559435,1200,1.498236319602086,2.7348946766012574
9581,19596,0.006248236946559435,1200,1.2856899361746785,2.892815518723697
9582,19597,0.006248236946559435,1200,1.0612193890036545,2.955933297497466
9583,19598,0.006248236946559435,1200,1.2715984370313722,2.869049716882728
9584,19599,0.006248236946559435,1200,1.7932232417920517,2.5476737623763746
9585,19600,0.006248236946559435,1400,1.900134257606745,2.484693155414301
9586,19601,0.006248236946559435,1400,1.8440062059027824,2.5060481467991655
9587,19602,0.006248236946559435,1400,1.075885967961395,2.949132484973453
9588,19603,0.006248236946559435,1400,1.5648780486605665,2.688949277136715
9589,19604,0.006248236946559435,1400,1.6871635968807621,2.6410825626811643
9590,19605,0.006248236946559435,1400,2.001397812706094,2.402453529250921
9591,19606,0.006248236946559435,1400,1.3773310487692811,2.8096833791390714
9592,19607,0.006248236946559435,1400,2.649403722642002,1.7116260232393146
9593,19608,0.006248236946559435,1400,1.1073254090145386,2.925827302099475
9594,19609,0.006248236946559435,1400,2.1993818686377855,2.1629918774849948
9595,19610,0.006248236946559435,1400,2.5263084904122897,1.9401102809152402
9596,19611,0.006248236946559435,1400,1.6769456668496,2.659705412022718
9597,19612,0.006248236946559435,1400,2.2552598701193363,2.1444624689607856
9598,19613,0.006248236946559435,1400,1.107698685373818,2.939763923074028
9599,19614,0.006248236946559435,1400,1.6509520221884835,2.676580290344508
9600,19615,0.006248236946559435,1400,1.2987190355888745,2.858970800098829
9601,19616,0.006248236946559435,1400,1.0794386658871011,2.9536113236576327
9602,19617,0.006248236946559435,1400,2.1962545949009344,2.2321820185573804
9603,19618,0.006248236946559435,1400,1.5691829248065847,2.7374758498012186
9604,19619,0.006248236946559435,1400,1.5200841576681472,2.737678410891152
9605,19620,0.006248236946559435,1400,1.7668921072343928,2.545168138617906
9606,19621,0.006248236946559435,1400,1.3835796283393016,2.815690108219498
9607,19622,0.006248236946559435,1400,1.0996674621170435,2.941834185587068
9608,19623,0.006248236946559435,1400,1.1660032430990284,2.8950614247330426
9609,19624,0.006248236946559435,1400,1.049946626410256,2.952079305110586
9610,19625,0.006248236946559435,1400,1.8448750815533401,2.489859449115297
9611,19626,0.006248236946559435,1400,1.031792927344389,2.9686571060062112
9612,19627,0.006248236946559435,1400,1.4964316101616024,2.7600690004386443
9613,19628,0.006248236946559435,1400,1.5224793078633785,2.7167250090182695
9614,19629,0.006248236946559435,1400,1.4173949300071147,2.7700112405845174
9615,19630,0.006248236946559435,1400,1.2682677384762409,2.867796906880931
9616,19631,0.006248236946559435,1400,1.098688954051498,2.9562406829454675
9617,19632,0.006248236946559435,1400,2.0004987879913605,2.3592283809890993
9618,19633,0.006248236946559435,1400,1.7730788704555664,2.513910358513887
9619,19634,0.006248236946559435,1400,1.3265762760624953,2.8627610527354035
9620,19635,0.006248236946559435,1400,1.669248884934806,2.649239268455518
9621,19636,0.006248236946559435,1400,1.1998745854042565,2.906251220512538
9622,19637,0.006248236946559435,1400,1.6291569154140313,2.6426111016535865
9623,19638,0.006248236946559435,1400,1.5344248609198665,2.7122214957579467
9624,19639,0.006248236946559435,1400,1.3076306145836263,2.848464887915374
9625,19640,0.006248236946559435,1400,1.2567272394784648,2.847042284022075
9626,19641,0.006248236946559435,1400,1.2760510453542668,2.8659687576197515
9627,19642,0.006248236946559435,1400,1.662915330938644,2.6339608775821612
9628,19643,0.006248236946559435,1400,1.603372531494896,2.6813680437076606
9629,19644,0.006248236946559435,1400,1.642376489327908,2.618442763520874
9630,19645,0.006248236946559435,1400,1.2765145691625432,2.873922832208085
9631,19646,0.006248236946559435,1400,2.2271528333897317,2.2807916740374456
9632,19647,0.006248236946559435,1400,1.9392930277927078,2.4981615052843886
9633,19648,0.006248236946559435,1400,2.0196949406606697,2.3943690535448985
9634,19649,0.006248236946559435,1400,1.1035657237383956,2.946791911783903
9635,19650,0.006248236946559435,1400,1.4625348608309046,2.814522459049934
9636,19651,0.006248236946559435,1400,1.7300355487103567,2.6228671919989948
9637,19652,0.006248236946559435,1400,1.3851634237738155,2.8172144084238755
9638,19653,0.006248236946559435,1400,1.3131595979335637,2.8558002616368974
9639,19654,0.006248236946559435,1400,1.463819404615649,2.779656884762287
9640,19655,0.006248236946559435,1400,1.2495862669712845,2.8590614567947066
9641,19656,0.006248236946559435,1400,1.2088316100747298,2.8687923480232564
9642,19657,0.006248236946559435,1400,1.5073891929872303,2.7336047873607896
9643,19658,0.006248236946559435,1400,2.2932376701486463,2.141621062493457
9644,19659,0.006248236946559435,1400,1.319988378899804,2.854630776109377
9645,19660,0.006248236946559435,1400,1.0161815259044036,2.9663437042757623
9646,19661,0.006248236946559435,1400,1.6741774631149284,2.662942142846256
9647,19662,0.006248236946559435,1400,1.6573193805124269,2.6322052506492595
9648,19663,0.006248236946559435,1400,1.2409266952900457,2.8984848533490815
9649,19664,0.006248236946559435,1400,1.0545386285375076,2.953452720314867
9650,19665,0.006248236946559435,1400,1.8129209679816032,2.5095345055885363
9651,19666,0.006248236946559435,1400,1.2836656904036479,2.8610214896065154
9652,19667,0.006248236946559435,1400,1.778492984074648,2.5692355378930776
9653,19668,0.006248236946559435,1400,1.8813584150757188,2.5127140950297844
9654,19669,0.006248236946559435,1400,1.2687665949456157,2.8287174035552267
9655,19670,0.006248236946559435,1400,1.5068991390206052,2.7111138792959717
9656,19671,0.006248236946559435,1400,1.3697599690078026,2.8167352826005505
9657,19672,0.006248236946559435,1400,1.3681504105390387,2.8199646774667775
9658,19673,0.006248236946559435,1400,1.038660284644311,2.9759855121099927
9659,19674,0.006248236946559435,1400,1.3284236143984205,2.8393428193216272
9660,19675,0.006248236946559435,1400,1.4252632938769492,2.7800648660818212
9661,19676,0.006248236946559435,1400,1.0722580877408097,2.930980502031729
9662,19677,0.006248236946559435,1400,1.1381847681192039,2.9265149197302835
9663,19678,0.006248236946559435,1400,1.9037491746811033,2.4440835057858807
9664,19679,0.006248236946559435,1400,2.088256422052573,2.297408676557526
9665,19680,0.006248236946559435,1400,1.114862976053903,2.947070075291996
9666,19681,0.006248236946559435,1400,1.1284607773805913,2.9236598199171766
9667,19682,0.006248236946559435,1400,1.452615114293466,2.786476508136544
9668,19683,0.006248236946559435,1400,1.5240462705288986,2.7555294553578618
9669,19684,0.006248236946559435,1400,1.3263384780058265,2.8607343321222376
9670,19685,0.006248236946559435,1400,2.13134113512593,2.2749677422508756
9671,19686,0.006248236946559435,1400,1.54362641613846,2.7853025449487268
9672,19687,0.006248236946559435,1400,1.024723117111983,2.978286505938195
9673,19688,0.006248236946559435,1400,1.417988377017424,2.80636276720771
9674,19689,0.006248236946559435,1400,1.9564503306129741,2.4828400152252432
9675,19690,0.006248236946559435,1400,1.6109733729131572,2.6579113849262637
9676,19691,0.006248236946559435,1400,1.888748355291805,2.524400194624987
9677,19692,0.006248236946559435,1400,1.0038197112121856,2.9974728351963793
9678,19693,0.006248236946559435,1400,1.831592558079273,2.495440636480386
9679,19694,0.006248236946559435,1400,1.4667489346152849,2.745719340156729
9680,19695,0.006248236946559435,1400,1.5954125109700856,2.7182483817846235
9681,19696,0.006248236946559435,1400,1.1788418589076037,2.8888810614080542
9682,19697,0.006248236946559435,1400,2.3201007328203564,2.0735687803065184
9683,19698,0.006248236946559435,1400,1.7371259261029457,2.6059133138856874
9684,19699,0.006248236946559435,1400,1.1048189854658366,2.9464632668917643
9685,19700,0.006248236946559435,1600,1.9474975003992665,2.4214166851449344
9686,19701,0.006248236946559435,1600,1.4256085032270067,2.790888832215402
9687,19702,0.006248236946559435,1600,1.5393594487479572,2.729178744199255
9688,19703,0.006248236946559435,1600,1.063155791664799,2.95391794363345
9689,19704,0.006248236946559435,1600,1.1718224874547576,2.918326750349717
9690,19705,0.006248236946559435,1600,2.1566622885694384,2.340066637253423
9691,19706,0.006248236946559435,1600,2.126404009155615,2.2185587095498756
9692,19707,0.006248236946559435,1600,1.855753449087862,2.529074135162438
9693,19708,0.006248236946559435,1600,1.4904204856676309,2.7486308347820674
9694,19709,0.006248236946559435,1600,1.464466857744566,2.7727312718254993
9695,19710,0.006248236946559435,1600,1.7674658799457093,2.604597918469314
9696,19711,0.006248236946559435,1600,1.1799602440464736,2.920332188987336
9697,19712,0.006248236946559435,1600,1.329099170402376,2.8334818909049377
9698,19713,0.006248236946559435,1600,1.2404722956584342,2.9060967523149364
9699,19714,0.006248236946559435,1600,1.6218916637188499,2.6655660307873656
9700,19715,0.006248236946559435,1600,1.01671045754271,2.955265343590603
9701,19716,0.006248236946559435,1600,1.1234581543733904,2.927895754215016
9702,19717,0.006248236946559435,1600,1.775540385031014,2.5816169212223197
9703,19718,0.006248236946559435,1600,1.264044515383992,2.8643975811092797
9704,19719,0.006248236946559435,1600,1.3229669003870324,2.8414941552516066
9705,19720,0.006248236946559435,1600,1.0546593563652868,2.967777296015454
9706,19721,0.006248236946559435,1600,1.5552465562126847,2.7060592805894723
9707,19722,0.006248236946559435,1600,1.5749363200299875,2.6880341151592484
9708,19723,0.006248236946559435,1600,1.1208363625229119,2.9376488227771143
9709,19724,0.006248236946559435,1600,1.4244027930733538,2.8224937659384723
9710,19725,0.006248236946559435,1600,1.0837406471029023,2.946521611304715
9711,19726,0.006248236946559435,1600,2.1349129902629174,2.303980373948819
9712,19727,0.006248236946559435,1600,1.2274585332509627,2.8807033295430826
9713,19728,0.006248236946559435,1600,1.7140628659155648,2.6149731406466636
9714,19729,0.006248236946559435,1600,1.1823340780949059,2.9081585244416717
9715,19730,0.006248236946559435,1600,1.9807793519610688,2.444378906483741
9716,19731,0.006248236946559435,1600,1.9794447854828328,2.418865050640771
9717,19732,0.006248236946559435,1600,1.9267601850433085,2.479703857030283
9718,19733,0.006248236946559435,1600,1.510462784624569,2.7701122437708694
9719,19734,0.006248236946559435,1600,1.101091621378567,2.9280819601111974
9720,19735,0.006248236946559435,1600,1.4145349866127641,2.8103349646265174
9721,19736,0.006248236946559435,1600,1.8618228633931249,2.5034939069569595
9722,19737,0.006248236946559435,1600,1.5640083238663234,2.6854799305282766
9723,19738,0.006248236946559435,1600,1.1129592846897984,2.9301968776332985
9724,19739,0.006248236946559435,1600,1.1602229766562078,2.9095560674980936
9725,19740,0.006248236946559435,1600,1.160114427838523,2.952653951503254
9726,19741,0.006248236946559435,1600,1.7008750584795365,2.6015267920557315
9727,19742,0.006248236946559435,1600,1.0437638051424305,2.9635958277827337
9728,19743,0.006248236946559435,1600,1.0741843580319081,2.962905932964035
9729,19744,0.006248236946559435,1600,1.991916174741577,2.3854533462099825
9730,19745,0.006248236946559435,1600,1.3563315241510794,2.8585629662347634
9731,19746,0.006248236946559435,1600,2.2217842871116265,2.2754988293476273
9732,19747,0.006248236946559435,1600,1.0959191555253887,2.9391765200305655
9733,19748,0.006248236946559435,1600,1.5518818476873892,2.7148840006721633
9734,19749,0.006248236946559435,1600,1.7944905324802485,2.5296895382875215
9735,19750,0.006248236946559435,1600,2.171556973062171,2.230472538275078
9736,19751,0.006248236946559435,1600,1.3628623248905878,2.79131773243751
9737,19752,0.006248236946559435,1600,1.54553165125064,2.69626928469732
9738,19753,0.006248236946559435,1600,1.6363928342664722,2.696769016037257
9739,19754,0.006248236946559435,1600,1.4166495330380973,2.7435531335055585
9740,19755,0.006248236946559435,1600,1.5552414524509919,2.699338979040893
9741,19756,0.006248236946559435,1600,1.554699899685183,2.7312148133434233
9742,19757,0.006248236946559435,1600,1.9114825827577353,2.5078707295406915
9743,19758,0.006248236946559435,1600,1.1391519157685137,2.9320625038927983
9744,19759,0.006248236946559435,1600,1.643516486332453,2.6328274925272277
9745,19760,0.006248236946559435,1600,1.0341404501550397,2.9675773186863976
9746,19761,0.006248236946559435,1600,1.4448592968549687,2.7951843052643555
9747,19762,0.006248236946559435,1600,1.688800614708113,2.6197757116922857
9748,19763,0.006248236946559435,1600,1.0533187204361343,2.968240088277489
9749,19764,0.006248236946559435,1600,1.0457167798783473,2.9586068538742465
9750,19765,0.006248236946559435,1600,1.195591909098633,2.9033674003513594
9751,19766,0.006248236946559435,1600,1.6791837423232514,2.6547368805793212
9752,19767,0.006248236946559435,1600,1.307623590688713,2.8734516063314213
9753,19768,0.006248236946559435,1600,1.4869619779625662,2.7571136466473525
9754,19769,0.006248236946559435,1600,1.3096743935912523,2.853857714212955
9755,19770,0.006248236946559435,1600,2.196309194358233,2.2801577284192374
9756,19771,0.006248236946559435,1600,1.5554927382844392,2.7030220440633754
9757,19772,0.006248236946559435,1600,2.1021656730271046,2.3400144492281605
9758,19773,0.006248236946559435,1600,1.0280030726257583,2.9646058073927675
9759,19774,0.006248236946559435,1600,1.1076300103822014,2.9440499614732305
9760,19775,0.006248236946559435,1600,1.4357194686718722,2.761697893728251
9761,19776,0.006248236946559435,1600,1.0380689140977735,2.963288694787289
9762,19777,0.006248236946559435,1600,1.572376058993264,2.665599561749723
9763,19778,0.006248236946559435,1600,1.4474562757352925,2.7618175064185797
9764,19779,0.006248236946559435,1600,1.5994156170919818,2.6767988027749974
9765,19780,0.006248236946559435,1600,1.672255109659011,2.6791357489284673
9766,19781,0.006248236946559435,1600,1.541929394406123,2.7446199317294497
9767,19782,0.006248236946559435,1600,1.331163811844914,2.847460661991364
9768,19783,0.006248236946559435,1600,1.925911838621494,2.521433346759835
9769,19784,0.006248236946559435,1600,1.5278991109641682,2.7499016546683563
9770,19785,0.006248236946559435,1600,1.4490986100994165,2.7651850410862555
9771,19786,0.006248236946559435,1600,1.5532522642307094,2.7184470576143402
9772,19787,0.006248236946559435,1600,1.9142551516773474,2.478158650585776
9773,19788,0.006248236946559435,1600,1.8129784883689204,2.572945454177464
9774,19789,0.006248236946559435,1600,2.1972418452007503,2.188892913142859
9775,19790,0.006248236946559435,1600,1.981923818401227,2.4111961986268375
9776,19791,0.006248236946559435,1600,2.0589408386555843,2.3576186299292994
9777,19792,0.006248236946559435,1600,1.0873306257067428,2.9492858112305553
9778,19793,0.006248236946559435,1600,2.377528478757494,2.0537313130532007
9779,19794,0.006248236946559435,1600,1.8370744007104918,2.4738619978313636
9780,19795,0.006248236946559435,1600,1.143144107685558,2.921570865876108
9781,19796,0.006248236946559435,1600,1.671243128717525,2.680025155080651
9782,19797,0.006248236946559435,1600,2.14721447933119,2.281131383659301
9783,19798,0.006248236946559435,1600,1.149996631206296,2.918727455277969
9784,19799,0.006248236946559435,1600,1.1093632684166823,2.9339488748001443
9785,19800,0.006248236946559435,1800,1.100857908378018,2.920880625636549
9786,19801,0.006248236946559435,1800,1.867099666783039,2.497991179030591
9787,19802,0.006248236946559435,1800,1.246137415477898,2.8874155626909475
9788,19803,0.006248236946559435,1800,2.637163684020837,1.746786280407821
9789,19804,0.006248236946559435,1800,2.3158937248860463,2.0115103534325938
9790,19805,0.006248236946559435,1800,1.9475666572250643,2.4896252642565857
9791,19806,0.006248236946559435,1800,1.7283089022734928,2.6415015248414124
9792,19807,0.006248236946559435,1800,1.7216801761429483,2.662693351376315
9793,19808,0.006248236946559435,1800,1.4742673479158608,2.70266807683683
9794,19809,0.006248236946559435,1800,1.2761743114612898,2.8467550587180144
9795,19810,0.006248236946559435,1800,2.083852420919393,2.3330787566310773
9796,19811,0.006248236946559435,1800,1.6168273197641334,2.6832403645654748
9797,19812,0.006248236946559435,1800,1.6215725058129593,2.630267153422527
9798,19813,0.006248236946559435,1800,1.9906136127848182,2.4289171900204862
9799,19814,0.006248236946559435,1800,1.3712198949307344,2.8150403197979417
9800,19815,0.006248236946559435,1800,1.0302165157985523,2.991085407261905
9801,19816,0.006248236946559435,1800,1.0975794608320228,2.945284948134898
9802,19817,0.006248236946559435,1800,1.121554126188585,2.955803767311537
9803,19818,0.006248236946559435,1800,1.2965514726990706,2.871292368518559
9804,19819,0.006248236946559435,1800,1.5129764182626884,2.742532333731725
9805,19820,0.006248236946559435,1800,1.1433385527968773,2.920256149643685
9806,19821,0.006248236946559435,1800,1.77635707867918,2.5050984350181613
9807,19822,0.006248236946559435,1800,1.3925636916358655,2.8245930582677667
9808,19823,0.006248236946559435,1800,1.2187263521773128,2.88658348190689
9809,19824,0.006248236946559435,1800,1.283266927136619,2.8697064687496114
9810,19825,0.006248236946559435,1800,1.3963740571904564,2.799869685670354
9811,19826,0.006248236946559435,1800,1.1958914585412839,2.9045228073314897
9812,19827,0.006248236946559435,1800,1.4606141894769888,2.796209995472156
9813,19828,0.006248236946559435,1800,1.3345617813757633,2.8487526840350363
9814,19829,0.006248236946559435,1800,1.4065197908873996,2.7752129341033425
9815,19830,0.006248236946559435,1800,2.075665924573024,2.251103531567355
9816,19831,0.006248236946559435,1800,1.0867180489639614,2.944799223060051
9817,19832,0.006248236946559435,1800,1.4836824317683455,2.758358600096374
9818,19833,0.006248236946559435,1800,1.1200556520683835,2.9098749270951667
9819,19834,0.006248236946559435,1800,1.8294330172588933,2.4672035588247088
9820,19835,0.006248236946559435,1800,1.1679409410453099,2.899820574845889
9821,19836,0.006248236946559435,1800,1.589148315539863,2.659079211842134
9822,19837,0.006248236946559435,1800,1.9961229131013472,2.3526443948325344
9823,19838,0.006248236946559435,1800,1.4332847725827331,2.78390228250249
9824,19839,0.006248236946559435,1800,1.1098748528866345,2.931739926556249
9825,19840,0.006248236946559435,1800,1.3787372918969976,2.822962004404949
9826,19841,0.006248236946559435,1800,1.2062514252104741,2.8711542463179645
9827,19842,0.006248236946559435,1800,1.0656395835469779,2.9639090902263954
9828,19843,0.006248236946559435,1800,1.076356374198659,2.940532518620409
9829,19844,0.006248236946559435,1800,1.878161315050725,2.520128062216429
9830,19845,0.006248236946559435,1800,1.2607737803398718,2.8833447585551637
9831,19846,0.006248236946559435,1800,2.1681365892109534,2.2821041996623577
9832,19847,0.006248236946559435,1800,1.5462788398470217,2.7165193869327027
9833,19848,0.006248236946559435,1800,2.1265164272136112,2.3754596290365213
9834,19849,0.006248236946559435,1800,1.3516974399029908,2.8119591063954075
9835,19850,0.006248236946559435,1800,2.03682733560975,2.31622114206869
9836,19851,0.006248236946559435,1800,1.118047350505177,2.903882421704034
9837,19852,0.006248236946559435,1800,1.9161985830443105,2.414591200018598
9838,19853,0.006248236946559435,1800,1.6657415632239716,2.646325335198793
9839,19854,0.006248236946559435,1800,1.534339898207393,2.7310853730964295
9840,19855,0.006248236946559435,1800,1.0890267650678684,2.97780592941375
9841,19856,0.006248236946559435,1800,1.2845716298349326,2.8584591556698418
9842,19857,0.006248236946559435,1800,2.0398915149258823,2.332360006697553
9843,19858,0.006248236946559435,1800,1.5990405792074742,2.6613648685782887
9844,19859,0.006248236946559435,1800,1.4324764768469043,2.8006638615685118
9845,19860,0.006248236946559435,1800,1.0458039310238305,2.9716133730584176
9846,19861,0.006248236946559435,1800,1.1192863059302658,2.9270071217522347
9847,19862,0.006248236946559435,1800,1.1668426325224883,2.901771145246843
9848,19863,0.006248236946559435,1800,2.5130341140010324,1.8514016673676772
9849,19864,0.006248236946559435,1800,1.0259320254307462,2.9812498267920207
9850,19866,0.006248236946559435,1800,2.1229896808148103,2.2660981839444583
9851,19867,0.006248236946559435,1800,1.3259485069685129,2.8387198930489292
9852,19868,0.006248236946559435,1800,2.2680649234169463,2.134281178173591
9853,19869,0.006248236946559435,1800,1.1781363402492495,2.89906145677476
9854,19870,0.006248236946559435,1800,1.6356215443678217,2.668833467989689
9855,19871,0.006248236946559435,1800,1.9406883271543205,2.4148271630863936
9856,19872,0.006248236946559435,1800,1.6617819202052555,2.5981276458063984
9857,19873,0.006248236946559435,1800,1.0336147903176816,2.9589993212284185
9858,19874,0.006248236946559435,1800,1.4693753345132818,2.7406133215744415
9859,19875,0.006248236946559435,1800,1.9394364657453296,2.405866018750492
9860,19876,0.006248236946559435,1800,1.0344416719672511,2.9498713419134077
9861,19877,0.006248236946559435,1800,1.5575787944469772,2.713781634066149
9862,19878,0.006248236946559435,1800,1.3785312362916369,2.8289736939698247
9863,19879,0.006248236946559435,1800,1.490592460221404,2.733288023678322
9864,19880,0.006248236946559435,1800,1.1626312778273036,2.9206944808372364
9865,19881,0.006248236946559435,1800,1.585390207940615,2.7059633034934247
9866,19882,0.006248236946559435,1800,1.0929132364157266,2.9557000108712694
9867,19883,0.006248236946559435,1800,1.2670936980452214,2.8823006016233395
9868,19884,0.006248236946559435,1800,1.1405448354091816,2.932031761606452
9869,19885,0.006248236946559435,1800,1.8942556903905419,2.4580870511424413
9870,19886,0.006248236946559435,1800,2.5200002120598457,1.8759152608329313
9871,19887,0.006248236946559435,1800,1.9168395914067282,2.489876339275921
9872,19888,0.006248236946559435,1800,1.4987084857648019,2.7490127415749095
9873,19889,0.006248236946559435,1800,1.4728114757780313,2.7607496109606537
9874,19890,0.006248236946559435,1800,1.6672265031710218,2.6338714489136614
9875,19891,0.006248236946559435,1800,1.4380650115164928,2.8048424837515147
9876,19892,0.006248236946559435,1800,1.047067344251587,2.9585629285091932
9877,19893,0.006248236946559435,1800,1.326358129214351,2.8328753738556713
9878,19894,0.006248236946559435,1800,1.2160078047076197,2.903935009589315
9879,19895,0.006248236946559435,1800,1.8355595689920825,2.506360443335541
9880,19896,0.006248236946559435,1800,2.4748620632614977,1.9557951375282445
9881,19897,0.006248236946559435,1800,1.4038102423485803,2.806707049372985
9882,19898,0.006248236946559435,1800,1.183737485487177,2.914079999808675
9883,19899,0.006248236946559435,1800,1.1300616295831012,2.9202319773240197
9884,19900,0.006248236946559435,2000,1.5927375851597252,2.709554166641337
9885,19901,0.006248236946559435,2000,2.304595479416398,2.0949557380729287
9886,19902,0.006248236946559435,2000,1.7645506158864055,2.6036061675815096
9887,19903,0.006248236946559435,2000,1.3318541319747266,2.871705107895167
9888,19904,0.006248236946559435,2000,1.8501443035062741,2.507448254737217
9889,19905,0.006248236946559435,2000,2.21870673956732,2.2042164219989515
9890,19906,0.006248236946559435,2000,1.0831713844328825,2.958922616145824
9891,19907,0.006248236946559435,2000,1.6659424949161834,2.684832990126409
9892,19908,0.006248236946559435,2000,1.5111637341142525,2.735046379050348
9893,19909,0.006248236946559435,2000,2.138865197925193,2.2273613877242804
9894,19910,0.006248236946559435,2000,2.0679842922757863,2.3460486860639156
9895,19911,0.006248236946559435,2000,1.230177969999859,2.8766988305051804
9896,19912,0.006248236946559435,2000,1.3608447776944579,2.8328460619261566
9897,19913,0.006248236946559435,2000,1.2184803077313875,2.8955473549983304
9898,19914,0.006248236946559435,2000,2.609832156813896,1.7052021607414691
9899,19915,0.006248236946559435,2000,1.0007219078044691,2.983254418716283
9900,19916,0.006248236946559435,2000,1.0917615769777809,2.949921162977468
9901,19917,0.006248236946559435,2000,1.058179786250696,2.961339426563703
9902,19918,0.006248236946559435,2000,2.0672344881903677,2.291970057505472
9903,19919,0.006248236946559435,2000,1.1045596407516487,2.9656126431948335
9904,19920,0.006248236946559435,2000,1.3004758559233602,2.858164598620925
9905,19921,0.006248236946559435,2000,1.9044980034978856,2.46898189003222
9906,19922,0.006248236946559435,2000,1.9560694913955998,2.412883595957902
9907,19923,0.006248236946559435,2000,1.4952400676179773,2.7343737263075094
9908,19924,0.006248236946559435,2000,1.1397865497238446,2.9418934952111337
9909,19925,0.006248236946559435,2000,1.7510817035061073,2.599267056063417
9910,19926,0.006248236946559435,2000,1.2450756374002203,2.9057509763809444
9911,19927,0.006248236946559435,2000,1.3598853179021586,2.840240354276793
9912,19928,0.006248236946559435,2000,1.1146567146215547,2.940480673272495
9913,19929,0.006248236946559435,2000,1.4177084764446053,2.784333102520331
9914,19930,0.006248236946559435,2000,1.7067185952735144,2.623650362735602
9915,19931,0.006248236946559435,2000,1.0370173888929561,2.9537620230473296
9916,19932,0.006248236946559435,2000,1.4101487843476244,2.817922167329402
9917,19933,0.006248236946559435,2000,1.4597463899834038,2.7661109020924743
9918,19934,0.006248236946559435,2000,2.276221628231977,2.0944862721300845
9919,19935,0.006248236946559435,2000,1.5266219195286304,2.7522742717881465
9920,19936,0.006248236946559435,2000,1.9963445374681694,2.3669255868009857
9921,19937,0.006248236946559435,2000,1.4356619150797156,2.803448136988737
9922,19938,0.006248236946559435,2000,1.5429417272746098,2.7309201518103796
9923,19939,0.006248236946559435,2000,1.0531873135921048,2.9562364754274655
9924,19940,0.006248236946559435,2000,1.112119543809764,2.953392698159756
9925,19941,0.006248236946559435,2000,1.5453506274174043,2.750916745713831
9926,19942,0.006248236946559435,2000,1.0344217697720888,2.974478153126871
9927,19943,0.006248236946559435,2000,1.6850917908596599,2.621812909960824
9928,19944,0.006248236946559435,2000,1.7014861247021322,2.6396762212585307
9929,19945,0.006248236946559435,2000,1.7619047398954089,2.5667134997266094
9930,19946,0.006248236946559435,2000,2.4323385625881713,2.0068636954013703
9931,19947,0.006248236946559435,2000,2.044166099193255,2.342650738271991
9932,19948,0.006248236946559435,2000,2.166389947822027,2.1708970054597465
9933,19949,0.006248236946559435,2000,1.8702526649936466,2.5137510774796032
9934,19950,0.006248236946559435,2000,1.7511751255543822,2.577061765790295
9935,19951,0.006248236946559435,2000,1.1666083198655879,2.908969837881118
9936,19952,0.006248236946559435,2000,2.204868975610615,2.249458146540925
9937,19953,0.006248236946559435,2000,2.071961104605009,2.301437119128182
9938,19954,0.006248236946559435,2000,1.2143927489228228,2.8672359146998008
9939,19955,0.006248236946559435,2000,1.3499705379309828,2.8346448208908197
9940,19956,0.006248236946559435,2000,1.2428854797231355,2.8984449146029982
9941,19957,0.006248236946559435,2000,1.8009056999979869,2.5964249519957137
9942,19958,0.006248236946559435,2000,1.318273873750352,2.8416419004999787
9943,19959,0.006248236946559435,2000,1.5823944863705248,2.6742821995541686
9944,19960,0.006248236946559435,2000,1.2616258627399823,2.865095770630075
9945,19961,0.006248236946559435,2000,2.380666537554444,2.0278629846927103
9946,19962,0.006248236946559435,2000,2.0003228768337045,2.3658144775444057
9947,19963,0.006248236946559435,2000,1.2717563754176164,2.891999990148425
9948,19964,0.006248236946559435,2000,1.0404247776995676,2.9515096507140153
9949,19965,0.006248236946559435,2000,1.1330104426626322,2.933737199105976
9950,19966,0.006248236946559435,2000,2.1869334710589525,2.237451659681865
9951,19967,0.006248236946559435,2000,2.4900074591469066,1.929712093697231
9952,19968,0.006248236946559435,2000,1.9392908352050096,2.4749907363219346
9953,19969,0.006248236946559435,2000,1.4840335310709478,2.729812878762602
9954,19970,0.006248236946559435,2000,1.031900146989483,2.9915433085317504
9955,19971,0.006248236946559435,2000,1.2167922064431616,2.909199657876326
9956,19972,0.006248236946559435,2000,2.258640115182714,2.213016553127379
9957,19973,0.006248236946559435,2000,1.8659118519793687,2.503215245292376
9958,19974,0.006248236946559435,2000,1.271173559613573,2.867348457867469
9959,19975,0.006248236946559435,2000,1.2467569439568094,2.8864877103655213
9960,19976,0.006248236946559435,2000,1.035538226657798,2.9649579361991414
9961,19977,0.006248236946559435,2000,2.0174977041963666,2.427140656434646
9962,19978,0.006248236946559435,2000,1.3483105910897204,2.8474697287461628
9963,19979,0.006248236946559435,2000,1.5643191133673084,2.7403854756205233
9964,19980,0.006248236946559435,2000,1.5858737121928974,2.7135916216101377
9965,19981,0.006248236946559435,2000,1.706755128766395,2.6141066990537416
9966,19982,0.006248236946559435,2000,1.2319834184613228,2.903655793789315
9967,19983,0.006248236946559435,2000,2.1979106347697734,2.2373470230385037
9968,19984,0.006248236946559435,2000,1.3583005079513542,2.8257954826974374
9969,19985,0.006248236946559435,2000,1.5771486337565663,2.6690914184226484
9970,19986,0.006248236946559435,2000,2.1447474777946884,2.322344447049818
9971,19987,0.006248236946559435,2000,1.9796848287089162,2.446268915023066
9972,19988,0.006248236946559435,2000,1.814351600991353,2.549328620452296
9973,19989,0.006248236946559435,2000,1.5223416672043704,2.711688534831073
9974,19990,0.006248236946559435,2000,1.0353791069593066,2.9855730444751005
9975,19991,0.006248236946559435,2000,1.4122662229882397,2.8091234500898943
9976,19992,0.006248236946559435,2000,1.4714649201544145,2.765527021813092
9977,19993,0.006248236946559435,2000,1.6374686378770398,2.6985422175970557
9978,19994,0.006248236946559435,2000,1.1313248818512829,2.9283715687227847
9979,19995,0.006248236946559435,2000,1.3523331916566712,2.854890448469829
9980,19996,0.006248236946559435,2000,1.2040462059523955,2.882428257430875
9981,19997,0.006248236946559435,2000,2.002399975433744,2.419393872108794
9982,19998,0.006248236946559435,2000,1.468189425784987,2.7794301958721075
9983,19999,0.006248236946559435,2000,1.1091152566544833,2.947913538959532
