,exp,beta_i,t0,std,mean
0,20000,1.0,200,0.9979570281022927,3.0000721721993178
1,20001,1.0,200,0.999555319042471,2.9824389652836114
2,20002,1.0,200,1.0138457279920647,2.9783270034718994
3,20003,1.0,200,1.007616527009223,2.986307583266195
4,20004,1.0,200,1.0109102051116243,3.000042241695142
5,20005,1.0,200,0.9992784459280786,2.9905860817534675
6,20006,1.0,200,0.9891590907702168,2.9785129862149606
7,20007,1.0,200,0.9952243674295769,2.9886019370922297
8,20008,1.0,200,0.9934365646624765,2.9712517769546354
9,20009,1.0,200,1.0086286000362,2.9947327311152336
10,20010,1.0,200,1.0015032346747512,3.009325601953886
11,20011,1.0,200,0.9957757706420061,2.9857258370443605
12,20012,1.0,200,1.0019536796954207,2.9879695455961253
13,20013,1.0,200,1.0004543571124442,2.9890830885562507
14,20014,1.0,200,0.9879206041705239,2.988342570637264
15,20015,1.0,200,1.0179520954688202,2.9836758040148026
16,20016,1.0,200,1.0004234009269677,2.999721998201331
17,20017,1.0,200,0.9902500712364318,2.988292765502062
18,20018,1.0,200,0.9937697755194549,2.9888310498323434
19,20019,1.0,200,0.9924731202364223,2.980315136133564
20,20020,1.0,200,1.0035879989783123,2.9840235468565246
21,20021,1.0,200,1.0005691129342709,2.9801501922701674
22,20022,1.0,200,1.0045054894997225,2.9924297285232053
23,20023,1.0,200,0.9973187332955821,2.988845960341771
24,20024,1.0,200,0.9979066159324906,2.9953495770716274
25,20025,1.0,200,1.0045989079406688,2.9819516394463714
26,20026,1.0,200,1.0061897396407309,2.998582365938948
27,20027,1.0,200,1.0043990251576145,2.991815213327498
28,20028,1.0,200,1.0026093361749322,2.978143183317201
29,20029,1.0,200,0.9916971376082813,2.9884100443138015
30,20030,1.0,200,1.0003247032449771,2.9645737710340496
31,20031,1.0,200,0.9982498106313591,2.9898894233142137
32,20032,1.0,200,1.004192668632086,2.98288161380769
33,20033,1.0,200,1.0043506428270437,2.9862330645329984
34,20034,1.0,200,1.001766363215027,2.995587924080273
35,20035,1.0,200,0.9922475033160565,2.9803724807010648
36,20036,1.0,200,1.0011716380526636,3.008045351433715
37,20037,1.0,200,0.9933477203355702,2.987274569210975
38,20038,1.0,200,1.0095453607887943,2.9686485894805417
39,20039,1.0,200,1.0171879115636249,2.979041029273981
40,20040,1.0,200,0.9839698453596093,2.969066986634494
41,20041,1.0,200,0.9982451387005808,3.0033469718161214
42,20042,1.0,200,1.0012917779860429,2.9910593477253506
43,20043,1.0,200,0.984897887060223,2.9879523629558524
44,20044,1.0,200,0.9945121002664379,3.0075723414074806
45,20045,1.0,200,1.0037282374080365,2.9965247648626985
46,20046,1.0,200,1.0066381182324293,2.9722673655392375
47,20047,1.0,200,0.9980463412581079,2.975921130182306
48,20048,1.0,200,0.9993816170220011,2.9970918384614524
49,20049,1.0,200,0.988549195553283,2.980071469611272
50,20050,1.0,200,0.9985815781581472,2.9972698109046987
51,20051,1.0,200,0.9981251221525358,3.004982588592479
52,20052,1.0,200,1.0025430084812061,2.969067297121825
53,20053,1.0,200,1.0016480268942212,2.9841429991466972
54,20054,1.0,200,1.0075175955843374,2.990055012858478
55,20055,1.0,200,0.991363791854341,2.9931483344377154
56,20056,1.0,200,1.0056205767191977,3.0028056850700975
57,20057,1.0,200,1.0053120700115563,2.9824272679425006
58,20058,1.0,200,1.0075656553454215,2.990215740387561
59,20059,1.0,200,1.0079386787681512,2.985339741865229
60,20060,1.0,200,1.008573656716859,2.9770796896842184
61,20061,1.0,200,0.9918088340525978,2.9910233378063755
62,20062,1.0,200,1.0042431944300136,2.9758150712241798
63,20063,1.0,200,0.9983423056580506,2.9865555406953748
64,20064,1.0,200,1.0120360750713353,2.9755911265169552
65,20065,1.0,200,1.002533472254671,2.9837841941462506
66,20066,1.0,200,1.0026784289924087,2.9797680187459235
67,20067,1.0,200,1.002983743610724,2.983458221674291
68,20068,1.0,200,1.006306322598979,2.987114054265725
69,20069,1.0,200,1.0065038533423454,3.00093308034235
70,20070,1.0,200,1.0048848801706622,2.9977798325364637
71,20071,1.0,200,0.9998916944571883,2.992812871937899
72,20072,1.0,200,1.0066598372048035,3.0004581683916003
73,20073,1.0,200,0.9974300938242597,2.964229741044433
74,20074,1.0,200,1.0034896023743767,2.9836345087908076
75,20075,1.0,200,0.9910663964933988,2.9770937396912336
76,20076,1.0,200,1.005832121075132,2.972352064633952
77,20077,1.0,200,1.0056139680601246,2.9692043350382495
78,20078,1.0,200,1.0011109294366807,2.978603519938717
79,20079,1.0,200,1.0023576068719215,2.970887304379553
80,20080,1.0,200,0.9927213032993029,2.975199164788023
81,20081,1.0,200,0.9906416070750778,2.988822239053244
82,20082,1.0,200,1.0075333397920976,2.9909370254651577
83,20083,1.0,200,1.006983547105683,3.00351236080039
84,20084,1.0,200,0.9873039426355801,2.978342068602978
85,20085,1.0,200,0.9817445914655318,2.9965921071574044
86,20086,1.0,200,1.016350956074302,2.990979377309293
87,20087,1.0,200,1.0048640218687996,2.9897138760253634
88,20088,1.0,200,0.9931868180181518,3.002017295151954
89,20089,1.0,200,0.9997985714185909,2.98728579362042
90,20090,1.0,200,1.018204121250443,2.972028671909985
91,20091,1.0,200,0.9977489287334989,2.982083511341558
92,20092,1.0,200,1.0025427141371426,2.9857478070065353
93,20093,1.0,200,0.9970952217693316,2.988381922442051
94,20094,1.0,200,0.9882741577253649,2.991828462008703
95,20095,1.0,200,0.9917632296981788,2.998339009684014
96,20096,1.0,200,0.9952829914663732,2.995956392553046
97,20097,1.0,200,0.9912442745600527,2.995923752247852
98,20098,1.0,200,0.999814663191237,2.993436939686457
99,20099,1.0,200,1.0130598015704586,2.9996461401298005
100,20100,1.0,400,0.992775783229677,2.9873638919199026
101,20101,1.0,400,0.998923319841005,2.9744369440446894
102,20102,1.0,400,1.0050786561190221,2.9915327585666693
103,20103,1.0,400,1.001443774394294,2.9961668863241013
104,20104,1.0,400,1.0065571330969967,2.9757070462161486
105,20105,1.0,400,1.0073288839330168,2.9705372239847128
106,20106,1.0,400,0.9938906734367331,2.9869222191172584
107,20107,1.0,400,1.0068766245497591,2.9960725905033128
108,20108,1.0,400,1.0042938154301546,2.9729353433196812
109,20109,1.0,400,1.00061776518899,3.0028922295838782
110,20110,1.0,400,1.003138209024791,2.976617695098347
111,20111,1.0,400,1.0118258572407677,2.9887774366427053
112,20112,1.0,400,1.002565759296481,2.996126834984824
113,20113,1.0,400,1.006140210675122,3.0034391305433012
114,20114,1.0,400,1.0002733505831896,3.001081127189395
115,20115,1.0,400,1.000488883430605,2.9881661087722544
116,20116,1.0,400,1.0134697945581321,2.9989471257584435
117,20117,1.0,400,0.9992936482108007,2.9979869799553236
118,20118,1.0,400,1.0074894332631954,2.989938650396053
119,20119,1.0,400,1.0069620119221463,2.9866268308473254
120,20120,1.0,400,1.0147119768911896,2.971945909886694
121,20121,1.0,400,1.006894593469855,2.984816822455422
122,20122,1.0,400,1.0041066795788343,2.983572875429597
123,20123,1.0,400,0.9903828259262142,2.994374137916404
124,20124,1.0,400,1.0042045208907546,2.9974412122771197
125,20125,1.0,400,1.0038954983809625,2.9780716398146603
126,20126,1.0,400,1.0004495717728685,2.985218036956581
127,20127,1.0,400,1.0060973959336175,2.991070667346526
128,20128,1.0,400,0.9991026729200122,2.988424109864349
129,20129,1.0,400,0.9870265218065143,3.0001950152154953
130,20130,1.0,400,0.996728484766472,2.9866800923781343
131,20131,1.0,400,1.0039561196245956,2.972789523160574
132,20132,1.0,400,1.0003849133585232,2.991284381193026
133,20133,1.0,400,0.994504992897124,2.984384889702959
134,20134,1.0,400,0.9980181403653013,2.9969067636828326
135,20135,1.0,400,0.9931885316707326,2.9945941294935863
136,20136,1.0,400,1.0110420300157958,2.993897839110264
137,20137,1.0,400,1.0030385677863056,2.9991910566097206
138,20138,1.0,400,0.9908982018655967,2.986240274541438
139,20139,1.0,400,0.9946786174383122,2.972052317510887
140,20140,1.0,400,1.0037664416317693,2.9887780655456435
141,20141,1.0,400,0.9957224407133343,2.9871444658912916
142,20142,1.0,400,1.0059072600154322,2.9973243207447124
143,20143,1.0,400,0.9950763867417146,2.98845958837272
144,20144,1.0,400,0.9972220183312978,2.983989864506807
145,20145,1.0,400,1.0051838488949005,3.0016542802815325
146,20146,1.0,400,1.0037297998803587,2.983742621674585
147,20147,1.0,400,1.0006503608295994,2.9739674781366014
148,20148,1.0,400,0.9951269238929703,2.978154771416324
149,20149,1.0,400,0.9906749081818027,2.979740612575116
150,20150,1.0,400,1.0061632680731525,2.990493383784229
151,20151,1.0,400,1.0078323367005049,2.9780839054733996
152,20152,1.0,400,1.0068688157520533,2.9818726412580627
153,20153,1.0,400,0.9914973429769832,2.985243826320627
154,20154,1.0,400,1.0115712542567434,2.9829836908694185
155,20155,1.0,400,0.9950575011150257,2.984771862615419
156,20156,1.0,400,0.9897268945430134,2.99031654591183
157,20157,1.0,400,1.0035619891398189,2.985237201048094
158,20158,1.0,400,0.9973718879727367,2.9939577123175978
159,20159,1.0,400,1.0018487752382,2.9976480316953906
160,20160,1.0,400,0.9906869413974144,2.9860642340870296
161,20161,1.0,400,0.9884243094587944,2.988152855793769
162,20162,1.0,400,1.0178162964275987,2.980140846772435
163,20163,1.0,400,1.0037765385526662,2.9853784458460004
164,20164,1.0,400,0.9998131150584124,3.001555482085963
165,20165,1.0,400,1.0098859328665248,2.977778509721135
166,20166,1.0,400,0.9962428660883145,2.9867037979149216
167,20167,1.0,400,1.006678736188983,2.9853250149235047
168,20168,1.0,400,1.0125410441131875,2.9936829740609627
169,20169,1.0,400,0.9975024193961112,2.9941821919783655
170,20170,1.0,400,0.9994152560770425,2.9965003347441965
171,20171,1.0,400,1.0093023823286422,2.9877526265694248
172,20172,1.0,400,1.015187523100532,2.985227270549261
173,20173,1.0,400,0.9805819851774802,2.978951045371848
174,20174,1.0,400,1.0168050727102815,2.985733029064992
175,20175,1.0,400,1.0005156096001318,2.9839303033283784
176,20176,1.0,400,0.9872016013920704,2.9866809280968516
177,20177,1.0,400,0.9996633666959418,2.9789531709966375
178,20178,1.0,400,1.0126568412695045,2.984007284786132
179,20179,1.0,400,0.9921713401158954,2.985030251611911
180,20180,1.0,400,0.9906826592784734,2.9954443758216263
181,20181,1.0,400,0.9910600890867947,3.0063442569217096
182,20182,1.0,400,1.0040878009513503,2.9816297013236244
183,20183,1.0,400,0.9995941205266572,2.9965254709958624
184,20184,1.0,400,1.0060031513076744,2.9737893204023758
185,20185,1.0,400,1.0058190324829934,2.9754629325930892
186,20186,1.0,400,1.0119897902382307,2.9742763040232716
187,20187,1.0,400,1.0081165812844382,2.9993930117711605
188,20188,1.0,400,1.0078056261011037,2.987947571207964
189,20189,1.0,400,0.9946278504150661,2.98738460245213
190,20190,1.0,400,0.9963888587457529,2.998001340944488
191,20191,1.0,400,1.0050988685056241,2.9661707958406676
192,20192,1.0,400,0.9861232718862167,2.989430291688131
193,20193,1.0,400,1.0103071546596212,2.9932772384083517
194,20194,1.0,400,0.9988104082258946,2.9917522656492963
195,20195,1.0,400,1.0109239386851738,2.9909118952708855
196,20196,1.0,400,1.004058350629115,2.9839474758733338
197,20197,1.0,400,1.0023178613385348,2.968355743280287
198,20198,1.0,400,0.9940785335880266,3.0105682940607474
199,20199,1.0,400,0.9999161554759066,3.0031465705419733
200,20200,1.0,600,0.9993788227528281,3.007333665837961
201,20201,1.0,600,0.9846285402785229,2.9838403153778
202,20202,1.0,600,0.9967273822509579,2.98380530148821
203,20203,1.0,600,0.9988874809515893,2.9823987090685415
204,20204,1.0,600,0.9908385677838851,2.9923377074397104
205,20205,1.0,600,1.0006710635628466,2.9947764923447875
206,20206,1.0,600,1.0035884696702508,2.989329249958991
207,20207,1.0,600,1.0002663640561726,2.986606506929748
208,20208,1.0,600,1.0112350849630658,2.9870982039658966
209,20209,1.0,600,1.005242082569374,2.9697576078624324
210,20210,1.0,600,0.994133715883553,2.9869602495410317
211,20211,1.0,600,1.004060211022892,2.9906072482690305
212,20212,1.0,600,1.0040644629632514,2.9937889467616396
213,20213,1.0,600,1.0006126276928247,2.988566123613553
214,20214,1.0,600,1.0143288725538009,2.976516545833024
215,20215,1.0,600,1.015080189636065,2.9706139077022256
216,20216,1.0,600,1.0121227648966338,2.9898049169754484
217,20217,1.0,600,0.9947509768638749,2.990983931313345
218,20218,1.0,600,0.9935600911531681,2.9790061948243753
219,20219,1.0,600,1.0011854708664285,2.992353379515102
220,20220,1.0,600,0.9878530083492819,2.9815796215077173
221,20221,1.0,600,1.0109067555971847,2.988868996443639
222,20222,1.0,600,1.0065037534318517,2.9876403485655074
223,20223,1.0,600,0.9981500169127923,2.9824310285738855
224,20224,1.0,600,0.9978299667821593,2.982934217086038
225,20225,1.0,600,1.0030283785206995,2.9881766340100215
226,20226,1.0,600,1.005830692191925,2.986673186556622
227,20227,1.0,600,0.9973482440910078,3.0132674720313934
228,20228,1.0,600,0.9951187838536824,2.979920911149466
229,20229,1.0,600,0.9949479815132823,2.9780066657257533
230,20230,1.0,600,0.9978345890916991,2.9855091522167143
231,20231,1.0,600,1.0026496823725888,2.985923286702691
232,20232,1.0,600,1.001750920091486,2.9763686940130616
233,20233,1.0,600,1.0120118744253368,3.0001932192408405
234,20234,1.0,600,1.0002201506466557,2.9769185452752303
235,20235,1.0,600,0.9991054706600044,2.9928005790597503
236,20236,1.0,600,1.0055938516397442,2.9716186173619623
237,20237,1.0,600,1.0034670384637416,2.996413847042162
238,20238,1.0,600,1.0016604891132777,2.9777488051489556
239,20239,1.0,600,1.0118264870944713,3.004610731098753
240,20240,1.0,600,1.0098324759809418,2.990134106970582
241,20241,1.0,600,1.0010844859390016,2.985690768675357
242,20242,1.0,600,0.9887648444713028,3.003017440671576
243,20243,1.0,600,0.9977224074669593,2.9818203709510427
244,20244,1.0,600,0.9985174632009827,2.976614739910437
245,20245,1.0,600,1.0069903901617034,2.9692144934300484
246,20246,1.0,600,1.003908174653473,2.9760058951285506
247,20247,1.0,600,1.0084418098861978,2.972776651280486
248,20248,1.0,600,1.0004417049244756,2.9909306888458955
249,20249,1.0,600,1.006974434659771,3.0030893423339293
250,20250,1.0,600,1.0047914801283793,2.992442109029556
251,20251,1.0,600,1.0068914087835026,2.992495442953408
252,20252,1.0,600,0.9898004846926105,2.993112005327156
253,20253,1.0,600,0.9991653640821866,2.98165217764529
254,20254,1.0,600,1.004065697490185,2.979406474925278
255,20255,1.0,600,1.011548537040938,3.0050060264918956
256,20256,1.0,600,1.0005082342397047,2.9787225551716707
257,20257,1.0,600,1.010405495733611,2.996998616743594
258,20258,1.0,600,0.9915002493048257,2.992339448647899
259,20259,1.0,600,0.9991725704268939,2.981147953003699
260,20260,1.0,600,0.9986543874539633,2.9891216742732385
261,20261,1.0,600,0.995528833715013,2.9781855454849895
262,20262,1.0,600,1.0086341454398973,2.985132775588918
263,20263,1.0,600,0.9859397154929515,3.002134007742743
264,20264,1.0,600,0.9992695105960786,2.9874668805405955
265,20265,1.0,600,0.9993747930845404,2.975688967763899
266,20266,1.0,600,1.0052790459996641,2.9677329109913595
267,20267,1.0,600,0.9981267952259699,2.9810120185128772
268,20268,1.0,600,1.001631461050955,2.9885622515349946
269,20269,1.0,600,1.0129984248427906,2.9717796119550632
270,20270,1.0,600,1.0046342018713257,2.983495057688359
271,20271,1.0,600,0.9828942398143485,2.9955244926912323
272,20272,1.0,600,0.9990598721826677,2.9887248887543456
273,20273,1.0,600,1.0068290089044023,2.981472021446935
274,20274,1.0,600,0.9951763009753734,2.996476856870209
275,20275,1.0,600,1.0067717900815443,2.996457122751271
276,20276,1.0,600,0.9961472204373555,2.995496071854348
277,20277,1.0,600,1.0016254907313231,2.99261556663239
278,20278,1.0,600,1.0106413701834192,3.006894509176583
279,20279,1.0,600,0.997213983228885,2.971548232484818
280,20280,1.0,600,1.0065355461973071,2.988511125989933
281,20281,1.0,600,1.002613039201408,2.9844815472567263
282,20282,1.0,600,1.0059245821513467,2.984625324383466
283,20283,1.0,600,1.0050277750292607,2.9865221516375233
284,20284,1.0,600,0.9967036464983924,2.9801184297169483
285,20285,1.0,600,0.9967785522843222,2.9860917686809083
286,20286,1.0,600,1.0006156470400493,2.9899555714489146
287,20287,1.0,600,0.9961616472556484,3.0056516931421315
288,20288,1.0,600,1.0061371748314052,2.989959841343917
289,20289,1.0,600,1.002621675951477,2.9955294978813045
290,20290,1.0,600,0.9950894755432506,2.982067681703178
291,20291,1.0,600,1.001266057892096,2.9944824985977267
292,20292,1.0,600,1.0024018554483558,2.9900692656964103
293,20293,1.0,600,1.0003799127835715,2.984594278154259
294,20294,1.0,600,1.0052499674423956,2.9859479941055715
295,20295,1.0,600,0.9935270601504544,2.989819314995276
296,20296,1.0,600,1.0113507419671,2.996969992175538
297,20297,1.0,600,1.026065095924828,2.964035245399859
298,20298,1.0,600,1.0081730964671034,3.0059366918391115
299,20299,1.0,600,0.9895493206639173,2.9799175459877913
300,20300,1.0,800,0.993654557959549,2.987195805962336
301,20301,1.0,800,0.9986616336666077,2.9906788515135365
302,20302,1.0,800,1.007970908217548,3.000475166331627
303,20303,1.0,800,0.9956218108193461,2.9951383909148475
304,20304,1.0,800,1.0070125843089803,2.9954108496017264
305,20305,1.0,800,0.9929177226580348,2.9751128771391984
306,20306,1.0,800,1.0073609237578132,2.9879157887832304
307,20307,1.0,800,1.0122158116329976,2.9838870497139367
308,20308,1.0,800,1.0089219611425093,2.9897791254955797
309,20309,1.0,800,1.0006121789879365,2.9750169609925057
310,20310,1.0,800,1.0011931599467525,2.981912808860311
311,20311,1.0,800,1.0041524735456986,2.9707200329832624
312,20312,1.0,800,1.003577445222398,2.9939615838966063
313,20313,1.0,800,1.0105705669932399,2.988530078858093
314,20314,1.0,800,0.997194534985861,2.9944031703649507
315,20315,1.0,800,1.0057145631836604,2.9928467356760917
316,20316,1.0,800,1.0088517893323299,3.006288135944884
317,20317,1.0,800,0.9922127198481338,2.992721779765325
318,20318,1.0,800,1.0002058047588647,2.98028844942598
319,20319,1.0,800,1.0034026388416344,2.986866272680708
320,20320,1.0,800,1.0015462479068276,2.98139077129444
321,20321,1.0,800,0.9995991612826394,2.98439250197823
322,20322,1.0,800,0.996911540634988,2.9812261082070197
323,20323,1.0,800,0.9996650319302558,2.986411133093182
324,20324,1.0,800,0.9937389166667294,2.9965139644008287
325,20325,1.0,800,1.003602103787398,2.9940860130934386
326,20326,1.0,800,0.9959078586787996,3.0021951924434296
327,20327,1.0,800,0.9852403659524548,2.993858143175932
328,20328,1.0,800,1.0062049374137028,3.0059051350671564
329,20329,1.0,800,0.9995076982523587,2.987593041356544
330,20330,1.0,800,0.996758712590388,2.9920169323855013
331,20331,1.0,800,1.0010982389275633,3.005230542850544
332,20332,1.0,800,0.9936056515150247,2.9944865909775764
333,20333,1.0,800,0.9979483641277529,2.9882909101260484
334,20334,1.0,800,1.002850446124106,2.974300549640751
335,20335,1.0,800,1.000447888272982,2.9882653359235265
336,20336,1.0,800,1.0075328244125334,2.9863003497527703
337,20337,1.0,800,1.0051582823159217,2.9871411493855606
338,20338,1.0,800,1.013268019791565,2.983069460813753
339,20339,1.0,800,0.98621347413533,2.987731480517474
340,20340,1.0,800,0.9962718587490593,2.9724852901469463
341,20341,1.0,800,0.99919501163763,2.9914247539538485
342,20342,1.0,800,0.9984902602121319,3.011962228644599
343,20343,1.0,800,1.0031872804384625,2.9900094472555265
344,20344,1.0,800,0.9854525744091098,2.987745191933798
345,20345,1.0,800,1.0013913907391794,2.994087330240806
346,20346,1.0,800,0.9957717692591486,2.992168161471961
347,20347,1.0,800,1.0099964807149253,3.0106141340298826
348,20348,1.0,800,1.0101430593061556,2.994939308051383
349,20349,1.0,800,0.9963675068826537,2.9975108748293526
350,20350,1.0,800,1.0044043827651479,3.002189171490305
351,20351,1.0,800,0.9991054197995837,2.986213420743163
352,20352,1.0,800,0.9901551285919684,2.9891779569438364
353,20353,1.0,800,0.9852746451455946,2.982237296684549
354,20354,1.0,800,1.0018153205557176,3.0019784672760603
355,20355,1.0,800,1.0072122850847192,2.9857608748427564
356,20356,1.0,800,1.014376863908962,2.9807123293048847
357,20357,1.0,800,1.003116573907467,2.986749077861208
358,20358,1.0,800,1.0143404853886542,2.991529575410919
359,20359,1.0,800,0.9966228088792789,2.991226122363896
360,20360,1.0,800,0.9823171317351045,2.988388794832326
361,20361,1.0,800,1.0050280837985592,2.983581375557246
362,20362,1.0,800,1.004369618357924,2.9845523245056036
363,20363,1.0,800,0.998460186833762,2.984383369013056
364,20364,1.0,800,0.9914638178159226,2.999415670670719
365,20365,1.0,800,1.0056678547276416,2.9984674239935254
366,20366,1.0,800,1.0020057227573589,2.9913665013930504
367,20367,1.0,800,1.0112286650636704,2.985005166637412
368,20368,1.0,800,0.9974757043399578,2.969820469803741
369,20369,1.0,800,0.999141492154148,2.97832936004233
370,20370,1.0,800,0.9961922901938502,2.9855967048582674
371,20371,1.0,800,0.9877097157363343,2.978533107935277
372,20372,1.0,800,1.000894792621373,2.9781299520569062
373,20373,1.0,800,0.9905045964506988,2.980862932782226
374,20374,1.0,800,1.0156964394259078,2.9902841308424306
375,20375,1.0,800,1.0036683332435585,2.9824275782295637
376,20376,1.0,800,1.0042393729594048,2.9761136548729725
377,20377,1.0,800,0.9990168996373955,2.9725218222305814
378,20378,1.0,800,1.0056618018329189,2.9936559946414985
379,20379,1.0,800,0.999788966220415,2.9779794163235733
380,20380,1.0,800,0.99633311806406,2.991431329180223
381,20381,1.0,800,1.0085264840074342,2.9705367764850985
382,20382,1.0,800,0.9913737592274321,2.9890600311903097
383,20383,1.0,800,0.9942981664547904,2.992262995880309
384,20384,1.0,800,0.997491244321021,2.9952167714754885
385,20385,1.0,800,1.0057219957757506,2.9772586130728613
386,20386,1.0,800,1.0084276162041816,2.981166019468808
387,20387,1.0,800,0.999566499045085,3.008006468545116
388,20388,1.0,800,0.9886681008012882,2.9841098148460614
389,20389,1.0,800,1.00241210831653,2.99050281906294
390,20390,1.0,800,1.0065290531638644,2.9964960808911894
391,20391,1.0,800,1.0106199254775574,2.999330496368613
392,20392,1.0,800,0.9924567816227992,3.0016595006527234
393,20393,1.0,800,1.0039909262038553,3.00116513698693
394,20394,1.0,800,1.004430494495842,3.0059407825483677
395,20395,1.0,800,0.992669390497692,2.978708726355923
396,20396,1.0,800,0.9884525614265053,2.998605127417023
397,20397,1.0,800,0.9937079294389795,2.988910801818365
398,20398,1.0,800,0.9928831941409758,2.9876466893314957
399,20399,1.0,800,0.9900308564252184,2.98177005620468
400,20400,1.0,1000,0.9968781812154631,3.0060795109366096
401,20401,1.0,1000,1.0146007398709798,2.9868678610012807
402,20402,1.0,1000,0.9940450271562359,2.989258579183846
403,20403,1.0,1000,0.9970959049455089,2.990403349907773
404,20404,1.0,1000,0.994545006860226,2.9991572765819123
405,20405,1.0,1000,1.0009463904668499,2.9951977134814407
406,20406,1.0,1000,0.9998257219484522,2.996385179501767
407,20407,1.0,1000,0.9965412133699958,2.9777994938020194
408,20408,1.0,1000,1.0063658552741273,3.0005211953559128
409,20409,1.0,1000,1.0076085350288402,2.9739868972341745
410,20410,1.0,1000,0.9857421345555502,2.9913569560122397
411,20411,1.0,1000,1.0017379354298395,2.9966456880022947
412,20412,1.0,1000,1.0047685307637624,2.990182016931168
413,20413,1.0,1000,0.9993058088477488,2.9919682466090642
414,20414,1.0,1000,1.0086899590550753,2.9713920231421036
415,20415,1.0,1000,0.983038402770999,2.980524084973072
416,20416,1.0,1000,0.9997459527762587,2.984500384208542
417,20417,1.0,1000,1.012416447859748,2.9949108882845454
418,20418,1.0,1000,0.999811549454064,2.986655102085962
419,20419,1.0,1000,0.9944024614375992,3.003747379433915
420,20420,1.0,1000,0.9955595457582698,2.9867591745059876
421,20421,1.0,1000,1.0048327668479176,2.9979508161934825
422,20422,1.0,1000,0.9918467265458076,2.980685628791018
423,20423,1.0,1000,1.0014099449847003,2.993373120997771
424,20424,1.0,1000,0.998955019940771,2.99319681000269
425,20425,1.0,1000,1.0034455495105117,2.9808150247012937
426,20426,1.0,1000,0.9944368739537192,2.998334249909044
427,20427,1.0,1000,1.0042056509600026,2.9934344533076866
428,20428,1.0,1000,0.9992005825950269,2.9892322693004787
429,20429,1.0,1000,1.000374491475138,2.9843695496233384
430,20430,1.0,1000,1.0033496485901068,2.9874648525276415
431,20431,1.0,1000,1.0037674870030835,2.988938760810766
432,20432,1.0,1000,1.0011766921390282,2.990346658396971
433,20433,1.0,1000,0.983507279103031,2.9982598897655075
434,20434,1.0,1000,0.9989869603159537,2.9868121812874597
435,20435,1.0,1000,1.0023009586259397,2.9676063843032585
436,20436,1.0,1000,1.000079629679148,2.9849350569589386
437,20437,1.0,1000,0.9921776679617287,3.0000590240930403
438,20438,1.0,1000,0.9922044208206353,2.9679629571725923
439,20439,1.0,1000,1.0093426145907087,2.96824194319134
440,20440,1.0,1000,1.0024771361947078,3.0115604841179207
441,20441,1.0,1000,1.0019393650852346,2.98358278474712
442,20442,1.0,1000,0.9902532336932369,2.971370989467381
443,20443,1.0,1000,0.9960235046155326,2.9873482280584422
444,20444,1.0,1000,1.0116862460206553,2.9811298186295856
445,20445,1.0,1000,1.001796136411586,2.9915256990988266
446,20446,1.0,1000,1.0022671667983818,2.9963877761985542
447,20447,1.0,1000,1.002228743411612,2.993439142678086
448,20448,1.0,1000,1.0013625856827084,3.0018176193544788
449,20449,1.0,1000,0.99419780153045,2.964698068668649
450,20450,1.0,1000,1.0114343332180185,2.998581728921751
451,20451,1.0,1000,0.993534548518995,2.998308490543951
452,20452,1.0,1000,1.0110033703902725,2.9867110439487177
453,20453,1.0,1000,1.0142529213673759,3.0031556152483847
454,20454,1.0,1000,1.0019649869766032,2.9778468488785577
455,20455,1.0,1000,0.9949216791708636,3.0000980507409762
456,20456,1.0,1000,1.0085378636555837,2.987524912767543
457,20457,1.0,1000,0.9920531157708062,2.9962705562841427
458,20458,1.0,1000,1.0038941206903598,2.9993601041095723
459,20459,1.0,1000,1.0103493347328893,2.9717696127620146
460,20460,1.0,1000,0.9942491181330182,3.006948630485031
461,20461,1.0,1000,0.9983889867508692,2.9794851302670655
462,20462,1.0,1000,1.0025862340177618,2.98484538779506
463,20463,1.0,1000,1.002705864435217,2.9869945543749594
464,20464,1.0,1000,0.9997577778561327,2.981308844956069
465,20465,1.0,1000,0.9954853775478609,2.9932691294092644
466,20466,1.0,1000,1.0012601456415362,2.9976300112926952
467,20467,1.0,1000,1.0073636701303168,2.9957433608772304
468,20468,1.0,1000,0.9902454290495115,2.9875403452727745
469,20469,1.0,1000,1.001758824072335,2.9862474774765726
470,20470,1.0,1000,1.0082130061415735,3.032290190803201
471,20471,1.0,1000,1.00193369047999,3.0015873556681427
472,20472,1.0,1000,1.0003265145259064,2.9861308059717513
473,20473,1.0,1000,0.9957590421908356,2.992601621984506
474,20474,1.0,1000,1.0088335946335998,2.995532798259793
475,20475,1.0,1000,0.9925722887722414,2.978713776287688
476,20476,1.0,1000,1.002130882882991,3.006161472163096
477,20477,1.0,1000,1.0067228538157384,3.000799298782284
478,20478,1.0,1000,0.9999848395069412,3.002347979459551
479,20479,1.0,1000,1.0018457663186853,2.996388150804363
480,20480,1.0,1000,1.0053597824290412,2.9919275184509955
481,20481,1.0,1000,0.994045792295324,2.9971381292792523
482,20482,1.0,1000,0.9976817186412598,2.9903945007372807
483,20483,1.0,1000,1.002808847276915,2.995799687287111
484,20484,1.0,1000,1.0099414781541032,2.9773756285932667
485,20485,1.0,1000,0.9955085139641587,2.995476552111212
486,20486,1.0,1000,0.9943743551706741,2.9912330896480377
487,20487,1.0,1000,1.0018119158945038,3.0102548024003966
488,20488,1.0,1000,1.0085376315211945,2.9937157073268446
489,20489,1.0,1000,1.0034403139269332,2.9923450468307413
490,20490,1.0,1000,0.9932808385424774,2.9946410664729295
491,20491,1.0,1000,0.9954011655571524,2.9983009753278496
492,20492,1.0,1000,1.0001621240910263,2.989268831392201
493,20493,1.0,1000,0.9981669139138474,2.984451397693223
494,20494,1.0,1000,0.9972978005469069,2.998071393374823
495,20495,1.0,1000,1.0029949934337983,3.00370296472847
496,20496,1.0,1000,0.9986650629094527,2.9968955148254777
497,20497,1.0,1000,0.9969032832703968,3.001255558408636
498,20498,1.0,1000,1.0054300280156594,2.982237166967111
499,20499,1.0,1000,1.0021521192178808,2.99131051816202
500,20500,1.0,1200,1.00055597694645,2.974495990041949
501,20501,1.0,1200,1.0074902805293353,2.9891784345738452
502,20502,1.0,1200,1.0051179652787567,2.992339710988495
503,20503,1.0,1200,0.9964307208420387,3.0037237381796302
504,20504,1.0,1200,1.0078516807173095,2.9895470748084767
505,20505,1.0,1200,1.0188494865197346,2.9843349013279754
506,20506,1.0,1200,0.9949254848681541,2.989144260890659
507,20507,1.0,1200,1.005912151093323,2.9882767126062384
508,20508,1.0,1200,0.9909786133203535,2.986342830671153
509,20509,1.0,1200,0.9937224977108533,2.9804401890440526
510,20510,1.0,1200,1.0050898668311967,2.9836144862628613
511,20511,1.0,1200,1.0017954374074454,3.00157543979316
512,20512,1.0,1200,0.9910546676757763,3.0052574864773467
513,20513,1.0,1200,1.0045311631640736,2.9933693251823073
514,20514,1.0,1200,0.9918195967311716,2.979947172066862
515,20515,1.0,1200,1.0064120447275031,2.993840988055473
516,20516,1.0,1200,0.9965561817757764,3.0049191979464345
517,20517,1.0,1200,0.9889652815070746,2.99454249567424
518,20518,1.0,1200,1.0064103455468212,2.982921557349702
519,20519,1.0,1200,1.0088195170629772,2.9941019502611015
520,20520,1.0,1200,1.0079711687588655,2.9933294193392532
521,20521,1.0,1200,0.998061482306273,2.993106929122568
522,20522,1.0,1200,1.0049649810270036,3.0032144697978387
523,20523,1.0,1200,1.0043426085626461,2.9964224023497694
524,20524,1.0,1200,0.9950016671439423,3.0089678299178404
525,20525,1.0,1200,1.000651289351237,2.9772655040168257
526,20526,1.0,1200,1.0075555167580181,2.9950616531973937
527,20527,1.0,1200,1.00218746199026,2.9929368449788343
528,20528,1.0,1200,1.0111423138466233,2.99156639827467
529,20529,1.0,1200,0.9953875674204278,2.9897706197042444
530,20530,1.0,1200,1.0015354773937724,2.98062718007181
531,20531,1.0,1200,0.9932909543414749,2.999001892832249
532,20532,1.0,1200,0.9968039415955072,3.0084218680523955
533,20533,1.0,1200,1.0095346269059804,2.986354327708811
534,20534,1.0,1200,1.001894949521815,2.9997898359588513
535,20535,1.0,1200,1.0008689988708186,2.9894817945132726
536,20536,1.0,1200,1.0096445851689595,2.989188072874468
537,20537,1.0,1200,0.9962766944252234,2.994881857316482
538,20538,1.0,1200,1.0044181101117524,2.973122155329817
539,20539,1.0,1200,0.9955535873664096,2.9894282534152428
540,20540,1.0,1200,1.0055275300081612,2.993082210067908
541,20541,1.0,1200,1.001335713055883,2.9993375721245927
542,20542,1.0,1200,0.999664432852361,2.9917345871619645
543,20543,1.0,1200,0.9982417996843793,2.9778582536161617
544,20544,1.0,1200,0.9971477382978108,3.0007133309751355
545,20545,1.0,1200,1.0079495207078704,2.9960044111300794
546,20546,1.0,1200,1.0008209132000698,2.99577407758847
547,20547,1.0,1200,1.0058175031169463,3.003775511138088
548,20548,1.0,1200,0.990649299443283,3.003506271940145
549,20549,1.0,1200,0.9961608713529564,2.9701396921516743
550,20550,1.0,1200,0.9993482548967535,2.9984603312479754
551,20551,1.0,1200,0.9920735474507332,2.9815615855365882
552,20552,1.0,1200,0.9952110071098945,2.982060845725182
553,20553,1.0,1200,0.9908188294321374,3.0015956876407506
554,20554,1.0,1200,0.9917549949533002,2.9938241046060607
555,20555,1.0,1200,0.9979668484500992,2.9948550456424328
556,20556,1.0,1200,0.9991189805091711,3.007447593075356
557,20557,1.0,1200,0.9949627574000584,2.979219034600741
558,20558,1.0,1200,1.009652581655138,3.0029731772612656
559,20559,1.0,1200,0.9961004321750165,2.9802820704264827
560,20560,1.0,1200,1.0125524741239498,2.993578927064301
561,20561,1.0,1200,0.9966596704805266,3.0093381797532817
562,20562,1.0,1200,0.9965430316353615,2.986560929170128
563,20563,1.0,1200,1.0085767618585266,2.9915314694204556
564,20564,1.0,1200,1.007184344704025,2.998337800747356
565,20565,1.0,1200,1.0041419239500606,2.983836493937191
566,20566,1.0,1200,0.9969562951577233,2.994975448099437
567,20567,1.0,1200,0.9996151770266568,2.9940090222749776
568,20568,1.0,1200,0.9875706564147988,2.991066004285275
569,20569,1.0,1200,1.0038597523869925,2.9777122070845743
570,20570,1.0,1200,1.010004694325994,2.9785951016770467
571,20571,1.0,1200,0.9989303242168249,3.003789801713627
572,20572,1.0,1200,1.0004496047992932,2.9809372850240794
573,20573,1.0,1200,1.0008772150678031,2.9861153323426444
574,20574,1.0,1200,1.0024980901523541,3.0070083412695583
575,20575,1.0,1200,1.0014297611432168,2.9981907336996256
576,20576,1.0,1200,0.9918228782631028,2.9858558975449454
577,20577,1.0,1200,1.0161409751623507,2.9865873193013504
578,20578,1.0,1200,1.0033397546051248,2.9803249606608047
579,20579,1.0,1200,1.0076307241016156,2.976067086736072
580,20580,1.0,1200,0.9939378641812429,3.0068730067385623
581,20581,1.0,1200,1.0031724275565854,3.0013038401153844
582,20582,1.0,1200,0.9927107458117549,2.9815378136031097
583,20583,1.0,1200,0.9987496766152182,2.986296567209125
584,20584,1.0,1200,1.0074729246775227,2.9863967532726092
585,20585,1.0,1200,0.9990147455596432,2.979670623088848
586,20586,1.0,1200,1.0018345756688463,2.980309606382512
587,20587,1.0,1200,0.9987924799665466,2.985581471055712
588,20588,1.0,1200,0.9974497799693463,2.9845524780385912
589,20589,1.0,1200,0.9952307185529625,3.001515628939199
590,20590,1.0,1200,1.003409049749188,3.005759547652082
591,20591,1.0,1200,1.0040729758465894,3.000246612702186
592,20592,1.0,1200,1.0008949147354038,2.9726009605196686
593,20593,1.0,1200,1.0155225701345745,2.989225309370041
594,20594,1.0,1200,0.9948936376346473,2.9903508764615054
595,20595,1.0,1200,0.9920976949240593,3.0007458930652766
596,20596,1.0,1200,1.0091157289967283,3.0032789692262583
597,20597,1.0,1200,1.0016961931411121,3.001031521573827
598,20598,1.0,1200,1.0097014899215515,2.981731124072258
599,20599,1.0,1200,0.9958853660773036,3.0003174408794684
600,20600,1.0,1400,0.9920737210044835,2.9814015093145323
601,20601,1.0,1400,0.9975616951421944,3.0070744843104844
602,20602,1.0,1400,0.9918134566820213,3.0017443583724335
603,20603,1.0,1400,0.9962225083745109,2.9850270938202033
604,20604,1.0,1400,1.0098528154993336,3.0057136877711654
605,20605,1.0,1400,1.0046012606120285,2.983001540341422
606,20606,1.0,1400,1.0025333289435152,2.9954553816501828
607,20607,1.0,1400,1.002035927372252,2.999645239780535
608,20608,1.0,1400,0.9937976092003705,2.9954017526667878
609,20609,1.0,1400,1.000742093832304,2.983191560847356
610,20610,1.0,1400,0.9958913309214182,2.9859917537814082
611,20611,1.0,1400,0.9922910931991502,3.002539864214902
612,20612,1.0,1400,1.0036232815869366,2.98269114619449
613,20613,1.0,1400,1.0007120757665147,2.987544913740805
614,20614,1.0,1400,1.0170298954597559,2.9911869382256944
615,20615,1.0,1400,1.003199688033623,2.9872873021618513
616,20616,1.0,1400,1.0010925202385763,2.9937248966551326
617,20617,1.0,1400,1.005267989408213,2.994491904570917
618,20618,1.0,1400,0.9964587604824071,2.9888442896164182
619,20619,1.0,1400,0.9995284799930723,2.989486589861764
620,20620,1.0,1400,1.0068380682965004,2.9988897655806994
621,20621,1.0,1400,1.0011732122579104,2.981361010489301
622,20622,1.0,1400,1.001176747907785,2.991956953564565
623,20623,1.0,1400,0.9863157553071588,2.999576645215478
624,20624,1.0,1400,0.9964389429630973,2.9777651239954075
625,20625,1.0,1400,1.0034895320825659,2.9885579086494407
626,20626,1.0,1400,0.991685055174003,3.0003886628060292
627,20627,1.0,1400,0.9883857836657899,2.993793929373762
628,20628,1.0,1400,0.9959448093898523,2.985209541958921
629,20629,1.0,1400,1.010543087315508,2.982154879504845
630,20630,1.0,1400,1.001643532995908,2.998437431080167
631,20631,1.0,1400,0.9992828563731528,3.0107839176922577
632,20632,1.0,1400,0.99516212288197,2.9937952784247073
633,20633,1.0,1400,1.001662024110603,2.997271593044826
634,20634,1.0,1400,1.0014244613030379,2.998628091852793
635,20635,1.0,1400,1.016188215588437,2.9910509618292695
636,20636,1.0,1400,1.015856309454269,2.983755063291645
637,20637,1.0,1400,1.0103129921573248,2.993245426504502
638,20638,1.0,1400,1.005837441814497,3.0031553777775373
639,20639,1.0,1400,1.0005180174954198,2.9928409449445583
640,20640,1.0,1400,1.0044182539083584,2.9799135742983767
641,20641,1.0,1400,1.005111763179428,2.982819153224526
642,20642,1.0,1400,0.9976507940468883,2.992397466808868
643,20643,1.0,1400,0.9839286476425722,2.996838518781169
644,20644,1.0,1400,0.9917867083717278,2.9989097951006
645,20645,1.0,1400,1.0209186688247005,2.976673976027478
646,20646,1.0,1400,1.0036629014880976,2.9914735452771586
647,20647,1.0,1400,1.0056649373489293,2.989463874418413
648,20648,1.0,1400,0.9865922582369618,2.9750016176813965
649,20649,1.0,1400,0.996244735673592,2.972036808854834
650,20650,1.0,1400,0.9972463439398972,2.9959402670314437
651,20651,1.0,1400,0.9972700907564132,2.986268403241933
652,20652,1.0,1400,0.9942375070832463,2.972002490094117
653,20653,1.0,1400,0.9961512708808524,2.998929967570927
654,20654,1.0,1400,1.0097937665111696,3.002172410225632
655,20655,1.0,1400,1.0050220513847423,2.975756516638774
656,20656,1.0,1400,0.9994858046848856,2.9877212280382968
657,20657,1.0,1400,0.9954042181957359,2.980845447772155
658,20658,1.0,1400,1.000256159062287,2.993354407438871
659,20659,1.0,1400,1.0068878655125846,2.990513313616701
660,20660,1.0,1400,0.9904816120938618,2.9966347555729267
661,20661,1.0,1400,0.9936246957186737,3.002521583914331
662,20662,1.0,1400,0.9976923152211403,2.977183745298608
663,20663,1.0,1400,1.0042201355880536,2.986138590173192
664,20664,1.0,1400,0.9984025748931048,2.981298706137024
665,20665,1.0,1400,1.0029612845864835,2.99178527807096
666,20666,1.0,1400,0.9996644673202834,2.9840713610902596
667,20667,1.0,1400,0.9900664887441165,2.9693792204597833
668,20668,1.0,1400,1.0056533182657301,2.977774016030541
669,20669,1.0,1400,0.998945253838456,2.9822059878906586
670,20670,1.0,1400,0.9948094038516262,3.0023562580539203
671,20671,1.0,1400,1.0001907554159093,2.9954885863790475
672,20672,1.0,1400,1.00995754716348,2.9919809842998792
673,20673,1.0,1400,0.997012812916854,3.0038058093704096
674,20674,1.0,1400,0.9958495470984434,2.9918508989144286
675,20675,1.0,1400,0.9863985617135963,2.9737924443255594
676,20676,1.0,1400,1.0063083396890162,3.002965021210482
677,20677,1.0,1400,1.00667971125696,2.9907592273130716
678,20678,1.0,1400,0.9937813159033111,2.996786333124737
679,20679,1.0,1400,0.9956215052680593,2.9894031129345393
680,20680,1.0,1400,0.9953555190080555,3.0120225713963973
681,20681,1.0,1400,1.0030238392681388,3.000552272358104
682,20682,1.0,1400,0.9897825197204121,2.985525966209562
683,20683,1.0,1400,1.0027379318848306,2.995737151671057
684,20684,1.0,1400,0.9993571489042768,2.992414108578065
685,20685,1.0,1400,1.0122869482219168,2.9878066231469718
686,20686,1.0,1400,1.0051380303296449,2.96721255749969
687,20687,1.0,1400,1.0144139316503975,2.9791132993705927
688,20688,1.0,1400,0.9999483464303062,2.972905229975488
689,20689,1.0,1400,1.0029860124225087,3.0072036531706496
690,20690,1.0,1400,1.001452563818419,3.004736932651669
691,20691,1.0,1400,0.9976724957512051,2.9949459147688904
692,20692,1.0,1400,1.0066121960961971,2.9778170090685943
693,20693,1.0,1400,0.9981254584943718,2.972240518195725
694,20694,1.0,1400,0.9895516685877015,2.9919233172141206
695,20695,1.0,1400,1.0031647477822987,2.989941515776345
696,20696,1.0,1400,0.9976359448030406,3.0035798123595385
697,20697,1.0,1400,1.0130432518966437,3.011888072547979
698,20698,1.0,1400,1.00350202014006,2.970733698770271
699,20699,1.0,1400,1.0149940623154134,2.9944423465167977
700,20700,1.0,1600,1.0071107150662646,2.990112440522448
701,20701,1.0,1600,0.9868235782012762,2.9847857931234882
702,20702,1.0,1600,1.0070663946090435,3.008830781718445
703,20703,1.0,1600,0.9901302667933795,2.9958595306321003
704,20704,1.0,1600,1.0114640118508995,2.998281297808483
705,20705,1.0,1600,0.9989512576295734,3.0030388670040145
706,20706,1.0,1600,1.0023480751699156,2.9885928831985877
707,20707,1.0,1600,0.9939590247052088,2.976375290375774
708,20708,1.0,1600,1.013195147544704,2.9885885996322012
709,20709,1.0,1600,0.9967486428782856,3.00679996063438
710,20710,1.0,1600,0.9990301576136436,3.009416913457516
711,20711,1.0,1600,0.9922301718795217,2.991366219690442
712,20712,1.0,1600,1.008512226711023,2.9912793190520293
713,20713,1.0,1600,0.9955601801844784,2.9938086294885276
714,20714,1.0,1600,0.9970879928919046,3.0048239265301957
715,20715,1.0,1600,0.990940858240059,3.0077186979014487
716,20716,1.0,1600,0.9907470900467947,2.987319278786514
717,20717,1.0,1600,1.0085353714235255,2.9986945004087966
718,20718,1.0,1600,1.006157516906624,3.0057504463041234
719,20719,1.0,1600,1.0021072888392488,2.9975249682289435
720,20720,1.0,1600,1.0016911386563838,3.000076122051216
721,20721,1.0,1600,0.9991090880410411,2.994398052522482
722,20722,1.0,1600,1.0065681486666205,3.001524244218421
723,20723,1.0,1600,0.9898413013032339,2.9933102585817055
724,20724,1.0,1600,0.995951252774278,2.9884279899388404
725,20725,1.0,1600,1.0048839094906312,2.978298613982802
726,20726,1.0,1600,1.00149279710449,2.9988793460786134
727,20727,1.0,1600,1.0017572112596813,2.9957001556267926
728,20728,1.0,1600,1.0002134509918492,2.9816721912758566
729,20729,1.0,1600,1.0056235867826104,2.9885888059419514
730,20730,1.0,1600,1.0207747765127015,2.970252195538752
731,20731,1.0,1600,1.0080364032341547,2.986306626745744
732,20732,1.0,1600,1.0025375564306642,2.998420583109355
733,20733,1.0,1600,0.9932271097583559,2.9901347418033697
734,20734,1.0,1600,1.0060966714799364,2.9942343045851314
735,20735,1.0,1600,1.0069545184915556,3.00476470411981
736,20736,1.0,1600,1.0074390399815925,2.9850666702004425
737,20737,1.0,1600,0.9915553184021899,2.9738437657741783
738,20738,1.0,1600,1.0174658159329,2.9883562916657525
739,20739,1.0,1600,1.0070895167117895,2.9716289851203848
740,20740,1.0,1600,1.0071082832749467,3.0150017387533157
741,20741,1.0,1600,1.0066238183613123,2.9705289044223875
742,20742,1.0,1600,1.0024985373550954,2.979271897337873
743,20743,1.0,1600,1.003163340764176,2.9923098758853923
744,20744,1.0,1600,1.0207334545886964,2.989030356025011
745,20745,1.0,1600,0.9952055502627413,3.0009634147151276
746,20746,1.0,1600,0.9987095057833416,2.9964445548294116
747,20747,1.0,1600,1.0051596729731151,3.006337850385262
748,20748,1.0,1600,1.0007155317214147,3.0009988206101412
749,20749,1.0,1600,1.0101686595842228,2.992436169726399
750,20750,1.0,1600,1.011804484600111,2.9755981935766167
751,20751,1.0,1600,1.01184177378641,3.003529985054455
752,20752,1.0,1600,0.9950612198373644,2.992763006391571
753,20753,1.0,1600,0.9931850102768852,2.9902766752942127
754,20754,1.0,1600,0.9989729727658005,3.0103740063558972
755,20755,1.0,1600,0.9894070609668845,2.985093371482646
756,20756,1.0,1600,1.0093798201419177,2.9909713118534236
757,20757,1.0,1600,0.9914586644471088,2.9903370900850272
758,20758,1.0,1600,0.9911054484624693,3.003642950551467
759,20759,1.0,1600,1.0066162264179943,2.9819751900064686
760,20760,1.0,1600,1.0049337353051073,2.990500279627396
761,20761,1.0,1600,1.0162355321682794,2.9983636960141498
762,20762,1.0,1600,0.9999433475344258,2.995869881660359
763,20763,1.0,1600,0.9837702065452423,2.9946055317055498
764,20764,1.0,1600,1.004436054351933,2.98966685619611
765,20765,1.0,1600,0.9989976619673596,2.982351131812934
766,20766,1.0,1600,0.9914556285249215,2.9869272465446626
767,20767,1.0,1600,0.9954239381584911,2.9791577982372255
768,20768,1.0,1600,1.0165382439835584,2.992948041990388
769,20769,1.0,1600,0.9895999136415596,2.994189968862293
770,20770,1.0,1600,1.0122567630585868,2.9889552919100697
771,20771,1.0,1600,1.0042818066562473,2.9746105845893682
772,20772,1.0,1600,0.9966334844125116,2.9846438714223487
773,20773,1.0,1600,1.0070764074947023,2.992914875894708
774,20774,1.0,1600,0.9971158393080012,2.9919110370167883
775,20775,1.0,1600,1.011630853493089,3.0101256422943616
776,20776,1.0,1600,1.0057071568992284,2.9820659130186806
777,20777,1.0,1600,1.0087777968915526,2.980876198817046
778,20778,1.0,1600,1.0051301105184458,2.9826864395848838
779,20779,1.0,1600,0.9976713954435258,2.987833346287597
780,20780,1.0,1600,0.995265961540548,2.970736412463062
781,20781,1.0,1600,0.9945385226438148,2.996137180704734
782,20782,1.0,1600,0.9970517930503539,3.006551852916372
783,20783,1.0,1600,0.9919334499066735,3.000612022132864
784,20784,1.0,1600,0.9990210125284564,3.006779513032317
785,20785,1.0,1600,0.986292373731249,2.98955908241753
786,20786,1.0,1600,1.0010351499970076,2.995575106465817
787,20787,1.0,1600,1.0040866226684848,2.984009186493289
788,20788,1.0,1600,1.0119779241120157,2.977902086481943
789,20789,1.0,1600,1.0126903798816655,2.9823765218298086
790,20790,1.0,1600,0.9990344592725352,2.9943440137107293
791,20791,1.0,1600,0.9968712283307581,2.974370937610475
792,20792,1.0,1600,1.0054528584701223,3.00281168219824
793,20793,1.0,1600,0.993274789287757,2.977745157878353
794,20794,1.0,1600,1.002575249118475,2.9977109305770093
795,20795,1.0,1600,0.9963759669808802,2.983135164517887
796,20796,1.0,1600,1.015580522425577,3.0040861631636333
797,20797,1.0,1600,0.9806684557212886,2.9979809998847133
798,20798,1.0,1600,1.0016683511552318,2.999676837590502
799,20799,1.0,1600,0.9946561803380479,2.990887505296674
800,20800,1.0,1800,0.9954203592889345,3.0052777920377363
801,20801,1.0,1800,0.9856756850467339,3.012355411571355
802,20802,1.0,1800,1.00729404095965,3.004647164465348
803,20803,1.0,1800,0.9969958878830522,2.9839868066407282
804,20804,1.0,1800,1.0120379099658694,2.979995404940669
805,20805,1.0,1800,0.9946821255537557,2.991061896967081
806,20806,1.0,1800,1.0073452937985037,3.0024184577638975
807,20807,1.0,1800,1.004637041815513,2.9931012089962663
808,20808,1.0,1800,0.9947156400263351,2.986421006581691
809,20809,1.0,1800,0.999907632930946,2.9915113627468055
810,20810,1.0,1800,1.0031923340621813,3.0023751765708435
811,20811,1.0,1800,0.9916292056190155,2.9796647273582226
812,20812,1.0,1800,1.0158190224470587,2.9854092586362184
813,20813,1.0,1800,0.9883533979948499,2.983073020504
814,20814,1.0,1800,1.0048359791797115,2.9959004538142446
815,20815,1.0,1800,1.005365895325115,2.9857028817119486
816,20816,1.0,1800,1.00597447340537,2.9722744990221672
817,20817,1.0,1800,1.0177583101071692,3.0035553606297767
818,20818,1.0,1800,1.0034440079402307,2.997641304571974
819,20819,1.0,1800,0.9976943193725457,2.9945369389305734
820,20820,1.0,1800,1.0135339669399086,2.9868308443099503
821,20821,1.0,1800,1.00850816266597,2.989011249761135
822,20822,1.0,1800,1.0082989685211534,2.996834205876385
823,20823,1.0,1800,0.9970026090315158,2.9886936582200625
824,20824,1.0,1800,1.001799470965984,2.96645467495577
825,20825,1.0,1800,0.9979132604198112,2.9814540586384775
826,20826,1.0,1800,1.00040569457138,2.984407320272218
827,20827,1.0,1800,0.9974590386069092,3.009761186970352
828,20828,1.0,1800,0.9888292429013171,3.0111499412806726
829,20829,1.0,1800,0.9889521196995699,2.9981397236013523
830,20830,1.0,1800,1.0015362414291338,2.976929526086778
831,20831,1.0,1800,1.0059098806095306,2.98969411089334
832,20832,1.0,1800,0.996611231063069,2.9878419685750353
833,20833,1.0,1800,1.0145683555632576,2.977857022534248
834,20834,1.0,1800,0.9996604273167579,2.9953798998919483
835,20835,1.0,1800,1.006774939484479,2.9879953696642416
836,20836,1.0,1800,1.0083783479913682,3.0004922001536314
837,20837,1.0,1800,1.0055189884413054,3.0047867970825566
838,20838,1.0,1800,0.9955480517676989,2.9913636132554844
839,20839,1.0,1800,0.9943895575212931,3.0007703876008365
840,20840,1.0,1800,1.007017950895405,3.0043324970807244
841,20841,1.0,1800,0.9995586979007051,2.9910869810556706
842,20842,1.0,1800,0.9950443527420638,2.9928880362553896
843,20843,1.0,1800,0.9997663097336748,2.992518078437132
844,20844,1.0,1800,0.9878723206004926,2.9938460111305982
845,20845,1.0,1800,0.9982852062266666,2.9815015848046382
846,20846,1.0,1800,1.0002440732712095,2.980237143472773
847,20847,1.0,1800,1.0026761998917881,2.9924686832962037
848,20848,1.0,1800,0.9985807306329046,2.9955818151023177
849,20849,1.0,1800,1.0004017421497327,2.986566262966548
850,20850,1.0,1800,1.0093459879143771,2.988454232576499
851,20851,1.0,1800,1.002560724079134,2.9903441948533533
852,20852,1.0,1800,1.013044496619039,2.976492379851691
853,20853,1.0,1800,1.007940464153854,3.0004410849044993
854,20854,1.0,1800,0.9972771339033695,2.9900809231752628
855,20855,1.0,1800,1.0115200489011502,2.983713521805884
856,20856,1.0,1800,0.9927934873161421,2.9821778404811896
857,20857,1.0,1800,0.995939695224392,2.988147342668941
858,20858,1.0,1800,0.9887221480651751,2.9753657743617943
859,20859,1.0,1800,0.9982166458794441,2.996413388375672
860,20860,1.0,1800,0.9996178490245204,2.9880035503556632
861,20861,1.0,1800,0.991309529705838,2.9858777739475237
862,20862,1.0,1800,1.0063304970775873,2.9932465997151843
863,20863,1.0,1800,1.009947396900304,2.9924113259620473
864,20864,1.0,1800,0.9966701038400982,2.9911232703804953
865,20865,1.0,1800,0.9932705923143773,2.991864922239928
866,20866,1.0,1800,1.0032844753787673,2.9828754378919546
867,20867,1.0,1800,0.988143711312315,3.0037552230243225
868,20868,1.0,1800,0.9973101619941819,3.011702199103799
869,20869,1.0,1800,1.0016760748383124,3.0023629315715104
870,20870,1.0,1800,1.0064780155583481,2.996883421184815
871,20871,1.0,1800,0.992844823245995,2.984597912611325
872,20872,1.0,1800,1.0052950362281048,2.9895593072568043
873,20873,1.0,1800,0.9957699948942323,2.998879409127535
874,20874,1.0,1800,0.9925069661577718,2.9972464635098297
875,20875,1.0,1800,0.9915563680292403,2.9958410386552083
876,20876,1.0,1800,1.008960554549951,2.9955854118474803
877,20877,1.0,1800,1.0030346053794212,3.0075760843766193
878,20878,1.0,1800,1.000005722076295,2.996986646698872
879,20879,1.0,1800,1.0087352443006257,3.0041821471049435
880,20880,1.0,1800,1.0090295520115324,2.9835870466858756
881,20881,1.0,1800,1.0203759671238641,2.9927315145205053
882,20882,1.0,1800,1.0029481086458172,2.992764048218217
883,20883,1.0,1800,1.010236417647449,2.993371700496461
884,20884,1.0,1800,0.9957466819056793,2.982209869501909
885,20885,1.0,1800,1.0026937104130096,3.0000438996640257
886,20886,1.0,1800,1.0009666204642815,2.979435556286988
887,20887,1.0,1800,0.996196213336054,2.979996144258316
888,20888,1.0,1800,1.0017510602633948,2.995254274594454
889,20889,1.0,1800,1.0170251698622124,2.980948713826515
890,20890,1.0,1800,0.9962941539802891,2.9866658709331633
891,20891,1.0,1800,0.9931274256323354,2.9953242988781397
892,20892,1.0,1800,0.9927855430419651,3.0001838542907793
893,20893,1.0,1800,1.0059487561433333,2.990613147812369
894,20894,1.0,1800,1.0053648570032894,3.0081670883748854
895,20895,1.0,1800,0.9921327007839432,2.97934911447605
896,20896,1.0,1800,0.9988457660827489,2.975178356147942
897,20897,1.0,1800,1.007903668877692,2.993627141377061
898,20898,1.0,1800,0.9944361471740084,2.9919250733834963
899,20899,1.0,1800,1.000332307174022,2.9830404695097767
900,20900,1.0,2000,1.006045980628151,2.9906393317191657
901,20901,1.0,2000,1.0096500843884741,3.0178731752417685
902,20902,1.0,2000,1.0035018608949682,2.9849373866268665
903,20903,1.0,2000,0.9996375762663708,3.0046010551035063
904,20904,1.0,2000,1.0009858469077615,3.0049777036367793
905,20905,1.0,2000,0.9972616819159548,2.9902498489362044
906,20906,1.0,2000,1.0073709743021295,2.9859993211004405
907,20907,1.0,2000,0.9905708222634002,2.9953459381003746
908,20908,1.0,2000,1.007394645437335,2.969943322292872
909,20909,1.0,2000,1.0180401503507936,2.9798617597738093
910,20910,1.0,2000,1.0145950875941945,2.996141525679394
911,20911,1.0,2000,0.9855550783449152,2.9978514555678393
912,20912,1.0,2000,1.0062862678410798,3.0052836892058026
913,20913,1.0,2000,1.0178062925412514,2.990782158494051
914,20914,1.0,2000,0.9899529738788692,3.0031287726299314
915,20915,1.0,2000,1.0017900904610173,2.997100517842255
916,20916,1.0,2000,0.9977107524229607,2.9891031576673766
917,20917,1.0,2000,0.9855805771730664,2.9955003362934187
918,20918,1.0,2000,0.9947566251058124,2.982069482545586
919,20919,1.0,2000,0.997023689619301,2.989624240115372
920,20920,1.0,2000,1.001364961427073,2.9770558569828602
921,20921,1.0,2000,0.9985492649466552,2.989511349426268
922,20922,1.0,2000,1.0000665076064232,2.9974696503295943
923,20923,1.0,2000,0.9930197092771907,2.999365744670112
924,20924,1.0,2000,0.9852835261479918,3.0086177621221193
925,20925,1.0,2000,1.0021955334564752,2.9816609908323337
926,20926,1.0,2000,0.987394949567084,2.97489853956021
927,20927,1.0,2000,1.0042151234293173,2.983765800523417
928,20928,1.0,2000,1.0016185063728842,2.971116966954844
929,20929,1.0,2000,1.002594799900445,2.9996139273921116
930,20930,1.0,2000,0.9991479937858967,3.0079661686954715
931,20931,1.0,2000,1.0038411251615222,2.9756797339121395
932,20932,1.0,2000,0.9907553822913002,2.990553327442726
933,20933,1.0,2000,0.9942523298760862,2.997886368421951
934,20934,1.0,2000,0.9866259465054507,2.993910330059614
935,20935,1.0,2000,1.005192809474673,2.989701427250237
936,20936,1.0,2000,1.0035139757098053,3.012180499248322
937,20937,1.0,2000,1.0049413701190237,2.9991434240283006
938,20938,1.0,2000,1.0052986384701763,2.983875637525599
939,20939,1.0,2000,1.0048431670510967,2.961737537051721
940,20940,1.0,2000,0.9977436572109951,2.983819194645416
941,20941,1.0,2000,0.989907936088739,2.9938709011586466
942,20942,1.0,2000,1.0127848828117405,2.996079015731503
943,20943,1.0,2000,1.002000291625187,2.989392190146629
944,20944,1.0,2000,0.9934097112673209,2.993464235422638
945,20945,1.0,2000,1.0004121111523419,3.0009844840494315
946,20946,1.0,2000,0.9991566047345339,3.002371608830898
947,20947,1.0,2000,0.9898875795051951,3.0012719189540524
948,20948,1.0,2000,1.0027062586689592,2.993259234400238
949,20949,1.0,2000,1.002521660233004,2.9969272761205845
950,20950,1.0,2000,1.0016943228782513,2.9885826157054396
951,20951,1.0,2000,1.0002880994481833,2.9948703180967544
952,20952,1.0,2000,0.9940964108041296,3.009108447853533
953,20953,1.0,2000,1.0033888943023759,3.0164255285577584
954,20954,1.0,2000,1.008419368911706,2.9896964855930217
955,20955,1.0,2000,0.9970976187208784,2.9811233387654346
956,20956,1.0,2000,1.0056567726486096,2.993586331583051
957,20957,1.0,2000,1.0051102934191816,2.9764325834578367
958,20958,1.0,2000,0.9959917700036316,2.9927504298144783
959,20959,1.0,2000,1.0035068712321669,2.9689644765632286
960,20960,1.0,2000,1.0025849906543407,2.9862453745795277
961,20961,1.0,2000,0.9963656697873808,2.9802749140577274
962,20962,1.0,2000,0.9982633487731762,2.9939937467564186
963,20963,1.0,2000,0.9994257635884658,3.0102013938457657
964,20964,1.0,2000,1.0021188287450218,2.9998216900332006
965,20965,1.0,2000,0.9934645438734895,2.9958338875086046
966,20966,1.0,2000,1.010161248545811,2.9873438381987283
967,20967,1.0,2000,0.9939747700402431,2.967993455930201
968,20968,1.0,2000,1.0079986327290926,2.9981667602680058
969,20969,1.0,2000,1.010418390500636,2.9767573764914674
970,20970,1.0,2000,1.0084937791266448,2.9938412447202913
971,20971,1.0,2000,1.0047206043049028,2.993168510567345
972,20972,1.0,2000,1.0006722981925205,2.9928494279257216
973,20973,1.0,2000,0.9942483589802855,3.0023126248464167
974,20974,1.0,2000,0.9995960665780899,2.993360819693629
975,20975,1.0,2000,0.9945144692918971,3.0109465701055944
976,20976,1.0,2000,1.010920209587892,2.990960034732235
977,20977,1.0,2000,1.0054530781257476,3.0061518251735455
978,20978,1.0,2000,0.9993044249305996,3.0073406287577114
979,20979,1.0,2000,1.000507140796992,2.9837650055712386
980,20980,1.0,2000,1.0055287649810558,2.9827679896927153
981,20981,1.0,2000,0.993252278982823,2.9815270794484983
982,20982,1.0,2000,1.0020813495484406,2.9872544833862333
983,20983,1.0,2000,1.0037492009857147,2.97302466059119
984,20984,1.0,2000,1.0010659133121205,2.9828936241545585
985,20985,1.0,2000,0.9976108423949126,2.9791081095938403
986,20986,1.0,2000,0.9988996677926429,2.996359579603667
987,20987,1.0,2000,0.9973242700272978,2.9771695835196477
988,20988,1.0,2000,1.002893284525772,2.986173459839135
989,20989,1.0,2000,1.0053348154014148,2.97551695584736
990,20990,1.0,2000,0.9920600616909182,2.9716507520602695
991,20991,1.0,2000,0.998641090832556,2.9690862908728612
992,20992,1.0,2000,1.0124308003270996,2.991738645099505
993,20993,1.0,2000,1.000846301652354,2.997136769764057
994,20994,1.0,2000,1.0064590274153122,3.0019234767227063
995,20995,1.0,2000,0.991469451524984,2.988814018968018
996,20996,1.0,2000,0.9982106064699667,2.9834415379788886
997,20997,1.0,2000,0.9973764317299596,2.9759776097248665
998,20998,1.0,2000,0.9957282772590268,2.9698838385457735
999,20999,1.0,2000,1.0006596576026892,2.991729588969954
1000,21000,0.6248236946559435,200,0.9982395789617795,2.9985221857015603
1001,21001,0.6248236946559435,200,0.9995643322628333,2.9852204109686866
1002,21002,0.6248236946559435,200,1.0132311093056114,2.972553654173826
1003,21003,0.6248236946559435,200,1.005689629212851,2.9884168395453274
1004,21004,0.6248236946559435,200,1.0117173385812197,2.9914431031793685
1005,21005,0.6248236946559435,200,0.9996555781440548,2.9975625409150504
1006,21006,0.6248236946559435,200,0.9888565963447681,2.979025852675696
1007,21007,0.6248236946559435,200,0.9953874814500617,2.9937744405509137
1008,21008,0.6248236946559435,200,0.9980032847168818,2.9813208345229354
1009,21009,0.6248236946559435,200,1.0092688768062137,2.9910300006074575
1010,21010,0.6248236946559435,200,1.0005196828131304,3.0000984914610465
1011,21011,0.6248236946559435,200,0.9984012409392232,2.986160136202762
1012,21012,0.6248236946559435,200,1.001723061026979,2.9786205613629546
1013,21013,0.6248236946559435,200,1.003413590252401,2.9878479023772004
1014,21014,0.6248236946559435,200,0.9895889094973696,2.9864875059411213
1015,21015,0.6248236946559435,200,1.0190011332914592,2.9837229172319906
1016,21016,0.6248236946559435,200,1.0001081693342857,2.997050266314324
1017,21017,0.6248236946559435,200,0.9919626303914887,2.9916926179794543
1018,21018,0.6248236946559435,200,0.9921791672580899,2.9949996133238357
1019,21019,0.6248236946559435,200,0.9950289249586286,2.976963859173115
1020,21020,0.6248236946559435,200,1.0054661237984015,2.9840591975169564
1021,21021,0.6248236946559435,200,1.0038109198832177,2.979946622193012
1022,21022,0.6248236946559435,200,1.004840762626007,2.98342006915182
1023,21023,0.6248236946559435,200,0.9995180089711614,2.9918048793479874
1024,21024,0.6248236946559435,200,0.9963031582080045,2.989947521647155
1025,21025,0.6248236946559435,200,1.007150500555833,2.9875472868539323
1026,21026,0.6248236946559435,200,1.0063855021394503,2.9958347667453924
1027,21027,0.6248236946559435,200,1.0060012383235684,2.9943329572362254
1028,21028,0.6248236946559435,200,1.0035137148609554,2.9733290325281265
1029,21029,0.6248236946559435,200,0.990224134008273,2.984952856385031
1030,21030,0.6248236946559435,200,1.0024268802534604,2.981725537974712
1031,21031,0.6248236946559435,200,1.0002305416169057,2.997211827282431
1032,21032,0.6248236946559435,200,1.004000265433398,2.9811638625467394
1033,21033,0.6248236946559435,200,1.0035937550563743,2.988678481681068
1034,21034,0.6248236946559435,200,0.9993253622572388,2.996326618141381
1035,21035,0.6248236946559435,200,0.9968271839511675,2.9759826890556256
1036,21036,0.6248236946559435,200,1.0013661156668907,3.006510407079989
1037,21037,0.6248236946559435,200,0.9929027886901242,2.992783663508324
1038,21038,0.6248236946559435,200,1.007785870256214,2.9682284769078855
1039,21039,0.6248236946559435,200,1.0177359356245983,2.983522587089187
1040,21040,0.6248236946559435,200,0.9845890014154566,2.9697996110764207
1041,21041,0.6248236946559435,200,0.9992539223657444,3.006756290948042
1042,21042,0.6248236946559435,200,1.001789966947597,2.9884123924105115
1043,21043,0.6248236946559435,200,0.9826080984196457,2.9901229100573996
1044,21044,0.6248236946559435,200,0.9939240943165414,2.9962564438698784
1045,21045,0.6248236946559435,200,1.00503515592432,2.988550147481602
1046,21046,0.6248236946559435,200,1.0046059714271078,2.9818075703189733
1047,21047,0.6248236946559435,200,0.9989175883153504,2.973430163218775
1048,21048,0.6248236946559435,200,1.0023166840305922,2.9889046873768224
1049,21049,0.6248236946559435,200,0.9874498761970625,2.980870084280805
1050,21050,0.6248236946559435,200,0.9973406355139112,2.992882236859791
1051,21051,0.6248236946559435,200,0.9975151245242495,2.994498746012746
1052,21052,0.6248236946559435,200,1.0011788566568784,2.9664830263934023
1053,21053,0.6248236946559435,200,1.004166890696406,2.9797407409380674
1054,21054,0.6248236946559435,200,1.0083085926226336,2.988975124695833
1055,21055,0.6248236946559435,200,0.9928193033378057,2.996043356874593
1056,21056,0.6248236946559435,200,1.0064822783885818,3.0102372588863977
1057,21057,0.6248236946559435,200,1.0044938930337648,2.9758272723365615
1058,21058,0.6248236946559435,200,1.0077407065203126,2.979848855193753
1059,21059,0.6248236946559435,200,1.0081986796487414,2.9942750578536637
1060,21060,0.6248236946559435,200,1.0088852757096258,2.9810204879764717
1061,21061,0.6248236946559435,200,0.9908859257828702,2.9854676993315623
1062,21062,0.6248236946559435,200,1.0057875306377606,2.9712592358282475
1063,21063,0.6248236946559435,200,0.9977910718094092,2.9901562887465585
1064,21064,0.6248236946559435,200,1.0116582632522073,2.9726866968956105
1065,21065,0.6248236946559435,200,1.0016477533566441,2.988598209445647
1066,21066,0.6248236946559435,200,1.0014481105368946,2.9872821125131925
1067,21067,0.6248236946559435,200,1.0032973120086688,2.981239414079663
1068,21068,0.6248236946559435,200,1.0049594223056233,2.9832186089202164
1069,21069,0.6248236946559435,200,1.0082612233677215,2.9996117260084048
1070,21070,0.6248236946559435,200,1.0055937770012917,2.9994450302534537
1071,21071,0.6248236946559435,200,0.9982792317073566,2.992055176727025
1072,21072,0.6248236946559435,200,1.0086896758667758,2.993713415403526
1073,21073,0.6248236946559435,200,0.9992412323796724,2.9681292734837217
1074,21074,0.6248236946559435,200,1.004339259734652,2.9879119765073563
1075,21075,0.6248236946559435,200,0.9917887423536593,2.9791286895105724
1076,21076,0.6248236946559435,200,1.006791156512063,2.972338459223786
1077,21077,0.6248236946559435,200,1.0028674582242902,2.9734659931961924
1078,21078,0.6248236946559435,200,1.002189898379084,2.9784082607028184
1079,21079,0.6248236946559435,200,1.0040868676354537,2.9809914655832834
1080,21080,0.6248236946559435,200,0.9940301906781362,2.978699951098727
1081,21081,0.6248236946559435,200,0.9924599596787458,2.978289865101375
1082,21082,0.6248236946559435,200,1.0114889868393,2.9872280854388107
1083,21083,0.6248236946559435,200,1.0085128060205322,3.0124825825870585
1084,21084,0.6248236946559435,200,0.9883066532258493,2.980735741419445
1085,21085,0.6248236946559435,200,0.9806115555200734,2.995999822506786
1086,21086,0.6248236946559435,200,1.0206631606769594,2.9825817900978486
1087,21087,0.6248236946559435,200,1.005691939873357,2.9896465275160327
1088,21088,0.6248236946559435,200,0.99468440706166,3.005962694364131
1089,21089,0.6248236946559435,200,0.9996740885271901,2.9860242905113425
1090,21090,0.6248236946559435,200,1.0205082335171647,2.968046854477419
1091,21091,0.6248236946559435,200,0.9955057783362514,2.985944065107975
1092,21092,0.6248236946559435,200,1.0046040373331886,2.984775117147099
1093,21093,0.6248236946559435,200,1.000679005634807,2.9948786470382145
1094,21094,0.6248236946559435,200,0.9890611963212113,2.9876873042449543
1095,21095,0.6248236946559435,200,0.9927754714377335,3.0038143377604465
1096,21096,0.6248236946559435,200,0.9956455969161372,2.995331179666624
1097,21097,0.6248236946559435,200,0.9913283067033545,2.9961709987629432
1098,21098,0.6248236946559435,200,1.0036698935465946,2.9879886949333643
1099,21099,0.6248236946559435,200,1.0128880929992259,3.000777313171504
1100,21100,0.6248236946559435,400,0.9942816941704921,2.986883531846602
1101,21101,0.6248236946559435,400,1.007194987187603,2.9710265696519134
1102,21102,0.6248236946559435,400,1.0071714114543469,2.9832081417527783
1103,21103,0.6248236946559435,400,1.0018232375593477,2.9862771476593672
1104,21104,0.6248236946559435,400,1.0198953961057073,2.971488672044583
1105,21105,0.6248236946559435,400,1.0083283728494947,2.9726193892177277
1106,21106,0.6248236946559435,400,0.9955846469226426,2.990668356067954
1107,21107,0.6248236946559435,400,1.0090023988034331,2.993836119320408
1108,21108,0.6248236946559435,400,1.0063209767073873,2.9790274892740998
1109,21109,0.6248236946559435,400,1.002175361716191,2.992343215963495
1110,21110,0.6248236946559435,400,1.0334174962100833,2.960861905857473
1111,21111,0.6248236946559435,400,1.01463863641128,2.988547689181493
1112,21112,0.6248236946559435,400,1.0046257197190331,2.988718960054654
1113,21113,0.6248236946559435,400,1.0061797359148412,3.008226794272602
1114,21114,0.6248236946559435,400,1.0034072979240243,2.998382487423116
1115,21115,0.6248236946559435,400,1.0044461372415374,2.9814774695551267
1116,21116,0.6248236946559435,400,1.027581782553988,2.98515319803259
1117,21117,0.6248236946559435,400,1.0048938719667602,2.9945813100408474
1118,21118,0.6248236946559435,400,1.0126052358319293,2.99036623288477
1119,21119,0.6248236946559435,400,1.0106935165877484,2.9744659651787098
1120,21120,0.6248236946559435,400,1.0158545490888669,2.977350446170717
1121,21121,0.6248236946559435,400,1.0087804561976292,2.9837315772066173
1122,21122,0.6248236946559435,400,1.0198819723299095,2.9713943081054603
1123,21123,0.6248236946559435,400,0.9912609003086349,2.9924692631941943
1124,21124,0.6248236946559435,400,1.0052540251358686,2.999513390678145
1125,21125,0.6248236946559435,400,1.003655942417731,2.9796249594493807
1126,21126,0.6248236946559435,400,1.0186103277370082,2.983352509720645
1127,21127,0.6248236946559435,400,1.0054090166838212,2.989866862215378
1128,21128,0.6248236946559435,400,1.0017922741171494,2.981631383876873
1129,21129,0.6248236946559435,400,0.9955087019284502,2.993470743095071
1130,21130,0.6248236946559435,400,0.9963825036985305,2.987267489420531
1131,21131,0.6248236946559435,400,1.0031915490491807,2.974539974163699
1132,21132,0.6248236946559435,400,1.0003521829334923,2.9865957055130457
1133,21133,0.6248236946559435,400,0.9974254571742034,2.9879179378921785
1134,21134,0.6248236946559435,400,0.9984824033474938,2.9912064872153215
1135,21135,0.6248236946559435,400,0.9945239294638245,2.9820991815966296
1136,21136,0.6248236946559435,400,1.0108745456136612,2.99087630355843
1137,21137,0.6248236946559435,400,1.0053976121291843,2.9905551138144326
1138,21138,0.6248236946559435,400,0.992649146575177,2.984938940423252
1139,21139,0.6248236946559435,400,0.9943570407525772,2.9627844305934827
1140,21140,0.6248236946559435,400,1.0085785201026285,2.985876921933345
1141,21141,0.6248236946559435,400,0.997263447801594,2.9859570913963616
1142,21142,0.6248236946559435,400,1.0076914734144131,2.993855161361364
1143,21143,0.6248236946559435,400,0.9973050635911,2.9920248866331427
1144,21144,0.6248236946559435,400,0.9959271865896762,2.9907681478635144
1145,21145,0.6248236946559435,400,1.0076569628966263,3.005855220216029
1146,21146,0.6248236946559435,400,1.0070453553478838,2.987562899481026
1147,21147,0.6248236946559435,400,1.0099142286577916,2.9750020165492996
1148,21148,0.6248236946559435,400,0.9979614195424414,2.97137152876362
1149,21149,0.6248236946559435,400,1.0017298390982758,2.975531039403549
1150,21150,0.6248236946559435,400,1.0062953728082193,2.9868510082998228
1151,21151,0.6248236946559435,400,1.0095599760562564,2.981939894431375
1152,21152,0.6248236946559435,400,1.013800157570682,2.9882982665231697
1153,21153,0.6248236946559435,400,0.9909677293849732,2.985094441859952
1154,21154,0.6248236946559435,400,1.0176574211194398,2.978238700125511
1155,21155,0.6248236946559435,400,1.0000401388452747,2.9843623453951276
1156,21156,0.6248236946559435,400,0.9990130128568959,2.9907754996755354
1157,21157,0.6248236946559435,400,1.0057216751732219,2.989728175316891
1158,21158,0.6248236946559435,400,0.997952430431486,2.9954320217800285
1159,21159,0.6248236946559435,400,1.0035667050749837,2.9951677653317397
1160,21160,0.6248236946559435,400,0.9937293898447214,2.982403970575232
1161,21161,0.6248236946559435,400,0.9889117957479673,2.977572865648738
1162,21162,0.6248236946559435,400,1.0156574471511446,2.9828852372827974
1163,21163,0.6248236946559435,400,1.0048696481369752,2.9856495492694695
1164,21164,0.6248236946559435,400,1.0005263966522029,2.9920100068529445
1165,21165,0.6248236946559435,400,1.01167705157876,2.982254646217572
1166,21166,0.6248236946559435,400,0.9969039788993795,2.989248633761245
1167,21167,0.6248236946559435,400,1.006801856733694,2.9900836665294843
1168,21168,0.6248236946559435,400,1.0143958650609632,2.982741795844296
1169,21169,0.6248236946559435,400,1.0092600810099277,2.976954363446967
1170,21170,0.6248236946559435,400,1.0012380117168262,2.9897479463732046
1171,21171,0.6248236946559435,400,1.0085319216669233,2.9801677725935294
1172,21172,0.6248236946559435,400,1.0154328033627442,2.987231817928879
1173,21173,0.6248236946559435,400,0.9822077103518156,2.976533414886932
1174,21174,0.6248236946559435,400,1.0191767430457772,2.981133008594746
1175,21175,0.6248236946559435,400,1.0011203892374367,2.983683461968274
1176,21176,0.6248236946559435,400,0.9869917141551496,2.998694195436842
1177,21177,0.6248236946559435,400,0.9993821066285488,2.9864353568344284
1178,21178,0.6248236946559435,400,1.0165202656375896,2.980732105509282
1179,21179,0.6248236946559435,400,0.9912624860200989,2.9778192120267946
1180,21180,0.6248236946559435,400,0.9973746102355054,2.9923290783808314
1181,21181,0.6248236946559435,400,0.9906658865954524,3.001404581128532
1182,21182,0.6248236946559435,400,1.015521492643215,2.9668610719979243
1183,21183,0.6248236946559435,400,1.0005281432403828,2.981477063600592
1184,21184,0.6248236946559435,400,1.0073974225748024,2.9824427521572368
1185,21185,0.6248236946559435,400,1.0136010757755054,2.9657672823238435
1186,21186,0.6248236946559435,400,1.0166407685627585,2.9680117754483417
1187,21187,0.6248236946559435,400,1.0056059374908848,3.000223077379479
1188,21188,0.6248236946559435,400,1.006244193296019,2.9885802827343397
1189,21189,0.6248236946559435,400,0.9956051778261135,2.991038796723489
1190,21190,0.6248236946559435,400,1.0038586618418548,2.997659657919875
1191,21191,0.6248236946559435,400,1.0131940496425682,2.9739224653282705
1192,21192,0.6248236946559435,400,0.9877142372278286,2.991305586181253
1193,21193,0.6248236946559435,400,1.0193943931420901,2.9815151963500206
1194,21194,0.6248236946559435,400,1.0092239953343327,2.989076551821025
1195,21195,0.6248236946559435,400,1.0091466608500963,2.9902371014685087
1196,21196,0.6248236946559435,400,1.0065640980310302,2.98624304781897
1197,21197,0.6248236946559435,400,1.0020439689085134,2.970725580002404
1198,21198,0.6248236946559435,400,0.99539751545556,3.013851883160009
1199,21199,0.6248236946559435,400,0.9999926278546116,2.994483409068649
1200,21200,0.6248236946559435,600,1.020113248662446,2.986742905130272
1201,21201,0.6248236946559435,600,1.0151706230272133,2.9788111470055894
1202,21202,0.6248236946559435,600,1.0362368803416833,2.955842664024458
1203,21203,0.6248236946559435,600,1.0112285586917855,2.9768823541788225
1204,21204,0.6248236946559435,600,1.1071211612745928,2.9369462310967736
1205,21205,0.6248236946559435,600,1.0028374167431808,2.988779564134945
1206,21206,0.6248236946559435,600,1.0885803343990055,2.9600505671164026
1207,21207,0.6248236946559435,600,1.0097135209629806,2.9823293626563547
1208,21208,0.6248236946559435,600,1.028923568232454,2.9821077386421413
1209,21209,0.6248236946559435,600,1.0465012230730126,2.9486219902204285
1210,21210,0.6248236946559435,600,1.0246931158437438,2.9679851617653954
1211,21211,0.6248236946559435,600,1.0196262331843304,2.985800232266453
1212,21212,0.6248236946559435,600,1.0145259098503179,2.988291803661339
1213,21213,0.6248236946559435,600,1.0231457887874402,2.9748767181960623
1214,21214,0.6248236946559435,600,1.0443237402932048,2.9491373690952285
1215,21215,0.6248236946559435,600,1.04893528969632,2.9563728897370725
1216,21216,0.6248236946559435,600,1.0596387161450724,2.9546393534898483
1217,21217,0.6248236946559435,600,1.0136100364235794,2.9814668849217147
1218,21218,0.6248236946559435,600,1.014606791696089,2.966412175260488
1219,21219,0.6248236946559435,600,1.257042267346651,2.8820307280317174
1220,21220,0.6248236946559435,600,0.9888330850757212,2.9813744129865265
1221,21221,0.6248236946559435,600,1.0135371262864594,2.988100005573626
1222,21222,0.6248236946559435,600,1.0420817266942781,2.9647860700568995
1223,21223,0.6248236946559435,600,1.011061426860162,2.97987221805082
1224,21224,0.6248236946559435,600,0.9959523214076063,2.979129370818802
1225,21225,0.6248236946559435,600,1.0385818219200427,2.9739306449618077
1226,21226,0.6248236946559435,600,1.0125147048081826,2.9866037170757203
1227,21227,0.6248236946559435,600,1.0171444949272774,3.0024992415649967
1228,21228,0.6248236946559435,600,1.0017434555715856,2.9768930332807804
1229,21229,0.6248236946559435,600,1.013238148400498,2.973010134364263
1230,21230,0.6248236946559435,600,1.1307602586231718,2.9212458525608382
1231,21231,0.6248236946559435,600,1.003021429833723,2.9861748730064233
1232,21232,0.6248236946559435,600,1.0490088575651495,2.951875301331462
1233,21233,0.6248236946559435,600,1.1011046005100626,2.959454369082465
1234,21234,0.6248236946559435,600,1.016323349154733,2.9737063639956745
1235,21235,0.6248236946559435,600,1.0075869404499258,2.991214040527255
1236,21236,0.6248236946559435,600,1.0046518372442095,2.971448280809822
1237,21237,0.6248236946559435,600,1.0150885803595304,2.9859805005581785
1238,21238,0.6248236946559435,600,1.0321143307377425,2.964411575296013
1239,21239,0.6248236946559435,600,1.0209256738680856,2.9999595089394617
1240,21240,0.6248236946559435,600,1.093183992190519,2.947661102123979
1241,21241,0.6248236946559435,600,1.0010955174922918,2.977760279625786
1242,21242,0.6248236946559435,600,1.0047692326691007,2.9948698313770143
1243,21243,0.6248236946559435,600,1.005482828209398,2.9786657436480852
1244,21244,0.6248236946559435,600,1.0045338772048542,2.9771154552515644
1245,21245,0.6248236946559435,600,1.0185941730176111,2.96377255055448
1246,21246,0.6248236946559435,600,1.0215106670036822,2.9642384492591427
1247,21247,0.6248236946559435,600,1.0709337156483303,2.9474568022631877
1248,21248,0.6248236946559435,600,1.0078480712085764,2.9952728389868577
1249,21249,0.6248236946559435,600,1.0234071875085582,2.9903803370219246
1250,21250,0.6248236946559435,600,1.0504164550807713,2.967199370165783
1251,21251,0.6248236946559435,600,1.0455413932781645,2.9741281553938217
1252,21252,0.6248236946559435,600,0.9964257650512618,2.987781597880535
1253,21253,0.6248236946559435,600,1.0249316936653032,2.969527499743811
1254,21254,0.6248236946559435,600,1.0157103925781912,2.9832711278600206
1255,21255,0.6248236946559435,600,1.031742556272421,2.9823212493544338
1256,21256,0.6248236946559435,600,1.036454164926958,2.955409698727268
1257,21257,0.6248236946559435,600,1.0121141660809811,3.0010307764807314
1258,21258,0.6248236946559435,600,1.0162065308658954,2.976613293856669
1259,21259,0.6248236946559435,600,1.0040474075175103,2.97439425061235
1260,21260,0.6248236946559435,600,1.0203730785153724,2.968699798285889
1261,21261,0.6248236946559435,600,1.0114995287789241,2.969788562716493
1262,21262,0.6248236946559435,600,1.0111384657670146,2.9857862211140063
1263,21263,0.6248236946559435,600,0.9896728741292234,2.992415296456957
1264,21264,0.6248236946559435,600,1.171789856941847,2.912116597941716
1265,21265,0.6248236946559435,600,1.0132806048982026,2.967261484262626
1266,21266,0.6248236946559435,600,1.008210444057003,2.974230632448773
1267,21267,0.6248236946559435,600,1.00547384835582,2.979014651226567
1268,21268,0.6248236946559435,600,1.004554844949475,2.98869388003804
1269,21269,0.6248236946559435,600,1.1244820835405975,2.9131832885121822
1270,21270,0.6248236946559435,600,1.010848971335634,2.982219700619239
1271,21271,0.6248236946559435,600,1.0006263823949804,2.9836051588093353
1272,21272,0.6248236946559435,600,1.0074273509214344,2.9874717418855687
1273,21273,0.6248236946559435,600,1.0127016325533196,2.9763350120098573
1274,21274,0.6248236946559435,600,1.0065281014177156,2.997108175780238
1275,21275,0.6248236946559435,600,1.0771242002248962,2.9656570711477057
1276,21276,0.6248236946559435,600,0.9964653497230399,2.9824632459103273
1277,21277,0.6248236946559435,600,1.0054034499037603,2.9752347007093802
1278,21278,0.6248236946559435,600,1.1721809640584504,2.9283895589254794
1279,21279,0.6248236946559435,600,1.0002595144991009,2.9611919266376483
1280,21280,0.6248236946559435,600,1.1167689954863476,2.951413231181292
1281,21281,0.6248236946559435,600,1.0322644054355028,2.973641896044644
1282,21282,0.6248236946559435,600,1.0291688834839128,2.972741866706973
1283,21283,0.6248236946559435,600,1.0057203412168443,2.981666965080012
1284,21284,0.6248236946559435,600,1.021695000790935,2.9684879359884517
1285,21285,0.6248236946559435,600,1.006144167668517,2.9838448254360044
1286,21286,0.6248236946559435,600,1.0527301369800925,2.968361816043537
1287,21287,0.6248236946559435,600,1.003019989845702,2.9929078311857067
1288,21288,0.6248236946559435,600,1.0121571745943425,2.987047069894972
1289,21289,0.6248236946559435,600,1.0515503853633992,2.9799384411101126
1290,21290,0.6248236946559435,600,1.0090950308526463,2.976544069842462
1291,21291,0.6248236946559435,600,1.0121355945455368,2.9850063309999557
1292,21292,0.6248236946559435,600,1.0304671778615124,2.969049615282717
1293,21293,0.6248236946559435,600,1.0922999056020974,2.94727591646012
1294,21294,0.6248236946559435,600,1.0456434761994255,2.9703485632126685
1295,21295,0.6248236946559435,600,0.9953461921250566,2.9885956952992583
1296,21296,0.6248236946559435,600,1.0100162116652787,2.995087452938794
1297,21297,0.6248236946559435,600,1.056202740453054,2.9440143588201098
1298,21298,0.6248236946559435,600,1.0137606963533856,2.999636697990822
1299,21299,0.6248236946559435,600,1.0046808247992736,2.977063441121353
1300,21300,0.6248236946559435,800,1.044935086332639,2.9580406092675533
1301,21301,0.6248236946559435,800,1.189074143451308,2.8993605808178904
1302,21302,0.6248236946559435,800,1.161917473946633,2.9344727700884796
1303,21303,0.6248236946559435,800,1.0209689298999745,2.9744281630207396
1304,21304,0.6248236946559435,800,1.1504029808723113,2.9399698719481124
1305,21305,0.6248236946559435,800,1.0547896465511066,2.9476325501638327
1306,21306,0.6248236946559435,800,1.076918429692163,2.9401734809671836
1307,21307,0.6248236946559435,800,1.0422309519927961,2.9745428005157746
1308,21308,0.6248236946559435,800,1.0224603230438727,2.977327299732498
1309,21309,0.6248236946559435,800,1.2451923759084877,2.874267276396207
1310,21310,0.6248236946559435,800,1.2972680092659463,2.8456674307212113
1311,21311,0.6248236946559435,800,1.0763018453463586,2.9379449567658646
1312,21312,0.6248236946559435,800,1.1630025378236888,2.9235565431804837
1313,21313,0.6248236946559435,800,1.0394821924679811,2.978410677553052
1314,21314,0.6248236946559435,800,1.0158535386056895,2.985826942417319
1315,21315,0.6248236946559435,800,1.1262982913449382,2.933829557686169
1316,21316,0.6248236946559435,800,1.046444224032274,2.986759145851335
1317,21317,0.6248236946559435,800,1.0112286284197327,2.9815889849948514
1318,21318,0.6248236946559435,800,1.0307994817254542,2.9572483254798296
1319,21319,0.6248236946559435,800,1.341602980365955,2.840097729918321
1320,21320,0.6248236946559435,800,1.492575267089478,2.764129549593946
1321,21321,0.6248236946559435,800,1.2101295318814569,2.9011707196661702
1322,21322,0.6248236946559435,800,1.3176893515957808,2.8436357690769065
1323,21323,0.6248236946559435,800,1.1153962545792393,2.9410463365033666
1324,21324,0.6248236946559435,800,1.236773620950331,2.896698190292202
1325,21325,0.6248236946559435,800,1.2522588347393904,2.8877599320232106
1326,21326,0.6248236946559435,800,1.1183051694119845,2.941155980691829
1327,21327,0.6248236946559435,800,1.1077521983257737,2.940669407965758
1328,21328,0.6248236946559435,800,1.1855053107652593,2.918977562730666
1329,21329,0.6248236946559435,800,1.1991392994770567,2.908413258822581
1330,21330,0.6248236946559435,800,1.1292622332572844,2.9220613532965847
1331,21331,0.6248236946559435,800,1.065774866919543,2.9683209777112296
1332,21332,0.6248236946559435,800,1.465262973938645,2.773206700984705
1333,21333,0.6248236946559435,800,1.0598772262900984,2.9440832794101466
1334,21334,0.6248236946559435,800,1.0413177143241739,2.9544228731838476
1335,21335,0.6248236946559435,800,1.0144874296476762,2.9799907898302744
1336,21336,0.6248236946559435,800,1.0378262331468622,2.9679444429766826
1337,21337,0.6248236946559435,800,1.0197030963476013,2.9731169003497
1338,21338,0.6248236946559435,800,1.2455053398092009,2.8875079841935163
1339,21339,0.6248236946559435,800,1.015227567113095,2.972295845870666
1340,21340,0.6248236946559435,800,1.0410935950331246,2.9556442169353714
1341,21341,0.6248236946559435,800,1.0758029545516332,2.962312059410548
1342,21342,0.6248236946559435,800,1.013001130328568,3.0043205595675397
1343,21343,0.6248236946559435,800,1.0177369320052896,2.983940137982237
1344,21344,0.6248236946559435,800,1.0344193369563903,2.9558618408073345
1345,21345,0.6248236946559435,800,1.0235971604000458,2.978054951515959
1346,21346,0.6248236946559435,800,1.039596497923642,2.9633823618996638
1347,21347,0.6248236946559435,800,1.334673299457668,2.8472073239320483
1348,21348,0.6248236946559435,800,1.0388743263060567,2.9663066444937516
1349,21349,0.6248236946559435,800,1.3511540331768281,2.838522509011402
1350,21350,0.6248236946559435,800,1.1750937339410923,2.925371343396343
1351,21351,0.6248236946559435,800,1.0309143486312258,2.968152100822537
1352,21352,0.6248236946559435,800,1.0149071741009315,2.971182633685866
1353,21353,0.6248236946559435,800,1.0260661235199566,2.9645868604889207
1354,21354,0.6248236946559435,800,1.0454735514262432,2.978261261540439
1355,21355,0.6248236946559435,800,1.1887283698448703,2.9000438827541837
1356,21356,0.6248236946559435,800,1.5289670627152603,2.7345404142263146
1357,21357,0.6248236946559435,800,1.0990847127769041,2.944762275130125
1358,21358,0.6248236946559435,800,1.0587708822822182,2.9671277851124978
1359,21359,0.6248236946559435,800,1.0059938845938576,2.99824229578475
1360,21360,0.6248236946559435,800,1.208190887080581,2.8980317063303453
1361,21361,0.6248236946559435,800,1.047017928391077,2.9644662165160516
1362,21362,0.6248236946559435,800,1.0167810439754592,2.97978170834943
1363,21363,0.6248236946559435,800,1.029591942893985,2.9632263860551507
1364,21364,0.6248236946559435,800,1.4924891386049017,2.754897799950063
1365,21365,0.6248236946559435,800,1.0518326778317983,2.967522442570451
1366,21366,0.6248236946559435,800,1.0183627617315065,2.984305628311775
1367,21367,0.6248236946559435,800,1.019713350961721,2.9794757886266736
1368,21368,0.6248236946559435,800,1.165265979599853,2.9059699162598718
1369,21369,0.6248236946559435,800,1.1570771677022016,2.918690319814339
1370,21370,0.6248236946559435,800,1.0034878312660815,2.986452872870916
1371,21371,0.6248236946559435,800,1.0144920733829355,2.959135762940036
1372,21372,0.6248236946559435,800,1.0369845089024614,2.963137957152356
1373,21373,0.6248236946559435,800,1.1336395071570133,2.913308531011041
1374,21374,0.6248236946559435,800,1.05141519551445,2.9794029830165636
1375,21375,0.6248236946559435,800,1.277413243038482,2.847655249059788
1376,21376,0.6248236946559435,800,1.11412766722077,2.9270532388749695
1377,21377,0.6248236946559435,800,1.026385266661896,2.959343746898922
1378,21378,0.6248236946559435,800,1.0600165261416514,2.964442959366548
1379,21379,0.6248236946559435,800,1.2102297771452641,2.876014556845536
1380,21380,0.6248236946559435,800,1.0955776815756615,2.948473598357605
1381,21381,0.6248236946559435,800,1.0230168611026318,2.9673951538240537
1382,21382,0.6248236946559435,800,1.024622907828572,2.96886879207438
1383,21383,0.6248236946559435,800,1.0991017004051007,2.948025530544673
1384,21384,0.6248236946559435,800,1.0272927265968623,2.9852082593829508
1385,21385,0.6248236946559435,800,1.3490704296701284,2.814716122038263
1386,21386,0.6248236946559435,800,1.3552897038234404,2.821206612671685
1387,21387,0.6248236946559435,800,1.1343484593446218,2.9466588738030355
1388,21388,0.6248236946559435,800,1.1499919800141052,2.925592790962022
1389,21389,0.6248236946559435,800,1.4343240274109337,2.801021331523466
1390,21390,0.6248236946559435,800,1.011732950953498,2.995387178851126
1391,21391,0.6248236946559435,800,1.0773148091167302,2.9668124012794443
1392,21392,0.6248236946559435,800,1.179209520496006,2.935459184704744
1393,21393,0.6248236946559435,800,1.5238663808924766,2.751369191705501
1394,21394,0.6248236946559435,800,1.1073872590172378,2.9559079967258515
1395,21395,0.6248236946559435,800,1.0147815995125873,2.967373289220461
1396,21396,0.6248236946559435,800,1.007408155217466,2.989204768747662
1397,21397,0.6248236946559435,800,1.287290987694352,2.8552858401572845
1398,21398,0.6248236946559435,800,1.1631473503840417,2.9208890607518616
1399,21399,0.6248236946559435,800,1.0388619136296433,2.9727534718254
1400,21400,0.6248236946559435,1000,1.2371479883770478,2.885779436486243
1401,21401,0.6248236946559435,1000,1.1126899375378208,2.9543834892739245
1402,21402,0.6248236946559435,1000,1.5838995199023542,2.7158742538066147
1403,21403,0.6248236946559435,1000,1.1208151319207658,2.9360044011220316
1404,21404,0.6248236946559435,1000,1.680017823140434,2.5983560629739815
1405,21405,0.6248236946559435,1000,1.3249689553502655,2.858789031712771
1406,21406,0.6248236946559435,1000,2.0211222503559667,2.3402378697764608
1407,21407,0.6248236946559435,1000,1.2246971444204755,2.872482206783463
1408,21408,0.6248236946559435,1000,1.212574169271058,2.907832017404604
1409,21409,0.6248236946559435,1000,1.6529184188989696,2.6617302535290825
1410,21410,0.6248236946559435,1000,1.375757391797014,2.816621633367667
1411,21411,0.6248236946559435,1000,1.3748738945720596,2.8527632510741485
1412,21412,0.6248236946559435,1000,1.5326670309922776,2.72341305871463
1413,21413,0.6248236946559435,1000,1.2865090705497388,2.8576472172288088
1414,21414,0.6248236946559435,1000,1.2388813523971447,2.8579632117445826
1415,21415,0.6248236946559435,1000,1.142973540218976,2.921920994035702
1416,21416,0.6248236946559435,1000,1.0396813425675469,2.961977209017391
1417,21417,0.6248236946559435,1000,1.1882162444214361,2.901565061241524
1418,21418,0.6248236946559435,1000,1.1744723147610616,2.912109040612147
1419,21419,0.6248236946559435,1000,1.3877658869330838,2.795008128835942
1420,21420,0.6248236946559435,1000,1.3130431345476876,2.8463112963358106
1421,21421,0.6248236946559435,1000,1.0338830239138457,2.98532425350962
1422,21422,0.6248236946559435,1000,1.0820631516277897,2.934618558182978
1423,21423,0.6248236946559435,1000,1.1566723932993834,2.92656183584915
1424,21424,0.6248236946559435,1000,1.0445041521602418,2.9786375119125825
1425,21425,0.6248236946559435,1000,1.1496948515456225,2.9081125300884154
1426,21426,0.6248236946559435,1000,1.2300048980490372,2.905812922716846
1427,21427,0.6248236946559435,1000,1.5022426679858998,2.7317875383533674
1428,21428,0.6248236946559435,1000,1.480655187274279,2.780098281327464
1429,21429,0.6248236946559435,1000,1.1931073069722855,2.907213284899805
1430,21430,0.6248236946559435,1000,1.5369769099846442,2.7287051028061087
1431,21431,0.6248236946559435,1000,1.1746006808542195,2.914972783476261
1432,21432,0.6248236946559435,1000,1.299201456585147,2.8443499542383974
1433,21433,0.6248236946559435,1000,1.3997453972050367,2.7993864138012503
1434,21434,0.6248236946559435,1000,1.0689983797824518,2.9588015998542403
1435,21435,0.6248236946559435,1000,1.1044156263016132,2.9271072894965973
1436,21436,0.6248236946559435,1000,1.443955356475829,2.780668399785296
1437,21437,0.6248236946559435,1000,1.02199041539745,2.9769032283710217
1438,21438,0.6248236946559435,1000,1.4163450930166537,2.78578932507302
1439,21439,0.6248236946559435,1000,1.2431435211748718,2.8582527543387544
1440,21440,0.6248236946559435,1000,1.1174664297326835,2.9429596868350973
1441,21441,0.6248236946559435,1000,1.1150042987809021,2.9269384275252257
1442,21442,0.6248236946559435,1000,1.2522900412478366,2.8481202502859575
1443,21443,0.6248236946559435,1000,1.405128836358554,2.8152763078846603
1444,21444,0.6248236946559435,1000,1.2895357991732492,2.8639981151888607
1445,21445,0.6248236946559435,1000,1.0298139043252559,2.9780290850141338
1446,21446,0.6248236946559435,1000,1.533471274858839,2.737892129354763
1447,21447,0.6248236946559435,1000,1.540201699824547,2.7435315492545205
1448,21448,0.6248236946559435,1000,1.5974522755580343,2.7113290220457062
1449,21449,0.6248236946559435,1000,1.1859648119922555,2.8939728641467237
1450,21450,0.6248236946559435,1000,1.0942164062775688,2.9564916641576726
1451,21451,0.6248236946559435,1000,1.5160746720500813,2.7642456487536906
1452,21452,0.6248236946559435,1000,1.1029331759699232,2.9351400302332293
1453,21453,0.6248236946559435,1000,1.4414939716205126,2.80600851316159
1454,21454,0.6248236946559435,1000,1.0504460809019798,2.9433088972686314
1455,21455,0.6248236946559435,1000,1.7151543171822232,2.617166627916284
1456,21456,0.6248236946559435,1000,1.5809338432994688,2.714850174992353
1457,21457,0.6248236946559435,1000,1.005909667618046,2.989253160739108
1458,21458,0.6248236946559435,1000,1.1266945786982243,2.943492988418046
1459,21459,0.6248236946559435,1000,1.362389954071058,2.8174026769353864
1460,21460,0.6248236946559435,1000,1.336839825045938,2.8545318514835545
1461,21461,0.6248236946559435,1000,1.2553818115550393,2.865644509855276
1462,21462,0.6248236946559435,1000,1.061938149869405,2.9706023568227318
1463,21463,0.6248236946559435,1000,1.6615114242695797,2.6404935645013925
1464,21464,0.6248236946559435,1000,1.453371883883681,2.7663046653039136
1465,21465,0.6248236946559435,1000,1.0590293591400637,2.9643820380637704
1466,21466,0.6248236946559435,1000,1.16806638100407,2.9233373265740665
1467,21467,0.6248236946559435,1000,1.123468833806646,2.936834269149318
1468,21468,0.6248236946559435,1000,1.016989610957539,2.982100077632659
1469,21469,0.6248236946559435,1000,1.3437739674958866,2.8531041674720266
1470,21470,0.6248236946559435,1000,1.1995016234567504,2.9374743768948886
1471,21471,0.6248236946559435,1000,1.1613154632586205,2.9210589611412585
1472,21472,0.6248236946559435,1000,1.3213384313693222,2.8409822187127007
1473,21473,0.6248236946559435,1000,1.0606554076152284,2.970624125904314
1474,21474,0.6248236946559435,1000,1.563599433020432,2.717518499462412
1475,21475,0.6248236946559435,1000,1.4085730784134403,2.792571210099032
1476,21476,0.6248236946559435,1000,1.4320142075253552,2.7925094609098338
1477,21477,0.6248236946559435,1000,1.4995139823036527,2.7520497540308346
1478,21478,0.6248236946559435,1000,1.3855964263080396,2.836947716623019
1479,21479,0.6248236946559435,1000,1.0194426133609682,2.99242185095336
1480,21480,0.6248236946559435,1000,1.678793862701403,2.660339635946072
1481,21481,0.6248236946559435,1000,1.2036538685376432,2.9123769569790623
1482,21482,0.6248236946559435,1000,1.738295270898479,2.67503836711012
1483,21483,0.6248236946559435,1000,1.0380921919602826,2.977751126521972
1484,21484,0.6248236946559435,1000,1.4410225504956962,2.7558574506806455
1485,21485,0.6248236946559435,1000,1.3050894643785134,2.85118405643363
1486,21486,0.6248236946559435,1000,1.6535713526248426,2.6536733490276347
1487,21487,0.6248236946559435,1000,1.1123750087986544,2.9626617459356472
1488,21488,0.6248236946559435,1000,1.4163660222021675,2.800140325990469
1489,21489,0.6248236946559435,1000,1.136405596438748,2.936615482466833
1490,21490,0.6248236946559435,1000,1.0274951691949585,2.978449509183428
1491,21491,0.6248236946559435,1000,1.017385149253158,2.9847430536045283
1492,21492,0.6248236946559435,1000,1.2731280378536718,2.868383511526761
1493,21493,0.6248236946559435,1000,1.4244532537064936,2.7648760270209998
1494,21494,0.6248236946559435,1000,1.0454253286914534,2.9641236180879598
1495,21495,0.6248236946559435,1000,1.022935394274624,2.994895154409736
1496,21496,0.6248236946559435,1000,1.0830150218414982,2.983626826727128
1497,21497,0.6248236946559435,1000,1.581703216418222,2.709490289177629
1498,21498,0.6248236946559435,1000,1.9586708745569144,2.3999919228209623
1499,21499,0.6248236946559435,1000,1.0642761998024233,2.957757602187791
1500,21500,0.6248236946559435,1200,1.5010879306674643,2.740104309010668
1501,21501,0.6248236946559435,1200,1.2984510502111242,2.8649837602792347
1502,21502,0.6248236946559435,1200,1.460528914687666,2.77810753484296
1503,21503,0.6248236946559435,1200,1.5538047832044346,2.738995733944382
1504,21504,0.6248236946559435,1200,1.3704566271549625,2.8511390338686775
1505,21505,0.6248236946559435,1200,1.1934267485005212,2.893438541699502
1506,21506,0.6248236946559435,1200,1.3936849719923317,2.7818076068537514
1507,21507,0.6248236946559435,1200,1.3216782708201822,2.856422680473636
1508,21508,0.6248236946559435,1200,1.5084646680083305,2.7357074007905036
1509,21509,0.6248236946559435,1200,1.4393157629768034,2.796503323939648
1510,21510,0.6248236946559435,1200,1.3018194794312747,2.8702635372624394
1511,21511,0.6248236946559435,1200,1.1637314579743896,2.9386603794864308
1512,21512,0.6248236946559435,1200,1.1248612491789067,2.953615254213843
1513,21513,0.6248236946559435,1200,1.2004386327780594,2.9170600417849166
1514,21514,0.6248236946559435,1200,1.6099140192117338,2.683335184792412
1515,21515,0.6248236946559435,1200,1.1479390044038367,2.950046985483378
1516,21516,0.6248236946559435,1200,1.022930888539081,2.9890335126438
1517,21517,0.6248236946559435,1200,1.272736477289979,2.8698877959758766
1518,21518,0.6248236946559435,1200,1.2892314287654842,2.8597413200294133
1519,21519,0.6248236946559435,1200,1.9846929507234516,2.4185693973454745
1520,21520,0.6248236946559435,1200,1.3595813107320287,2.81982777243473
1521,21521,0.6248236946559435,1200,1.3948860067265885,2.8233559715169143
1522,21522,0.6248236946559435,1200,1.0761121703317809,2.9616486522309216
1523,21523,0.6248236946559435,1200,1.5973063424013665,2.746426963028738
1524,21524,0.6248236946559435,1200,1.2735539564231069,2.88730630004513
1525,21525,0.6248236946559435,1200,1.807731180271825,2.6227492412319084
1526,21526,0.6248236946559435,1200,1.497330687418123,2.7607706185038245
1527,21527,0.6248236946559435,1200,1.3388859685997543,2.8386097525968124
1528,21528,0.6248236946559435,1200,1.417836511125476,2.802796005834443
1529,21529,0.6248236946559435,1200,1.372191416301169,2.8278581693226976
1530,21530,0.6248236946559435,1200,1.2932351006571134,2.855009945267832
1531,21531,0.6248236946559435,1200,1.065543991568517,2.964168012486527
1532,21532,0.6248236946559435,1200,1.1196908053487011,2.9580540345581134
1533,21533,0.6248236946559435,1200,1.8414861898548893,2.513500675240979
1534,21534,0.6248236946559435,1200,1.7059251437344074,2.646841997901432
1535,21535,0.6248236946559435,1200,1.5947598654147932,2.7018946318721966
1536,21536,0.6248236946559435,1200,2.08825779237777,2.338769213722319
1537,21537,0.6248236946559435,1200,1.167522225029828,2.927460612998368
1538,21538,0.6248236946559435,1200,1.881494148885746,2.4689500487209672
1539,21539,0.6248236946559435,1200,1.5455506879944667,2.7243477322438467
1540,21540,0.6248236946559435,1200,1.2259334063193776,2.8969066681833677
1541,21541,0.6248236946559435,1200,1.2387115654094154,2.8745321998210556
1542,21542,0.6248236946559435,1200,1.7368818561155681,2.5929629891484014
1543,21543,0.6248236946559435,1200,1.2755718558043283,2.874772656266112
1544,21544,0.6248236946559435,1200,1.0263474002091872,2.9768959109721655
1545,21545,0.6248236946559435,1200,1.2777335287433276,2.8742621582406813
1546,21546,0.6248236946559435,1200,1.086129432370195,2.947872152102872
1547,21547,0.6248236946559435,1200,1.5555780199444953,2.7398048231976744
1548,21548,0.6248236946559435,1200,1.2230604482855822,2.9124139315928836
1549,21549,0.6248236946559435,1200,2.452025578774312,1.959388640661238
1550,21550,0.6248236946559435,1200,1.2507009548692094,2.8778079606180986
1551,21551,0.6248236946559435,1200,1.3339795546706,2.8489201376985793
1552,21552,0.6248236946559435,1200,1.8590706932801404,2.520007025111779
1553,21553,0.6248236946559435,1200,1.4239391957933436,2.8143487226894797
1554,21554,0.6248236946559435,1200,1.3389804246657566,2.8432260419075983
1555,21555,0.6248236946559435,1200,1.099430331852655,2.935403545911475
1556,21556,0.6248236946559435,1200,1.3135212141800106,2.8721636776972552
1557,21557,0.6248236946559435,1200,1.7828913202965164,2.563164474648489
1558,21558,0.6248236946559435,1200,1.1877201076671664,2.9142901870124205
1559,21559,0.6248236946559435,1200,1.3124844930902888,2.8357311622818653
1560,21560,0.6248236946559435,1200,1.047608445499794,2.9627133165388733
1561,21561,0.6248236946559435,1200,1.2172649992311864,2.9179977999542515
1562,21562,0.6248236946559435,1200,1.3603499625122768,2.8398274904037097
1563,21563,0.6248236946559435,1200,1.5159637079737958,2.729331203748224
1564,21564,0.6248236946559435,1200,1.3114712985867745,2.8606974727684564
1565,21565,0.6248236946559435,1200,1.4152110499821045,2.8157054998643836
1566,21566,0.6248236946559435,1200,1.5989118789124175,2.6941612237904904
1567,21567,0.6248236946559435,1200,1.4508639705895514,2.7856113756219654
1568,21568,0.6248236946559435,1200,1.4887300076105427,2.7587640279342116
1569,21569,0.6248236946559435,1200,1.6014244910893294,2.7001258826740218
1570,21570,0.6248236946559435,1200,1.0881566154906348,2.9455970704195455
1571,21571,0.6248236946559435,1200,1.2848441113804114,2.8659465556099017
1572,21572,0.6248236946559435,1200,1.5590377230650305,2.706806795923697
1573,21573,0.6248236946559435,1200,1.9530294516367612,2.4456172378132752
1574,21574,0.6248236946559435,1200,1.5337759965036912,2.737532741443318
1575,21575,0.6248236946559435,1200,1.3236885779619625,2.8668021746219887
1576,21576,0.6248236946559435,1200,2.1231249732094644,2.2554946721454194
1577,21577,0.6248236946559435,1200,1.6124637614183368,2.6552081570762036
1578,21578,0.6248236946559435,1200,1.6005853578136038,2.6843969102887746
1579,21579,0.6248236946559435,1200,1.4584360485918841,2.78191377577479
1580,21580,0.6248236946559435,1200,1.1710507045956637,2.9427332774912953
1581,21581,0.6248236946559435,1200,1.374792194659832,2.8471065123858503
1582,21582,0.6248236946559435,1200,1.0207552597173735,2.96574610178692
1583,21583,0.6248236946559435,1200,1.0588621722439056,2.9620757841624794
1584,21584,0.6248236946559435,1200,1.5836022364866058,2.70681864284279
1585,21585,0.6248236946559435,1200,1.0531358380828812,2.95422958597901
1586,21586,0.6248236946559435,1200,1.1321371848154234,2.928215503504437
1587,21587,0.6248236946559435,1200,1.2184298020583963,2.878874005714827
1588,21588,0.6248236946559435,1200,1.7545576859274767,2.580237165617563
1589,21589,0.6248236946559435,1200,1.2942935559124924,2.8602015126187497
1590,21590,0.6248236946559435,1200,1.0631903199477126,2.9716221220845633
1591,21591,0.6248236946559435,1200,1.5322674309529325,2.746999407210592
1592,21592,0.6248236946559435,1200,1.381219861873212,2.7919415803268732
1593,21593,0.6248236946559435,1200,1.5785337485875837,2.712964288643928
1594,21594,0.6248236946559435,1200,1.8100310038035043,2.5006663794747874
1595,21595,0.6248236946559435,1200,1.2459927993237685,2.8754144754828443
1596,21596,0.6248236946559435,1200,1.1370449776877032,2.951619120500649
1597,21597,0.6248236946559435,1200,1.330127375909904,2.859301122011225
1598,21598,0.6248236946559435,1200,1.2128966163999932,2.9124735846647214
1599,21599,0.6248236946559435,1200,1.0932172912147458,2.964472344028311
1600,21600,0.6248236946559435,1400,1.0325411235948023,2.956973920636926
1601,21601,0.6248236946559435,1400,1.7629670799113282,2.6134779143441103
1602,21602,0.6248236946559435,1400,1.9399571313470303,2.4310009354518205
1603,21603,0.6248236946559435,1400,1.8015385241607735,2.5373794277663158
1604,21604,0.6248236946559435,1400,1.3009234934950051,2.8588475466475085
1605,21605,0.6248236946559435,1400,1.4394580394353382,2.7800388123054867
1606,21606,0.6248236946559435,1400,1.36065714907343,2.82005306802655
1607,21607,0.6248236946559435,1400,1.9704789787799128,2.487857895811613
1608,21608,0.6248236946559435,1400,1.482514309115858,2.7772371335205595
1609,21609,0.6248236946559435,1400,1.3728822792946633,2.8284520749252997
1610,21610,0.6248236946559435,1400,1.288418968725111,2.867297014384264
1611,21611,0.6248236946559435,1400,1.453212386654429,2.7990867383972478
1612,21612,0.6248236946559435,1400,1.3077662329214337,2.8680888904060975
1613,21613,0.6248236946559435,1400,1.2547851757286863,2.891941062125257
1614,21614,0.6248236946559435,1400,1.9744446048849356,2.404310709199612
1615,21615,0.6248236946559435,1400,1.253705612573822,2.8766939265263596
1616,21616,0.6248236946559435,1400,1.0447882165697187,2.966187731604704
1617,21617,0.6248236946559435,1400,2.385982702949437,1.9784190220237754
1618,21618,0.6248236946559435,1400,1.86697204476352,2.492334254125734
1619,21619,0.6248236946559435,1400,1.3399578141559627,2.8371843825485232
1620,21620,0.6248236946559435,1400,1.842393615864942,2.5513719262334718
1621,21621,0.6248236946559435,1400,1.2347445509942105,2.8794011708618705
1622,21622,0.6248236946559435,1400,1.7262585212458994,2.6014055198202266
1623,21623,0.6248236946559435,1400,1.1713373590508755,2.917488491505853
1624,21624,0.6248236946559435,1400,1.0442893364374912,2.9558784087098324
1625,21625,0.6248236946559435,1400,1.818946813690048,2.5521327037134762
1626,21626,0.6248236946559435,1400,1.3595158395007543,2.8581884601817835
1627,21627,0.6248236946559435,1400,1.707917658787272,2.658948943372209
1628,21628,0.6248236946559435,1400,1.269687069076171,2.8764782281558676
1629,21629,0.6248236946559435,1400,1.095489955914071,2.939310647737069
1630,21630,0.6248236946559435,1400,1.397448578770319,2.773970586989706
1631,21631,0.6248236946559435,1400,1.8897500102947304,2.4817289287858464
1632,21632,0.6248236946559435,1400,2.0729510265895468,2.3913370548775013
1633,21633,0.6248236946559435,1400,1.1276861802696299,2.955941396220079
1634,21634,0.6248236946559435,1400,1.690612791126804,2.6690928822438034
1635,21635,0.6248236946559435,1400,1.1394262331133933,2.9413466947610702
1636,21636,0.6248236946559435,1400,1.4762333124894051,2.7886888975956654
1637,21637,0.6248236946559435,1400,1.173714118166495,2.9176173795069777
1638,21638,0.6248236946559435,1400,1.7565008016497434,2.597380241975574
1639,21639,0.6248236946559435,1400,1.5108227269685848,2.7606800224732786
1640,21640,0.6248236946559435,1400,1.214085191068039,2.9020990778705373
1641,21641,0.6248236946559435,1400,1.3585192556475176,2.8146710913157635
1642,21642,0.6248236946559435,1400,1.5507214644273921,2.7424201828022623
1643,21643,0.6248236946559435,1400,1.0166040380130157,2.971383602685743
1644,21644,0.6248236946559435,1400,1.2959884169660438,2.88452497706553
1645,21645,0.6248236946559435,1400,1.0510253538679832,2.951250649890539
1646,21646,0.6248236946559435,1400,1.719325423615262,2.639929204305658
1647,21647,0.6248236946559435,1400,1.5843755088721116,2.6978833462005687
1648,21648,0.6248236946559435,1400,1.1737435735468658,2.9017978780045164
1649,21649,0.6248236946559435,1400,1.9220049864948325,2.4495347346956082
1650,21650,0.6248236946559435,1400,1.4814791826788958,2.765933291345919
1651,21651,0.6248236946559435,1400,1.0614894046917656,2.9522033192624484
1652,21652,0.6248236946559435,1400,1.0745908310920476,2.9392469579852576
1653,21653,0.6248236946559435,1400,1.0714545420265238,2.9615672566847357
1654,21654,0.6248236946559435,1400,1.9723192839635608,2.4598739879772604
1655,21655,0.6248236946559435,1400,1.4674896499934065,2.7686860593106086
1656,21656,0.6248236946559435,1400,1.569285468347686,2.7489941068326704
1657,21657,0.6248236946559435,1400,1.5875994892089742,2.6996832556892056
1658,21658,0.6248236946559435,1400,1.6825557476262207,2.564470191163792
1659,21659,0.6248236946559435,1400,1.4154071873104557,2.8028361438657154
1660,21660,0.6248236946559435,1400,1.3911650550385306,2.8238104479689285
1661,21661,0.6248236946559435,1400,1.6763337502280464,2.640763053954818
1662,21662,0.6248236946559435,1400,1.6656552841152983,2.6418727392708825
1663,21663,0.6248236946559435,1400,1.8352264935717575,2.5791463742890137
1664,21664,0.6248236946559435,1400,1.2533148010837436,2.865862474223276
1665,21665,0.6248236946559435,1400,1.435616130564679,2.7899005184556764
1666,21666,0.6248236946559435,1400,1.096976851769845,2.9364843736415045
1667,21667,0.6248236946559435,1400,1.5507875647485547,2.728227142762782
1668,21668,0.6248236946559435,1400,1.2424791545070786,2.8866327652136308
1669,21669,0.6248236946559435,1400,2.042432738399014,2.3646725725172084
1670,21670,0.6248236946559435,1400,1.6349400743639908,2.6792662901620394
1671,21671,0.6248236946559435,1400,1.322002242299471,2.8617919610855256
1672,21672,0.6248236946559435,1400,1.1592456405176972,2.9298991554145797
1673,21673,0.6248236946559435,1400,1.8303077658037203,2.572240900914829
1674,21674,0.6248236946559435,1400,1.4004978663064331,2.808331467477168
1675,21675,0.6248236946559435,1400,1.928520683541836,2.4636374201767692
1676,21676,0.6248236946559435,1400,1.0973241534818037,2.965815236457831
1677,21677,0.6248236946559435,1400,1.693075460249665,2.6380624057237734
1678,21678,0.6248236946559435,1400,2.5194001053752393,1.814351378806106
1679,21679,0.6248236946559435,1400,1.4988242476708522,2.772135332264207
1680,21680,0.6248236946559435,1400,1.9366292832075,2.4394295116103626
1681,21681,0.6248236946559435,1400,1.460270335697259,2.7604479355294465
1682,21682,0.6248236946559435,1400,1.066351544441487,2.951761186452193
1683,21683,0.6248236946559435,1400,1.6673576191944988,2.6807048690705524
1684,21684,0.6248236946559435,1400,1.3114078591977978,2.854081065639719
1685,21685,0.6248236946559435,1400,2.424507948425694,1.9799829133984612
1686,21686,0.6248236946559435,1400,1.102859153470226,2.9170937186540606
1687,21687,0.6248236946559435,1400,1.3377275888174052,2.833867089290448
1688,21688,0.6248236946559435,1400,1.1010108209404588,2.933480255826029
1689,21689,0.6248236946559435,1400,1.6781916980277718,2.6301420073539727
1690,21690,0.6248236946559435,1400,2.069393176570077,2.3713273218930153
1691,21691,0.6248236946559435,1400,1.703108591902934,2.6301384757690975
1692,21692,0.6248236946559435,1400,1.162102524699357,2.906189670269157
1693,21693,0.6248236946559435,1400,1.7169875441052933,2.624312042990203
1694,21694,0.6248236946559435,1400,1.3198227503111677,2.854575574946547
1695,21695,0.6248236946559435,1400,1.0909474781734327,2.9506440710495903
1696,21696,0.6248236946559435,1400,1.776987647909888,2.5389667682916177
1697,21697,0.6248236946559435,1400,1.9859557976762425,2.4350658523800432
1698,21698,0.6248236946559435,1400,1.291444193795074,2.85753706649107
1699,21699,0.6248236946559435,1400,1.152235882880315,2.926856866943846
1700,21700,0.6248236946559435,1600,1.8790600018954808,2.4980053311161923
1701,21701,0.6248236946559435,1600,1.3527969960934938,2.821921014157824
1702,21702,0.6248236946559435,1600,1.1257450979361423,2.9433989422804316
1703,21703,0.6248236946559435,1600,1.2888357396228127,2.857680077741379
1704,21704,0.6248236946559435,1600,1.772049391956428,2.618340133641047
1705,21705,0.6248236946559435,1600,1.817522321559272,2.5600351849327425
1706,21706,0.6248236946559435,1600,1.3169175314006327,2.8533688330946907
1707,21707,0.6248236946559435,1600,1.5259439178825007,2.736046419946339
1708,21708,0.6248236946559435,1600,1.53961218491274,2.7559794062619547
1709,21709,0.6248236946559435,1600,1.5872598470125785,2.699557831926521
1710,21710,0.6248236946559435,1600,1.46282327079338,2.7870257610304705
1711,21711,0.6248236946559435,1600,1.4432941310636813,2.7735914368039345
1712,21712,0.6248236946559435,1600,1.603211547888708,2.7035435472970506
1713,21713,0.6248236946559435,1600,2.0009816142660335,2.3995759128909055
1714,21714,0.6248236946559435,1600,1.709680691239377,2.6497200189403136
1715,21715,0.6248236946559435,1600,1.6834256466875488,2.570284406077536
1716,21716,0.6248236946559435,1600,1.0697188837863847,2.9395561323737223
1717,21717,0.6248236946559435,1600,1.8244881859379916,2.581087897232008
1718,21718,0.6248236946559435,1600,1.2681506568532266,2.85592535799043
1719,21719,0.6248236946559435,1600,1.6388415085685413,2.69170755647507
1720,21720,0.6248236946559435,1600,1.9798807991479397,2.4558090008764153
1721,21721,0.6248236946559435,1600,1.5478399439191084,2.781835135871792
1722,21722,0.6248236946559435,1600,1.5796895337919328,2.718794870316871
1723,21723,0.6248236946559435,1600,1.7873879540812432,2.5765035029140266
1724,21724,0.6248236946559435,1600,1.472306399807088,2.7701538201380815
1725,21725,0.6248236946559435,1600,1.563457049435827,2.706012935952788
1726,21726,0.6248236946559435,1600,1.3663058507437413,2.830997162747807
1727,21727,0.6248236946559435,1600,1.217819523645269,2.9095437601959153
1728,21728,0.6248236946559435,1600,1.8485450995865773,2.555461806619115
1729,21729,0.6248236946559435,1600,1.6111634443987346,2.7034543004934934
1730,21730,0.6248236946559435,1600,2.328417018324626,2.133798079538552
1731,21731,0.6248236946559435,1600,1.509337040746851,2.7581421431034228
1732,21732,0.6248236946559435,1600,1.5143421762884972,2.758346058409905
1733,21733,0.6248236946559435,1600,1.9042917851968064,2.454072454127722
1734,21734,0.6248236946559435,1600,1.634122802767984,2.6631519334748126
1735,21735,0.6248236946559435,1600,1.0638261358705543,2.9771715941111148
1736,21736,0.6248236946559435,1600,1.6224041892603922,2.6694899585905665
1737,21737,0.6248236946559435,1600,1.411257164041704,2.7890006922823742
1738,21738,0.6248236946559435,1600,1.9854345506375506,2.4151041382835787
1739,21739,0.6248236946559435,1600,1.8406651779731358,2.5167350654389797
1740,21740,0.6248236946559435,1600,1.72099986238047,2.6517944653767245
1741,21741,0.6248236946559435,1600,1.2565571587649038,2.884042605367571
1742,21742,0.6248236946559435,1600,1.300042176077044,2.866457933938176
1743,21743,0.6248236946559435,1600,1.3718172994192286,2.7997654386908186
1744,21744,0.6248236946559435,1600,1.1742860691801087,2.91618595118405
1745,21745,0.6248236946559435,1600,1.0132075641594829,2.982531619266026
1746,21746,0.6248236946559435,1600,1.3788385160002752,2.8404801926101295
1747,21747,0.6248236946559435,1600,1.5548009441596418,2.753393109893123
1748,21748,0.6248236946559435,1600,1.4158224705648341,2.7730332327100973
1749,21749,0.6248236946559435,1600,1.4065480810951438,2.8279078025309716
1750,21750,0.6248236946559435,1600,1.3874347793356232,2.8153178454428605
1751,21751,0.6248236946559435,1600,2.0481032817237947,2.43746684709608
1752,21752,0.6248236946559435,1600,1.098798336018383,2.954503930330247
1753,21753,0.6248236946559435,1600,1.1231530966805505,2.918176723516662
1754,21754,0.6248236946559435,1600,1.4177134198495593,2.7560399584666455
1755,21755,0.6248236946559435,1600,1.6624669699961117,2.6649303607520594
1756,21756,0.6248236946559435,1600,2.3538490422272993,2.0461259056191463
1757,21757,0.6248236946559435,1600,1.5901083657564834,2.7113898941987866
1758,21758,0.6248236946559435,1600,2.0759386391696086,2.3490650862397118
1759,21759,0.6248236946559435,1600,1.5368769578409203,2.7437650927040265
1760,21760,0.6248236946559435,1600,1.1921260525102801,2.9033830067525144
1761,21761,0.6248236946559435,1600,1.4249738088206392,2.808025719560054
1762,21762,0.6248236946559435,1600,2.0161500709973996,2.4312440206575237
1763,21763,0.6248236946559435,1600,1.6012075584953336,2.7092962648984287
1764,21764,0.6248236946559435,1600,1.9666583634313923,2.429895785072883
1765,21765,0.6248236946559435,1600,1.5549255545228315,2.7524694924906736
1766,21766,0.6248236946559435,1600,1.7003686667587747,2.6410730103324265
1767,21767,0.6248236946559435,1600,1.182232698241641,2.9068622950431346
1768,21768,0.6248236946559435,1600,1.9136117352763555,2.4245469607590824
1769,21769,0.6248236946559435,1600,1.4041374619625298,2.8225138640943324
1770,21770,0.6248236946559435,1600,1.3375338655085633,2.847220601332654
1771,21771,0.6248236946559435,1600,1.491769699700866,2.757829589480469
1772,21772,0.6248236946559435,1600,1.3514080135943587,2.8237233059923077
1773,21773,0.6248236946559435,1600,1.7104041640624454,2.6220231984565396
1774,21774,0.6248236946559435,1600,1.4300611395230305,2.8139310084019913
1775,21775,0.6248236946559435,1600,1.2173257199050567,2.91537863646541
1776,21776,0.6248236946559435,1600,1.3026263450092437,2.865437973020273
1777,21777,0.6248236946559435,1600,1.4137420112728716,2.789180704697791
1778,21778,0.6248236946559435,1600,2.1340131871550247,2.2528401153293327
1779,21779,0.6248236946559435,1600,1.0352112309015369,2.9673817418045525
1780,21780,0.6248236946559435,1600,2.0378082498324073,2.360477002567753
1781,21781,0.6248236946559435,1600,1.8788460509026692,2.546898965932553
1782,21782,0.6248236946559435,1600,1.4288757707565352,2.8002666273181496
1783,21783,0.6248236946559435,1600,1.6434117658546707,2.6644225686603242
1784,21784,0.6248236946559435,1600,1.781598162308192,2.6048531360650076
1785,21785,0.6248236946559435,1600,1.6818349111594095,2.648876396807482
1786,21786,0.6248236946559435,1600,1.419291205087358,2.806256699763643
1787,21787,0.6248236946559435,1600,1.8061548648380277,2.5472834860224864
1788,21788,0.6248236946559435,1600,1.2480540400643154,2.8873710033486466
1789,21789,0.6248236946559435,1600,1.5089252060013691,2.7594641172755976
1790,21790,0.6248236946559435,1600,1.072737236004627,2.943695329253092
1791,21791,0.6248236946559435,1600,1.6847527084594618,2.636779052691657
1792,21792,0.6248236946559435,1600,1.1944478121775035,2.919488884821685
1793,21793,0.6248236946559435,1600,1.466321811925822,2.7742410154233434
1794,21794,0.6248236946559435,1600,1.5947522969702745,2.681946962699798
1795,21795,0.6248236946559435,1600,1.0771272119169462,2.9255030532529096
1796,21796,0.6248236946559435,1600,1.5108019619644069,2.763200283879194
1797,21797,0.6248236946559435,1600,1.6200396027162995,2.681629335302117
1798,21798,0.6248236946559435,1600,1.4390723758522912,2.842117465262342
1799,21799,0.6248236946559435,1600,1.2620742522327457,2.8576777870891426
1800,21800,0.6248236946559435,1800,1.1728277967319136,2.9393606708600855
1801,21801,0.6248236946559435,1800,1.963952699772675,2.3980071683549404
1802,21802,0.6248236946559435,1800,1.1469004878820726,2.938693599987759
1803,21803,0.6248236946559435,1800,1.3249543421906642,2.8449777215771648
1804,21804,0.6248236946559435,1800,1.5056026651740368,2.7339638137568145
1805,21805,0.6248236946559435,1800,1.977606294638233,2.4664912544609363
1806,21806,0.6248236946559435,1800,1.1629734240206837,2.920096422301005
1807,21807,0.6248236946559435,1800,1.7615717328071696,2.562554879852326
1808,21808,0.6248236946559435,1800,1.4520801129430376,2.77915636391414
1809,21809,0.6248236946559435,1800,1.5958806518719448,2.7214430673317755
1810,21810,0.6248236946559435,1800,1.559514508385411,2.7272006704017615
1811,21811,0.6248236946559435,1800,1.680023658645037,2.633143061486272
1812,21812,0.6248236946559435,1800,1.1234390949263984,2.941836126939659
1813,21813,0.6248236946559435,1800,2.1638658867740466,2.1862133780086217
1814,21814,0.6248236946559435,1800,1.1607929393885001,2.91793318774812
1815,21815,0.6248236946559435,1800,1.7064187221794476,2.5929009478305476
1816,21816,0.6248236946559435,1800,1.2120895715264208,2.8873343023333677
1817,21817,0.6248236946559435,1800,1.3584790910555748,2.8593267892512517
1818,21818,0.6248236946559435,1800,1.2272670282344376,2.917331901544698
1819,21819,0.6248236946559435,1800,1.784707160913864,2.540256357547455
1820,21820,0.6248236946559435,1800,1.9073738873958852,2.492939395454429
1821,21821,0.6248236946559435,1800,1.3729792444110054,2.8299847453192504
1822,21822,0.6248236946559435,1800,1.584680130623231,2.772064959647747
1823,21823,0.6248236946559435,1800,1.378804273141022,2.8208745978968857
1824,21824,0.6248236946559435,1800,2.3093822914786983,2.033904956281655
1825,21825,0.6248236946559435,1800,1.627614816619046,2.6706164679947184
1826,21826,0.6248236946559435,1800,1.3062856812357377,2.8356841554776095
1827,21827,0.6248236946559435,1800,2.212197028914389,2.261183571235275
1828,21828,0.6248236946559435,1800,1.035356336584116,2.9816803146554065
1829,21829,0.6248236946559435,1800,1.557022407460784,2.743535577613606
1830,21830,0.6248236946559435,1800,1.233404018871944,2.8866754388672415
1831,21831,0.6248236946559435,1800,1.8539808181384019,2.508731932202898
1832,21832,0.6248236946559435,1800,1.3250002859029624,2.850734194034247
1833,21833,0.6248236946559435,1800,1.238225600246697,2.876184072735542
1834,21834,0.6248236946559435,1800,1.8953725823350596,2.5424863130098605
1835,21835,0.6248236946559435,1800,1.3262827747312123,2.844359201848145
1836,21836,0.6248236946559435,1800,1.8345966968933296,2.578975480130969
1837,21837,0.6248236946559435,1800,1.0236634121337072,2.973318652453589
1838,21838,0.6248236946559435,1800,1.925221050035369,2.4707233981431687
1839,21839,0.6248236946559435,1800,1.1604314848693618,2.9206878598244472
1840,21840,0.6248236946559435,1800,1.465903738857,2.719011455800101
1841,21841,0.6248236946559435,1800,1.443052839454063,2.8002328313996476
1842,21842,0.6248236946559435,1800,1.0365310973486859,2.968047620584019
1843,21843,0.6248236946559435,1800,1.0225304301442621,2.9846826184411976
1844,21844,0.6248236946559435,1800,1.6827222858916724,2.667342759869993
1845,21845,0.6248236946559435,1800,2.3549595745096115,2.105716430226362
1846,21846,0.6248236946559435,1800,1.256693868256339,2.8846913029054657
1847,21847,0.6248236946559435,1800,1.4027232189732692,2.8016192346742335
1848,21848,0.6248236946559435,1800,2.2689009552712354,2.1731642488974154
1849,21849,0.6248236946559435,1800,1.989094109899781,2.442777609046554
1850,21850,0.6248236946559435,1800,2.5672438015184498,1.7830537395966732
1851,21851,0.6248236946559435,1800,1.8980884741745156,2.4696015524923283
1852,21852,0.6248236946559435,1800,2.1288909219510628,2.186542366561814
1853,21853,0.6248236946559435,1800,1.6418751948844759,2.689827649277242
1854,21854,0.6248236946559435,1800,1.624239768105316,2.6785941187211293
1855,21855,0.6248236946559435,1800,2.103397097210717,2.3694102611329653
1856,21856,0.6248236946559435,1800,1.6334752834252169,2.662279013225358
1857,21857,0.6248236946559435,1800,1.423985523897835,2.782800882891573
1858,21858,0.6248236946559435,1800,1.9533482658247496,2.490368821680899
1859,21859,0.6248236946559435,1800,1.4369394894335328,2.7959765530729355
1860,21860,0.6248236946559435,1800,1.6667884215409927,2.621691259554955
1861,21861,0.6248236946559435,1800,1.623379757819734,2.6687778560401947
1862,21862,0.6248236946559435,1800,1.39572059029151,2.815114103853895
1863,21863,0.6248236946559435,1800,1.6897555774305864,2.6555558631468115
1864,21864,0.6248236946559435,1800,1.7501325479953789,2.590370786655938
1865,21865,0.6248236946559435,1800,1.607589120606979,2.69031137557802
1866,21866,0.6248236946559435,1800,1.3839005586312114,2.838516417139277
1867,21867,0.6248236946559435,1800,1.4589303718330617,2.8080507736735605
1868,21868,0.6248236946559435,1800,1.4059599568989714,2.810641908918688
1869,21869,0.6248236946559435,1800,1.2083747486860124,2.928166424131443
1870,21870,0.6248236946559435,1800,1.0496029858432991,2.978214066827526
1871,21871,0.6248236946559435,1800,1.2008965792857853,2.8975291421091427
1872,21872,0.6248236946559435,1800,2.278044669962247,2.1162983871737944
1873,21873,0.6248236946559435,1800,1.204958416057337,2.893293598266932
1874,21874,0.6248236946559435,1800,1.4593136801559667,2.777329613887829
1875,21875,0.6248236946559435,1800,1.8183785659774834,2.555562277340333
1876,21876,0.6248236946559435,1800,1.963214120760662,2.4459777079963727
1877,21877,0.6248236946559435,1800,1.6721484324843332,2.677826021164105
1878,21878,0.6248236946559435,1800,1.4638253060324342,2.7923422284729416
1879,21879,0.6248236946559435,1800,1.0291400739188672,2.986557129467301
1880,21880,0.6248236946559435,1800,1.531361039601704,2.753023795782286
1881,21881,0.6248236946559435,1800,1.359447832988232,2.8415345767389346
1882,21882,0.6248236946559435,1800,1.0377524219161347,2.9725524506297574
1883,21883,0.6248236946559435,1800,1.4235214931482123,2.795986633256023
1884,21884,0.6248236946559435,1800,1.8817371698400922,2.525375918692565
1885,21885,0.6248236946559435,1800,1.4315067809991384,2.8281502567114165
1886,21886,0.6248236946559435,1800,1.7151940600290287,2.624109860858455
1887,21887,0.6248236946559435,1800,1.0447099255023038,2.947235833292498
1888,21888,0.6248236946559435,1800,1.1900365558893578,2.920690485569141
1889,21889,0.6248236946559435,1800,1.5675471750216945,2.724482872105236
1890,21890,0.6248236946559435,1800,1.0850915064507287,2.944866099711264
1891,21891,0.6248236946559435,1800,1.8157628644147255,2.5414705026977833
1892,21892,0.6248236946559435,1800,1.3857441168019824,2.8071077103066058
1893,21893,0.6248236946559435,1800,2.189944834982576,2.2131338771426696
1894,21894,0.6248236946559435,1800,1.8724080235671745,2.513238426641197
1895,21895,0.6248236946559435,1800,1.0248235761382736,2.96672594773562
1896,21896,0.6248236946559435,1800,1.2209987329440728,2.883845826726512
1897,21897,0.6248236946559435,1800,1.3827854422979198,2.8190500448290967
1898,21898,0.6248236946559435,1800,1.380151849304763,2.8372134420016777
1899,21899,0.6248236946559435,1800,1.936079005778959,2.4561139185227936
1900,21900,0.6248236946559435,2000,1.4015307684713973,2.838113287822364
1901,21901,0.6248236946559435,2000,1.9156282275151273,2.505113256582278
1902,21902,0.6248236946559435,2000,1.5187253210202334,2.762736285445751
1903,21903,0.6248236946559435,2000,1.4728058396662207,2.7991322382206762
1904,21904,0.6248236946559435,2000,1.3806534648757056,2.8268041659774727
1905,21905,0.6248236946559435,2000,1.2670729138833239,2.888735043206734
1906,21906,0.6248236946559435,2000,1.2017381825145337,2.898005668536116
1907,21907,0.6248236946559435,2000,1.6522016586833843,2.6676560578103787
1908,21908,0.6248236946559435,2000,1.630950255537194,2.6877386888681536
1909,21909,0.6248236946559435,2000,1.5893283449342117,2.734525596176684
1910,21910,0.6248236946559435,2000,1.1912927396026778,2.9143129819966616
1911,21911,0.6248236946559435,2000,2.276896509429095,2.183733320702813
1912,21912,0.6248236946559435,2000,2.3406748281688454,2.0763692844696626
1913,21913,0.6248236946559435,2000,1.725861900664901,2.6484831158714313
1914,21914,0.6248236946559435,2000,1.2918470208361397,2.8431724838069967
1915,21915,0.6248236946559435,2000,2.165091447635305,2.236585800357542
1916,21916,0.6248236946559435,2000,1.375678893171931,2.81800440720356
1917,21917,0.6248236946559435,2000,1.6248844410350203,2.6834485443805844
1918,21918,0.6248236946559435,2000,1.1262821493172765,2.936301905290429
1919,21919,0.6248236946559435,2000,1.7010581235047755,2.615319182408434
1920,21920,0.6248236946559435,2000,1.9546105182853548,2.392871050777192
1921,21921,0.6248236946559435,2000,1.3859442463369194,2.809797724546923
1922,21922,0.6248236946559435,2000,1.378733971361272,2.8181097545990434
1923,21923,0.6248236946559435,2000,1.2623710444634972,2.866094659122023
1924,21924,0.6248236946559435,2000,2.013482051417381,2.409928367994924
1925,21925,0.6248236946559435,2000,1.278380406024645,2.8722634173101502
1926,21926,0.6248236946559435,2000,1.9648576766317156,2.425869771434447
1927,21927,0.6248236946559435,2000,1.7505293246270708,2.6014738321444635
1928,21928,0.6248236946559435,2000,1.4032016554724216,2.768224453051806
1929,21929,0.6248236946559435,2000,1.7962488647296424,2.6117460138891024
1930,21930,0.6248236946559435,2000,1.5279741139562812,2.7568731805978133
1931,21931,0.6248236946559435,2000,1.8346039903577551,2.4924402028692176
1932,21932,0.6248236946559435,2000,1.801556664134835,2.5580295018460784
1933,21933,0.6248236946559435,2000,1.7050483592124148,2.64365292398521
1934,21934,0.6248236946559435,2000,1.2731045620378358,2.8688876132247434
1935,21935,0.6248236946559435,2000,1.3156223972726893,2.8407991432166626
1936,21936,0.6248236946559435,2000,1.6921832557977083,2.6298654125008443
1937,21937,0.6248236946559435,2000,1.7815425800539106,2.5803478303370455
1938,21938,0.6248236946559435,2000,1.3020339289844998,2.8393431157362516
1939,21939,0.6248236946559435,2000,2.279023142269718,2.1227250325719953
1940,21940,0.6248236946559435,2000,1.6796372317637573,2.664973970812892
1941,21941,0.6248236946559435,2000,1.5263478859297908,2.7450827968134197
1942,21942,0.6248236946559435,2000,2.0194521166088775,2.442759438932593
1943,21943,0.6248236946559435,2000,1.4536268700412571,2.7929179005517377
1944,21944,0.6248236946559435,2000,1.423090603646808,2.8223677275399988
1945,21945,0.6248236946559435,2000,1.7623301665765165,2.593436805360787
1946,21946,0.6248236946559435,2000,1.1937074088494624,2.910164112320123
1947,21947,0.6248236946559435,2000,1.2557949666572208,2.898735270157894
1948,21948,0.6248236946559435,2000,1.6630630792612127,2.6747948097525733
1949,21949,0.6248236946559435,2000,1.6413090594804394,2.694811821550858
1950,21950,0.6248236946559435,2000,1.1129334114093536,2.9378604912721733
1951,21951,0.6248236946559435,2000,1.973234199705646,2.441477336543833
1952,21952,0.6248236946559435,2000,1.5790395012851823,2.711844322914911
1953,21953,0.6248236946559435,2000,1.371285666143803,2.828461768031459
1954,21954,0.6248236946559435,2000,2.184065124383229,2.2622834382137973
1955,21955,0.6248236946559435,2000,1.5233136547260706,2.7180887508808262
1956,21956,0.6248236946559435,2000,1.5548295144815067,2.737666602869459
1957,21957,0.6248236946559435,2000,1.5635652700040943,2.6894706719703816
1958,21958,0.6248236946559435,2000,1.1273843449021883,2.92494272239412
1959,21959,0.6248236946559435,2000,2.2192638808128473,2.2194583689404226
1960,21960,0.6248236946559435,2000,1.6714161325156205,2.6686134313211576
1961,21961,0.6248236946559435,2000,2.013914659333832,2.4089437109209646
1962,21962,0.6248236946559435,2000,1.29703086492953,2.846872879197746
1963,21963,0.6248236946559435,2000,1.4160747178213942,2.829680147091373
1964,21964,0.6248236946559435,2000,1.610944068065986,2.711967219239831
1965,21965,0.6248236946559435,2000,1.9736912057669158,2.395869271064013
1966,21966,0.6248236946559435,2000,1.0535376660233604,2.954868989254627
1967,21967,0.6248236946559435,2000,1.1510822056867716,2.9126081334558163
1968,21968,0.6248236946559435,2000,1.1505408178232142,2.9214578646151477
1969,21969,0.6248236946559435,2000,1.2390691422079152,2.9260583268019853
1970,21970,0.6248236946559435,2000,1.4212703585692854,2.78212582273476
1971,21971,0.6248236946559435,2000,2.1451482451358457,2.2392771441931876
1972,21972,0.6248236946559435,2000,2.3323053853671394,2.084128296778181
1973,21973,0.6248236946559435,2000,1.5549607476957623,2.7452780267883172
1974,21974,0.6248236946559435,2000,1.2405009321867986,2.876028987669979
1975,21975,0.6248236946559435,2000,1.7024152059518474,2.664175677167113
1976,21976,0.6248236946559435,2000,2.3277917718884016,2.0918606901892796
1977,21977,0.6248236946559435,2000,1.0363366074861993,2.977114275609618
1978,21978,0.6248236946559435,2000,1.5993468186510973,2.7004687193258112
1979,21979,0.6248236946559435,2000,2.1882847709323343,2.244597708813507
1980,21980,0.6248236946559435,2000,1.6794043502426643,2.6487740278231606
1981,21981,0.6248236946559435,2000,1.50359534975514,2.7547999392813507
1982,21982,0.6248236946559435,2000,1.6210438212274205,2.6582774703174326
1983,21983,0.6248236946559435,2000,1.6073479961201351,2.682833076884233
1984,21984,0.6248236946559435,2000,1.62207410187951,2.683408558256849
1985,21985,0.6248236946559435,2000,1.2288373647411739,2.888936442937313
1986,21986,0.6248236946559435,2000,1.0515410190261902,2.963432476368591
1987,21987,0.6248236946559435,2000,1.855276321946798,2.5688475394533756
1988,21988,0.6248236946559435,2000,1.3871493960117065,2.848311156296359
1989,21989,0.6248236946559435,2000,1.851469400291251,2.5716610184799933
1990,21990,0.6248236946559435,2000,1.3463712506639778,2.8265937708521434
1991,21991,0.6248236946559435,2000,1.6650867581322188,2.6112335191682954
1992,21992,0.6248236946559435,2000,1.6235430284572527,2.683933639067928
1993,21993,0.6248236946559435,2000,1.6049888640575556,2.7076863948097407
1994,21994,0.6248236946559435,2000,1.1126446510799286,2.9512388903801616
1995,21995,0.6248236946559435,2000,1.0466085277337587,2.958107723533922
1996,21996,0.6248236946559435,2000,2.1545573672702205,2.235969914563703
1997,21997,0.6248236946559435,2000,1.2130977675120849,2.897776037871406
1998,21998,0.6248236946559435,2000,1.494856520823156,2.735997541702951
1999,21999,0.6248236946559435,2000,2.066980463664891,2.3180221903288034
2000,22000,0.35136418446315326,200,1.015028012407035,2.987561139870828
2001,22001,0.35136418446315326,200,1.1758811960144637,2.915616412043478
2002,22002,0.35136418446315326,200,1.352351468396876,2.8426851783516556
2003,22003,0.35136418446315326,200,1.2619969797034063,2.8832298974143544
2004,22004,0.35136418446315326,200,1.3936220695578285,2.801924076266746
2005,22005,0.35136418446315326,200,1.0394617096039493,2.9895382341303693
2006,22006,0.35136418446315326,200,1.026772567689632,2.966686748787056
2007,22007,0.35136418446315326,200,1.0737217283310314,2.941107482091635
2008,22008,0.35136418446315326,200,1.337403368152103,2.83586500715224
2009,22009,0.35136418446315326,200,1.1207994933915368,2.943875319351281
2010,22010,0.35136418446315326,200,1.9014963221488592,2.5017222260110414
2011,22011,0.35136418446315326,200,1.465719669829942,2.7745447881433134
2012,22012,0.35136418446315326,200,1.0579606335412488,2.9576982323854466
2013,22013,0.35136418446315326,200,1.2089143018865656,2.9012568672752472
2014,22014,0.35136418446315326,200,1.2999850371396766,2.843222927200986
2015,22015,0.35136418446315326,200,1.5689771113657698,2.740834058138176
2016,22016,0.35136418446315326,200,1.330324406527486,2.816312828924077
2017,22017,0.35136418446315326,200,1.1098050783338684,2.9388521303568025
2018,22018,0.35136418446315326,200,1.1594636517199093,2.929670212172514
2019,22019,0.35136418446315326,200,1.5654728624082386,2.6966677897747737
2020,22020,0.35136418446315326,200,1.6188940481307532,2.7030247662548685
2021,22021,0.35136418446315326,200,1.674806712227627,2.6613714028171
2022,22022,0.35136418446315326,200,1.1462047491813914,2.922351606273085
2023,22023,0.35136418446315326,200,1.164589320691481,2.925013259994084
2024,22024,0.35136418446315326,200,1.4928396641808186,2.7269627932820883
2025,22025,0.35136418446315326,200,1.0679107439640017,2.947619990478765
2026,22026,0.35136418446315326,200,1.5787791339048658,2.6953046963716214
2027,22027,0.35136418446315326,200,1.0431802567112156,2.967302669276604
2028,22028,0.35136418446315326,200,1.0248249273013026,2.984673134423466
2029,22029,0.35136418446315326,200,1.105934423364694,2.932953718040823
2030,22030,0.35136418446315326,200,1.2839965773627353,2.8441429422828746
2031,22031,0.35136418446315326,200,1.0563036940147763,2.96282216629652
2032,22032,0.35136418446315326,200,2.058054374231742,2.356175143174204
2033,22033,0.35136418446315326,200,1.1826519384912673,2.9148357203741257
2034,22034,0.35136418446315326,200,1.054376812079465,2.967904724445118
2035,22035,0.35136418446315326,200,1.3694242049499028,2.825538463656039
2036,22036,0.35136418446315326,200,1.0945560655726803,2.967579077748049
2037,22037,0.35136418446315326,200,1.2259687766362322,2.885794620344292
2038,22038,0.35136418446315326,200,1.4377865942582706,2.733183869464273
2039,22039,0.35136418446315326,200,1.6320520931735019,2.6721521399877393
2040,22040,0.35136418446315326,200,1.023008896398744,2.970881556130505
2041,22041,0.35136418446315326,200,2.104251348691062,2.357321528230764
2042,22042,0.35136418446315326,200,1.5618103916611,2.7311660512936444
2043,22043,0.35136418446315326,200,1.8052135411610313,2.562493635743487
2044,22044,0.35136418446315326,200,1.3539624235231658,2.8378809831554097
2045,22045,0.35136418446315326,200,1.1298853493688203,2.9356575249479393
2046,22046,0.35136418446315326,200,1.6962441612994255,2.6516659991549587
2047,22047,0.35136418446315326,200,1.1929620717290974,2.901565823481233
2048,22048,0.35136418446315326,200,1.2738724844521137,2.869034055589857
2049,22049,0.35136418446315326,200,1.0962653118242103,2.931058342371196
2050,22050,0.35136418446315326,200,1.9438262056961375,2.4382075312193505
2051,22051,0.35136418446315326,200,1.5685627590023226,2.7010383039486188
2052,22052,0.35136418446315326,200,1.588741882647654,2.659166178849337
2053,22053,0.35136418446315326,200,1.0816757044093568,2.9465066374935946
2054,22054,0.35136418446315326,200,1.6767117526670436,2.6646386276376464
2055,22055,0.35136418446315326,200,1.502627258624492,2.722922079650609
2056,22056,0.35136418446315326,200,1.0753439755456624,2.972952361302422
2057,22057,0.35136418446315326,200,1.1166991844842082,2.910437388287777
2058,22058,0.35136418446315326,200,1.6517508296758325,2.65591904073021
2059,22059,0.35136418446315326,200,1.072940658833868,2.961695076573732
2060,22060,0.35136418446315326,200,1.0292665777595749,2.9717651429308756
2061,22061,0.35136418446315326,200,1.259850808235569,2.842170973298675
2062,22062,0.35136418446315326,200,1.1595999484906296,2.9167801668846205
2063,22063,0.35136418446315326,200,1.3263945215800195,2.8325197899171
2064,22064,0.35136418446315326,200,1.4988708097270993,2.767700340994243
2065,22065,0.35136418446315326,200,1.761457611930074,2.625354387076564
2066,22066,0.35136418446315326,200,1.0825138965447512,2.9459331642459174
2067,22067,0.35136418446315326,200,1.270087575108847,2.8900263339600416
2068,22068,0.35136418446315326,200,1.7053120577138068,2.609889143090251
2069,22069,0.35136418446315326,200,2.167090917159312,2.2370642326919175
2070,22070,0.35136418446315326,200,1.9455015473132211,2.5017402097137853
2071,22071,0.35136418446315326,200,1.9778120184730248,2.4313254386359717
2072,22072,0.35136418446315326,200,1.4955154198765994,2.7541263254589463
2073,22073,0.35136418446315326,200,1.208358558022708,2.8762597896409092
2074,22074,0.35136418446315326,200,1.0234496205852086,2.978659528660392
2075,22075,0.35136418446315326,200,1.278959382654752,2.8379461997336533
2076,22076,0.35136418446315326,200,1.1705392269029309,2.912904927061631
2077,22077,0.35136418446315326,200,1.210907371345877,2.8775093410080186
2078,22078,0.35136418446315326,200,1.8688796840311066,2.488552493594575
2079,22079,0.35136418446315326,200,1.260833843188202,2.8601006301072456
2080,22080,0.35136418446315326,200,1.285292331682824,2.86603396804823
2081,22081,0.35136418446315326,200,1.039331314387173,2.96291430599207
2082,22082,0.35136418446315326,200,1.0282697287356632,2.9876617114967368
2083,22083,0.35136418446315326,200,1.5547289604171892,2.716935288544601
2084,22084,0.35136418446315326,200,1.0814900168196364,2.9304942818143536
2085,22085,0.35136418446315326,200,1.3853951202488397,2.8140002029140305
2086,22086,0.35136418446315326,200,1.7032708611549516,2.66962422224147
2087,22087,0.35136418446315326,200,1.05430315890268,2.9638958524328864
2088,22088,0.35136418446315326,200,1.222173371621019,2.8975077591263907
2089,22089,0.35136418446315326,200,2.014305143075556,2.4409221545704134
2090,22090,0.35136418446315326,200,1.3148508586702845,2.831038504831406
2091,22091,0.35136418446315326,200,1.3250367117549078,2.8633966074154484
2092,22092,0.35136418446315326,200,1.0552005969182674,2.9535158862082476
2093,22093,0.35136418446315326,200,1.02720386954356,2.978948684834413
2094,22094,0.35136418446315326,200,1.0872836620562003,2.954080770288224
2095,22095,0.35136418446315326,200,1.2194735648554225,2.9069636886562877
2096,22096,0.35136418446315326,200,1.216738819805487,2.8938654343933594
2097,22097,0.35136418446315326,200,1.0117428337964662,2.982074886280181
2098,22098,0.35136418446315326,200,1.340372166363827,2.83129192660569
2099,22099,0.35136418446315326,200,1.0938923347971907,2.9599261912113537
2100,22100,0.35136418446315326,400,1.2868573328024364,2.886937096919179
2101,22101,0.35136418446315326,400,1.4916803001617385,2.7189285056409473
2102,22102,0.35136418446315326,400,1.6886709756653293,2.6625914064420684
2103,22103,0.35136418446315326,400,1.9267868177777783,2.4005879857174843
2104,22104,0.35136418446315326,400,2.079717320836555,2.354503200183653
2105,22105,0.35136418446315326,400,1.5358662620773829,2.6796675747475383
2106,22106,0.35136418446315326,400,1.6420178671940378,2.6692214858843637
2107,22107,0.35136418446315326,400,1.1859116378987338,2.9281168790746577
2108,22108,0.35136418446315326,400,2.000572711703893,2.298301419850809
2109,22109,0.35136418446315326,400,1.6423270526868372,2.6840010267022523
2110,22110,0.35136418446315326,400,1.444130928915146,2.764162859802218
2111,22111,0.35136418446315326,400,1.5930912180198673,2.699522688897876
2112,22112,0.35136418446315326,400,1.3633187865343541,2.8522493573819796
2113,22113,0.35136418446315326,400,2.399153091319374,2.188044003478393
2114,22114,0.35136418446315326,400,1.1908695619947232,2.910331978672571
2115,22115,0.35136418446315326,400,1.8209359394092097,2.5236464113184587
2116,22116,0.35136418446315326,400,1.9426287220970355,2.4552859778600817
2117,22117,0.35136418446315326,400,1.664875905761426,2.6508378803522477
2118,22118,0.35136418446315326,400,1.2030137991404544,2.8926794185551
2119,22119,0.35136418446315326,400,1.4544149485062752,2.794052843579846
2120,22120,0.35136418446315326,400,1.4072166102931112,2.8025617187924015
2121,22121,0.35136418446315326,400,1.4460098134289896,2.7756258881397953
2122,22122,0.35136418446315326,400,1.9627058784792695,2.3755756782902937
2123,22123,0.35136418446315326,400,1.6617299048813776,2.666114501376994
2124,22124,0.35136418446315326,400,1.3987073514246888,2.8003031221652703
2125,22125,0.35136418446315326,400,1.1155756473913565,2.933442341651305
2126,22126,0.35136418446315326,400,2.1773435709208786,2.243805009932003
2127,22127,0.35136418446315326,400,2.2985241759607926,2.1670863989882228
2128,22128,0.35136418446315326,400,2.427167438818159,1.9383476691806947
2129,22129,0.35136418446315326,400,1.840566184734746,2.465825429639139
2130,22130,0.35136418446315326,400,1.2374774175569723,2.8855348279478865
2131,22131,0.35136418446315326,400,1.9685623766778992,2.4131642259565678
2132,22132,0.35136418446315326,400,1.6032733109042852,2.693979547398977
2133,22133,0.35136418446315326,400,1.0349108875502349,2.9762329808357277
2134,22134,0.35136418446315326,400,1.5484242245989603,2.7054551019088002
2135,22135,0.35136418446315326,400,1.4520110091129355,2.758503583591563
2136,22136,0.35136418446315326,400,1.5130350889258153,2.729888576560461
2137,22137,0.35136418446315326,400,1.0755607121348427,2.962070685789051
2138,22138,0.35136418446315326,400,1.4397427870614186,2.8020625317118064
2139,22139,0.35136418446315326,400,2.361299144880841,2.0159072943572682
2140,22140,0.35136418446315326,400,1.1438095924954472,2.9493439634444982
2141,22141,0.35136418446315326,400,1.8660954636414977,2.514047230792832
2142,22142,0.35136418446315326,400,1.8429600620228197,2.5470737504155787
2143,22143,0.35136418446315326,400,1.454588970983141,2.7719027188973793
2144,22144,0.35136418446315326,400,1.39378646028971,2.805721522456833
2145,22145,0.35136418446315326,400,1.554183471285444,2.738571331907742
2146,22146,0.35136418446315326,400,1.2745283486875327,2.887624597643283
2147,22147,0.35136418446315326,400,1.6894397023123957,2.61207803356864
2148,22148,0.35136418446315326,400,2.4416071170698848,1.8471130206030009
2149,22149,0.35136418446315326,400,1.435111644162569,2.7649856883586073
2150,22150,0.35136418446315326,400,1.7022652438296642,2.604364598900209
2151,22151,0.35136418446315326,400,1.4477863429038307,2.759793955084166
2152,22152,0.35136418446315326,400,2.008620458408942,2.3680065257684886
2153,22153,0.35136418446315326,400,1.760105689520146,2.615892461005499
2154,22154,0.35136418446315326,400,1.7110234007549896,2.6145469698470776
2155,22155,0.35136418446315326,400,1.4913288930670858,2.7502562872224994
2156,22156,0.35136418446315326,400,1.5389021853944367,2.714546706416133
2157,22157,0.35136418446315326,400,1.6616236840306375,2.6647593975111254
2158,22158,0.35136418446315326,400,1.6148212680106568,2.6508115677197686
2159,22159,0.35136418446315326,400,1.083171147707761,2.9670205510649246
2160,22160,0.35136418446315326,400,1.1097407714550376,2.943268817688216
2161,22161,0.35136418446315326,400,1.0655187628717429,2.9473953192549027
2162,22162,0.35136418446315326,400,1.5139513254583967,2.752555495620899
2163,22163,0.35136418446315326,400,1.4125001497698555,2.76333044299705
2164,22164,0.35136418446315326,400,1.2014680471040502,2.897270041600193
2165,22165,0.35136418446315326,400,1.311129467974546,2.8821540119131592
2166,22166,0.35136418446315326,400,1.7051134160080204,2.6608615379232896
2167,22167,0.35136418446315326,400,1.428738107690531,2.788166422835638
2168,22168,0.35136418446315326,400,1.8159349264863713,2.5345529156171596
2169,22169,0.35136418446315326,400,1.5855856903806431,2.7378859609462056
2170,22170,0.35136418446315326,400,2.0311029520020574,2.379586174156299
2171,22171,0.35136418446315326,400,1.9206789262547743,2.4904909474446675
2172,22172,0.35136418446315326,400,1.8805245566764506,2.452364283095389
2173,22173,0.35136418446315326,400,2.521043184715971,1.6643176767517183
2174,22174,0.35136418446315326,400,2.142926158611269,2.301820096935418
2175,22175,0.35136418446315326,400,2.0219736166022293,2.315533592863254
2176,22176,0.35136418446315326,400,1.605979064166308,2.6769586435611283
2177,22177,0.35136418446315326,400,1.7210412584766428,2.598340546937419
2178,22178,0.35136418446315326,400,1.303702015250254,2.8540650242083476
2179,22179,0.35136418446315326,400,1.3511211359616038,2.815606772415026
2180,22180,0.35136418446315326,400,1.5235471770025522,2.766060040808534
2181,22181,0.35136418446315326,400,1.7763408066313198,2.5949131699933696
2182,22182,0.35136418446315326,400,1.315745049133924,2.86316166918284
2183,22183,0.35136418446315326,400,1.9790077116495333,2.4651112526139736
2184,22184,0.35136418446315326,400,2.2375727695509613,2.085754983772296
2185,22185,0.35136418446315326,400,1.677198006604924,2.6426665327768273
2186,22186,0.35136418446315326,400,2.1103105417103847,2.340644370633601
2187,22187,0.35136418446315326,400,1.9079819575315926,2.4530722287758477
2188,22188,0.35136418446315326,400,1.2473170722090319,2.859653897702664
2189,22189,0.35136418446315326,400,2.025700421222575,2.3531895317443485
2190,22190,0.35136418446315326,400,1.0915552968081297,2.970220431417649
2191,22191,0.35136418446315326,400,1.744952341597153,2.603186960540585
2192,22192,0.35136418446315326,400,1.8647459701194962,2.5283322095312735
2193,22193,0.35136418446315326,400,1.3293968767784936,2.8660955299138418
2194,22194,0.35136418446315326,400,1.4849631220182284,2.754665828270147
2195,22195,0.35136418446315326,400,2.2449138800019863,2.1691904412148455
2196,22196,0.35136418446315326,400,1.026712653812886,2.976342476426923
2197,22197,0.35136418446315326,400,1.8464297906452174,2.485741733967262
2198,22198,0.35136418446315326,400,1.3459064475140634,2.865634491947418
2199,22199,0.35136418446315326,400,1.9386874926120536,2.4623334652074957
2200,22200,0.35136418446315326,600,2.1277495500755985,2.3556994441410466
2201,22201,0.35136418446315326,600,1.3813544190810771,2.798799937489947
2202,22202,0.35136418446315326,600,1.4786882897299365,2.7425084489663085
2203,22203,0.35136418446315326,600,1.1109886305927275,2.950677928523393
2204,22204,0.35136418446315326,600,2.1726534905925914,2.1281576875392787
2205,22205,0.35136418446315326,600,1.4958279435114439,2.746092436324672
2206,22206,0.35136418446315326,600,1.2917955945452868,2.8694602401640985
2207,22207,0.35136418446315326,600,1.3962603430077194,2.7646252758959355
2208,22208,0.35136418446315326,600,1.9102350557575822,2.45872031010065
2209,22209,0.35136418446315326,600,1.677820872392946,2.6573974689605646
2210,22210,0.35136418446315326,600,1.1585615325754834,2.9096987775356107
2211,22211,0.35136418446315326,600,1.0983310599466365,2.9699987256457336
2212,22212,0.35136418446315326,600,1.1820249506774065,2.9106793207957105
2213,22213,0.35136418446315326,600,1.8807653451048967,2.4267594497656484
2214,22214,0.35136418446315326,600,1.3665586077940215,2.7798720901890457
2215,22215,0.35136418446315326,600,1.5912971216045348,2.710155150878607
2216,22216,0.35136418446315326,600,1.2352544863012258,2.908095057548884
2217,22217,0.35136418446315326,600,1.1535033150414835,2.9235728626077484
2218,22218,0.35136418446315326,600,1.3472378285319857,2.8472847312632017
2219,22219,0.35136418446315326,600,2.3416430685071927,2.072744606183798
2220,22220,0.35136418446315326,600,1.2397720387051152,2.889945837167443
2221,22221,0.35136418446315326,600,1.4798275499149682,2.791729991446313
2222,22222,0.35136418446315326,600,1.076658491759058,2.9497031565307483
2223,22223,0.35136418446315326,600,1.2354203728513289,2.8855083782961275
2224,22224,0.35136418446315326,600,1.6725049936234577,2.6409860449251337
2225,22225,0.35136418446315326,600,1.5409436754643917,2.727028896136704
2226,22226,0.35136418446315326,600,2.224776467565518,2.230922278468207
2227,22227,0.35136418446315326,600,1.2027916157334775,2.9197661816917004
2228,22228,0.35136418446315326,600,1.5286324998312293,2.752789611056335
2229,22229,0.35136418446315326,600,1.6805400897901452,2.6376796016396846
2230,22230,0.35136418446315326,600,1.136187197440156,2.9284079341779687
2231,22231,0.35136418446315326,600,2.0723562623485927,2.2187973589080103
2232,22232,0.35136418446315326,600,1.4216617400465343,2.8000978009255473
2233,22233,0.35136418446315326,600,1.37188045058577,2.8295564827528836
2234,22234,0.35136418446315326,600,1.359589294651561,2.824049492187284
2235,22235,0.35136418446315326,600,1.5445183508484213,2.6609123886699257
2236,22236,0.35136418446315326,600,1.786673465180273,2.5856009363553722
2237,22237,0.35136418446315326,600,1.426720371029668,2.8060296404511496
2238,22238,0.35136418446315326,600,1.14565429190232,2.925176603889152
2239,22239,0.35136418446315326,600,1.3058105538947369,2.8633589567658633
2240,22240,0.35136418446315326,600,1.6298316156679227,2.693526533401739
2241,22241,0.35136418446315326,600,1.7162649847853626,2.628092487337363
2242,22242,0.35136418446315326,600,1.2226497007893926,2.8355759495608845
2243,22243,0.35136418446315326,600,1.8206930215641766,2.54743263683287
2244,22244,0.35136418446315326,600,1.2179414803623376,2.876087151348442
2245,22245,0.35136418446315326,600,2.132376931508666,2.2669160779435145
2246,22246,0.35136418446315326,600,1.570130828338918,2.676442279615549
2247,22247,0.35136418446315326,600,1.0907149916565244,2.9500506753037157
2248,22248,0.35136418446315326,600,1.5659438009434745,2.6823684251512736
2249,22249,0.35136418446315326,600,1.5510622201247224,2.703508404455164
2250,22250,0.35136418446315326,600,2.010762856273682,2.4279942277097364
2251,22251,0.35136418446315326,600,2.0716385387884166,2.27684530807649
2252,22252,0.35136418446315326,600,1.7981097797287346,2.5223065809345764
2253,22253,0.35136418446315326,600,2.1989883226526614,2.0987787320924225
2254,22254,0.35136418446315326,600,1.3832659537788699,2.828276661074534
2255,22255,0.35136418446315326,600,1.1973293608875635,2.9214110136462055
2256,22256,0.35136418446315326,600,1.5426992977538745,2.71372462757304
2257,22257,0.35136418446315326,600,1.6218636382022549,2.7056472411787538
2258,22258,0.35136418446315326,600,1.0645668119619627,2.9628057608677496
2259,22259,0.35136418446315326,600,1.7122698772598681,2.58694872753235
2260,22260,0.35136418446315326,600,1.3224367631166527,2.8370708003022393
2261,22261,0.35136418446315326,600,1.6758712014069956,2.6009035397191753
2262,22262,0.35136418446315326,600,1.5827847513470716,2.6957346131263775
2263,22263,0.35136418446315326,600,1.0668540229082146,2.986192248553788
2264,22264,0.35136418446315326,600,1.0967638212970985,2.927769713397863
2265,22265,0.35136418446315326,600,2.061024916470907,2.3852444342154455
2266,22266,0.35136418446315326,600,1.0573957556894815,2.9566450464654075
2267,22267,0.35136418446315326,600,1.4390940309908726,2.773347174827232
2268,22268,0.35136418446315326,600,1.1201881704659342,2.9127717506771
2269,22269,0.35136418446315326,600,1.7374781033248687,2.586200488093636
2270,22270,0.35136418446315326,600,1.1216418027886703,2.9247667112722224
2271,22271,0.35136418446315326,600,1.05764533496885,2.9514920342344118
2272,22272,0.35136418446315326,600,1.6268407579236883,2.655862454026012
2273,22273,0.35136418446315326,600,1.302435136867499,2.8477578838123963
2274,22274,0.35136418446315326,600,1.0323358542376984,2.9755300553890884
2275,22275,0.35136418446315326,600,1.5489093363250812,2.7614963571371414
2276,22276,0.35136418446315326,600,1.0557689545009592,2.970661583661959
2277,22277,0.35136418446315326,600,1.144944359510163,2.9158599415918043
2278,22278,0.35136418446315326,600,1.5234044455683957,2.754373632597097
2279,22279,0.35136418446315326,600,1.0532106739564853,2.9311075559317143
2280,22280,0.35136418446315326,600,1.1125503057726327,2.946728363327781
2281,22281,0.35136418446315326,600,1.7794304536831127,2.6078451664780347
2282,22282,0.35136418446315326,600,1.6653858483568709,2.634130056137218
2283,22283,0.35136418446315326,600,2.141883827732737,2.244664151075885
2284,22284,0.35136418446315326,600,1.3801465562005144,2.791700376869236
2285,22285,0.35136418446315326,600,2.072324499954852,2.3558727981536793
2286,22286,0.35136418446315326,600,1.7398939732370622,2.578679805326884
2287,22287,0.35136418446315326,600,1.6558140715565854,2.631611038439506
2288,22288,0.35136418446315326,600,1.2664214938691916,2.8776329895361816
2289,22289,0.35136418446315326,600,1.8506925568686146,2.53649115497375
2290,22290,0.35136418446315326,600,1.655442493263226,2.665282920736156
2291,22291,0.35136418446315326,600,1.2057840024894073,2.897337951730119
2292,22292,0.35136418446315326,600,1.8115462394939423,2.5320361041191743
2293,22293,0.35136418446315326,600,1.178018686189855,2.914138612964222
2294,22294,0.35136418446315326,600,2.022236070724599,2.4676043386732376
2295,22295,0.35136418446315326,600,1.8390655050117999,2.5413331316127614
2296,22296,0.35136418446315326,600,1.8737732223684134,2.485443897481268
2297,22297,0.35136418446315326,600,1.5877266051312982,2.7203293490039733
2298,22298,0.35136418446315326,600,1.0461270715283486,2.9968438975194855
2299,22299,0.35136418446315326,600,1.3349579415596684,2.8583437161051366
2300,22300,0.35136418446315326,800,1.4697573767461964,2.757659941606321
2301,22301,0.35136418446315326,800,1.297216549496272,2.846486147459749
2302,22302,0.35136418446315326,800,2.2642496477491476,2.1372454460763435
2303,22303,0.35136418446315326,800,2.0759338540061996,2.290248022827786
2304,22304,0.35136418446315326,800,1.5305067792608795,2.6921283798114124
2305,22305,0.35136418446315326,800,1.2356319703447194,2.866178662108638
2306,22306,0.35136418446315326,800,1.1326916536308016,2.9359009371972475
2307,22307,0.35136418446315326,800,1.813125992128441,2.622616928688586
2308,22308,0.35136418446315326,800,1.0475442321599613,2.97567667042793
2309,22309,0.35136418446315326,800,1.657406225218704,2.6576576914697485
2310,22310,0.35136418446315326,800,1.4215987176825264,2.76583814665491
2311,22311,0.35136418446315326,800,1.5495834767352938,2.674932482729215
2312,22312,0.35136418446315326,800,1.4985164791114665,2.7416301767102964
2313,22313,0.35136418446315326,800,1.6625557118027878,2.638570757288687
2314,22314,0.35136418446315326,800,2.0781397914223905,2.293811268966175
2315,22315,0.35136418446315326,800,1.1743855656407043,2.901366648497911
2316,22316,0.35136418446315326,800,1.9637652548332405,2.436126686172104
2317,22317,0.35136418446315326,800,1.917523670505684,2.503550788001481
2318,22318,0.35136418446315326,800,2.533694959304455,1.8657317405051301
2319,22319,0.35136418446315326,800,1.4274227400537884,2.7921326368733115
2320,22320,0.35136418446315326,800,1.1159672868382322,2.963845429540621
2321,22321,0.35136418446315326,800,1.256298218470161,2.880529011947764
2322,22322,0.35136418446315326,800,1.300868002403037,2.8391445093888406
2323,22323,0.35136418446315326,800,1.0829055076542993,2.952926841001685
2324,22324,0.35136418446315326,800,1.4424894915094035,2.7165122176842145
2325,22325,0.35136418446315326,800,2.014615063371226,2.4197440033257775
2326,22326,0.35136418446315326,800,1.3986844806810936,2.8178746597285986
2327,22327,0.35136418446315326,800,1.838277542339616,2.551855300114094
2328,22328,0.35136418446315326,800,1.4236279643334375,2.790600938525761
2329,22329,0.35136418446315326,800,1.258071419032191,2.8819208505166163
2330,22330,0.35136418446315326,800,1.2305198890576126,2.8982443491543672
2331,22331,0.35136418446315326,800,1.9743125453033685,2.4437517220751737
2332,22332,0.35136418446315326,800,1.1004187194755368,2.963665092928297
2333,22333,0.35136418446315326,800,1.111227111358494,2.9235256628905977
2334,22334,0.35136418446315326,800,1.4877663580465574,2.7489964429556637
2335,22335,0.35136418446315326,800,2.0359856660657654,2.329957222255757
2336,22336,0.35136418446315326,800,1.1330896460319424,2.916517635912493
2337,22337,0.35136418446315326,800,1.9980228644022628,2.4081278270807607
2338,22338,0.35136418446315326,800,2.0482627411352565,2.326131233349317
2339,22339,0.35136418446315326,800,1.2836663142103124,2.86612300636591
2340,22340,0.35136418446315326,800,2.012826017216376,2.3288848952191232
2341,22341,0.35136418446315326,800,2.1073137382858493,2.247612094879874
2342,22342,0.35136418446315326,800,1.4219725159284091,2.822505764995215
2343,22343,0.35136418446315326,800,1.2641073300332637,2.8681044429956413
2344,22344,0.35136418446315326,800,1.379965467744458,2.8161473722989387
2345,22345,0.35136418446315326,800,1.3187408620803218,2.8408142072700273
2346,22346,0.35136418446315326,800,1.5144208587236512,2.738257105625238
2347,22347,0.35136418446315326,800,1.3608752684372012,2.853325159205233
2348,22348,0.35136418446315326,800,2.010908673876616,2.3999128652249637
2349,22349,0.35136418446315326,800,2.0971516722425383,2.397391818483266
2350,22350,0.35136418446315326,800,1.145649874760878,2.941561075086833
2351,22351,0.35136418446315326,800,1.1551051631003482,2.913436353061477
2352,22352,0.35136418446315326,800,2.5111985825473804,1.846291256005196
2353,22353,0.35136418446315326,800,1.4250865364394543,2.7701688770311304
2354,22354,0.35136418446315326,800,1.6415765610910455,2.725300462989959
2355,22355,0.35136418446315326,800,1.539676991441493,2.7011374578776666
2356,22356,0.35136418446315326,800,1.146621319104877,2.9160104651817513
2357,22357,0.35136418446315326,800,1.6154525800168902,2.688910032612445
2358,22358,0.35136418446315326,800,1.9571728481078179,2.547074586252695
2359,22359,0.35136418446315326,800,1.13329721139668,2.9391856854178005
2360,22360,0.35136418446315326,800,2.118235357112018,2.368949557803727
2361,22361,0.35136418446315326,800,1.371732008782716,2.8055484570555507
2362,22362,0.35136418446315326,800,2.0287766538330096,2.2668667268003326
2363,22363,0.35136418446315326,800,1.6460027702926705,2.643396429694083
2364,22364,0.35136418446315326,800,1.0515215095924344,2.962870595159258
2365,22365,0.35136418446315326,800,1.7688414806800483,2.5895159154392298
2366,22366,0.35136418446315326,800,1.4113837914733363,2.804367107388668
2367,22367,0.35136418446315326,800,1.1480656195538719,2.935235932204141
2368,22368,0.35136418446315326,800,1.6362029248281122,2.589804113246376
2369,22369,0.35136418446315326,800,1.6620512001976788,2.6309463770508037
2370,22370,0.35136418446315326,800,1.287855445095032,2.8774321603566544
2371,22371,0.35136418446315326,800,1.4142164473363463,2.8016970473793124
2372,22372,0.35136418446315326,800,1.3504954023063687,2.828166618772128
2373,22373,0.35136418446315326,800,1.2842051751296204,2.823010852510022
2374,22374,0.35136418446315326,800,1.683337250314104,2.653939605085343
2375,22375,0.35136418446315326,800,2.035648645686026,2.333536576636019
2376,22376,0.35136418446315326,800,1.492383501832799,2.7544863992475355
2377,22377,0.35136418446315326,800,2.338627479497908,2.0758457616919834
2378,22378,0.35136418446315326,800,2.1020854759891217,2.302483416568907
2379,22379,0.35136418446315326,800,2.135021813884391,2.2060787610651142
2380,22380,0.35136418446315326,800,1.6715556177447084,2.6153056363385203
2381,22381,0.35136418446315326,800,1.47408826186638,2.772410256311979
2382,22382,0.35136418446315326,800,2.1162423782105586,2.340000032258293
2383,22383,0.35136418446315326,800,1.3338613025066701,2.835160794811823
2384,22384,0.35136418446315326,800,1.215732991050322,2.8907705531461785
2385,22385,0.35136418446315326,800,2.420110814225041,1.8530255624968663
2386,22386,0.35136418446315326,800,1.8486747306223557,2.556400051193228
2387,22387,0.35136418446315326,800,1.905796541304749,2.498071300505657
2388,22388,0.35136418446315326,800,2.0689431069360675,2.30801169009167
2389,22389,0.35136418446315326,800,1.231832610305341,2.8955553555459863
2390,22390,0.35136418446315326,800,1.095198886774623,2.957404363000454
2391,22391,0.35136418446315326,800,1.4740597096908836,2.7830852545217732
2392,22392,0.35136418446315326,800,1.7321784533506874,2.5750443936013307
2393,22393,0.35136418446315326,800,1.1192965814414175,2.947298531118667
2394,22394,0.35136418446315326,800,2.1407232551829916,2.2288073528631753
2395,22395,0.35136418446315326,800,2.2741640106431165,2.173473443171918
2396,22396,0.35136418446315326,800,1.0311360119905997,2.9729360869108565
2397,22397,0.35136418446315326,800,1.114031275335024,2.9444673787544935
2398,22398,0.35136418446315326,800,2.163567688630077,2.224157625419257
2399,22399,0.35136418446315326,800,1.3962517522185858,2.786395418811242
2400,22400,0.35136418446315326,1000,1.2376281717767201,2.9071657521463754
2401,22401,0.35136418446315326,1000,1.669754985959878,2.660454353164762
2402,22402,0.35136418446315326,1000,2.0246033403429053,2.3267265022262147
2403,22403,0.35136418446315326,1000,2.128387411045815,2.277837142785846
2404,22404,0.35136418446315326,1000,1.6517156259634826,2.6451075112413354
2405,22405,0.35136418446315326,1000,1.3955362694290003,2.820319544342955
2406,22406,0.35136418446315326,1000,2.607369690006001,1.7146551110375885
2407,22407,0.35136418446315326,1000,1.49091940931176,2.718956088151246
2408,22408,0.35136418446315326,1000,1.2712781501826942,2.8986106879248705
2409,22409,0.35136418446315326,1000,1.1236909088007772,2.9126661849454623
2410,22410,0.35136418446315326,1000,1.0188777012372572,2.9787032537262736
2411,22411,0.35136418446315326,1000,1.4211548403714467,2.8069453155575443
2412,22412,0.35136418446315326,1000,1.9713970636831046,2.4449574632029156
2413,22413,0.35136418446315326,1000,2.040001535252342,2.3260520368214563
2414,22414,0.35136418446315326,1000,1.9155674888858762,2.4770885027311573
2415,22415,0.35136418446315326,1000,1.4890720038624192,2.7313798366911044
2416,22416,0.35136418446315326,1000,1.335472611391164,2.826466533763881
2417,22417,0.35136418446315326,1000,1.0535546174922839,2.9731823897222887
2418,22418,0.35136418446315326,1000,1.8252286165314442,2.561337663241773
2419,22419,0.35136418446315326,1000,1.3393032362618749,2.842722922987714
2420,22420,0.35136418446315326,1000,1.1438017831902312,2.92180332838553
2421,22421,0.35136418446315326,1000,1.6134723404438804,2.6855255516661325
2422,22422,0.35136418446315326,1000,2.4164783979479103,2.0134806985953952
2423,22423,0.35136418446315326,1000,1.5405403925255332,2.7372842963415436
2424,22424,0.35136418446315326,1000,2.3098604431406295,2.0896244118348486
2425,22425,0.35136418446315326,1000,1.7399138308838498,2.5509910531587012
2426,22426,0.35136418446315326,1000,1.6332195601882582,2.6861659472641572
2427,22427,0.35136418446315326,1000,1.3947871137314851,2.82736547176349
2428,22428,0.35136418446315326,1000,1.9882595444650302,2.3471286282170367
2429,22429,0.35136418446315326,1000,2.2151903654169454,2.2184568344357847
2430,22430,0.35136418446315326,1000,1.1358343806343494,2.932216809099226
2431,22431,0.35136418446315326,1000,1.1558486291735561,2.9272463719088404
2432,22432,0.35136418446315326,1000,2.076053119672939,2.3540167361134308
2433,22433,0.35136418446315326,1000,1.5839753715482694,2.7162297896854293
2434,22434,0.35136418446315326,1000,1.708267204995472,2.5839839351386305
2435,22435,0.35136418446315326,1000,2.0936446550719148,2.4289834334021383
2436,22436,0.35136418446315326,1000,1.4722122999980898,2.7574292448875592
2437,22437,0.35136418446315326,1000,1.622796887707302,2.6573372015419694
2438,22438,0.35136418446315326,1000,1.3262907748699235,2.8119202041132336
2439,22439,0.35136418446315326,1000,1.9547349100549998,2.356429690938247
2440,22440,0.35136418446315326,1000,1.6357209368418975,2.696289406667209
2441,22441,0.35136418446315326,1000,1.2992134028377569,2.8532120001087846
2442,22442,0.35136418446315326,1000,1.6030958493772416,2.6605180367850862
2443,22443,0.35136418446315326,1000,1.1693313324572892,2.910445457355447
2444,22444,0.35136418446315326,1000,1.8482802340566902,2.5350332918223377
2445,22445,0.35136418446315326,1000,2.1913335135369962,2.2477766177097678
2446,22446,0.35136418446315326,1000,2.6446124290310897,1.730629008587131
2447,22447,0.35136418446315326,1000,1.787946388032842,2.5916099352317326
2448,22448,0.35136418446315326,1000,1.6659416599303163,2.6421141514495625
2449,22449,0.35136418446315326,1000,1.2372286356702566,2.8469784505849165
2450,22450,0.35136418446315326,1000,2.3537700400772548,1.971435256167219
2451,22451,0.35136418446315326,1000,1.8081277294628548,2.598133974111081
2452,22452,0.35136418446315326,1000,2.3317467000400867,2.1022780491437993
2453,22453,0.35136418446315326,1000,1.4074907653002393,2.795777635213401
2454,22454,0.35136418446315326,1000,1.219220428832835,2.8549781282438955
2455,22455,0.35136418446315326,1000,2.35126722447101,2.061281219120448
2456,22456,0.35136418446315326,1000,1.3654955626468583,2.847834113248415
2457,22457,0.35136418446315326,1000,1.2318414594962934,2.897778259921293
2458,22458,0.35136418446315326,1000,1.0581168956404003,2.969311967799699
2459,22459,0.35136418446315326,1000,1.47849734470106,2.7007794307838755
2460,22460,0.35136418446315326,1000,1.7021958322235407,2.642746086658728
2461,22461,0.35136418446315326,1000,1.788730016268572,2.594597201197132
2462,22462,0.35136418446315326,1000,2.444632627331184,1.871085249534472
2463,22463,0.35136418446315326,1000,1.4676738644359133,2.8045373258867246
2464,22464,0.35136418446315326,1000,1.3128214923394599,2.8525687683943994
2465,22465,0.35136418446315326,1000,1.676569925491561,2.6369541818997537
2466,22466,0.35136418446315326,1000,2.081360115062502,2.337303312923374
2467,22467,0.35136418446315326,1000,2.622974493827268,1.819848593309512
2468,22468,0.35136418446315326,1000,2.462226017561282,1.7875928167306019
2469,22469,0.35136418446315326,1000,1.4938649967310145,2.7370840158901197
2470,22470,0.35136418446315326,1000,1.3677789394454307,2.880291738268508
2471,22471,0.35136418446315326,1000,1.2226522553715773,2.908901292014177
2472,22472,0.35136418446315326,1000,1.0237520458968805,2.9654352849671226
2473,22473,0.35136418446315326,1000,1.4759831238786925,2.770407265556453
2474,22474,0.35136418446315326,1000,1.8541427802910726,2.5475069579449334
2475,22475,0.35136418446315326,1000,1.8694982280375254,2.524997536256254
2476,22476,0.35136418446315326,1000,1.5795059487850067,2.7340887036876467
2477,22477,0.35136418446315326,1000,1.2655312195759543,2.9047526115824613
2478,22478,0.35136418446315326,1000,1.2389375613418225,2.8936758662723894
2479,22479,0.35136418446315326,1000,1.1696235218507192,2.9272980441459486
2480,22480,0.35136418446315326,1000,2.2650135322080085,2.05306596212437
2481,22481,0.35136418446315326,1000,1.5537195544511833,2.699947305142652
2482,22482,0.35136418446315326,1000,2.2356580019104464,2.101865456530862
2483,22483,0.35136418446315326,1000,1.5210329892474188,2.759146914729462
2484,22484,0.35136418446315326,1000,1.5735541031513454,2.634586243996664
2485,22485,0.35136418446315326,1000,1.721910913923241,2.6048846541728627
2486,22486,0.35136418446315326,1000,1.3070753097010492,2.8395689477804766
2487,22487,0.35136418446315326,1000,1.50808017935701,2.7639622543004703
2488,22488,0.35136418446315326,1000,2.0466372004004603,2.450959421464872
2489,22489,0.35136418446315326,1000,1.7201349863584952,2.6343187417448783
2490,22490,0.35136418446315326,1000,2.208106275577321,2.2451370537631803
2491,22491,0.35136418446315326,1000,2.481243690201693,1.8400480498587046
2492,22492,0.35136418446315326,1000,1.7063078035452655,2.6221540236576484
2493,22493,0.35136418446315326,1000,1.8002529425253382,2.541807633962455
2494,22494,0.35136418446315326,1000,1.9233056256252794,2.444971872372525
2495,22495,0.35136418446315326,1000,2.3171674764660706,2.0561558326245177
2496,22496,0.35136418446315326,1000,1.139007368528914,2.946519094311043
2497,22497,0.35136418446315326,1000,2.064384395551221,2.413436639913515
2498,22498,0.35136418446315326,1000,2.0251227702535517,2.350143082453582
2499,22499,0.35136418446315326,1000,1.5764280682993237,2.679355834919843
2500,22500,0.35136418446315326,1200,2.0416467475487865,2.351414185669259
2501,22501,0.35136418446315326,1200,1.6041802592114103,2.6534208795828715
2502,22502,0.35136418446315326,1200,2.163700764379036,2.264324538426493
2503,22503,0.35136418446315326,1200,2.0576331292442074,2.2627252825862194
2504,22504,0.35136418446315326,1200,1.9427443445852652,2.499694187033694
2505,22505,0.35136418446315326,1200,1.497003981954474,2.759221443157423
2506,22506,0.35136418446315326,1200,1.5386581863159705,2.720272479307436
2507,22507,0.35136418446315326,1200,1.66058528959673,2.689147149673267
2508,22508,0.35136418446315326,1200,1.1308284350134308,2.918540200261375
2509,22509,0.35136418446315326,1200,1.6757685560310258,2.5949128336109952
2510,22510,0.35136418446315326,1200,2.0616850819100208,2.441197018800413
2511,22511,0.35136418446315326,1200,1.5179146924531381,2.733604772467742
2512,22512,0.35136418446315326,1200,1.0070586637115233,2.9964602826864892
2513,22513,0.35136418446315326,1200,1.823601133273867,2.538750076092801
2514,22514,0.35136418446315326,1200,1.4331226828012367,2.7634746863617172
2515,22515,0.35136418446315326,1200,2.0562963511141286,2.3594057580508325
2516,22516,0.35136418446315326,1200,2.2678757314316877,2.1949300417235356
2517,22517,0.35136418446315326,1200,1.228735220457766,2.8530282634609896
2518,22518,0.35136418446315326,1200,1.6546545412103115,2.6462774872300345
2519,22519,0.35136418446315326,1200,1.2158978723290113,2.9046129617866367
2520,22520,0.35136418446315326,1200,1.9286264510440947,2.4809848734489774
2521,22521,0.35136418446315326,1200,1.5673948884319386,2.721127754224134
2522,22522,0.35136418446315326,1200,2.17787054812938,2.197702497640891
2523,22523,0.35136418446315326,1200,1.9560452953348766,2.4607409259550126
2524,22524,0.35136418446315326,1200,1.9663288367382143,2.389935435071874
2525,22525,0.35136418446315326,1200,1.7176856563971215,2.6138332582739237
2526,22526,0.35136418446315326,1200,1.6326618169497586,2.665772780886619
2527,22527,0.35136418446315326,1200,1.0894112593225378,2.9529931476024878
2528,22528,0.35136418446315326,1200,1.1856655742869138,2.893517023937263
2529,22529,0.35136418446315326,1200,1.0460983656078449,2.986362894526335
2530,22530,0.35136418446315326,1200,1.0966339927482252,2.9285024509864845
2531,22531,0.35136418446315326,1200,1.514100167975704,2.767934720396407
2532,22532,0.35136418446315326,1200,1.5004885034779722,2.734352580576256
2533,22533,0.35136418446315326,1200,2.1821127668788085,2.2475527224003744
2534,22534,0.35136418446315326,1200,1.6301068879243161,2.6788681875087077
2535,22535,0.35136418446315326,1200,1.887443140682342,2.5050853865344096
2536,22536,0.35136418446315326,1200,1.0350742137624573,2.9926184129272557
2537,22537,0.35136418446315326,1200,1.9343516306575161,2.400018485442041
2538,22538,0.35136418446315326,1200,1.82401111074516,2.582680952617625
2539,22539,0.35136418446315326,1200,1.1065998203716088,2.95423300977707
2540,22540,0.35136418446315326,1200,1.2974379390345328,2.8944450962245263
2541,22541,0.35136418446315326,1200,1.1110715354195282,2.950777726094833
2542,22542,0.35136418446315326,1200,2.057017133288155,2.402540259526435
2543,22543,0.35136418446315326,1200,1.274906913862834,2.870042009065732
2544,22544,0.35136418446315326,1200,1.9570717204281756,2.368194803924057
2545,22545,0.35136418446315326,1200,1.4318506003499696,2.8287077918163974
2546,22546,0.35136418446315326,1200,2.4652757445205453,1.9195929849126976
2547,22547,0.35136418446315326,1200,1.2943821505025914,2.8821745056568204
2548,22548,0.35136418446315326,1200,1.9113859371925905,2.4698771984449177
2549,22549,0.35136418446315326,1200,1.526769357099669,2.7028081535075277
2550,22550,0.35136418446315326,1200,1.3969713817623433,2.8033222785510623
2551,22551,0.35136418446315326,1200,1.0664767462687643,2.944538126282692
2552,22552,0.35136418446315326,1200,1.3321741902273767,2.8675384869321605
2553,22553,0.35136418446315326,1200,1.628749202379624,2.711208903951727
2554,22554,0.35136418446315326,1200,1.0924242827385415,2.944391734624007
2555,22555,0.35136418446315326,1200,1.235359670982902,2.8959709250097374
2556,22556,0.35136418446315326,1200,1.9635842958551077,2.4593951090361554
2557,22557,0.35136418446315326,1200,1.6793960733200943,2.572632553962673
2558,22558,0.35136418446315326,1200,2.397275201387014,2.03998981352679
2559,22559,0.35136418446315326,1200,1.5960921681556746,2.6899270863610676
2560,22560,0.35136418446315326,1200,1.7486519232187434,2.611870776056546
2561,22561,0.35136418446315326,1200,1.520151113363891,2.7336646272191674
2562,22562,0.35136418446315326,1200,1.26221129330784,2.8846048326623217
2563,22563,0.35136418446315326,1200,1.8254481535519218,2.5834133180019507
2564,22564,0.35136418446315326,1200,1.3306555647122076,2.8302482327357152
2565,22565,0.35136418446315326,1200,2.262028821462621,2.097131650935991
2566,22566,0.35136418446315326,1200,1.2956118561409098,2.8766692942708643
2567,22567,0.35136418446315326,1200,1.5362357099752022,2.6995599477931314
2568,22568,0.35136418446315326,1200,1.9420119107001774,2.4686654617501103
2569,22569,0.35136418446315326,1200,1.7259550323094401,2.565106170871924
2570,22570,0.35136418446315326,1200,1.4977113992556952,2.7452835612956448
2571,22571,0.35136418446315326,1200,2.097592211441281,2.3394520236094047
2572,22572,0.35136418446315326,1200,2.176038380351966,2.2957769892805455
2573,22573,0.35136418446315326,1200,1.2596569946524008,2.8613375451996
2574,22574,0.35136418446315326,1200,1.2075457781019348,2.9116252052199707
2575,22575,0.35136418446315326,1200,2.312271553827589,1.9438808835960804
2576,22576,0.35136418446315326,1200,1.4702303733601796,2.7417281250301224
2577,22577,0.35136418446315326,1200,1.8579688982594302,2.55305491252495
2578,22578,0.35136418446315326,1200,1.212798194507851,2.8726728776450807
2579,22579,0.35136418446315326,1200,1.8515166070356024,2.495252204009483
2580,22580,0.35136418446315326,1200,1.532076914962508,2.7715676121640516
2581,22581,0.35136418446315326,1200,1.7504911569310864,2.5932102572967954
2582,22582,0.35136418446315326,1200,2.2281404178613826,2.170907558379755
2583,22583,0.35136418446315326,1200,1.660765877565365,2.6602332614498367
2584,22584,0.35136418446315326,1200,1.2540229755513628,2.8727238966900446
2585,22585,0.35136418446315326,1200,1.0952781738894721,2.923377185841409
2586,22586,0.35136418446315326,1200,1.8562584734778294,2.5054491363207934
2587,22587,0.35136418446315326,1200,1.419373147811463,2.7765724331588446
2588,22588,0.35136418446315326,1200,1.0460406504036441,2.97916229126463
2589,22589,0.35136418446315326,1200,1.587459134409698,2.7279885719756183
2590,22590,0.35136418446315326,1200,1.842977745001157,2.506961090317268
2591,22591,0.35136418446315326,1200,1.3996042493730716,2.816922876249259
2592,22592,0.35136418446315326,1200,1.286677551328514,2.862950853606724
2593,22593,0.35136418446315326,1200,2.139758754056385,2.277415714529326
2594,22594,0.35136418446315326,1200,1.8946647594964756,2.450949410518261
2595,22595,0.35136418446315326,1200,2.0023727454782883,2.4093809672424293
2596,22596,0.35136418446315326,1200,1.3344235006422989,2.8666701481184385
2597,22597,0.35136418446315326,1200,1.2176558531957544,2.906798827134523
2598,22598,0.35136418446315326,1200,1.3280813047588071,2.8744954610921893
2599,22599,0.35136418446315326,1200,2.017888033963646,2.3702853776624924
2600,22600,0.35136418446315326,1400,1.3208247102201391,2.849562334165335
2601,22601,0.35136418446315326,1400,1.3238075598729517,2.852575874943976
2602,22602,0.35136418446315326,1400,1.6734635311758541,2.6501013513186784
2603,22603,0.35136418446315326,1400,1.6434125358778313,2.646388672587657
2604,22604,0.35136418446315326,1400,1.8418901494185256,2.5287404900714163
2605,22605,0.35136418446315326,1400,1.6599139890058283,2.654426396154975
2606,22606,0.35136418446315326,1400,2.247277398332882,2.181891962340013
2607,22607,0.35136418446315326,1400,1.2650837561104467,2.892346275853268
2608,22608,0.35136418446315326,1400,1.8997815865011964,2.447934892160718
2609,22609,0.35136418446315326,1400,1.0516129619766699,2.949647720061032
2610,22610,0.35136418446315326,1400,1.688672815738613,2.6200870072706843
2611,22611,0.35136418446315326,1400,1.3335056817719924,2.8045311473118204
2612,22612,0.35136418446315326,1400,2.0883313877905323,2.2742450471250075
2613,22613,0.35136418446315326,1400,1.1859638207966476,2.9825553257572883
2614,22614,0.35136418446315326,1400,1.9755274539072043,2.412402185474457
2615,22615,0.35136418446315326,1400,1.1527467311480597,2.9044589314675116
2616,22616,0.35136418446315326,1400,1.516761801799623,2.744555027936513
2617,22617,0.35136418446315326,1400,1.4722488966938108,2.794151977677593
2618,22618,0.35136418446315326,1400,1.5427683149742175,2.7180047207356655
2619,22619,0.35136418446315326,1400,2.3675847227655598,2.010047860625162
2620,22620,0.35136418446315326,1400,1.192118325940097,2.9134488524120394
2621,22621,0.35136418446315326,1400,1.2229687380550573,2.875358774969618
2622,22622,0.35136418446315326,1400,1.2759227700896856,2.877833390553504
2623,22623,0.35136418446315326,1400,1.9711350587052565,2.5204571275407197
2624,22624,0.35136418446315326,1400,1.4540414157560086,2.71156334743779
2625,22625,0.35136418446315326,1400,1.512550650173575,2.725520366698863
2626,22626,0.35136418446315326,1400,1.757336519648004,2.577600617209499
2627,22627,0.35136418446315326,1400,1.6639643104914004,2.6687014616126996
2628,22628,0.35136418446315326,1400,1.567866413982041,2.734315683271464
2629,22629,0.35136418446315326,1400,1.0369893149904599,2.9603516415995985
2630,22630,0.35136418446315326,1400,1.0459518668178347,2.9583779346748473
2631,22631,0.35136418446315326,1400,1.5293210026108741,2.732996959889378
2632,22632,0.35136418446315326,1400,1.3650860371152707,2.835087317645993
2633,22633,0.35136418446315326,1400,2.1016431650661462,2.226019430876055
2634,22634,0.35136418446315326,1400,1.3886704499347915,2.854078403039539
2635,22635,0.35136418446315326,1400,1.6416043318953517,2.683320871341769
2636,22636,0.35136418446315326,1400,1.8986404552747544,2.5036949529605255
2637,22637,0.35136418446315326,1400,1.0564591807721784,2.9540303034943376
2638,22638,0.35136418446315326,1400,2.4922122556237127,1.7603324968942293
2639,22639,0.35136418446315326,1400,1.0767812360767268,2.9352922114034117
2640,22640,0.35136418446315326,1400,2.290720438987164,2.135452474525175
2641,22641,0.35136418446315326,1400,1.8287596792463858,2.5553915545566745
2642,22642,0.35136418446315326,1400,2.462984795736418,1.8812593932082966
2643,22643,0.35136418446315326,1400,1.1971439241107138,2.8878003594715307
2644,22644,0.35136418446315326,1400,1.2241853705442298,2.9004083615573144
2645,22645,0.35136418446315326,1400,1.4449547707816195,2.769258374984557
2646,22646,0.35136418446315326,1400,1.1660723092769776,2.8988324275618265
2647,22647,0.35136418446315326,1400,2.0225630934307817,2.3064269175091257
2648,22648,0.35136418446315326,1400,1.15009850777496,2.9030340716235026
2649,22649,0.35136418446315326,1400,1.6297470911639205,2.665553994748526
2650,22650,0.35136418446315326,1400,1.5763340812817876,2.721412708598609
2651,22651,0.35136418446315326,1400,1.2046918433197447,2.9034463274049633
2652,22652,0.35136418446315326,1400,2.4539572723617935,1.9364022265923602
2653,22653,0.35136418446315326,1400,1.712172317319687,2.5799916566902388
2654,22654,0.35136418446315326,1400,1.817565209388043,2.536666261693062
2655,22655,0.35136418446315326,1400,1.7049388914126777,2.6391787799864526
2656,22656,0.35136418446315326,1400,2.0778266824811773,2.3065186194065475
2657,22657,0.35136418446315326,1400,1.0815762101652018,2.963001766520061
2658,22658,0.35136418446315326,1400,1.2351144532350002,2.9142690778255465
2659,22659,0.35136418446315326,1400,1.3615530076865365,2.8575990067390773
2660,22660,0.35136418446315326,1400,1.8534464018634929,2.489920488476452
2661,22661,0.35136418446315326,1400,1.1651576866075444,2.9258314939016783
2662,22662,0.35136418446315326,1400,1.3700382029012586,2.8157006324174665
2663,22663,0.35136418446315326,1400,1.6169171813975756,2.693216521193616
2664,22664,0.35136418446315326,1400,1.817980948038914,2.46099170746289
2665,22665,0.35136418446315326,1400,1.205595241499581,2.902828230403986
2666,22666,0.35136418446315326,1400,1.1803369901695036,2.9054357311401633
2667,22667,0.35136418446315326,1400,2.5071107918485263,1.950980027893484
2668,22668,0.35136418446315326,1400,1.9261864886667617,2.510231643348143
2669,22669,0.35136418446315326,1400,1.8235337344474072,2.542625873905169
2670,22670,0.35136418446315326,1400,1.602202493517479,2.72811046439337
2671,22671,0.35136418446315326,1400,1.8114207234515558,2.455721311264877
2672,22672,0.35136418446315326,1400,1.4168561526097394,2.8139836313195166
2673,22673,0.35136418446315326,1400,2.2537495678038337,2.16932994887987
2674,22674,0.35136418446315326,1400,1.0682159864708427,2.9655797723302166
2675,22675,0.35136418446315326,1400,1.42795272788969,2.787486594049592
2676,22676,0.35136418446315326,1400,1.764187590383256,2.633653747080044
2677,22677,0.35136418446315326,1400,2.1109756227247525,2.230338720219131
2678,22678,0.35136418446315326,1400,1.1917916980010521,2.912479912643419
2679,22679,0.35136418446315326,1400,1.4986365022769825,2.739479632345895
2680,22680,0.35136418446315326,1400,1.4606105802065632,2.7529327993656985
2681,22681,0.35136418446315326,1400,1.2393725280679584,2.885830083195692
2682,22682,0.35136418446315326,1400,2.2969786261512355,2.1435802055067614
2683,22683,0.35136418446315326,1400,1.9644710134679495,2.4524391968775867
2684,22684,0.35136418446315326,1400,1.9336473309434452,2.4858937153535043
2685,22685,0.35136418446315326,1400,1.388127956366596,2.8279723804829957
2686,22686,0.35136418446315326,1400,1.9459746818160943,2.412041704493152
2687,22687,0.35136418446315326,1400,1.3197854941342446,2.848752196687342
2688,22688,0.35136418446315326,1400,1.6992753767869755,2.5467171229819456
2689,22689,0.35136418446315326,1400,1.1168341234828323,2.9496137327146403
2690,22690,0.35136418446315326,1400,1.6522661204393223,2.629256433324552
2691,22691,0.35136418446315326,1400,1.8056285151174827,2.5366903685716884
2692,22692,0.35136418446315326,1400,2.5577707319772705,1.798188834468559
2693,22693,0.35136418446315326,1400,1.3777135847964481,2.7874863339916587
2694,22694,0.35136418446315326,1400,1.6406391219909726,2.6536811364719823
2695,22695,0.35136418446315326,1400,1.5983317931877061,2.673399975233908
2696,22696,0.35136418446315326,1400,1.99437450545796,2.3407914266106853
2697,22697,0.35136418446315326,1400,1.1201499214998774,2.952095821249962
2698,22698,0.35136418446315326,1400,1.5477586216577,2.6658066576829116
2699,22699,0.35136418446315326,1400,1.6986328946630969,2.5993718010921762
2700,22700,0.35136418446315326,1600,1.8066943099565524,2.5302794153726054
2701,22701,0.35136418446315326,1600,1.3681198841469453,2.813898934898245
2702,22702,0.35136418446315326,1600,1.8512578598911849,2.524851993010193
2703,22703,0.35136418446315326,1600,1.2649469972010063,2.867792156654193
2704,22704,0.35136418446315326,1600,2.011505366973063,2.43055393759675
2705,22705,0.35136418446315326,1600,1.2865391594429305,2.863160211948057
2706,22706,0.35136418446315326,1600,1.2359660539091564,2.8923519013666272
2707,22707,0.35136418446315326,1600,2.2037333929605905,2.2063954179797785
2708,22708,0.35136418446315326,1600,1.1633913388105943,2.9149031685395226
2709,22709,0.35136418446315326,1600,1.4794283250514382,2.7883287593536243
2710,22710,0.35136418446315326,1600,1.5549159998336022,2.7498006108245496
2711,22711,0.35136418446315326,1600,1.1056126201612844,2.943038346374034
2712,22712,0.35136418446315326,1600,2.0865122690491336,2.331414853551208
2713,22713,0.35136418446315326,1600,1.900967545231009,2.4421484650964165
2714,22714,0.35136418446315326,1600,1.4028778971615823,2.828524792196645
2715,22715,0.35136418446315326,1600,1.1605183018837875,2.909971294847021
2716,22716,0.35136418446315326,1600,2.3799989395123093,2.0404408212553404
2717,22717,0.35136418446315326,1600,1.6864438216091913,2.6219618453683187
2718,22718,0.35136418446315326,1600,1.773461211569438,2.612582582474167
2719,22719,0.35136418446315326,1600,1.2425367922920167,2.872785313227671
2720,22720,0.35136418446315326,1600,2.3773400298694516,2.0470170877994036
2721,22721,0.35136418446315326,1600,1.6855616092244747,2.5989085577172606
2722,22722,0.35136418446315326,1600,1.887410794814916,2.508162579179662
2723,22723,0.35136418446315326,1600,1.8524049636955167,2.5289277559662557
2724,22724,0.35136418446315326,1600,1.1000152874391225,2.93879310126919
2725,22725,0.35136418446315326,1600,1.682385917497524,2.634113453903316
2726,22726,0.35136418446315326,1600,1.5448181414314557,2.7254507672940913
2727,22727,0.35136418446315326,1600,2.134134313148809,2.319719275935886
2728,22728,0.35136418446315326,1600,2.4905961041062956,1.8999330096864324
2729,22729,0.35136418446315326,1600,1.2280207361398146,2.9047073706954203
2730,22730,0.35136418446315326,1600,1.7689431147474899,2.6111119941815866
2731,22731,0.35136418446315326,1600,1.1415813663789736,2.9207791408174932
2732,22732,0.35136418446315326,1600,1.9646907180776059,2.418928645536817
2733,22733,0.35136418446315326,1600,1.3974395510435231,2.821774721902009
2734,22734,0.35136418446315326,1600,1.372977574635758,2.8373326485878616
2735,22735,0.35136418446315326,1600,1.910388724598779,2.459782061095177
2736,22736,0.35136418446315326,1600,2.305130789344561,2.033545169188159
2737,22737,0.35136418446315326,1600,2.5058741906448487,1.8636559136440514
2738,22738,0.35136418446315326,1600,1.5621386197811793,2.691171360085125
2739,22739,0.35136418446315326,1600,1.4172375112955968,2.767138848936495
2740,22740,0.35136418446315326,1600,1.0520863281585349,2.9887381543079696
2741,22741,0.35136418446315326,1600,1.2706432302415052,2.861185863151729
2742,22742,0.35136418446315326,1600,1.2556706107069016,2.8778354768450316
2743,22743,0.35136418446315326,1600,1.060871727691903,2.9659577964521047
2744,22744,0.35136418446315326,1600,2.044306411125353,2.3654920666836268
2745,22745,0.35136418446315326,1600,1.5632713848936863,2.719201463285404
2746,22746,0.35136418446315326,1600,2.089719007523665,2.369591214387628
2747,22747,0.35136418446315326,1600,1.2166776679366456,2.9174823707918547
2748,22748,0.35136418446315326,1600,1.988270690612281,2.418423211286333
2749,22749,0.35136418446315326,1600,1.39706279482056,2.796688730936761
2750,22750,0.35136418446315326,1600,1.9781026813201212,2.251692359866244
2751,22751,0.35136418446315326,1600,1.431399181091471,2.8049114553067427
2752,22752,0.35136418446315326,1600,2.285717064789387,2.138151035207828
2753,22753,0.35136418446315326,1600,1.146129170693041,2.9280500889188295
2754,22754,0.35136418446315326,1600,1.2364104059079382,2.9105246428224842
2755,22755,0.35136418446315326,1600,1.916303587190621,2.4689047506337443
2756,22756,0.35136418446315326,1600,1.5619454452563146,2.7058852629601953
2757,22757,0.35136418446315326,1600,1.8938627330255244,2.510358098104576
2758,22758,0.35136418446315326,1600,1.655788279041244,2.6566097320806077
2759,22759,0.35136418446315326,1600,1.0903467668564153,2.940629672413338
2760,22760,0.35136418446315326,1600,1.1748799343137655,2.9190736980515704
2761,22761,0.35136418446315326,1600,1.7205219241352203,2.5974727008847887
2762,22762,0.35136418446315326,1600,1.9559113936534271,2.402765412066543
2763,22763,0.35136418446315326,1600,2.3216684085153414,2.076739254039489
2764,22764,0.35136418446315326,1600,1.471408678621871,2.744168959142857
2765,22765,0.35136418446315326,1600,1.87902818326159,2.4780696230772614
2766,22766,0.35136418446315326,1600,2.54266626369582,1.7497710094305368
2767,22767,0.35136418446315326,1600,1.642909365973754,2.6482921515344477
2768,22768,0.35136418446315326,1600,1.2102392388533885,2.89297714318962
2769,22769,0.35136418446315326,1600,2.170378953832874,2.242280929700511
2770,22770,0.35136418446315326,1600,1.865678174896863,2.509524610376289
2771,22771,0.35136418446315326,1600,2.0991528318288393,2.3264119139912784
2772,22772,0.35136418446315326,1600,2.337339832378283,2.037428186936098
2773,22773,0.35136418446315326,1600,2.375921660645919,2.0014243961573928
2774,22774,0.35136418446315326,1600,1.4097297597778546,2.7586719894136555
2775,22775,0.35136418446315326,1600,2.0227087645099253,2.402235605545063
2776,22776,0.35136418446315326,1600,1.5298932619649448,2.7301515488921426
2777,22777,0.35136418446315326,1600,1.2086268801751867,2.898367750253514
2778,22778,0.35136418446315326,1600,2.537337472852277,1.7695110281162147
2779,22779,0.35136418446315326,1600,2.069300680756219,2.3282059919055897
2780,22780,0.35136418446315326,1600,2.17146540828704,2.1968837230270126
2781,22781,0.35136418446315326,1600,1.88204759374308,2.536607669376707
2782,22782,0.35136418446315326,1600,1.6281301368247678,2.691389075830224
2783,22783,0.35136418446315326,1600,1.0317583266006414,2.969105191005204
2784,22784,0.35136418446315326,1600,1.404147148081639,2.827352205042355
2785,22785,0.35136418446315326,1600,1.3404624455687169,2.8208687386362756
2786,22786,0.35136418446315326,1600,2.2221563484043276,2.0950798834297606
2787,22787,0.35136418446315326,1600,2.2758288376028633,2.0523225954256565
2788,22788,0.35136418446315326,1600,1.4481697401874047,2.791263041686502
2789,22789,0.35136418446315326,1600,2.22058085775268,2.14648470586487
2790,22790,0.35136418446315326,1600,1.524707353280875,2.7661436318412456
2791,22791,0.35136418446315326,1600,1.8955617395098063,2.5127039949367584
2792,22792,0.35136418446315326,1600,2.34563500129336,2.055428161369819
2793,22793,0.35136418446315326,1600,1.2965254024512647,2.8599324465695934
2794,22794,0.35136418446315326,1600,2.3688845676800576,2.1062308424583773
2795,22795,0.35136418446315326,1600,1.554299568966905,2.728847401041336
2796,22796,0.35136418446315326,1600,1.6628338984893607,2.6724741397361567
2797,22797,0.35136418446315326,1600,1.8542694915380546,2.4898812682287503
2798,22798,0.35136418446315326,1600,2.097632867637776,2.383590533940061
2799,22799,0.35136418446315326,1600,1.919631569874603,2.4558098398935013
2800,22800,0.35136418446315326,1800,1.7391478335627588,2.6174317749004827
2801,22801,0.35136418446315326,1800,1.6051340515037194,2.7616270019788844
2802,22802,0.35136418446315326,1800,1.3792008364488828,2.8378616501447196
2803,22803,0.35136418446315326,1800,1.5365819036887118,2.738893557261494
2804,22804,0.35136418446315326,1800,2.2882492880716283,2.1256360816630226
2805,22805,0.35136418446315326,1800,1.1910694992708426,2.8955558243793744
2806,22806,0.35136418446315326,1800,2.375703732821352,1.987733510965974
2807,22807,0.35136418446315326,1800,1.1273260781800913,2.933253120915984
2808,22808,0.35136418446315326,1800,1.1793116974304652,2.9141079470789033
2809,22809,0.35136418446315326,1800,1.2916793431436466,2.82333414522281
2810,22810,0.35136418446315326,1800,1.4339229659126973,2.793072590665157
2811,22811,0.35136418446315326,1800,1.7421448908297772,2.56918458431202
2812,22812,0.35136418446315326,1800,2.4937900125020342,1.9661941463567918
2813,22813,0.35136418446315326,1800,1.0769993216374427,2.939262974365411
2814,22814,0.35136418446315326,1800,2.1881106004651634,2.2033363799787278
2815,22815,0.35136418446315326,1800,2.273888661672861,2.1389875051838647
2816,22816,0.35136418446315326,1800,1.491957545177917,2.7166193404437946
2817,22817,0.35136418446315326,1800,1.5724692752120562,2.7237362176664535
2818,22818,0.35136418446315326,1800,1.2125853190596376,2.9043373871144587
2819,22819,0.35136418446315326,1800,1.9204203057501943,2.4776469716221468
2820,22820,0.35136418446315326,1800,1.0847475736476875,2.9531621701972006
2821,22821,0.35136418446315326,1800,1.4982846473893696,2.752894456204159
2822,22822,0.35136418446315326,1800,1.3579478739572646,2.8585786605321246
2823,22823,0.35136418446315326,1800,2.32574187829994,2.106063505193185
2824,22824,0.35136418446315326,1800,1.6667543885680665,2.6466454704706974
2825,22825,0.35136418446315326,1800,2.298798538273767,2.041054431977112
2826,22826,0.35136418446315326,1800,1.8755384904771966,2.507106285141597
2827,22827,0.35136418446315326,1800,2.03921547078552,2.3652517019223263
2828,22828,0.35136418446315326,1800,1.097625294797305,2.9521654791663208
2829,22829,0.35136418446315326,1800,1.1792113646564997,2.933206615963305
2830,22830,0.35136418446315326,1800,1.9466581892056136,2.4178260439332204
2831,22831,0.35136418446315326,1800,1.3042331013700932,2.8718470500303797
2832,22832,0.35136418446315326,1800,2.023391050431589,2.3954056354575477
2833,22833,0.35136418446315326,1800,1.6007836196681606,2.665098471148429
2834,22834,0.35136418446315326,1800,1.444408510876394,2.799179749832205
2835,22835,0.35136418446315326,1800,1.7330197959369105,2.5796670059337297
2836,22836,0.35136418446315326,1800,2.637013993058083,1.69586348732355
2837,22837,0.35136418446315326,1800,1.5763188482154233,2.7478462142722377
2838,22838,0.35136418446315326,1800,1.1381342867520146,2.9302137008935487
2839,22839,0.35136418446315326,1800,2.6931600438990233,1.628712642308264
2840,22840,0.35136418446315326,1800,1.3491575518370535,2.8454341373547214
2841,22841,0.35136418446315326,1800,1.9476502879506075,2.3965122370777396
2842,22842,0.35136418446315326,1800,1.0261023873398454,2.97520183865021
2843,22843,0.35136418446315326,1800,2.3529591955364113,2.095128960987247
2844,22844,0.35136418446315326,1800,1.7977244502203036,2.5906561483769925
2845,22845,0.35136418446315326,1800,2.001469340536431,2.422997123979605
2846,22846,0.35136418446315326,1800,1.340036796106145,2.8471261834846584
2847,22847,0.35136418446315326,1800,1.921501317680967,2.440231734625091
2848,22848,0.35136418446315326,1800,1.940019322636246,2.450027575125776
2849,22849,0.35136418446315326,1800,1.5124347467145909,2.7234370058270754
2850,22850,0.35136418446315326,1800,1.4873968625591707,2.774062714311997
2851,22851,0.35136418446315326,1800,1.5770469588856622,2.7151839397223685
2852,22852,0.35136418446315326,1800,1.977899378644393,2.413465046224799
2853,22853,0.35136418446315326,1800,1.070891345962882,2.9583427472937265
2854,22854,0.35136418446315326,1800,1.3115096405609854,2.8344886436386134
2855,22855,0.35136418446315326,1800,1.2388521680787172,2.8854682117780714
2856,22856,0.35136418446315326,1800,1.6823089166163445,2.6339968589490406
2857,22857,0.35136418446315326,1800,2.4250472067256457,1.924695318103457
2858,22858,0.35136418446315326,1800,1.193683797276989,2.8938136905233014
2859,22859,0.35136418446315326,1800,1.7983403575381796,2.578782235197113
2860,22860,0.35136418446315326,1800,1.6066638539874707,2.6692365430439082
2861,22861,0.35136418446315326,1800,1.5720766014428256,2.693786069536347
2862,22862,0.35136418446315326,1800,1.5524957322172432,2.748000371405513
2863,22863,0.35136418446315326,1800,1.585687598478492,2.7217003429464457
2864,22864,0.35136418446315326,1800,2.3173807995563696,2.1150799822639073
2865,22865,0.35136418446315326,1800,2.0733448951283977,2.3593021943261308
2866,22866,0.35136418446315326,1800,1.5663559766577748,2.7006732515823213
2867,22867,0.35136418446315326,1800,1.04966995932745,2.9677601379804335
2868,22868,0.35136418446315326,1800,1.8436793025763585,2.547994066693478
2869,22869,0.35136418446315326,1800,1.7713626401178377,2.5991026331143283
2870,22870,0.35136418446315326,1800,1.6580069773867752,2.652380278843835
2871,22871,0.35136418446315326,1800,1.4908342378444324,2.7579819556956373
2872,22872,0.35136418446315326,1800,1.4269564246882138,2.810285316875871
2873,22873,0.35136418446315326,1800,1.1695855502977797,2.9137815324724476
2874,22874,0.35136418446315326,1800,2.0319692531935183,2.2408090828865266
2875,22875,0.35136418446315326,1800,1.1389836453786715,2.9308189676843712
2876,22876,0.35136418446315326,1800,2.2761509146563443,2.153023104334836
2877,22877,0.35136418446315326,1800,1.568676315442938,2.7272785926594265
2878,22878,0.35136418446315326,1800,1.770665273431791,2.6090022395744352
2879,22879,0.35136418446315326,1800,1.489989121506634,2.780248422102114
2880,22880,0.35136418446315326,1800,2.547246749058187,1.7609685142787164
2881,22881,0.35136418446315326,1800,1.6372934872461893,2.704782018422414
2882,22882,0.35136418446315326,1800,1.3187087892508602,2.8481478072271926
2883,22883,0.35136418446315326,1800,1.310900946738212,2.8691105803052332
2884,22884,0.35136418446315326,1800,1.2739672235991364,2.874953194560562
2885,22885,0.35136418446315326,1800,1.888657556462567,2.5225233783363143
2886,22886,0.35136418446315326,1800,2.01456549968353,2.313746143947136
2887,22887,0.35136418446315326,1800,1.19981771368705,2.891896623291688
2888,22888,0.35136418446315326,1800,2.08243043062704,2.4293356022656902
2889,22889,0.35136418446315326,1800,1.6878231416259417,2.5876242049629017
2890,22890,0.35136418446315326,1800,1.3628773636943523,2.8026126497004515
2891,22891,0.35136418446315326,1800,2.5245677503439334,1.7685581464832403
2892,22892,0.35136418446315326,1800,1.9027258193736407,2.5269590646703204
2893,22893,0.35136418446315326,1800,2.0915781219532,2.269995375065361
2894,22894,0.35136418446315326,1800,2.2859661541590217,2.0759987138810496
2895,22895,0.35136418446315326,1800,1.254077100190305,2.864589279094807
2896,22896,0.35136418446315326,1800,2.1396592210945906,2.27440602005598
2897,22897,0.35136418446315326,1800,1.6162438746803343,2.6791564510846673
2898,22898,0.35136418446315326,1800,2.537957164518888,1.8915341767552545
2899,22899,0.35136418446315326,1800,1.195737539214478,2.864994912579897
2900,22900,0.35136418446315326,2000,1.0861168695245649,2.9563711720482715
2901,22901,0.35136418446315326,2000,1.4813094331882295,2.801816298809426
2902,22902,0.35136418446315326,2000,1.7835768523555129,2.5788922993028893
2903,22903,0.35136418446315326,2000,2.116186948342555,2.3356542843130477
2904,22904,0.35136418446315326,2000,1.4090836123299242,2.80803020862337
2905,22905,0.35136418446315326,2000,1.1253049995388105,2.917427827594519
2906,22906,0.35136418446315326,2000,2.6770859413884422,1.7198374928168572
2907,22907,0.35136418446315326,2000,2.072898314762775,2.298239349023441
2908,22908,0.35136418446315326,2000,1.2270155398125993,2.8851483198395873
2909,22909,0.35136418446315326,2000,2.181298584439488,2.3415357815044535
2910,22910,0.35136418446315326,2000,2.214235329710987,2.221268420501464
2911,22911,0.35136418446315326,2000,1.2197954333399585,2.890564233842491
2912,22912,0.35136418446315326,2000,2.0966511884420895,2.3591574507314546
2913,22913,0.35136418446315326,2000,1.279724874114697,2.864330413684123
2914,22914,0.35136418446315326,2000,1.6189424403357484,2.6862659714399078
2915,22915,0.35136418446315326,2000,1.0267679135410455,2.9808287275350747
2916,22916,0.35136418446315326,2000,1.7339561128342607,2.597757836551449
2917,22917,0.35136418446315326,2000,1.5038398878759849,2.7640107120697657
2918,22918,0.35136418446315326,2000,2.125683752321686,2.336490447426526
2919,22919,0.35136418446315326,2000,1.9164331938161283,2.4614592884547712
2920,22920,0.35136418446315326,2000,1.2117410249406402,2.884888582487188
2921,22921,0.35136418446315326,2000,1.203814544698449,2.887668911790363
2922,22922,0.35136418446315326,2000,1.9559363516643458,2.4675788780376107
2923,22923,0.35136418446315326,2000,1.1394590557705846,2.9108043224289912
2924,22924,0.35136418446315326,2000,2.244826034480627,2.11614375005787
2925,22925,0.35136418446315326,2000,1.0599892086133007,2.951090632477718
2926,22926,0.35136418446315326,2000,1.1050677947529404,2.9243276917066785
2927,22927,0.35136418446315326,2000,1.8119832373922506,2.5499640237110777
2928,22928,0.35136418446315326,2000,2.0272990812951326,2.4353337714801926
2929,22929,0.35136418446315326,2000,1.4197839020958796,2.797388925657069
2930,22930,0.35136418446315326,2000,1.9081544409992552,2.492060500853512
2931,22931,0.35136418446315326,2000,1.8313085989068085,2.6095625558621984
2932,22932,0.35136418446315326,2000,1.4770354377022215,2.7747920545443368
2933,22933,0.35136418446315326,2000,1.1249001817320594,2.91244865299961
2934,22934,0.35136418446315326,2000,1.4593514018442995,2.7834383743264706
2935,22935,0.35136418446315326,2000,1.401883038816791,2.8079002871958854
2936,22936,0.35136418446315326,2000,1.3888790647204663,2.8136264096828603
2937,22937,0.35136418446315326,2000,1.331212881923712,2.852428491802693
2938,22938,0.35136418446315326,2000,1.543385955553189,2.7428404586601434
2939,22939,0.35136418446315326,2000,1.0502253147717409,2.946194285883648
2940,22940,0.35136418446315326,2000,1.1601767903196005,2.8998304437089804
2941,22941,0.35136418446315326,2000,1.3003441712682582,2.843573379624914
2942,22942,0.35136418446315326,2000,1.5035848555850557,2.7254479623802896
2943,22943,0.35136418446315326,2000,1.9046123053956712,2.4942285989442317
2944,22944,0.35136418446315326,2000,1.1408451571651268,2.936373994400059
2945,22945,0.35136418446315326,2000,1.2074693249704782,2.9039337005550805
2946,22946,0.35136418446315326,2000,1.0822887223984945,2.9555764026297995
2947,22947,0.35136418446315326,2000,1.343779729510274,2.855152341028318
2948,22948,0.35136418446315326,2000,2.082643873810418,2.293280257438166
2949,22949,0.35136418446315326,2000,1.0577806401058099,2.974789980101349
2950,22950,0.35136418446315326,2000,1.8260475112718813,2.5721002573005896
2951,22951,0.35136418446315326,2000,1.1739840962752155,2.931454697600146
2952,22952,0.35136418446315326,2000,2.6718511626850825,1.6230228933970658
2953,22953,0.35136418446315326,2000,1.6618867873290561,2.6393241614778242
2954,22954,0.35136418446315326,2000,1.835457148705835,2.5386563238786444
2955,22955,0.35136418446315326,2000,1.4363359879507123,2.7836293210937955
2956,22956,0.35136418446315326,2000,1.081844498649337,2.9497095319467292
2957,22957,0.35136418446315326,2000,1.5057301618051009,2.7848884009118606
2958,22958,0.35136418446315326,2000,1.1152162160892125,2.92684707554344
2959,22959,0.35136418446315326,2000,2.1618771569343265,2.1149115138489356
2960,22960,0.35136418446315326,2000,1.0670218681803436,2.968131347647785
2961,22961,0.35136418446315326,2000,2.6773523612944152,1.5952618212965484
2962,22962,0.35136418446315326,2000,2.32398605315233,2.024533731831273
2963,22963,0.35136418446315326,2000,1.1051149525213104,2.965819154730942
2964,22964,0.35136418446315326,2000,2.0782062318820964,2.3678024978384835
2965,22965,0.35136418446315326,2000,1.4463228590323498,2.783585094656885
2966,22966,0.35136418446315326,2000,1.4639187268545892,2.7730853782152467
2967,22967,0.35136418446315326,2000,1.0264908592040225,2.967191939822738
2968,22968,0.35136418446315326,2000,1.9578644145219222,2.509814542331783
2969,22969,0.35136418446315326,2000,1.1595744552417728,2.8964801335957375
2970,22970,0.35136418446315326,2000,1.6346871350000782,2.675913709800629
2971,22971,0.35136418446315326,2000,1.8455437849863063,2.5378858599735965
2972,22972,0.35136418446315326,2000,1.3625245874559473,2.821739232239203
2973,22973,0.35136418446315326,2000,2.2223435180348674,2.239607222141082
2974,22974,0.35136418446315326,2000,1.4772855618920522,2.7383980054155166
2975,22975,0.35136418446315326,2000,1.6584293691538428,2.643427272110592
2976,22976,0.35136418446315326,2000,1.6020007044356332,2.719418795602256
2977,22977,0.35136418446315326,2000,1.2781964935468535,2.889964423054571
2978,22978,0.35136418446315326,2000,1.2865220784406959,2.876038161440794
2979,22979,0.35136418446315326,2000,1.850483096812345,2.5270245012655574
2980,22980,0.35136418446315326,2000,1.2324636655894015,2.901861428740763
2981,22981,0.35136418446315326,2000,1.3045626791717,2.879477931280195
2982,22982,0.35136418446315326,2000,2.063098415849061,2.3952898880300824
2983,22983,0.35136418446315326,2000,1.2918042689714906,2.8375392078117416
2984,22984,0.35136418446315326,2000,1.5015991226251806,2.688323301471375
2985,22985,0.35136418446315326,2000,2.2865376316730908,2.103916512990952
2986,22986,0.35136418446315326,2000,1.1802415045779149,2.9082491889735933
2987,22987,0.35136418446315326,2000,1.593151501139948,2.679687282802958
2988,22988,0.35136418446315326,2000,1.5663383426504358,2.695022501866574
2989,22989,0.35136418446315326,2000,1.1199377533800745,2.917988489015773
2990,22990,0.35136418446315326,2000,1.7174617746597018,2.6269731486217287
2991,22991,0.35136418446315326,2000,2.142278899413427,2.278745010777615
2992,22992,0.35136418446315326,2000,2.2875880282659344,2.110744532678415
2993,22993,0.35136418446315326,2000,2.240250836328114,2.197828944796476
2994,22994,0.35136418446315326,2000,2.2267033751830487,2.1305810107871537
2995,22995,0.35136418446315326,2000,2.258546077275864,2.16848446726899
2996,22996,0.35136418446315326,2000,2.082368954332799,2.2958544882195637
2997,22997,0.35136418446315326,2000,1.6883062286232282,2.6035671226638053
2998,22998,0.35136418446315326,2000,2.310746202186544,2.0314776901810383
2999,22999,0.35136418446315326,2000,1.7953687615596663,2.5704539260938644
3000,23000,0.19758660111543586,200,1.3440336331715823,2.8622248658103606
3001,23001,0.19758660111543586,200,1.6713637933593748,2.610914406767095
3002,23002,0.19758660111543586,200,1.456805346473585,2.7474154704370024
3003,23003,0.19758660111543586,200,1.2659911451700772,2.871182352787867
3004,23004,0.19758660111543586,200,1.4180770620940542,2.800174080232165
3005,23005,0.19758660111543586,200,1.27038747716926,2.878420541145335
3006,23006,0.19758660111543586,200,2.02306418230667,2.3404088486586825
3007,23007,0.19758660111543586,200,1.101125658926348,2.943769095806121
3008,23008,0.19758660111543586,200,1.7472897688588482,2.577455357177201
3009,23009,0.19758660111543586,200,1.9127387954700956,2.445981977633583
3010,23010,0.19758660111543586,200,1.2739485581978802,2.8640314372077396
3011,23011,0.19758660111543586,200,1.857886250523626,2.5483301158447444
3012,23012,0.19758660111543586,200,1.4724249615876914,2.7395599275235467
3013,23013,0.19758660111543586,200,1.850918833238099,2.4819672437288762
3014,23014,0.19758660111543586,200,1.6088436412529628,2.7007285229170854
3015,23015,0.19758660111543586,200,1.1900730663255685,2.918258533466402
3016,23016,0.19758660111543586,200,1.2131389025366794,2.9160371796303117
3017,23017,0.19758660111543586,200,2.023444879157446,2.377108816573918
3018,23018,0.19758660111543586,200,1.3600734772806056,2.792743105864308
3019,23019,0.19758660111543586,200,1.0325876551774187,2.9634693525652778
3020,23020,0.19758660111543586,200,1.3845503301819857,2.8102631336470982
3021,23021,0.19758660111543586,200,1.5836820514923666,2.701064097543282
3022,23022,0.19758660111543586,200,1.565356516174545,2.72797639643946
3023,23023,0.19758660111543586,200,1.2485411379555034,2.8797100290163593
3024,23024,0.19758660111543586,200,1.4961091393970263,2.748009084708721
3025,23025,0.19758660111543586,200,1.1498274165477,2.9220771148967506
3026,23026,0.19758660111543586,200,1.9022713423755508,2.516703213081053
3027,23027,0.19758660111543586,200,1.4703766009247325,2.7855764803657586
3028,23028,0.19758660111543586,200,1.2681651533616378,2.860436543046098
3029,23029,0.19758660111543586,200,1.2541303301146807,2.871256849962936
3030,23030,0.19758660111543586,200,1.6473344891589534,2.644713276984657
3031,23031,0.19758660111543586,200,1.6301251810419732,2.6537769188737004
3032,23032,0.19758660111543586,200,1.2145857708398244,2.9001096994872917
3033,23033,0.19758660111543586,200,1.107253226697877,2.9435567205174493
3034,23034,0.19758660111543586,200,1.513115409435114,2.7354467141263106
3035,23035,0.19758660111543586,200,1.9650863342616698,2.354642334259437
3036,23036,0.19758660111543586,200,1.0562710704498446,2.964001162419272
3037,23037,0.19758660111543586,200,1.3457516334013158,2.831008162564661
3038,23038,0.19758660111543586,200,1.6176679984777778,2.640946391081864
3039,23039,0.19758660111543586,200,1.169264912148602,2.8977578264996446
3040,23040,0.19758660111543586,200,1.3139602868112876,2.8187831459559294
3041,23041,0.19758660111543586,200,1.3301438400581067,2.8428069808877066
3042,23042,0.19758660111543586,200,1.3776248241102789,2.83941172111006
3043,23043,0.19758660111543586,200,1.9976498182839766,2.415104053657774
3044,23044,0.19758660111543586,200,1.1212177856925378,2.9509483563761263
3045,23045,0.19758660111543586,200,1.7312221253571,2.6029708641709113
3046,23046,0.19758660111543586,200,1.0757305453772847,2.955107256705917
3047,23047,0.19758660111543586,200,1.5990455075456693,2.6924385592115523
3048,23048,0.19758660111543586,200,1.543388701210593,2.7437943650726706
3049,23049,0.19758660111543586,200,1.8362758176015521,2.52813128453229
3050,23050,0.19758660111543586,200,2.2052324248295174,2.229181009531726
3051,23051,0.19758660111543586,200,1.3947951816477988,2.808926182371801
3052,23052,0.19758660111543586,200,1.067758568682842,2.9430963944748365
3053,23053,0.19758660111543586,200,1.8586960591998172,2.464659507603485
3054,23054,0.19758660111543586,200,1.51831451712604,2.7428373509382427
3055,23055,0.19758660111543586,200,1.540973040493658,2.6803420369265294
3056,23056,0.19758660111543586,200,1.6520138293765902,2.656661191058896
3057,23057,0.19758660111543586,200,1.196143183270211,2.8914196347108114
3058,23058,0.19758660111543586,200,1.1368079433620493,2.914744905240345
3059,23059,0.19758660111543586,200,1.6288910541664219,2.7220360393819805
3060,23060,0.19758660111543586,200,1.871650472929614,2.5163111210145814
3061,23061,0.19758660111543586,200,1.546791920762649,2.7455543006313787
3062,23062,0.19758660111543586,200,1.2272020079659183,2.890455665571584
3063,23063,0.19758660111543586,200,1.505258337750538,2.7494032009761535
3064,23064,0.19758660111543586,200,1.4744749469266085,2.766038443821896
3065,23065,0.19758660111543586,200,1.409729050840871,2.8248340074550846
3066,23066,0.19758660111543586,200,1.8086314244646708,2.5389227710847293
3067,23067,0.19758660111543586,200,2.107275897575289,2.2926509511119892
3068,23068,0.19758660111543586,200,1.6708291340164183,2.6513414931305066
3069,23069,0.19758660111543586,200,1.967430061213901,2.389815367015946
3070,23070,0.19758660111543586,200,1.2034236522665782,2.9016522570572625
3071,23071,0.19758660111543586,200,1.1985382237836346,2.9206166292633893
3072,23072,0.19758660111543586,200,1.288738435280995,2.8568840966868523
3073,23073,0.19758660111543586,200,1.5390637549781685,2.7459735055999532
3074,23074,0.19758660111543586,200,2.1459787061454905,2.21726465166015
3075,23075,0.19758660111543586,200,1.72252061796699,2.6102745834399226
3076,23076,0.19758660111543586,200,1.4057141327554654,2.801010842361432
3077,23077,0.19758660111543586,200,1.812427267851022,2.566903057687221
3078,23078,0.19758660111543586,200,1.8901091626484543,2.5093206819912792
3079,23079,0.19758660111543586,200,1.7270718266278635,2.613075979263315
3080,23080,0.19758660111543586,200,1.3051766673659349,2.8413990658125714
3081,23081,0.19758660111543586,200,1.0313539048455511,2.975746637731213
3082,23082,0.19758660111543586,200,1.8607734859962508,2.5168980987467
3083,23083,0.19758660111543586,200,1.1518202170054177,2.9610553967317546
3084,23084,0.19758660111543586,200,1.0548868534032978,2.936945527602883
3085,23085,0.19758660111543586,200,1.924086454626328,2.467016483064275
3086,23086,0.19758660111543586,200,1.8408300300121447,2.5196395447559174
3087,23087,0.19758660111543586,200,1.1723837611702845,2.922179125692631
3088,23088,0.19758660111543586,200,1.8817966116946974,2.4166201523672983
3089,23089,0.19758660111543586,200,1.6541985227471443,2.638857311969305
3090,23090,0.19758660111543586,200,1.1287458013372818,2.9165819546847103
3091,23091,0.19758660111543586,200,1.872851621727357,2.4978019717160254
3092,23092,0.19758660111543586,200,1.1804626585739386,2.9050110314469784
3093,23093,0.19758660111543586,200,1.2865490809343798,2.8492499244538627
3094,23094,0.19758660111543586,200,2.022017209036071,2.3306776132287768
3095,23095,0.19758660111543586,200,1.632286553838533,2.655594528874427
3096,23096,0.19758660111543586,200,1.0725570646589042,2.9525777929368835
3097,23097,0.19758660111543586,200,1.393861137415573,2.814378868604076
3098,23098,0.19758660111543586,200,1.5764125713671897,2.7369376887147125
3099,23099,0.19758660111543586,200,1.4579984391288872,2.8005609911480827
3100,23100,0.19758660111543586,400,1.4243413856449192,2.7747670287526955
3101,23101,0.19758660111543586,400,2.001668952009729,2.3534948499775576
3102,23102,0.19758660111543586,400,1.8201587938676684,2.5469031589696947
3103,23103,0.19758660111543586,400,2.026193313401328,2.3251595570029884
3104,23104,0.19758660111543586,400,1.5667292037595026,2.724965188996841
3105,23105,0.19758660111543586,400,1.4812085580047447,2.727994081062351
3106,23106,0.19758660111543586,400,1.7753059104438926,2.605401098462588
3107,23107,0.19758660111543586,400,1.3313144588127581,2.855077219510972
3108,23108,0.19758660111543586,400,1.0591503671801188,2.95916936627271
3109,23109,0.19758660111543586,400,1.9452607972231373,2.409257048865716
3110,23110,0.19758660111543586,400,1.8468951092152406,2.502042867410176
3111,23111,0.19758660111543586,400,1.268287254494746,2.886863783487983
3112,23112,0.19758660111543586,400,1.4363253614513147,2.762202930729315
3113,23113,0.19758660111543586,400,2.0190165888944045,2.455684667450177
3114,23114,0.19758660111543586,400,1.1846577910890759,2.90567301717135
3115,23115,0.19758660111543586,400,1.866337444224263,2.4837816971970477
3116,23116,0.19758660111543586,400,1.3339314035360403,2.8224251892385723
3117,23117,0.19758660111543586,400,1.6455875865339593,2.660036438841346
3118,23118,0.19758660111543586,400,1.686993901070186,2.6535841005209226
3119,23119,0.19758660111543586,400,1.458785588311224,2.762496816688072
3120,23120,0.19758660111543586,400,1.1028184369594698,2.9461903370632543
3121,23121,0.19758660111543586,400,2.0029078566741294,2.3701846854645785
3122,23122,0.19758660111543586,400,2.088699669281547,2.315005671537354
3123,23123,0.19758660111543586,400,1.7058230215070858,2.5845942719705
3124,23124,0.19758660111543586,400,1.090499314675174,2.962243760797164
3125,23125,0.19758660111543586,400,1.9895601740900246,2.3883044035647787
3126,23126,0.19758660111543586,400,1.655987558082991,2.6583185665111877
3127,23127,0.19758660111543586,400,1.6858850993222632,2.645588930469163
3128,23128,0.19758660111543586,400,1.4720271640985931,2.7648240110326725
3129,23129,0.19758660111543586,400,1.168655910596876,2.909880070042976
3130,23130,0.19758660111543586,400,1.4741397920571753,2.7486125559870205
3131,23131,0.19758660111543586,400,1.0506829442388477,2.9620451911453136
3132,23132,0.19758660111543586,400,1.3748930284625882,2.8152852111717284
3133,23133,0.19758660111543586,400,1.439894663248202,2.785814196278655
3134,23134,0.19758660111543586,400,1.2649548523817775,2.8738583957874844
3135,23135,0.19758660111543586,400,1.5048875766302026,2.765940774300506
3136,23136,0.19758660111543586,400,1.1633017204686027,2.9228795854715193
3137,23137,0.19758660111543586,400,1.9808780648246611,2.416956743209996
3138,23138,0.19758660111543586,400,1.9290171023415865,2.455524017054061
3139,23139,0.19758660111543586,400,1.2534262886182288,2.869112856625946
3140,23140,0.19758660111543586,400,1.2638005410141244,2.8898581571098445
3141,23141,0.19758660111543586,400,1.1312943343057356,2.9368666894501922
3142,23142,0.19758660111543586,400,1.8591259406997316,2.517077692818733
3143,23143,0.19758660111543586,400,1.3942561633845811,2.8213049314934255
3144,23144,0.19758660111543586,400,1.937823103191573,2.458383411996641
3145,23145,0.19758660111543586,400,1.4752790849106017,2.783321107854309
3146,23146,0.19758660111543586,400,1.4563486593044368,2.7623093838027026
3147,23147,0.19758660111543586,400,2.242992551119335,2.1264467578793917
3148,23148,0.19758660111543586,400,1.4807706719071847,2.730004830986294
3149,23149,0.19758660111543586,400,1.1968773003904487,2.888805678896412
3150,23150,0.19758660111543586,400,1.749983699948567,2.584612706913364
3151,23151,0.19758660111543586,400,1.6749851093477655,2.640211095969521
3152,23152,0.19758660111543586,400,1.2046312642567751,2.905466814730588
3153,23153,0.19758660111543586,400,1.226899155742273,2.877268635260818
3154,23154,0.19758660111543586,400,1.099340748428927,2.943968551092451
3155,23155,0.19758660111543586,400,1.243652171732211,2.8753123166938224
3156,23156,0.19758660111543586,400,1.5401979583248944,2.7371499895529907
3157,23157,0.19758660111543586,400,1.741272835474879,2.5928983423981897
3158,23158,0.19758660111543586,400,1.5400501377689249,2.7134106650541336
3159,23159,0.19758660111543586,400,1.2859638095569306,2.8659527922664743
3160,23160,0.19758660111543586,400,1.398785425944719,2.8086434099614666
3161,23161,0.19758660111543586,400,1.2076889762097218,2.887680395631757
3162,23162,0.19758660111543586,400,2.2381788767715696,2.1801641043700353
3163,23163,0.19758660111543586,400,1.5886832861258273,2.67375836103887
3164,23164,0.19758660111543586,400,1.2973409956292314,2.852158661526079
3165,23165,0.19758660111543586,400,1.7975903699191822,2.56096464878516
3166,23166,0.19758660111543586,400,1.3050151587145797,2.857023307851094
3167,23167,0.19758660111543586,400,1.55827000127127,2.711908077105512
3168,23168,0.19758660111543586,400,1.6404359882623787,2.655980306962577
3169,23169,0.19758660111543586,400,1.2998765772299536,2.8550858326194755
3170,23170,0.19758660111543586,400,1.184226891404671,2.898325291154454
3171,23171,0.19758660111543586,400,1.3335499821436174,2.8373864481364577
3172,23172,0.19758660111543586,400,1.9190443412264009,2.4773385756457107
3173,23173,0.19758660111543586,400,1.5401974954447235,2.7190139115387693
3174,23174,0.19758660111543586,400,1.1409173164462683,2.9231563861158483
3175,23175,0.19758660111543586,400,1.6683792885336373,2.639348177759384
3176,23176,0.19758660111543586,400,1.0623309616604986,2.965397706166127
3177,23177,0.19758660111543586,400,2.095145060508698,2.3202126204551528
3178,23178,0.19758660111543586,400,1.3236890476050887,2.8515423738975607
3179,23179,0.19758660111543586,400,1.9547159870291673,2.4171946639742345
3180,23180,0.19758660111543586,400,1.7181831082703236,2.620350750401395
3181,23181,0.19758660111543586,400,1.0725353147175256,2.947763171003836
3182,23182,0.19758660111543586,400,1.5643662453606664,2.6908219274183827
3183,23183,0.19758660111543586,400,1.8207640170348902,2.5719110508377114
3184,23184,0.19758660111543586,400,1.8264226769737804,2.54036638473263
3185,23185,0.19758660111543586,400,1.8567002243222235,2.552317018348199
3186,23186,0.19758660111543586,400,2.0348347344455058,2.334418892537161
3187,23187,0.19758660111543586,400,1.9225274711574631,2.468387738417454
3188,23188,0.19758660111543586,400,1.7989199047844209,2.5553496897933146
3189,23189,0.19758660111543586,400,1.808187558115819,2.537850379976968
3190,23190,0.19758660111543586,400,1.5454305962850516,2.73854881567033
3191,23191,0.19758660111543586,400,1.2093304978853139,2.890865840123905
3192,23192,0.19758660111543586,400,1.5335048628012156,2.722832826198876
3193,23193,0.19758660111543586,400,1.9966063094105073,2.392077587594826
3194,23194,0.19758660111543586,400,1.4971756288465914,2.754413669245532
3195,23195,0.19758660111543586,400,2.0038197101975177,2.406497144862872
3196,23196,0.19758660111543586,400,1.1154832052009287,2.9409610741347723
3197,23197,0.19758660111543586,400,1.5037265039246184,2.7556445250023898
3198,23198,0.19758660111543586,400,1.5769944972742187,2.755177651891187
3199,23199,0.19758660111543586,400,1.5059446706753352,2.745167709286402
3200,23200,0.19758660111543586,600,1.2762258335625627,2.8713177737235354
3201,23201,0.19758660111543586,600,1.1109669299079008,2.940280795981446
3202,23202,0.19758660111543586,600,1.9373993903532394,2.4679340353462083
3203,23203,0.19758660111543586,600,1.4646781297474358,2.7874944350909465
3204,23204,0.19758660111543586,600,1.1755877879345469,2.938150347619341
3205,23205,0.19758660111543586,600,1.8474495754711668,2.4726662310841556
3206,23206,0.19758660111543586,600,1.0964371801848465,2.952396447919644
3207,23207,0.19758660111543586,600,1.7118619148673158,2.6216172276986045
3208,23208,0.19758660111543586,600,1.2687373967285014,2.868777029784364
3209,23209,0.19758660111543586,600,1.6590665830502431,2.655206151830888
3210,23210,0.19758660111543586,600,1.3092670857286368,2.8199895343341264
3211,23211,0.19758660111543586,600,1.485585505303636,2.791585061666008
3212,23212,0.19758660111543586,600,1.4030889260795956,2.8087691138973794
3213,23213,0.19758660111543586,600,1.5897510856986774,2.68900139116061
3214,23214,0.19758660111543586,600,1.6267417780779596,2.630769246458921
3215,23215,0.19758660111543586,600,2.2038977619144298,2.2223389063754095
3216,23216,0.19758660111543586,600,1.6958548007389698,2.6521439261844675
3217,23217,0.19758660111543586,600,1.8086489860700972,2.5910166442100944
3218,23218,0.19758660111543586,600,1.7406020453632913,2.604401593215013
3219,23219,0.19758660111543586,600,1.0550214009726202,2.977881028311846
3220,23220,0.19758660111543586,600,2.236642459787223,2.1807667715573094
3221,23221,0.19758660111543586,600,1.0868232494208572,2.9327110770354956
3222,23222,0.19758660111543586,600,1.2388911775825446,2.8673559678490657
3223,23223,0.19758660111543586,600,2.3425335296958196,2.06990370291571
3224,23224,0.19758660111543586,600,2.1935851594431357,2.167971257475189
3225,23225,0.19758660111543586,600,1.2837457730022686,2.8684279834674173
3226,23226,0.19758660111543586,600,1.9861787818741,2.3698451037697708
3227,23227,0.19758660111543586,600,1.9798875947574786,2.387347519043965
3228,23228,0.19758660111543586,600,1.067270529888311,2.9367712153410244
3229,23229,0.19758660111543586,600,2.02856217695097,2.339970804335971
3230,23230,0.19758660111543586,600,2.4672778299449627,1.9492432960334636
3231,23231,0.19758660111543586,600,1.8552212005014888,2.454384934840289
3232,23232,0.19758660111543586,600,1.6003042931936604,2.6675953672764323
3233,23233,0.19758660111543586,600,2.1207718222279066,2.3241866930363826
3234,23234,0.19758660111543586,600,1.0944142744486207,2.9417739417957365
3235,23235,0.19758660111543586,600,1.877110713046886,2.530186140913501
3236,23236,0.19758660111543586,600,1.2013755425380743,2.8985491878669043
3237,23237,0.19758660111543586,600,1.3844033875236617,2.8106485274811535
3238,23238,0.19758660111543586,600,2.019432780626943,2.353657086559843
3239,23239,0.19758660111543586,600,2.1536798138082722,2.2130306473050405
3240,23240,0.19758660111543586,600,1.1490862654998373,2.924032900704817
3241,23241,0.19758660111543586,600,1.3855081865834635,2.834675427670268
3242,23242,0.19758660111543586,600,1.1518844956631886,2.92475917396443
3243,23243,0.19758660111543586,600,1.3531631558320096,2.8385856571861177
3244,23244,0.19758660111543586,600,1.0579025509055275,2.94527846597117
3245,23245,0.19758660111543586,600,2.050588446653273,2.3990996791261394
3246,23246,0.19758660111543586,600,1.143860328918772,2.9220692202577525
3247,23247,0.19758660111543586,600,1.1715289820564063,2.9062737616395036
3248,23248,0.19758660111543586,600,2.3359063706859677,2.06568274638991
3249,23249,0.19758660111543586,600,1.366835392696767,2.8441681330699353
3250,23250,0.19758660111543586,600,1.8154117431517593,2.506760123670584
3251,23251,0.19758660111543586,600,1.799064109597214,2.569290793681648
3252,23252,0.19758660111543586,600,1.8753760986175974,2.469060379043273
3253,23253,0.19758660111543586,600,1.8517726161013648,2.4921853706321206
3254,23254,0.19758660111543586,600,2.5948156351771106,1.6684844555086809
3255,23255,0.19758660111543586,600,1.7395872630318707,2.5890558120122433
3256,23256,0.19758660111543586,600,1.169928110725658,2.8919372353414596
3257,23257,0.19758660111543586,600,1.7622544973565433,2.601931903332599
3258,23258,0.19758660111543586,600,1.657000495610852,2.6269223996355833
3259,23259,0.19758660111543586,600,1.462344807188693,2.777305668966354
3260,23260,0.19758660111543586,600,1.3297266996106865,2.831713470744383
3261,23261,0.19758660111543586,600,1.2341768727416167,2.902683339010802
3262,23262,0.19758660111543586,600,2.1261153556538814,2.289090682612854
3263,23263,0.19758660111543586,600,1.0881142438311981,2.937715439861474
3264,23264,0.19758660111543586,600,2.1168928871861583,2.2812912547323423
3265,23265,0.19758660111543586,600,2.4721166955347593,1.8427788349428897
3266,23266,0.19758660111543586,600,1.1014867382309474,2.9421819784000256
3267,23267,0.19758660111543586,600,1.7574553250954383,2.572226385624241
3268,23268,0.19758660111543586,600,1.9900563211884843,2.381627579377404
3269,23269,0.19758660111543586,600,1.8916552428972762,2.4473831704212627
3270,23270,0.19758660111543586,600,2.204551638633713,2.195313351367062
3271,23271,0.19758660111543586,600,1.9371964679948506,2.4480743132697014
3272,23272,0.19758660111543586,600,1.723017161688519,2.6222492861411277
3273,23273,0.19758660111543586,600,1.824326654322133,2.5550594120688768
3274,23274,0.19758660111543586,600,1.6658244140811909,2.658179937881447
3275,23275,0.19758660111543586,600,1.6797948334578217,2.5974882426997263
3276,23276,0.19758660111543586,600,2.160951895460942,2.2496483635280766
3277,23277,0.19758660111543586,600,1.7834088182003665,2.5770045250638227
3278,23278,0.19758660111543586,600,1.4723728939110572,2.7468584526230577
3279,23279,0.19758660111543586,600,2.085373081783037,2.3526103003303023
3280,23280,0.19758660111543586,600,2.190717348378265,2.224572920354581
3281,23281,0.19758660111543586,600,2.1714296541025164,2.205926564324193
3282,23282,0.19758660111543586,600,1.5323463353681075,2.7268876435748304
3283,23283,0.19758660111543586,600,1.3361663632884586,2.8451493427856316
3284,23284,0.19758660111543586,600,1.6476678795437496,2.6752782989911195
3285,23285,0.19758660111543586,600,1.3309031417278268,2.821253405793191
3286,23286,0.19758660111543586,600,1.3880710157819531,2.7787986742117874
3287,23287,0.19758660111543586,600,2.0915250369273553,2.338760209407396
3288,23288,0.19758660111543586,600,1.7389691376319825,2.602802640681276
3289,23289,0.19758660111543586,600,1.9191825185520233,2.4771238615699103
3290,23290,0.19758660111543586,600,1.1937267392897133,2.8918220746762744
3291,23291,0.19758660111543586,600,1.870523943601491,2.5341013287391334
3292,23292,0.19758660111543586,600,1.1021208716452509,2.9368739314243473
3293,23293,0.19758660111543586,600,1.4824080406270874,2.7664933919620145
3294,23294,0.19758660111543586,600,2.010792742104752,2.364653859228548
3295,23295,0.19758660111543586,600,1.9365183203339378,2.4871271061610822
3296,23296,0.19758660111543586,600,1.3813814852725161,2.7959883569148696
3297,23297,0.19758660111543586,600,1.5845088863419976,2.6998467720441277
3298,23298,0.19758660111543586,600,2.0923000317077802,2.282736629410408
3299,23299,0.19758660111543586,600,1.2725391206646957,2.8475011123535032
3300,23300,0.19758660111543586,800,1.461186662599286,2.79909421336779
3301,23301,0.19758660111543586,800,1.3503269483095868,2.849025525027906
3302,23302,0.19758660111543586,800,1.8974682595772137,2.544914139051385
3303,23303,0.19758660111543586,800,1.7037385434924672,2.5409924404088007
3304,23304,0.19758660111543586,800,2.261740996523343,2.1500295953088355
3305,23305,0.19758660111543586,800,1.039019484019573,2.9563016084927645
3306,23306,0.19758660111543586,800,2.5768273966293482,1.6302956230989696
3307,23307,0.19758660111543586,800,2.1067427774056116,2.272608971105293
3308,23308,0.19758660111543586,800,1.332598806496312,2.817831792904068
3309,23309,0.19758660111543586,800,1.5708015167729257,2.708374458915655
3310,23310,0.19758660111543586,800,1.8014995362647468,2.542225058064223
3311,23311,0.19758660111543586,800,1.736786797756853,2.5824382280467164
3312,23312,0.19758660111543586,800,1.844718785852851,2.4931585908352125
3313,23313,0.19758660111543586,800,1.1275051840874908,2.945230726965232
3314,23314,0.19758660111543586,800,2.288180187220148,2.0765056984947337
3315,23315,0.19758660111543586,800,1.552155820610405,2.736625725979808
3316,23316,0.19758660111543586,800,2.147259065981335,2.2804916686375485
3317,23317,0.19758660111543586,800,1.4108020387854154,2.8109201966641377
3318,23318,0.19758660111543586,800,1.6159606364780068,2.6837299186661654
3319,23319,0.19758660111543586,800,1.58247812232617,2.703166720772008
3320,23320,0.19758660111543586,800,1.8950055228375073,2.4933430590417935
3321,23321,0.19758660111543586,800,1.8234719470138585,2.5213152863865482
3322,23322,0.19758660111543586,800,1.5142912265214232,2.6986556048112402
3323,23323,0.19758660111543586,800,1.5266871717607615,2.7423258190722644
3324,23324,0.19758660111543586,800,1.6826319042267985,2.6252582564843516
3325,23325,0.19758660111543586,800,2.046360197703377,2.2845724153678053
3326,23326,0.19758660111543586,800,1.120404964264405,2.940733205634463
3327,23327,0.19758660111543586,800,2.210032902229714,2.153236176614449
3328,23328,0.19758660111543586,800,2.217209557962794,2.159453739719125
3329,23329,0.19758660111543586,800,1.1670399145273114,2.9294901229179104
3330,23330,0.19758660111543586,800,1.855556745795191,2.4954724530474084
3331,23331,0.19758660111543586,800,2.3070838565835876,2.0934791864019937
3332,23332,0.19758660111543586,800,2.1692413559385963,2.207053805337589
3333,23333,0.19758660111543586,800,1.366621679230942,2.8230841377041274
3334,23334,0.19758660111543586,800,1.168996424984424,2.913663984358738
3335,23335,0.19758660111543586,800,1.7295783961728843,2.6224939051643394
3336,23336,0.19758660111543586,800,2.1979508313892753,2.2633173308361454
3337,23337,0.19758660111543586,800,1.7515306618973738,2.5904196070626977
3338,23338,0.19758660111543586,800,1.359576451330323,2.8212509621732744
3339,23339,0.19758660111543586,800,1.720425632903328,2.62055137624072
3340,23340,0.19758660111543586,800,1.8994740317907186,2.5206264544970702
3341,23341,0.19758660111543586,800,2.2788204214746477,2.1011533580348947
3342,23342,0.19758660111543586,800,1.3626135403760664,2.839937412197962
3343,23343,0.19758660111543586,800,2.1104490806461618,2.201899943785285
3344,23344,0.19758660111543586,800,1.9838793658306055,2.372258593406898
3345,23345,0.19758660111543586,800,1.1020777725638449,2.9408045721710288
3346,23346,0.19758660111543586,800,1.1780429096996134,2.906012368164665
3347,23347,0.19758660111543586,800,2.0428593288953527,2.4099563775170667
3348,23348,0.19758660111543586,800,2.507589160823196,1.8040569837286717
3349,23349,0.19758660111543586,800,1.2113103833503218,2.902155890180758
3350,23350,0.19758660111543586,800,1.469602899430355,2.771953740666736
3351,23351,0.19758660111543586,800,1.4889354871451088,2.756202334751986
3352,23352,0.19758660111543586,800,2.075698257619967,2.3212718294478116
3353,23353,0.19758660111543586,800,1.5734456650273256,2.70945871004729
3354,23354,0.19758660111543586,800,2.1623234221880905,2.313683915008212
3355,23355,0.19758660111543586,800,1.6340814936381907,2.6611096268180394
3356,23356,0.19758660111543586,800,1.2713440546836248,2.8587908408949287
3357,23357,0.19758660111543586,800,1.6442670898597682,2.6787757158853074
3358,23358,0.19758660111543586,800,1.3203546234557662,2.8544133046358717
3359,23359,0.19758660111543586,800,1.6402581159015248,2.6753016009517685
3360,23360,0.19758660111543586,800,2.3226143515794986,2.093910728023502
3361,23361,0.19758660111543586,800,1.3002621228259899,2.8545300166003256
3362,23362,0.19758660111543586,800,1.7912367625655012,2.5454513300086465
3363,23363,0.19758660111543586,800,1.0916279924936911,2.942259081076783
3364,23364,0.19758660111543586,800,1.2346075950687578,2.898693097671786
3365,23365,0.19758660111543586,800,2.50614652384912,1.85281285770266
3366,23366,0.19758660111543586,800,1.2266122956121976,2.9022534549165515
3367,23367,0.19758660111543586,800,1.539172821865271,2.7403845131999724
3368,23368,0.19758660111543586,800,1.1336201683171052,2.913231516160207
3369,23369,0.19758660111543586,800,1.932102440960835,2.4503982524122945
3370,23370,0.19758660111543586,800,2.0110082032676444,2.391100535235889
3371,23371,0.19758660111543586,800,1.2737134378948294,2.851261488414375
3372,23372,0.19758660111543586,800,1.1806693906947483,2.909343080488301
3373,23373,0.19758660111543586,800,1.6214879773976076,2.670161313650259
3374,23374,0.19758660111543586,800,1.9445987180420594,2.4970773370419512
3375,23375,0.19758660111543586,800,2.233012001962859,2.2495037739696526
3376,23376,0.19758660111543586,800,1.5743376850429038,2.6984605709209544
3377,23377,0.19758660111543586,800,1.744591868032455,2.5843675620519604
3378,23378,0.19758660111543586,800,1.3288033843479945,2.848984295494092
3379,23379,0.19758660111543586,800,1.7350404599795073,2.6101078486022553
3380,23380,0.19758660111543586,800,2.40663006140072,1.9583233432359695
3381,23381,0.19758660111543586,800,1.247990633449851,2.884222109149107
3382,23382,0.19758660111543586,800,1.6779146323512832,2.6317409436677175
3383,23383,0.19758660111543586,800,2.290288953478517,2.150898707786486
3384,23384,0.19758660111543586,800,2.0573683797578224,2.269610254737785
3385,23385,0.19758660111543586,800,1.873190424993211,2.461589294673636
3386,23386,0.19758660111543586,800,1.7531750628178204,2.6031158574295494
3387,23387,0.19758660111543586,800,1.757632148511108,2.5579751005211335
3388,23388,0.19758660111543586,800,1.7203858142092834,2.645176880167288
3389,23389,0.19758660111543586,800,1.305215829797255,2.8345784376449936
3390,23390,0.19758660111543586,800,1.883088183957143,2.4977124800249646
3391,23391,0.19758660111543586,800,1.1294053922102791,2.9372758291254706
3392,23392,0.19758660111543586,800,1.2711720620863447,2.878002240493417
3393,23393,0.19758660111543586,800,1.9831046426442824,2.4074881056864585
3394,23394,0.19758660111543586,800,1.2182817296001671,2.918401061312635
3395,23395,0.19758660111543586,800,2.0833626500759115,2.301466657022799
3396,23396,0.19758660111543586,800,1.6546970847376303,2.6624532921486894
3397,23397,0.19758660111543586,800,1.2107310749643534,2.872857513926161
3398,23398,0.19758660111543586,800,1.7809475439857014,2.5751177656029953
3399,23399,0.19758660111543586,800,1.3921899131008166,2.768205142537512
3400,23400,0.19758660111543586,1000,1.868764779110202,2.560833279392331
3401,23401,0.19758660111543586,1000,1.2075136423880757,2.9226144212876464
3402,23402,0.19758660111543586,1000,1.432169708981045,2.7864507362353064
3403,23403,0.19758660111543586,1000,1.6129925452533467,2.7040175874053487
3404,23404,0.19758660111543586,1000,2.1182221660341645,2.2751257718628124
3405,23405,0.19758660111543586,1000,1.058410124597596,2.9602212001606154
3406,23406,0.19758660111543586,1000,2.3142005463378874,2.154988077741391
3407,23407,0.19758660111543586,1000,1.978008769337886,2.3579364014600173
3408,23408,0.19758660111543586,1000,1.3804543029287797,2.8262055317240744
3409,23409,0.19758660111543586,1000,1.912758538304328,2.452474362318668
3410,23410,0.19758660111543586,1000,1.6736167042608527,2.5758398880083364
3411,23411,0.19758660111543586,1000,1.458995012781618,2.787426629752205
3412,23412,0.19758660111543586,1000,1.9182762151202062,2.503041994099882
3413,23413,0.19758660111543586,1000,2.113247298112275,2.342230491841514
3414,23414,0.19758660111543586,1000,1.1557823835188912,2.919289870049039
3415,23415,0.19758660111543586,1000,1.3522718994446037,2.828912637109381
3416,23416,0.19758660111543586,1000,1.7971161591136557,2.5281633080024926
3417,23417,0.19758660111543586,1000,1.7500274917231082,2.5925877771118517
3418,23418,0.19758660111543586,1000,1.8168729172501643,2.504439267538613
3419,23419,0.19758660111543586,1000,1.5524217489789687,2.708001482606222
3420,23420,0.19758660111543586,1000,1.9652226678712448,2.436049395932065
3421,23421,0.19758660111543586,1000,1.8086616117028842,2.549896418835765
3422,23422,0.19758660111543586,1000,1.3865925347850687,2.802338134457603
3423,23423,0.19758660111543586,1000,2.2962261895893445,2.0529411695152526
3424,23424,0.19758660111543586,1000,1.5409416127052822,2.7101502083407367
3425,23425,0.19758660111543586,1000,2.0194564892819757,2.2635290441730476
3426,23426,0.19758660111543586,1000,2.2424400008101997,2.1294781246173033
3427,23427,0.19758660111543586,1000,2.087831572589034,2.26800247801998
3428,23428,0.19758660111543586,1000,2.0176418880902984,2.384699434660276
3429,23429,0.19758660111543586,1000,2.3670935734605214,1.997350172976295
3430,23430,0.19758660111543586,1000,1.8057647686715577,2.553330136445333
3431,23431,0.19758660111543586,1000,1.0615753083709158,2.9664357497203517
3432,23432,0.19758660111543586,1000,2.0477505917515604,2.3387399518670504
3433,23433,0.19758660111543586,1000,2.163446000612719,2.222857008582178
3434,23434,0.19758660111543586,1000,1.6622700665129035,2.692483632548278
3435,23435,0.19758660111543586,1000,1.689035806285748,2.596955604056318
3436,23436,0.19758660111543586,1000,1.9636180478042538,2.5079676046394868
3437,23437,0.19758660111543586,1000,1.7546424401717176,2.582297633520409
3438,23438,0.19758660111543586,1000,1.5496114475811795,2.72463070157272
3439,23439,0.19758660111543586,1000,1.9918117502479347,2.3900992097474205
3440,23440,0.19758660111543586,1000,2.117103683156681,2.2402176297052114
3441,23441,0.19758660111543586,1000,2.042206594057472,2.3633141926973096
3442,23442,0.19758660111543586,1000,2.12237581014328,2.258504980698447
3443,23443,0.19758660111543586,1000,1.4744172407750655,2.7738720660198255
3444,23444,0.19758660111543586,1000,1.6020988354979266,2.6758594627097727
3445,23445,0.19758660111543586,1000,1.9658910559262377,2.459802447963564
3446,23446,0.19758660111543586,1000,1.9875750541230377,2.390598448605358
3447,23447,0.19758660111543586,1000,1.7113239480957645,2.680177692889627
3448,23448,0.19758660111543586,1000,1.9969809128978901,2.405543222338172
3449,23449,0.19758660111543586,1000,2.188266530735993,2.1882974049072947
3450,23450,0.19758660111543586,1000,2.1033872641301903,2.270693034411316
3451,23451,0.19758660111543586,1000,2.109906546054691,2.3531911045821436
3452,23452,0.19758660111543586,1000,2.11604261210092,2.3057481042599894
3453,23453,0.19758660111543586,1000,1.927971377345921,2.419866574671251
3454,23454,0.19758660111543586,1000,1.8498796242946214,2.5293608442021025
3455,23455,0.19758660111543586,1000,2.3796359113120364,2.019346751571793
3456,23456,0.19758660111543586,1000,1.1193112442419633,2.9594154569597184
3457,23457,0.19758660111543586,1000,1.571499362904668,2.7193631790188846
3458,23458,0.19758660111543586,1000,1.8070225435720064,2.574840150211053
3459,23459,0.19758660111543586,1000,1.9496279021509846,2.4411245256507916
3460,23460,0.19758660111543586,1000,2.0713837188116466,2.3833734034243497
3461,23461,0.19758660111543586,1000,1.908122045846501,2.5168930517787933
3462,23462,0.19758660111543586,1000,2.326351018014393,2.1035213656295353
3463,23463,0.19758660111543586,1000,2.032251975766031,2.3953885403368558
3464,23464,0.19758660111543586,1000,2.071623401639936,2.3706282320173
3465,23465,0.19758660111543586,1000,2.0003325943080563,2.4310575435887243
3466,23466,0.19758660111543586,1000,2.084000273603997,2.390122416210882
3467,23467,0.19758660111543586,1000,1.291071234380373,2.8574242698316565
3468,23468,0.19758660111543586,1000,2.1002723190878,2.3358020253729657
3469,23469,0.19758660111543586,1000,2.1544714905085818,2.268716894032722
3470,23470,0.19758660111543586,1000,1.8228724849796265,2.547978718739263
3471,23471,0.19758660111543586,1000,1.2194655740378966,2.904138718608569
3472,23472,0.19758660111543586,1000,1.302622752120249,2.8695878043807803
3473,23473,0.19758660111543586,1000,2.004378154506998,2.3715540351462474
3474,23474,0.19758660111543586,1000,2.1570615643512294,2.2684432003983863
3475,23475,0.19758660111543586,1000,1.5516009334334182,2.7103836954176934
3476,23476,0.19758660111543586,1000,1.8798162653518697,2.498370967402484
3477,23477,0.19758660111543586,1000,1.227989216770825,2.8847616111542367
3478,23478,0.19758660111543586,1000,1.8976508137323633,2.4886329493359574
3479,23479,0.19758660111543586,1000,1.3907882290989952,2.826780195634591
3480,23480,0.19758660111543586,1000,1.294680412090711,2.8771371267382486
3481,23481,0.19758660111543586,1000,1.3552029888052552,2.8510773865033046
3482,23482,0.19758660111543586,1000,1.7507008571371856,2.599185433439827
3483,23483,0.19758660111543586,1000,1.7191128976292016,2.653486241581376
3484,23484,0.19758660111543586,1000,1.7972478114768706,2.5343695330896865
3485,23485,0.19758660111543586,1000,1.6786533859914297,2.6529786504374147
3486,23486,0.19758660111543586,1000,1.4499230095816356,2.7782711058225424
3487,23487,0.19758660111543586,1000,1.871916874135327,2.4432575108026073
3488,23488,0.19758660111543586,1000,1.2847818452877005,2.8654859421316603
3489,23489,0.19758660111543586,1000,1.3887874143183407,2.810937236034681
3490,23490,0.19758660111543586,1000,1.9526360423420666,2.4230110957548914
3491,23491,0.19758660111543586,1000,2.1995709701833435,2.2099544260618567
3492,23492,0.19758660111543586,1000,2.127476202863179,2.3092615434080805
3493,23493,0.19758660111543586,1000,2.16036970950524,2.196044820803904
3494,23494,0.19758660111543586,1000,1.6952718573107077,2.611265667335095
3495,23495,0.19758660111543586,1000,2.1856972907944305,2.2393456304222052
3496,23496,0.19758660111543586,1000,1.7224892678304777,2.639054830721329
3497,23497,0.19758660111543586,1000,2.1209038837187317,2.302439170335728
3498,23498,0.19758660111543586,1000,1.6266894374123275,2.6976914091459365
3499,23499,0.19758660111543586,1000,1.6005251727085081,2.5909285456227167
3500,23500,0.19758660111543586,1200,1.785510571143289,2.5338573996979905
3501,23501,0.19758660111543586,1200,1.5483370355166435,2.717806426427772
3502,23502,0.19758660111543586,1200,2.0111680684184035,2.409597139273909
3503,23503,0.19758660111543586,1200,1.4231153060714947,2.7844446715701467
3504,23504,0.19758660111543586,1200,2.20248356618463,2.251984018452799
3505,23505,0.19758660111543586,1200,1.5908452983448769,2.730391265321041
3506,23506,0.19758660111543586,1200,2.3571778930289855,2.10590281096543
3507,23507,0.19758660111543586,1200,1.4854131028775204,2.7768954760195563
3508,23508,0.19758660111543586,1200,1.6872640497219293,2.6452673284835044
3509,23509,0.19758660111543586,1200,2.109054239341192,2.2769238420626143
3510,23510,0.19758660111543586,1200,2.1894513990776696,2.1854586214785185
3511,23511,0.19758660111543586,1200,2.623343033824985,1.6560133408743298
3512,23512,0.19758660111543586,1200,1.9287586259645928,2.4713046467055
3513,23513,0.19758660111543586,1200,1.9666402057890102,2.344710384716641
3514,23514,0.19758660111543586,1200,1.631546654181238,2.6677374459382874
3515,23515,0.19758660111543586,1200,2.1080721584584974,2.3228053628053327
3516,23516,0.19758660111543586,1200,2.071162639666162,2.34925991547225
3517,23517,0.19758660111543586,1200,2.0242840622254037,2.41189938319836
3518,23518,0.19758660111543586,1200,2.086090338122502,2.3814257194801187
3519,23519,0.19758660111543586,1200,1.86478047089537,2.5264205283974994
3520,23520,0.19758660111543586,1200,2.4585833188830977,2.0105091449972363
3521,23521,0.19758660111543586,1200,2.413272300301688,1.9111162533257844
3522,23522,0.19758660111543586,1200,1.6506800478662988,2.6489771149010024
3523,23523,0.19758660111543586,1200,1.6768594549038744,2.6448940567974493
3524,23524,0.19758660111543586,1200,1.3937226787006955,2.79118888648472
3525,23525,0.19758660111543586,1200,1.9833492224412463,2.4513022827490363
3526,23526,0.19758660111543586,1200,1.3100855094356014,2.868119224048292
3527,23527,0.19758660111543586,1200,1.3680485755474756,2.831257377377504
3528,23528,0.19758660111543586,1200,2.4724337332564104,1.9612509663111042
3529,23529,0.19758660111543586,1200,2.35002376304891,2.075260618718579
3530,23530,0.19758660111543586,1200,2.3145537570650827,2.1300488688180925
3531,23531,0.19758660111543586,1200,1.406818386421746,2.8035265508531024
3532,23532,0.19758660111543586,1200,2.601336699472797,1.7079233272592904
3533,23533,0.19758660111543586,1200,2.321394323133334,2.0510798507782426
3534,23534,0.19758660111543586,1200,1.104938567604502,2.954586108968548
3535,23535,0.19758660111543586,1200,1.3777186783628936,2.8312154985301623
3536,23536,0.19758660111543586,1200,2.2932790054623684,2.057845440225332
3537,23537,0.19758660111543586,1200,2.521168882322986,1.8728338479336675
3538,23538,0.19758660111543586,1200,1.441203945475054,2.786931865009637
3539,23539,0.19758660111543586,1200,1.519664744506196,2.7106810773557015
3540,23540,0.19758660111543586,1200,1.6407036139710791,2.645083517145375
3541,23541,0.19758660111543586,1200,2.3139853380460975,2.17646815472066
3542,23542,0.19758660111543586,1200,1.9199006413066417,2.4874157071043324
3543,23543,0.19758660111543586,1200,1.2983200350174695,2.81649620484463
3544,23544,0.19758660111543586,1200,1.6522137233204055,2.658685436817617
3545,23545,0.19758660111543586,1200,1.9653789541905269,2.4658566278919705
3546,23546,0.19758660111543586,1200,2.369834415447677,2.139367122778354
3547,23547,0.19758660111543586,1200,1.1072716763996966,2.9724960921761463
3548,23548,0.19758660111543586,1200,2.2238007165533817,2.25957289156603
3549,23549,0.19758660111543586,1200,2.2841546432217257,2.2135813265343964
3550,23550,0.19758660111543586,1200,2.5149671109839056,1.869253725171226
3551,23551,0.19758660111543586,1200,2.4208521543910306,1.9585817268627443
3552,23552,0.19758660111543586,1200,2.09328399694775,2.3499202455981894
3553,23553,0.19758660111543586,1200,2.118258009340191,2.3024317511117802
3554,23554,0.19758660111543586,1200,2.2011937292876746,2.2668188338674233
3555,23555,0.19758660111543586,1200,2.349647748579753,2.070467117853158
3556,23556,0.19758660111543586,1200,1.692219440520023,2.6422274414905473
3557,23557,0.19758660111543586,1200,1.7933524070590992,2.5581007765353307
3558,23558,0.19758660111543586,1200,2.34222350397783,2.001494975161326
3559,23559,0.19758660111543586,1200,2.1190748727206707,2.2280472278819845
3560,23560,0.19758660111543586,1200,1.7655346895201265,2.6248043825589904
3561,23561,0.19758660111543586,1200,1.8942236824489675,2.485467831879304
3562,23562,0.19758660111543586,1200,1.9280788464958334,2.4692663507086006
3563,23563,0.19758660111543586,1200,1.9175401113778752,2.4697376785495533
3564,23564,0.19758660111543586,1200,1.7437026161234077,2.621520676391156
3565,23565,0.19758660111543586,1200,2.250952886738182,2.147873471117035
3566,23566,0.19758660111543586,1200,2.0137236294024192,2.378351140114964
3567,23567,0.19758660111543586,1200,1.3289664684383455,2.8013318386546873
3568,23568,0.19758660111543586,1200,1.852166770436439,2.5773921196410656
3569,23569,0.19758660111543586,1200,2.153531120986124,2.3105489453434354
3570,23570,0.19758660111543586,1200,2.22809890933081,2.2336420152977445
3571,23571,0.19758660111543586,1200,1.4420039098733575,2.7995810433422195
3572,23572,0.19758660111543586,1200,1.7626507332382464,2.6224395002303322
3573,23573,0.19758660111543586,1200,1.892441413697935,2.4660039199727715
3574,23574,0.19758660111543586,1200,1.8101104934309782,2.5642548966709695
3575,23575,0.19758660111543586,1200,1.1643077457914193,2.9190836307553285
3576,23576,0.19758660111543586,1200,2.2712373196802473,2.1454311463478177
3577,23577,0.19758660111543586,1200,1.7236329191284043,2.6091972642448655
3578,23578,0.19758660111543586,1200,2.336652235606455,2.1450155428476387
3579,23579,0.19758660111543586,1200,1.7650695302434358,2.590984523697727
3580,23580,0.19758660111543586,1200,1.7226474788672068,2.642884329256349
3581,23581,0.19758660111543586,1200,2.679573751685581,1.5184398889455337
3582,23582,0.19758660111543586,1200,1.92881100847978,2.47029688135499
3583,23583,0.19758660111543586,1200,1.857754838268087,2.533491248075091
3584,23584,0.19758660111543586,1200,1.9087329747901172,2.4749581813275907
3585,23585,0.19758660111543586,1200,1.943826821083773,2.5170100763478485
3586,23586,0.19758660111543586,1200,1.8992293936745948,2.4836190658076704
3587,23587,0.19758660111543586,1200,1.701154698701012,2.5596680147824875
3588,23588,0.19758660111543586,1200,2.417476757977915,2.007719639211497
3589,23589,0.19758660111543586,1200,2.5871106035302667,1.7865440514171027
3590,23590,0.19758660111543586,1200,2.101278244483173,2.3314508253356796
3591,23591,0.19758660111543586,1200,2.5609655920634586,1.8560460373191752
3592,23592,0.19758660111543586,1200,1.8024363680425233,2.5610285136079964
3593,23593,0.19758660111543586,1200,2.700276088197586,1.6785869864589267
3594,23594,0.19758660111543586,1200,2.322530275624379,2.117567666862583
3595,23595,0.19758660111543586,1200,2.2459045685024672,2.1978121638254633
3596,23596,0.19758660111543586,1200,2.234467935428647,2.1994276317995527
3597,23597,0.19758660111543586,1200,1.8551101498066873,2.4717107700125056
3598,23598,0.19758660111543586,1200,2.4820822693658835,1.942497427244503
3599,23599,0.19758660111543586,1200,1.443840045325547,2.7929864793147416
3600,23600,0.19758660111543586,1400,1.9983785056601273,2.459298473389706
3601,23601,0.19758660111543586,1400,1.5839347433174085,2.6918165543486556
3602,23602,0.19758660111543586,1400,2.077145368276003,2.324386410717319
3603,23603,0.19758660111543586,1400,1.8798383976263515,2.5162788978400377
3604,23604,0.19758660111543586,1400,2.0648520581410232,2.34658299063206
3605,23605,0.19758660111543586,1400,2.3404338007133356,2.108618669255636
3606,23606,0.19758660111543586,1400,2.114729687544166,2.2800920566363243
3607,23607,0.19758660111543586,1400,2.5031590580542824,1.9262535277517894
3608,23608,0.19758660111543586,1400,2.098627524085273,2.2774070269068307
3609,23609,0.19758660111543586,1400,1.6414314285524345,2.647503598860291
3610,23610,0.19758660111543586,1400,1.739630308725193,2.6060301755515325
3611,23611,0.19758660111543586,1400,2.088759263142612,2.288889720174034
3612,23612,0.19758660111543586,1400,1.6283924884327647,2.691017120560421
3613,23613,0.19758660111543586,1400,2.2360838042070275,2.2104019164730135
3614,23614,0.19758660111543586,1400,1.3692340276442647,2.8221388791212427
3615,23615,0.19758660111543586,1400,2.5446128695192582,1.847303110950858
3616,23616,0.19758660111543586,1400,1.8911670254922974,2.52727627481385
3617,23617,0.19758660111543586,1400,2.500433495692355,1.8879589471544223
3618,23618,0.19758660111543586,1400,1.773623112511484,2.5797950977596664
3619,23619,0.19758660111543586,1400,2.0290711017661134,2.3714398630795235
3620,23620,0.19758660111543586,1400,1.854032642754267,2.6496686809381993
3621,23621,0.19758660111543586,1400,2.314474357211364,2.0994816799083775
3622,23622,0.19758660111543586,1400,2.506787524797244,1.8770468569163945
3623,23623,0.19758660111543586,1400,1.8377262172373876,2.5838881131229923
3624,23624,0.19758660111543586,1400,1.4013738605079042,2.7952055460664043
3625,23625,0.19758660111543586,1400,2.182111577030299,2.231027184350127
3626,23626,0.19758660111543586,1400,2.274372851243281,2.241886382910785
3627,23627,0.19758660111543586,1400,2.7338882766408794,1.5040570341126747
3628,23628,0.19758660111543586,1400,2.6470956057207453,1.6575693805087575
3629,23629,0.19758660111543586,1400,2.008394809003354,2.4214100250115416
3630,23630,0.19758660111543586,1400,2.1380883135964526,2.2702910832207426
3631,23631,0.19758660111543586,1400,1.7019013258976823,2.616240826480649
3632,23632,0.19758660111543586,1400,2.360842060836835,2.072137235399595
3633,23633,0.19758660111543586,1400,1.6408796265251788,2.614313864935723
3634,23634,0.19758660111543586,1400,1.9905590648021736,2.4940200921274056
3635,23635,0.19758660111543586,1400,2.0019658567480083,2.37041969913597
3636,23636,0.19758660111543586,1400,1.855117475616753,2.539618572697841
3637,23637,0.19758660111543586,1400,1.6220168238355774,2.6658120110135144
3638,23638,0.19758660111543586,1400,1.3793731992803917,2.82126719492477
3639,23639,0.19758660111543586,1400,2.272298065429221,2.11969997313921
3640,23640,0.19758660111543586,1400,2.3325009071458673,2.147050483852237
3641,23641,0.19758660111543586,1400,1.4488887521671097,2.7820949748145383
3642,23642,0.19758660111543586,1400,1.8504579736100457,2.5267096144365615
3643,23643,0.19758660111543586,1400,1.9154369489108654,2.4790821866955772
3644,23644,0.19758660111543586,1400,2.2637790348524645,2.1468555611589624
3645,23645,0.19758660111543586,1400,2.6379986944990517,1.7137642492387184
3646,23646,0.19758660111543586,1400,1.332332735092445,2.823025576685288
3647,23647,0.19758660111543586,1400,2.4741746982110953,1.9512106803440976
3648,23648,0.19758660111543586,1400,2.2401794653957183,2.219173110260968
3649,23649,0.19758660111543586,1400,1.6223194551838673,2.68149906160296
3650,23650,0.19758660111543586,1400,2.1978832250898277,2.224665530398551
3651,23651,0.19758660111543586,1400,2.0574725010733905,2.3658718927052353
3652,23652,0.19758660111543586,1400,2.010024553854423,2.3950485708341938
3653,23653,0.19758660111543586,1400,2.0108554965644587,2.4215974153056967
3654,23654,0.19758660111543586,1400,2.016197791669943,2.427727752216568
3655,23655,0.19758660111543586,1400,2.3691547762641054,2.071730837795312
3656,23656,0.19758660111543586,1400,1.7647100791553942,2.53901004196275
3657,23657,0.19758660111543586,1400,2.07940721190673,2.3165208446695997
3658,23658,0.19758660111543586,1400,2.27594055244997,2.1819254548536575
3659,23659,0.19758660111543586,1400,2.2863093338472114,2.1944501686416027
3660,23660,0.19758660111543586,1400,2.2255936617721206,2.224760916071774
3661,23661,0.19758660111543586,1400,2.013702230314922,2.447301164792628
3662,23662,0.19758660111543586,1400,2.0403360474448244,2.4259155982245515
3663,23663,0.19758660111543586,1400,2.0040290783205164,2.3837764304756632
3664,23664,0.19758660111543586,1400,1.9700350692179658,2.4665528638049548
3665,23665,0.19758660111543586,1400,1.8464568978556588,2.555040379415579
3666,23666,0.19758660111543586,1400,1.9616781447954523,2.4501521707091194
3667,23667,0.19758660111543586,1400,1.1801085733111034,2.8997735858326017
3668,23668,0.19758660111543586,1400,2.449960437068654,1.7558340205984126
3669,23669,0.19758660111543586,1400,2.028867897415845,2.392862933211311
3670,23670,0.19758660111543586,1400,2.763173464118874,1.449050445269672
3671,23671,0.19758660111543586,1400,1.5115156987619782,2.7554085327622118
3672,23672,0.19758660111543586,1400,1.3282184364060732,2.789467616793309
3673,23673,0.19758660111543586,1400,2.138054253394778,2.297091201869053
3674,23674,0.19758660111543586,1400,1.9332419686509443,2.4824051934901985
3675,23675,0.19758660111543586,1400,1.7036877214414639,2.603379976796954
3676,23676,0.19758660111543586,1400,1.0692328937418307,2.9492529286370326
3677,23677,0.19758660111543586,1400,1.4471630779453153,2.7862168400292555
3678,23678,0.19758660111543586,1400,1.791439666792553,2.512002750626947
3679,23679,0.19758660111543586,1400,2.431793629020637,2.057237804806269
3680,23680,0.19758660111543586,1400,1.068985815032037,2.9583546352716543
3681,23681,0.19758660111543586,1400,1.7627441138529139,2.5850502936762147
3682,23682,0.19758660111543586,1400,2.346833082492503,2.052291979192611
3683,23683,0.19758660111543586,1400,1.9477161010904775,2.463927864834329
3684,23684,0.19758660111543586,1400,2.0051619178904025,2.402752878133107
3685,23685,0.19758660111543586,1400,2.1126612567421157,2.2359598384603037
3686,23686,0.19758660111543586,1400,2.361268533719992,1.9836536529262685
3687,23687,0.19758660111543586,1400,1.4571760930096143,2.784241805082872
3688,23688,0.19758660111543586,1400,2.5015419670553203,1.8754940035873862
3689,23689,0.19758660111543586,1400,1.8034462401079963,2.571942153900941
3690,23690,0.19758660111543586,1400,1.4791117485885015,2.7721852176348376
3691,23691,0.19758660111543586,1400,1.6976170241636652,2.6225630376300044
3692,23692,0.19758660111543586,1400,2.1386077828195216,2.264379331811623
3693,23693,0.19758660111543586,1400,2.3543436587998317,2.0818482188479055
3694,23694,0.19758660111543586,1400,1.9949097910562574,2.426050368775937
3695,23695,0.19758660111543586,1400,2.1664169813804692,2.2426868476829993
3696,23696,0.19758660111543586,1400,2.181112008114508,2.252617907932814
3697,23697,0.19758660111543586,1400,2.1963356301730874,2.131605557661596
3698,23698,0.19758660111543586,1400,2.187549823107257,2.219362615503817
3699,23699,0.19758660111543586,1400,1.571322983622386,2.704238466179815
3700,23700,0.19758660111543586,1600,2.1042904379726695,2.376158583617716
3701,23701,0.19758660111543586,1600,2.555736393170572,1.9733417431224816
3702,23702,0.19758660111543586,1600,2.5344340477063625,1.7887493621241586
3703,23703,0.19758660111543586,1600,1.2283905532229755,2.9263882476829783
3704,23704,0.19758660111543586,1600,1.7857143653270195,2.589461684122856
3705,23705,0.19758660111543586,1600,2.6013263523731944,1.6940180599593702
3706,23706,0.19758660111543586,1600,2.430868415188332,2.000203197675139
3707,23707,0.19758660111543586,1600,1.2468624264028707,2.8780741198561492
3708,23708,0.19758660111543586,1600,2.182555873993695,2.282907540152755
3709,23709,0.19758660111543586,1600,2.4572815601800686,1.971985193325559
3710,23710,0.19758660111543586,1600,1.750506297549732,2.6118489333331723
3711,23711,0.19758660111543586,1600,2.093774821385135,2.3010734998142834
3712,23712,0.19758660111543586,1600,1.3415408639022819,2.836012707740827
3713,23713,0.19758660111543586,1600,1.9595224793749204,2.441860317134902
3714,23714,0.19758660111543586,1600,2.4283610874195043,1.9839559876786133
3715,23715,0.19758660111543586,1600,2.4824782925040147,1.9740810829046704
3716,23716,0.19758660111543586,1600,1.9433061637549947,2.416706091949398
3717,23717,0.19758660111543586,1600,2.432443399034721,1.9958034142324794
3718,23718,0.19758660111543586,1600,2.668428608890826,1.639502570589793
3719,23719,0.19758660111543586,1600,2.1812720709482107,2.189366860618217
3720,23720,0.19758660111543586,1600,2.0966669348262412,2.3207021547516793
3721,23721,0.19758660111543586,1600,2.141752617063753,2.2600990444835936
3722,23722,0.19758660111543586,1600,1.9262162571356256,2.482739590900681
3723,23723,0.19758660111543586,1600,2.031911619436797,2.3579237114026435
3724,23724,0.19758660111543586,1600,1.9167125971288392,2.495580290495373
3725,23725,0.19758660111543586,1600,2.0878944915207414,2.364482556300386
3726,23726,0.19758660111543586,1600,1.9950542127626023,2.3768820962371384
3727,23727,0.19758660111543586,1600,1.8138729817495545,2.6007166398569
3728,23728,0.19758660111543586,1600,2.6953081649072694,1.660614424295575
3729,23729,0.19758660111543586,1600,2.3019081174263336,2.0906557928602996
3730,23730,0.19758660111543586,1600,2.1581948680933847,2.253996592139235
3731,23731,0.19758660111543586,1600,2.2861729853877852,2.1932014130309456
3732,23732,0.19758660111543586,1600,2.257983268621737,2.1976049183898065
3733,23733,0.19758660111543586,1600,1.4882178298060613,2.766341892635894
3734,23734,0.19758660111543586,1600,2.2836366819548735,2.082985625928553
3735,23735,0.19758660111543586,1600,1.6984732707769066,2.6752055046013203
3736,23736,0.19758660111543586,1600,1.7766220065604983,2.493600917956141
3737,23737,0.19758660111543586,1600,2.221092716422905,2.1081851856380105
3738,23738,0.19758660111543586,1600,1.6575501544842837,2.713381326832864
3739,23739,0.19758660111543586,1600,2.0009138917620817,2.354597357809756
3740,23740,0.19758660111543586,1600,1.8128910958488347,2.5408432213597973
3741,23741,0.19758660111543586,1600,1.669595643423413,2.6551179050742197
3742,23742,0.19758660111543586,1600,2.3908113983613863,1.9749856832650576
3743,23743,0.19758660111543586,1600,1.5021577438683655,2.722351347487259
3744,23744,0.19758660111543586,1600,2.284461472435533,2.1232158309721134
3745,23745,0.19758660111543586,1600,2.3256722486818764,2.157398066872974
3746,23746,0.19758660111543586,1600,2.405925727259731,2.0507589865629514
3747,23747,0.19758660111543586,1600,2.5540913154391944,1.8350380374199002
3748,23748,0.19758660111543586,1600,1.6395537272428027,2.6454883149372432
3749,23749,0.19758660111543586,1600,2.1315300969306765,2.2227708110195037
3750,23750,0.19758660111543586,1600,2.1165156746504104,2.2735247681995943
3751,23751,0.19758660111543586,1600,2.271104757280241,2.1820526903829274
3752,23752,0.19758660111543586,1600,1.9755671847812675,2.4688689701521436
3753,23753,0.19758660111543586,1600,2.3509667951392936,2.0459532289934486
3754,23754,0.19758660111543586,1600,2.694466545833736,1.584685573402115
3755,23755,0.19758660111543586,1600,2.2327342479139345,2.207398850595643
3756,23756,0.19758660111543586,1600,1.9141460640864003,2.465412109586409
3757,23757,0.19758660111543586,1600,1.9375674973460708,2.424961085470969
3758,23758,0.19758660111543586,1600,2.4311196362165903,1.9852457264027148
3759,23759,0.19758660111543586,1600,1.937599875135869,2.502009382615017
3760,23760,0.19758660111543586,1600,2.5955227634111337,1.7858986081058135
3761,23761,0.19758660111543586,1600,2.2155775007061758,2.251244759295455
3762,23762,0.19758660111543586,1600,2.504426572197937,1.8877913628620522
3763,23763,0.19758660111543586,1600,1.7253557870068725,2.6332776329524616
3764,23764,0.19758660111543586,1600,1.729946264994495,2.648072143721277
3765,23765,0.19758660111543586,1600,2.6923953340558873,1.6298716055080782
3766,23766,0.19758660111543586,1600,2.4527901426481686,2.040931011014622
3767,23767,0.19758660111543586,1600,1.5273195367316368,2.7319057797203206
3768,23768,0.19758660111543586,1600,1.8350375750814567,2.458156340452912
3769,23769,0.19758660111543586,1600,2.305507845790582,2.1517471737520575
3770,23770,0.19758660111543586,1600,2.4308035998830086,2.047011910527366
3771,23771,0.19758660111543586,1600,2.3273536996829933,2.1025226333996043
3772,23772,0.19758660111543586,1600,2.842447383753835,1.35586120409593
3773,23773,0.19758660111543586,1600,1.7399549783082726,2.5785547690635995
3774,23774,0.19758660111543586,1600,1.1774617210762603,2.9336546132248693
3775,23775,0.19758660111543586,1600,2.2282998842545467,2.1982522877761066
3776,23776,0.19758660111543586,1600,2.3709746111051637,2.0126595647650842
3777,23777,0.19758660111543586,1600,2.012936059284319,2.4080975164519622
3778,23778,0.19758660111543586,1600,1.8399871996173978,2.5574443729217213
3779,23779,0.19758660111543586,1600,2.433363501936292,1.9801584770390384
3780,23780,0.19758660111543586,1600,1.1689748129725377,2.898032558121229
3781,23781,0.19758660111543586,1600,1.8347587140527648,2.5895776001023827
3782,23782,0.19758660111543586,1600,1.4837592551164307,2.7782467861085403
3783,23783,0.19758660111543586,1600,2.0098903128925305,2.3804577496147403
3784,23784,0.19758660111543586,1600,1.5195624871073945,2.6840171847121903
3785,23785,0.19758660111543586,1600,2.045358000623768,2.4192925847269375
3786,23786,0.19758660111543586,1600,2.197931019684753,2.2831022807119634
3787,23787,0.19758660111543586,1600,1.42612460919456,2.7714129660190197
3788,23788,0.19758660111543586,1600,2.5108057387799887,1.8966615446603705
3789,23789,0.19758660111543586,1600,2.3732204990007486,2.134017250247089
3790,23790,0.19758660111543586,1600,2.287414419852522,2.183972261383661
3791,23791,0.19758660111543586,1600,2.412987468317589,1.985997447922768
3792,23792,0.19758660111543586,1600,2.435873238419319,1.9665688769926994
3793,23793,0.19758660111543586,1600,2.6705781694856814,1.5959927852729128
3794,23794,0.19758660111543586,1600,2.294774129822751,2.0975517322213575
3795,23795,0.19758660111543586,1600,2.2294988095753157,2.1664268503789446
3796,23796,0.19758660111543586,1600,2.5333663348203936,1.8143951395243654
3797,23797,0.19758660111543586,1600,2.5385384546689496,1.8902091573299717
3798,23798,0.19758660111543586,1600,2.6775192685876164,1.6306110771179725
3799,23799,0.19758660111543586,1600,2.4489482738681163,2.0328149457034224
3800,23800,0.19758660111543586,1800,2.478526132381228,1.9257512043261193
3801,23801,0.19758660111543586,1800,1.807102127495035,2.622917037463424
3802,23802,0.19758660111543586,1800,2.336018018357964,2.132133066881333
3803,23803,0.19758660111543586,1800,1.8557914655522076,2.5551276061624946
3804,23804,0.19758660111543586,1800,2.456058116492664,1.905822299014518
3805,23805,0.19758660111543586,1800,2.409421501902621,1.9986400896216843
3806,23806,0.19758660111543586,1800,2.581672586279752,1.640333225863215
3807,23807,0.19758660111543586,1800,2.303050816362346,2.0336106337294306
3808,23808,0.19758660111543586,1800,2.002649769398902,2.4298705147018316
3809,23809,0.19758660111543586,1800,2.252185364356882,2.2033428192932916
3810,23810,0.19758660111543586,1800,2.2337572887230133,2.2144168270333973
3811,23811,0.19758660111543586,1800,2.5701548670860896,1.7877910521365827
3812,23812,0.19758660111543586,1800,2.439119847125843,2.019802430015973
3813,23813,0.19758660111543586,1800,2.112912113526144,2.230802806911358
3814,23814,0.19758660111543586,1800,2.1879356505105516,2.225023685766673
3815,23815,0.19758660111543586,1800,1.9583910929196424,2.412384711966824
3816,23816,0.19758660111543586,1800,2.4016639423794333,2.022524934706957
3817,23817,0.19758660111543586,1800,1.9618106243580034,2.5009145413676257
3818,23818,0.19758660111543586,1800,2.2630549895784413,2.1677651819155543
3819,23819,0.19758660111543586,1800,2.6596485833250822,1.6055774775549896
3820,23820,0.19758660111543586,1800,2.1829742618424612,2.076943604003196
3821,23821,0.19758660111543586,1800,2.442156708623122,1.9342252195481784
3822,23822,0.19758660111543586,1800,2.887991334062577,1.3808556388266378
3823,23823,0.19758660111543586,1800,2.465048704669164,1.924483236903702
3824,23824,0.19758660111543586,1800,2.382997923209271,2.031183304868309
3825,23825,0.19758660111543586,1800,1.3367343820183604,2.8366259294507996
3826,23826,0.19758660111543586,1800,1.8340602442665603,2.51505921805649
3827,23827,0.19758660111543586,1800,2.1295044892263393,2.3220164890824964
3828,23828,0.19758660111543586,1800,1.6556343076974858,2.6635479658016874
3829,23829,0.19758660111543586,1800,2.1069799250256915,2.4257861925135122
3830,23830,0.19758660111543586,1800,2.2093127330280726,2.2119364341218977
3831,23831,0.19758660111543586,1800,1.2272991755173321,2.8665329782955644
3832,23832,0.19758660111543586,1800,2.222284185392919,2.240326773380864
3833,23833,0.19758660111543586,1800,2.0073507471123713,2.3805009283144853
3834,23834,0.19758660111543586,1800,1.5612310782626895,2.7365808436339596
3835,23835,0.19758660111543586,1800,2.1105898531499316,2.3179429620803864
3836,23836,0.19758660111543586,1800,1.8235547867726627,2.430399289528298
3837,23837,0.19758660111543586,1800,2.1589057147347805,2.269696679380943
3838,23838,0.19758660111543586,1800,2.2592159223588935,2.2194517758616743
3839,23839,0.19758660111543586,1800,2.0133842147233936,2.4179975138387357
3840,23840,0.19758660111543586,1800,2.206643504331147,2.2335574695995897
3841,23841,0.19758660111543586,1800,2.396735603315853,2.0513852083826305
3842,23842,0.19758660111543586,1800,1.8156151455667282,2.5501918933937313
3843,23843,0.19758660111543586,1800,1.8866960971241025,2.505249785526072
3844,23844,0.19758660111543586,1800,2.3682107077830756,2.1042442274376563
3845,23845,0.19758660111543586,1800,2.407702389493997,2.065720083838865
3846,23846,0.19758660111543586,1800,2.3904318398268565,2.0683342349454086
3847,23847,0.19758660111543586,1800,1.8149899191255998,2.575032306432192
3848,23848,0.19758660111543586,1800,2.4582078805829775,1.9314944440501756
3849,23849,0.19758660111543586,1800,1.6551797788293114,2.6999226601777537
3850,23850,0.19758660111543586,1800,1.4523216004412591,2.764650570781629
3851,23851,0.19758660111543586,1800,2.1385219240369144,2.2932514443182344
3852,23852,0.19758660111543586,1800,2.5398422423929734,1.8594495303191223
3853,23853,0.19758660111543586,1800,2.3738965336335407,2.109212020542885
3854,23854,0.19758660111543586,1800,1.8218981108314232,2.5968943021311244
3855,23855,0.19758660111543586,1800,2.1633227781716555,2.2776149237770156
3856,23856,0.19758660111543586,1800,1.9752029876597585,2.5273758499826533
3857,23857,0.19758660111543586,1800,2.268201975041498,2.1388784225819135
3858,23858,0.19758660111543586,1800,1.3826684951755146,2.8070364695885246
3859,23859,0.19758660111543586,1800,2.3500992118095643,2.025131538157131
3860,23860,0.19758660111543586,1800,2.2590743665992745,2.1533823148717395
3861,23861,0.19758660111543586,1800,1.7272124109267764,2.6281728228255785
3862,23862,0.19758660111543586,1800,2.6179176310205174,1.7271337490429755
3863,23863,0.19758660111543586,1800,2.1110313742945097,2.347688510866736
3864,23864,0.19758660111543586,1800,1.8388003643266124,2.612986468869289
3865,23865,0.19758660111543586,1800,2.4267680903160693,2.000931077587503
3866,23866,0.19758660111543586,1800,2.3751522281092248,2.045066980227536
3867,23867,0.19758660111543586,1800,1.6005274239594116,2.706922074128629
3868,23868,0.19758660111543586,1800,1.6687373909563494,2.6850832968832465
3869,23869,0.19758660111543586,1800,2.3745207330375693,2.0554789619107217
3870,23870,0.19758660111543586,1800,2.294201356390473,2.115813377484705
3871,23871,0.19758660111543586,1800,1.135223491980065,2.9099335626290808
3872,23872,0.19758660111543586,1800,1.188148791110316,2.917277293213517
3873,23873,0.19758660111543586,1800,2.481558809850243,2.025566759156913
3874,23874,0.19758660111543586,1800,1.6127152118491126,2.7072321978828677
3875,23875,0.19758660111543586,1800,2.18253934368877,2.2630472404512894
3876,23876,0.19758660111543586,1800,2.3979019691630405,2.0418535861515243
3877,23877,0.19758660111543586,1800,2.016274115484632,2.4471220087968564
3878,23878,0.19758660111543586,1800,2.1887858894867813,2.27976077362536
3879,23879,0.19758660111543586,1800,2.331347096593599,2.155174670570705
3880,23880,0.19758660111543586,1800,1.945777061822841,2.5125792348910343
3881,23881,0.19758660111543586,1800,2.5727637449022427,1.856174325528792
3882,23882,0.19758660111543586,1800,2.1201148832090766,2.3250757353148277
3883,23883,0.19758660111543586,1800,2.5217252772089513,1.8438476544027367
3884,23884,0.19758660111543586,1800,2.4845704179582775,1.8764452366900009
3885,23885,0.19758660111543586,1800,1.7644316847670496,2.5326937010827004
3886,23886,0.19758660111543586,1800,1.8393706803096475,2.5247736319436322
3887,23887,0.19758660111543586,1800,1.7045895121246304,2.5855162667776788
3888,23888,0.19758660111543586,1800,2.142408912460145,2.3338798450119542
3889,23889,0.19758660111543586,1800,1.9264127817648038,2.4221279009372294
3890,23890,0.19758660111543586,1800,2.2703937719988865,2.1818508004497152
3891,23891,0.19758660111543586,1800,2.300838784923548,2.1007581267059106
3892,23892,0.19758660111543586,1800,2.0467196868258792,2.316752283445175
3893,23893,0.19758660111543586,1800,2.5499321757755435,1.7894246329768113
3894,23894,0.19758660111543586,1800,1.5529718793039307,2.764208090440127
3895,23895,0.19758660111543586,1800,2.0883547994206033,2.2791486929196076
3896,23896,0.19758660111543586,1800,1.9796603291572912,2.4210317823488343
3897,23897,0.19758660111543586,1800,2.319539089350676,2.1586636334811344
3898,23898,0.19758660111543586,1800,2.51687810071618,1.9003238963655922
3899,23899,0.19758660111543586,1800,2.3606071308051315,2.0738209002537698
3900,23900,0.19758660111543586,2000,2.574843408419757,1.8471544149741779
3901,23901,0.19758660111543586,2000,2.6475599639228165,1.7061829230991716
3902,23902,0.19758660111543586,2000,2.0336531239825275,2.362538651358507
3903,23903,0.19758660111543586,2000,2.764653820108534,1.5388729305993247
3904,23904,0.19758660111543586,2000,2.5779073499430347,1.894569548742305
3905,23905,0.19758660111543586,2000,2.1426462748592128,2.2877666767525704
3906,23906,0.19758660111543586,2000,2.310114042418781,2.1792365756032708
3907,23907,0.19758660111543586,2000,2.052247587234514,2.3803147315967297
3908,23908,0.19758660111543586,2000,2.144638776874847,2.225122594972862
3909,23909,0.19758660111543586,2000,2.482659399900933,1.9617770022900047
3910,23910,0.19758660111543586,2000,1.3589449790161816,2.852949672262519
3911,23911,0.19758660111543586,2000,2.367213820088581,2.0975193578848477
3912,23912,0.19758660111543586,2000,2.4808676038389654,1.9389190030522871
3913,23913,0.19758660111543586,2000,2.3337710120837043,2.1553433918512743
3914,23914,0.19758660111543586,2000,2.4803609727989033,1.9243022205746143
3915,23915,0.19758660111543586,2000,2.2651336107886313,2.1872240392947018
3916,23916,0.19758660111543586,2000,2.338158860283085,2.106853745171133
3917,23917,0.19758660111543586,2000,2.788361684047554,1.4271887947894077
3918,23918,0.19758660111543586,2000,1.7244964591578171,2.669662952819771
3919,23919,0.19758660111543586,2000,1.8566841518364268,2.5435556357320306
3920,23920,0.19758660111543586,2000,2.0582475776228737,2.3529917888658374
3921,23921,0.19758660111543586,2000,2.3764921263967365,2.028958778765376
3922,23922,0.19758660111543586,2000,2.2843363711565647,2.189928796080248
3923,23923,0.19758660111543586,2000,2.286854112806265,2.180504895951112
3924,23924,0.19758660111543586,2000,2.2126793720038895,2.2438307292929327
3925,23925,0.19758660111543586,2000,2.299611542279228,2.1560278075271055
3926,23926,0.19758660111543586,2000,2.29307655624689,2.0989329049354595
3927,23927,0.19758660111543586,2000,1.7692708437027989,2.6029076250983385
3928,23928,0.19758660111543586,2000,2.3622870578847444,2.0640775439516927
3929,23929,0.19758660111543586,2000,2.362649006631405,2.0568519992046808
3930,23930,0.19758660111543586,2000,2.3483089701200774,2.088958716037627
3931,23931,0.19758660111543586,2000,1.9556760941420221,2.4266037655387094
3932,23932,0.19758660111543586,2000,2.0848349408376143,2.342727822809817
3933,23933,0.19758660111543586,2000,2.5531816190732206,1.8278888092392775
3934,23934,0.19758660111543586,2000,1.9325461273381066,2.470952943338923
3935,23935,0.19758660111543586,2000,1.8985237304419413,2.4966807235968393
3936,23936,0.19758660111543586,2000,2.665827730093395,1.6954744083213682
3937,23937,0.19758660111543586,2000,2.231387506111038,2.209156579908778
3938,23938,0.19758660111543586,2000,2.164067316079063,2.264663277738984
3939,23939,0.19758660111543586,2000,2.3219585224007404,2.1377695735977755
3940,23940,0.19758660111543586,2000,1.8826361501258575,2.5502468440156276
3941,23941,0.19758660111543586,2000,1.4382678627677583,2.7807157213809752
3942,23942,0.19758660111543586,2000,2.4582836481924586,1.9003168174481186
3943,23943,0.19758660111543586,2000,1.4306109191144756,2.8072243692365944
3944,23944,0.19758660111543586,2000,2.321516072933125,2.1448892739290186
3945,23945,0.19758660111543586,2000,2.5271603973986108,1.8491590645573759
3946,23946,0.19758660111543586,2000,2.559853696556477,1.8028373811056966
3947,23947,0.19758660111543586,2000,2.3341952886581177,2.1228746534367273
3948,23948,0.19758660111543586,2000,2.168832954497512,2.3620551709162028
3949,23949,0.19758660111543586,2000,1.3390358816539276,2.8210278871493855
3950,23950,0.19758660111543586,2000,2.307997079089474,1.955482262645863
3951,23951,0.19758660111543586,2000,2.5715799479474493,1.7719613388082487
3952,23952,0.19758660111543586,2000,2.6149795303390038,1.683538641184855
3953,23953,0.19758660111543586,2000,2.4750932191073582,1.9612492644961588
3954,23954,0.19758660111543586,2000,2.64842271138563,1.6733929159602265
3955,23955,0.19758660111543586,2000,2.3037048001965834,2.1441903723596747
3956,23956,0.19758660111543586,2000,2.139915261132942,2.2615064653127166
3957,23957,0.19758660111543586,2000,1.7983325838038637,2.5872711995515987
3958,23958,0.19758660111543586,2000,2.357930552761533,2.1477449894945693
3959,23959,0.19758660111543586,2000,2.1472522182317446,2.2900010962793376
3960,23960,0.19758660111543586,2000,2.02546082207791,2.455175026257777
3961,23961,0.19758660111543586,2000,2.008159817079753,2.4018028646811267
3962,23962,0.19758660111543586,2000,2.039611441988513,2.4106753634569733
3963,23963,0.19758660111543586,2000,1.1435637834245769,2.955568724747029
3964,23964,0.19758660111543586,2000,2.6908356848548403,1.7635464117255815
3965,23965,0.19758660111543586,2000,1.3448561142216633,2.861509895848113
3966,23966,0.19758660111543586,2000,2.6664188769275463,1.6874962857397695
3967,23967,0.19758660111543586,2000,2.1694508933264274,2.2258053590986835
3968,23968,0.19758660111543586,2000,2.383555948560989,2.041240303102377
3969,23969,0.19758660111543586,2000,2.123659977243499,2.3189316010612138
3970,23970,0.19758660111543586,2000,2.107783862367125,2.366920556357191
3971,23971,0.19758660111543586,2000,1.5245388315899864,2.735610043705784
3972,23972,0.19758660111543586,2000,1.6482176197991258,2.7013416278495916
3973,23973,0.19758660111543586,2000,1.5635716621380138,2.6792747853144143
3974,23974,0.19758660111543586,2000,2.0503793864922306,2.3203009825714433
3975,23975,0.19758660111543586,2000,1.8197408090368747,2.5358197816398986
3976,23976,0.19758660111543586,2000,1.9213976525678595,2.4679667324135215
3977,23977,0.19758660111543586,2000,2.0966027811918315,2.388049842907438
3978,23978,0.19758660111543586,2000,1.8455301553027144,2.494835944614361
3979,23979,0.19758660111543586,2000,2.585902282927239,1.7062195901054487
3980,23980,0.19758660111543586,2000,1.113422496631101,2.9233775985960473
3981,23981,0.19758660111543586,2000,2.283982394356492,2.17708399512336
3982,23982,0.19758660111543586,2000,2.264813265235891,2.182222035058092
3983,23983,0.19758660111543586,2000,2.3143741849905632,2.17195795894865
3984,23984,0.19758660111543586,2000,1.6649026324225322,2.655861340416121
3985,23985,0.19758660111543586,2000,2.25133189748718,2.2306537209453805
3986,23986,0.19758660111543586,2000,2.13317410292656,2.3318250905771793
3987,23987,0.19758660111543586,2000,2.4640516399845134,1.9454169835427884
3988,23988,0.19758660111543586,2000,2.4252832486587534,2.00066151994515
3989,23989,0.19758660111543586,2000,1.8968385976237894,2.5083929847167674
3990,23990,0.19758660111543586,2000,2.2764836366075074,2.157354536535204
3991,23991,0.19758660111543586,2000,2.4662908177398295,1.8465847511986968
3992,23992,0.19758660111543586,2000,2.6400385020974446,1.6726307286361237
3993,23993,0.19758660111543586,2000,2.5194758274070863,1.833295445307219
3994,23994,0.19758660111543586,2000,2.12125895690344,2.331931330829959
3995,23995,0.19758660111543586,2000,2.439305681064465,1.9527293464821582
3996,23996,0.19758660111543586,2000,2.6894770745513346,1.6030908168896882
3997,23997,0.19758660111543586,2000,2.124064335195304,2.3224073197797006
3998,23998,0.19758660111543586,2000,2.2949341442846576,2.092058079778466
3999,23999,0.19758660111543586,2000,2.0057893317354343,2.4338514749812723
4000,24000,0.1111111111111111,200,1.3860927972945534,2.815768210070318
4001,24001,0.1111111111111111,200,1.549467934213973,2.72697181357756
4002,24002,0.1111111111111111,200,1.8789000470492794,2.481798897053838
4003,24003,0.1111111111111111,200,1.6963541056068645,2.6470886114806786
4004,24004,0.1111111111111111,200,1.700382310789935,2.6399066386442738
4005,24005,0.1111111111111111,200,1.2000015615304427,2.8903504890134855
4006,24006,0.1111111111111111,200,1.3127692953673873,2.850807342649195
4007,24007,0.1111111111111111,200,1.5326630143090902,2.7504526796416804
4008,24008,0.1111111111111111,200,2.0264549863393873,2.3226728804788577
4009,24009,0.1111111111111111,200,1.4484361562398358,2.7920147810877545
4010,24010,0.1111111111111111,200,1.1269607617348352,2.9275281635558477
4011,24011,0.1111111111111111,200,1.2152866658287154,2.9078260963936335
4012,24012,0.1111111111111111,200,1.3259262295756593,2.84133037433294
4013,24013,0.1111111111111111,200,1.1841283489143568,2.8960672245131045
4014,24014,0.1111111111111111,200,1.592649479485743,2.6775353541294886
4015,24015,0.1111111111111111,200,1.2297021954064549,2.898675806996766
4016,24016,0.1111111111111111,200,1.9817119027138799,2.4603735010277656
4017,24017,0.1111111111111111,200,1.1496766126489704,2.9205373249293123
4018,24018,0.1111111111111111,200,1.8288730091588512,2.503877488549836
4019,24019,0.1111111111111111,200,1.6156924058622315,2.7145715959645447
4020,24020,0.1111111111111111,200,1.2547427411031338,2.8696691199325266
4021,24021,0.1111111111111111,200,1.4160723759350595,2.7902911520185887
4022,24022,0.1111111111111111,200,1.7844239866300071,2.5763003430049656
4023,24023,0.1111111111111111,200,1.9277447395889287,2.471557895741819
4024,24024,0.1111111111111111,200,1.4537956896786142,2.773409190202193
4025,24025,0.1111111111111111,200,1.1950024578187617,2.905805077461923
4026,24026,0.1111111111111111,200,1.0609437788787877,2.961503614839908
4027,24027,0.1111111111111111,200,1.3086532804202489,2.8707834307681956
4028,24028,0.1111111111111111,200,1.3565491407800283,2.8057253006488567
4029,24029,0.1111111111111111,200,1.058067770725187,2.9548531592031795
4030,24030,0.1111111111111111,200,1.0897240501838732,2.9477184862854573
4031,24031,0.1111111111111111,200,2.158499930580195,2.217914961353984
4032,24032,0.1111111111111111,200,1.0844409371541845,2.9368922260998853
4033,24033,0.1111111111111111,200,1.080064080370617,2.9516556159079874
4034,24034,0.1111111111111111,200,1.7808072519167926,2.597083145488246
4035,24035,0.1111111111111111,200,1.3927463108813616,2.8071803342692263
4036,24036,0.1111111111111111,200,1.274675609089597,2.875010483441031
4037,24037,0.1111111111111111,200,1.0432924383320645,2.9637970403549825
4038,24038,0.1111111111111111,200,1.3767847506690152,2.8076180636475496
4039,24039,0.1111111111111111,200,1.6508297963753655,2.672830128167603
4040,24040,0.1111111111111111,200,1.080435379583481,2.9208518360656788
4041,24041,0.1111111111111111,200,1.3892351726045375,2.803617188461613
4042,24042,0.1111111111111111,200,1.6057562416663065,2.6937279147598874
4043,24043,0.1111111111111111,200,1.0352155414194923,2.9654722342146558
4044,24044,0.1111111111111111,200,1.0612324866063931,2.95871446586339
4045,24045,0.1111111111111111,200,1.3315113052906662,2.830613559035293
4046,24046,0.1111111111111111,200,1.1399851619393044,2.9076272359069
4047,24047,0.1111111111111111,200,1.5906624974710017,2.6645337460791434
4048,24048,0.1111111111111111,200,1.7611269123393019,2.618800671147033
4049,24049,0.1111111111111111,200,1.7243609526888797,2.5903263963605982
4050,24050,0.1111111111111111,200,1.4766218518378804,2.769945615015054
4051,24051,0.1111111111111111,200,1.4102022738983135,2.809707499065032
4052,24052,0.1111111111111111,200,1.790523564194069,2.487303553811114
4053,24053,0.1111111111111111,200,1.2384946518171849,2.8730196044271006
4054,24054,0.1111111111111111,200,1.1101635901555071,2.95322173022202
4055,24055,0.1111111111111111,200,1.3213848022935548,2.8631008022358806
4056,24056,0.1111111111111111,200,1.9633785175152798,2.451123069401853
4057,24057,0.1111111111111111,200,1.9388300251463062,2.4311295946339495
4058,24058,0.1111111111111111,200,1.9603542840678188,2.4130354402667327
4059,24059,0.1111111111111111,200,1.7664981786993976,2.5867113476204677
4060,24060,0.1111111111111111,200,1.2627005832508877,2.875935113557655
4061,24061,0.1111111111111111,200,1.0803936627887305,2.954452782533507
4062,24062,0.1111111111111111,200,2.229075946196226,2.142087950185445
4063,24063,0.1111111111111111,200,1.5734631358227689,2.712174937561687
4064,24064,0.1111111111111111,200,1.149803782094733,2.9153944873176334
4065,24065,0.1111111111111111,200,1.2883465558762095,2.8741185559329847
4066,24066,0.1111111111111111,200,1.4863800074651567,2.765321352539458
4067,24067,0.1111111111111111,200,1.4581938108906731,2.784840404215791
4068,24068,0.1111111111111111,200,1.0655220933670733,2.9677487840862415
4069,24069,0.1111111111111111,200,1.1799761523053682,2.9058228826274743
4070,24070,0.1111111111111111,200,1.0616686671239808,2.956822261725146
4071,24071,0.1111111111111111,200,1.5659898012260232,2.710173972851755
4072,24072,0.1111111111111111,200,1.3084032798394272,2.852798617714136
4073,24073,0.1111111111111111,200,1.6102974596126576,2.707324841144595
4074,24074,0.1111111111111111,200,1.1968488216519695,2.900737711783844
4075,24075,0.1111111111111111,200,1.5548526664526,2.7019346798961252
4076,24076,0.1111111111111111,200,2.0282305842843584,2.290721442965936
4077,24077,0.1111111111111111,200,1.6432749142994247,2.6337937752707656
4078,24078,0.1111111111111111,200,1.390402890418676,2.7455344179786305
4079,24079,0.1111111111111111,200,1.4319455438997282,2.7864988490520406
4080,24080,0.1111111111111111,200,1.1047269613828024,2.927099014059645
4081,24081,0.1111111111111111,200,1.1876249046896148,2.906305494438326
4082,24082,0.1111111111111111,200,1.7047093156827873,2.639985014945282
4083,24083,0.1111111111111111,200,1.821504419973089,2.543954867782502
4084,24084,0.1111111111111111,200,1.6019366784932998,2.653567996920626
4085,24085,0.1111111111111111,200,1.7215574035721706,2.5986646719341535
4086,24086,0.1111111111111111,200,1.224091782146275,2.891738377063998
4087,24087,0.1111111111111111,200,1.557913567457938,2.709234572821381
4088,24088,0.1111111111111111,200,2.1013711166433735,2.3286184090470323
4089,24089,0.1111111111111111,200,1.3447428571261397,2.8475441474705554
4090,24090,0.1111111111111111,200,1.091420956057605,2.942498661775243
4091,24091,0.1111111111111111,200,1.3982247474108838,2.817982244275571
4092,24092,0.1111111111111111,200,1.490401841742535,2.723671266338835
4093,24093,0.1111111111111111,200,1.47273626229402,2.7551033665198355
4094,24094,0.1111111111111111,200,1.8289821271710853,2.4927998845638593
4095,24095,0.1111111111111111,200,1.3263671885896011,2.847995486915225
4096,24096,0.1111111111111111,200,1.8613364560979613,2.4929642127824634
4097,24097,0.1111111111111111,200,1.0478020370652086,2.9662360425310403
4098,24098,0.1111111111111111,200,1.93154958654667,2.442134231674472
4099,24099,0.1111111111111111,200,1.1390756708564853,2.940488525726156
4100,24100,0.1111111111111111,400,1.0535711001954746,2.963882427919996
4101,24101,0.1111111111111111,400,1.4091325896392488,2.776889894099232
4102,24102,0.1111111111111111,400,1.4817330433606934,2.7446523436584185
4103,24103,0.1111111111111111,400,1.7844393249980979,2.5471118150959713
4104,24104,0.1111111111111111,400,1.7399616854362427,2.5894959413318523
4105,24105,0.1111111111111111,400,1.9113382819609317,2.486023913278511
4106,24106,0.1111111111111111,400,1.2944946846169798,2.851027957801807
4107,24107,0.1111111111111111,400,1.633365799408945,2.6946730147728255
4108,24108,0.1111111111111111,400,1.4953526925533904,2.7586368077821763
4109,24109,0.1111111111111111,400,2.177104674797673,2.214866967626357
4110,24110,0.1111111111111111,400,1.3158024239224453,2.8390480024839655
4111,24111,0.1111111111111111,400,1.8244110384558803,2.475430085084212
4112,24112,0.1111111111111111,400,2.023805234424343,2.387794388568561
4113,24113,0.1111111111111111,400,1.108838186906932,2.960955396712861
4114,24114,0.1111111111111111,400,1.0741288377242757,2.949532690155677
4115,24115,0.1111111111111111,400,1.2858580844243817,2.8445815651367865
4116,24116,0.1111111111111111,400,1.0749727314879014,2.969078608730812
4117,24117,0.1111111111111111,400,1.1389805544326062,2.92334324337589
4118,24118,0.1111111111111111,400,1.2034453774490548,2.9053898284407738
4119,24119,0.1111111111111111,400,1.7673827074795991,2.5963825380993915
4120,24120,0.1111111111111111,400,1.4295826393169608,2.7963407943976444
4121,24121,0.1111111111111111,400,1.7264677336484084,2.629473088679912
4122,24122,0.1111111111111111,400,1.222948337687941,2.8773775393460586
4123,24123,0.1111111111111111,400,2.3892581751401556,1.9859536279944225
4124,24124,0.1111111111111111,400,1.495120781881663,2.747409118978372
4125,24125,0.1111111111111111,400,1.525276984437873,2.7690237296472175
4126,24126,0.1111111111111111,400,2.1227101809602864,2.244538844696669
4127,24127,0.1111111111111111,400,1.9890582129917054,2.423322088608614
4128,24128,0.1111111111111111,400,1.6974631724399596,2.6085175707313413
4129,24129,0.1111111111111111,400,1.0882065391410878,2.9427413151381443
4130,24130,0.1111111111111111,400,1.9690461402446466,2.4140552296377473
4131,24131,0.1111111111111111,400,1.4148290401040442,2.7966595538333445
4132,24132,0.1111111111111111,400,2.0253601218091353,2.362519489915717
4133,24133,0.1111111111111111,400,1.697805161373156,2.6226107746360414
4134,24134,0.1111111111111111,400,1.5018520407092062,2.75511191582387
4135,24135,0.1111111111111111,400,1.904348265798837,2.47948768596405
4136,24136,0.1111111111111111,400,1.3759321596601488,2.8228051387627793
4137,24137,0.1111111111111111,400,2.0082751356217954,2.3983758632845777
4138,24138,0.1111111111111111,400,2.2002918183119826,2.237327786189692
4139,24139,0.1111111111111111,400,1.3719246167971513,2.814232717929266
4140,24140,0.1111111111111111,400,1.762766782062458,2.602481806909462
4141,24141,0.1111111111111111,400,1.4171330343273436,2.76362244550414
4142,24142,0.1111111111111111,400,2.071781040793995,2.34115169484343
4143,24143,0.1111111111111111,400,1.6691327016995572,2.6817204620855226
4144,24144,0.1111111111111111,400,1.4413813448495723,2.7880470941369064
4145,24145,0.1111111111111111,400,1.4349211349181465,2.7932347756620355
4146,24146,0.1111111111111111,400,1.8001046109166743,2.51632775151966
4147,24147,0.1111111111111111,400,1.9244911178118733,2.4504211712413952
4148,24148,0.1111111111111111,400,1.6406978162696997,2.6769018257188595
4149,24149,0.1111111111111111,400,1.1867985717433494,2.905993427789937
4150,24150,0.1111111111111111,400,1.3464489939996969,2.8297890394854965
4151,24151,0.1111111111111111,400,1.4723323512362037,2.754462446193084
4152,24152,0.1111111111111111,400,2.54422945519504,1.769704508641364
4153,24153,0.1111111111111111,400,1.0883875264635983,2.949515342957162
4154,24154,0.1111111111111111,400,1.5094262901481004,2.759217773002935
4155,24155,0.1111111111111111,400,1.2473363094016554,2.88843587938288
4156,24156,0.1111111111111111,400,1.4011451180174008,2.7916299676930607
4157,24157,0.1111111111111111,400,1.7444430975985488,2.5966093672188744
4158,24158,0.1111111111111111,400,1.48361092886753,2.7376560086069035
4159,24159,0.1111111111111111,400,1.4291201137039817,2.781716054242721
4160,24160,0.1111111111111111,400,1.586409543797236,2.701328171356833
4161,24161,0.1111111111111111,400,1.8781306483435074,2.4651206485366606
4162,24162,0.1111111111111111,400,1.5754073151512469,2.699036174253218
4163,24163,0.1111111111111111,400,1.1157850713491708,2.926099105786916
4164,24164,0.1111111111111111,400,1.923424414308902,2.4653417037255725
4165,24165,0.1111111111111111,400,1.8555569620249348,2.5254365760279156
4166,24166,0.1111111111111111,400,1.4514433837769516,2.7748860940981777
4167,24167,0.1111111111111111,400,1.1537431895380421,2.9474979390676004
4168,24168,0.1111111111111111,400,1.6257731124089911,2.6427711011711494
4169,24169,0.1111111111111111,400,1.5147389554989146,2.7694160618996024
4170,24170,0.1111111111111111,400,1.7024847423074914,2.629852865143666
4171,24171,0.1111111111111111,400,1.9751812754717801,2.4154311795810925
4172,24172,0.1111111111111111,400,1.5887167723015119,2.684017102907835
4173,24173,0.1111111111111111,400,1.79375409115629,2.5121806990239746
4174,24174,0.1111111111111111,400,1.1981581386984508,2.8946051573577525
4175,24175,0.1111111111111111,400,1.2641002291397045,2.8750079575902516
4176,24176,0.1111111111111111,400,1.8916316861000801,2.503425499414648
4177,24177,0.1111111111111111,400,1.4532563258204143,2.7718630121155363
4178,24178,0.1111111111111111,400,1.3841764714553844,2.7921338810137883
4179,24179,0.1111111111111111,400,2.027894609762652,2.3240742461880166
4180,24180,0.1111111111111111,400,1.550466486930724,2.72912650283731
4181,24181,0.1111111111111111,400,1.552529391223176,2.758788194143108
4182,24182,0.1111111111111111,400,1.1729549945433368,2.9178162194682096
4183,24183,0.1111111111111111,400,2.2508638659668976,2.1753797954356093
4184,24184,0.1111111111111111,400,1.7638937981252787,2.591681810944287
4185,24185,0.1111111111111111,400,1.680609782539332,2.5962512683730585
4186,24186,0.1111111111111111,400,1.722238331840338,2.5871103520827474
4187,24187,0.1111111111111111,400,1.4722127559318794,2.74608609138496
4188,24188,0.1111111111111111,400,1.5724931160866817,2.6751198303304515
4189,24189,0.1111111111111111,400,1.9086142084163267,2.428304516151153
4190,24190,0.1111111111111111,400,1.8662146136475033,2.4557661824143393
4191,24191,0.1111111111111111,400,1.4490664734282217,2.723968485984506
4192,24192,0.1111111111111111,400,1.6474245307098117,2.6512548877090403
4193,24193,0.1111111111111111,400,1.5468857927568196,2.705171053195915
4194,24194,0.1111111111111111,400,1.113579682128854,2.93642198401555
4195,24195,0.1111111111111111,400,1.103474211496724,2.945324434799115
4196,24196,0.1111111111111111,400,2.267346152068582,2.109171062234013
4197,24197,0.1111111111111111,400,1.839909459839329,2.5830254990810744
4198,24198,0.1111111111111111,400,1.4621819981992854,2.790858447748472
4199,24199,0.1111111111111111,400,1.2198371325503277,2.9005461180442738
4200,24200,0.1111111111111111,600,1.3727758740346794,2.8309479248455593
4201,24201,0.1111111111111111,600,1.639791363137785,2.648605409202251
4202,24202,0.1111111111111111,600,1.4662664788947741,2.776799590083929
4203,24203,0.1111111111111111,600,1.8207837381584209,2.5111641965037053
4204,24204,0.1111111111111111,600,1.9047290673425725,2.4877857459962747
4205,24205,0.1111111111111111,600,2.466877901830465,1.8760815809567517
4206,24206,0.1111111111111111,600,1.4993466333393537,2.77456397015684
4207,24207,0.1111111111111111,600,1.9231311933006574,2.4655638244248346
4208,24208,0.1111111111111111,600,1.5473160518818878,2.744136496418263
4209,24209,0.1111111111111111,600,1.92296040756578,2.4867884754918905
4210,24210,0.1111111111111111,600,1.3605630513386604,2.8320353617288774
4211,24211,0.1111111111111111,600,2.133449676004431,2.3236835901277755
4212,24212,0.1111111111111111,600,1.3998001915566434,2.8058186494625508
4213,24213,0.1111111111111111,600,2.0969260896841306,2.3260420373039628
4214,24214,0.1111111111111111,600,1.8883655448862875,2.4898421722251536
4215,24215,0.1111111111111111,600,1.4170034473498831,2.797564340294199
4216,24216,0.1111111111111111,600,1.4411926961742416,2.780630430002697
4217,24217,0.1111111111111111,600,2.0259446630973716,2.364119447506922
4218,24218,0.1111111111111111,600,1.6247983599032172,2.6812085104992422
4219,24219,0.1111111111111111,600,1.4724511335442168,2.790444705275951
4220,24220,0.1111111111111111,600,1.705178728264184,2.6380239228752416
4221,24221,0.1111111111111111,600,1.458233834606898,2.7773377315953383
4222,24222,0.1111111111111111,600,1.2528670659816095,2.879414129256507
4223,24223,0.1111111111111111,600,2.218347451771489,2.161226620674881
4224,24224,0.1111111111111111,600,1.7207191790889997,2.6019079694779537
4225,24225,0.1111111111111111,600,1.7999930563013549,2.577856407515435
4226,24226,0.1111111111111111,600,1.2215068303894978,2.888346772279013
4227,24227,0.1111111111111111,600,1.1188889911970403,2.938399406576081
4228,24228,0.1111111111111111,600,1.1034783480407284,2.9426307574229074
4229,24229,0.1111111111111111,600,1.1398621072545823,2.901859511951831
4230,24230,0.1111111111111111,600,1.3810004129679805,2.8165886090826677
4231,24231,0.1111111111111111,600,1.4597201185212167,2.7608426306504996
4232,24232,0.1111111111111111,600,1.1442346462130528,2.9113298870961004
4233,24233,0.1111111111111111,600,2.3619787385107904,2.053200294538919
4234,24234,0.1111111111111111,600,1.416225922211571,2.796743128709344
4235,24235,0.1111111111111111,600,2.5276411860484758,1.8988380051018479
4236,24236,0.1111111111111111,600,1.7061069719310755,2.612217207667799
4237,24237,0.1111111111111111,600,1.772590278744103,2.5575320852819843
4238,24238,0.1111111111111111,600,2.334515542279969,2.01538748535145
4239,24239,0.1111111111111111,600,2.1733567588084886,2.186587721936304
4240,24240,0.1111111111111111,600,1.6312730311120518,2.6701120981713564
4241,24241,0.1111111111111111,600,1.1483722454669048,2.921486719021452
4242,24242,0.1111111111111111,600,1.8972148909701754,2.4714624335757547
4243,24243,0.1111111111111111,600,2.0434306039282335,2.3258208374174907
4244,24244,0.1111111111111111,600,2.382985667522898,1.9691828146867008
4245,24245,0.1111111111111111,600,2.052550876358047,2.352795090324584
4246,24246,0.1111111111111111,600,1.8206719085839516,2.544142325809614
4247,24247,0.1111111111111111,600,1.6343648340685246,2.6517840641729813
4248,24248,0.1111111111111111,600,1.1230225674534045,2.934168701588852
4249,24249,0.1111111111111111,600,1.8592113869523517,2.560934003283259
4250,24250,0.1111111111111111,600,1.8873146525871303,2.4823525141680016
4251,24251,0.1111111111111111,600,1.3281588957158317,2.842103358662839
4252,24252,0.1111111111111111,600,2.0347412856686242,2.33376849474857
4253,24253,0.1111111111111111,600,2.2363344115289943,2.187816319273658
4254,24254,0.1111111111111111,600,2.170659864007276,2.24329311577449
4255,24255,0.1111111111111111,600,1.908565383638835,2.517023769469176
4256,24256,0.1111111111111111,600,1.8830058211941476,2.4568907453775504
4257,24257,0.1111111111111111,600,1.6015799187975444,2.672788232762775
4258,24258,0.1111111111111111,600,1.1658063631072655,2.9062824420812325
4259,24259,0.1111111111111111,600,1.8795929848122177,2.470935342386859
4260,24260,0.1111111111111111,600,1.9396513785803329,2.4412655564814494
4261,24261,0.1111111111111111,600,1.8000621885696275,2.5567891793218362
4262,24262,0.1111111111111111,600,2.2697974831850822,2.1213302547187203
4263,24263,0.1111111111111111,600,2.12767320956496,2.2634673680824404
4264,24264,0.1111111111111111,600,1.4940486020165393,2.738931819448414
4265,24265,0.1111111111111111,600,1.2678541167402426,2.8759383308876876
4266,24266,0.1111111111111111,600,1.8707485316694235,2.4564240927354555
4267,24267,0.1111111111111111,600,1.5905519290505543,2.7118812998829234
4268,24268,0.1111111111111111,600,1.4313131180029783,2.8080951200806394
4269,24269,0.1111111111111111,600,2.1382671842227223,2.2623504907553587
4270,24270,0.1111111111111111,600,1.8247974437613277,2.58360577768826
4271,24271,0.1111111111111111,600,1.35553259457605,2.799882806241223
4272,24272,0.1111111111111111,600,1.6881243098490124,2.5762255401575325
4273,24273,0.1111111111111111,600,1.4594070605337497,2.7433471021439138
4274,24274,0.1111111111111111,600,1.8062353422457413,2.6001056960237925
4275,24275,0.1111111111111111,600,1.476127214957962,2.7627657327855824
4276,24276,0.1111111111111111,600,1.2585958870406966,2.879883315287068
4277,24277,0.1111111111111111,600,2.4178103005148217,1.9411264181212153
4278,24278,0.1111111111111111,600,1.6132271296384713,2.688274764945638
4279,24279,0.1111111111111111,600,1.6345663282628962,2.6953216935741877
4280,24280,0.1111111111111111,600,1.2497724369992007,2.865112478495181
4281,24281,0.1111111111111111,600,1.4508717877585258,2.8046464692963164
4282,24282,0.1111111111111111,600,2.1398956667830147,2.2249112463034955
4283,24283,0.1111111111111111,600,1.8673097638601823,2.5282119338942795
4284,24284,0.1111111111111111,600,1.4653914068726464,2.7668365371199277
4285,24285,0.1111111111111111,600,1.6663701850504982,2.6503278148613445
4286,24286,0.1111111111111111,600,1.972866520735293,2.4170958916087626
4287,24287,0.1111111111111111,600,2.0095205575306947,2.40315153612018
4288,24288,0.1111111111111111,600,1.9127834121182243,2.4228275041091853
4289,24289,0.1111111111111111,600,2.050204171817147,2.395716513197747
4290,24290,0.1111111111111111,600,2.315941748567327,2.1249326234173878
4291,24291,0.1111111111111111,600,2.430833841385174,1.8997254259249121
4292,24292,0.1111111111111111,600,2.3924308574340594,2.0081313371725997
4293,24293,0.1111111111111111,600,2.1932719493122095,2.2453346840206954
4294,24294,0.1111111111111111,600,2.005102606999933,2.3855451286638636
4295,24295,0.1111111111111111,600,2.242765364843257,2.093739536445433
4296,24296,0.1111111111111111,600,1.426587645129358,2.8184168311020494
4297,24297,0.1111111111111111,600,1.5350386483794949,2.7224574670439194
4298,24298,0.1111111111111111,600,1.3920758616531939,2.8115124899803865
4299,24299,0.1111111111111111,600,2.384629024106777,1.9724573508395042
4300,24300,0.1111111111111111,800,1.2344527667732241,2.876681792416125
4301,24301,0.1111111111111111,800,1.3370194908387618,2.819031994459002
4302,24302,0.1111111111111111,800,1.175778098859225,2.9283873476614755
4303,24303,0.1111111111111111,800,1.1197739489622192,2.9541007391374436
4304,24304,0.1111111111111111,800,2.318351346266595,2.1037735539028235
4305,24305,0.1111111111111111,800,2.1330667656535667,2.279117751302416
4306,24306,0.1111111111111111,800,1.9675541306809876,2.402747242155639
4307,24307,0.1111111111111111,800,1.5056626624208556,2.7393414032893078
4308,24308,0.1111111111111111,800,1.5399603174653298,2.7184576928658712
4309,24309,0.1111111111111111,800,1.2725017999485595,2.872391773021388
4310,24310,0.1111111111111111,800,2.0924354932762865,2.3188100315432454
4311,24311,0.1111111111111111,800,1.2435653883082434,2.8527872921025077
4312,24312,0.1111111111111111,800,2.067623349157345,2.3507462106537576
4313,24313,0.1111111111111111,800,2.3380855513395917,2.0622140642166484
4314,24314,0.1111111111111111,800,1.6831546394376329,2.621225580470096
4315,24315,0.1111111111111111,800,2.4372180868000397,1.9791433515904657
4316,24317,0.1111111111111111,800,2.0884047668000765,2.3455560061659244
4317,24318,0.1111111111111111,800,1.5623563246750563,2.6986960998023055
4318,24319,0.1111111111111111,800,1.7569054564029556,2.545053828041953
4319,24320,0.1111111111111111,800,1.8245731266773446,2.5917662752719393
4320,24321,0.1111111111111111,800,1.4304448025829193,2.798118799797641
4321,24322,0.1111111111111111,800,1.300494140420933,2.876136172548238
4322,24323,0.1111111111111111,800,2.120736989107753,2.3035322668682197
4323,24324,0.1111111111111111,800,1.578583385212382,2.696842894741383
4324,24325,0.1111111111111111,800,2.2604059768811595,2.1848747049468877
4325,24326,0.1111111111111111,800,1.0743178514216214,2.961703568216211
4326,24327,0.1111111111111111,800,1.5505434137544993,2.7414493480060247
4327,24328,0.1111111111111111,800,2.145071692533532,2.264084463209206
4328,24329,0.1111111111111111,800,1.6638282870234729,2.626917009830035
4329,24330,0.1111111111111111,800,2.35589417216308,2.0003719291858526
4330,24331,0.1111111111111111,800,1.9163837748530081,2.473846871456898
4331,24332,0.1111111111111111,800,2.3212734101335326,2.192772460931111
4332,24333,0.1111111111111111,800,2.074152079142114,2.3005270374513356
4333,24334,0.1111111111111111,800,2.227638101949468,2.236842207269528
4334,24335,0.1111111111111111,800,1.4860294647998997,2.7603900277327904
4335,24336,0.1111111111111111,800,2.1527480567525954,2.241238235807947
4336,24337,0.1111111111111111,800,1.8681730517824071,2.4969958234743053
4337,24338,0.1111111111111111,800,1.7592028431719668,2.601020668180874
4338,24339,0.1111111111111111,800,1.2307795385461657,2.903910971427753
4339,24340,0.1111111111111111,800,2.280205318896164,2.117464968424513
4340,24341,0.1111111111111111,800,1.1438439620893175,2.942332767683448
4341,24342,0.1111111111111111,800,1.312610222284524,2.8725869498418484
4342,24343,0.1111111111111111,800,1.5968293630968273,2.708136314938545
4343,24344,0.1111111111111111,800,2.005646162179822,2.4242276944242627
4344,24345,0.1111111111111111,800,1.7611764434689838,2.579779782951841
4345,24346,0.1111111111111111,800,1.5242878657062409,2.733380017073836
4346,24347,0.1111111111111111,800,1.2811334673641412,2.8970869579600844
4347,24348,0.1111111111111111,800,1.9977597769883726,2.4316992714535006
4348,24349,0.1111111111111111,800,1.7516521038826618,2.620598540224307
4349,24350,0.1111111111111111,800,2.58734052853934,1.7427144363957183
4350,24351,0.1111111111111111,800,2.7493654338626037,1.557775326281724
4351,24352,0.1111111111111111,800,2.1632998979095146,2.225665625083247
4352,24353,0.1111111111111111,800,1.9128599174534369,2.473217817214545
4353,24354,0.1111111111111111,800,1.430662153078238,2.8327960575845443
4354,24355,0.1111111111111111,800,2.398947476333561,1.9634058720666818
4355,24356,0.1111111111111111,800,2.1043596989393594,2.2871605790815637
4356,24357,0.1111111111111111,800,1.4180946336707867,2.8015588982755597
4357,24358,0.1111111111111111,800,2.1222501594644525,2.3493312142341636
4358,24359,0.1111111111111111,800,1.3252445339810226,2.840811813113332
4359,24360,0.1111111111111111,800,1.5496569484455436,2.7274138825617458
4360,24361,0.1111111111111111,800,2.1425105799718884,2.3020165437315248
4361,24362,0.1111111111111111,800,2.2497477003880118,2.221257571484255
4362,24363,0.1111111111111111,800,2.114150100205806,2.3251927499430534
4363,24364,0.1111111111111111,800,2.3143178155134487,2.2079711022690387
4364,24365,0.1111111111111111,800,1.5769432529188623,2.7108299661088937
4365,24366,0.1111111111111111,800,1.4624847653340007,2.7334050514881394
4366,24367,0.1111111111111111,800,1.687772612439319,2.664812816760833
4367,24368,0.1111111111111111,800,1.7433210931895988,2.583703005039186
4368,24369,0.1111111111111111,800,1.3268301150056943,2.8307634546981575
4369,24370,0.1111111111111111,800,1.5236741139045606,2.7572974558702086
4370,24371,0.1111111111111111,800,1.5106722976361715,2.7334960229852534
4371,24372,0.1111111111111111,800,1.5805832874508714,2.684748015707568
4372,24373,0.1111111111111111,800,1.651577214164633,2.626830662543654
4373,24374,0.1111111111111111,800,1.1055048261023477,2.9627166449657
4374,24375,0.1111111111111111,800,1.7470025804683638,2.612060920064603
4375,24376,0.1111111111111111,800,1.2798686979473717,2.8584384968545278
4376,24377,0.1111111111111111,800,1.3476637029730654,2.819121956940841
4377,24378,0.1111111111111111,800,1.8216404632897987,2.555843451014199
4378,24379,0.1111111111111111,800,1.902408522271773,2.4953937332986547
4379,24380,0.1111111111111111,800,1.7545038283517957,2.594047085725384
4380,24381,0.1111111111111111,800,1.2074650360614694,2.8974628480405906
4381,24382,0.1111111111111111,800,1.7644656989657967,2.6126909495156356
4382,24383,0.1111111111111111,800,1.0882205588400722,2.9562060506063896
4383,24384,0.1111111111111111,800,1.3036417520761776,2.843700375195299
4384,24385,0.1111111111111111,800,1.3281772028216474,2.853322548201258
4385,24386,0.1111111111111111,800,1.6889463508424671,2.6400860439028873
4386,24387,0.1111111111111111,800,1.7574304832884677,2.6224823652091667
4387,24388,0.1111111111111111,800,2.0059681164151915,2.3829986233401983
4388,24389,0.1111111111111111,800,1.8794503939062324,2.5192505201018434
4389,24390,0.1111111111111111,800,1.893592612219099,2.500429232937747
4390,24391,0.1111111111111111,800,1.635834692242059,2.6807972032608505
4391,24392,0.1111111111111111,800,1.6196131305955155,2.720126764445614
4392,24393,0.1111111111111111,800,2.381802715846629,2.050659893070653
4393,24394,0.1111111111111111,800,2.1395294951240165,2.239668939657137
4394,24395,0.1111111111111111,800,1.7737273832541836,2.626986750458045
4395,24396,0.1111111111111111,800,1.5190434079157913,2.7449147359768995
4396,24397,0.1111111111111111,800,1.4169985811354797,2.799463795555921
4397,24398,0.1111111111111111,800,1.6179031076581478,2.692728999351116
4398,24399,0.1111111111111111,800,2.111557622384095,2.346867152318957
4399,24400,0.1111111111111111,1000,1.6031910749095584,2.6900027641978124
4400,24401,0.1111111111111111,1000,1.9267835494537153,2.467922185750019
4401,24402,0.1111111111111111,1000,1.8560563174389173,2.5204598280808126
4402,24403,0.1111111111111111,1000,1.5940012657218197,2.6960473220795937
4403,24404,0.1111111111111111,1000,1.824117579027591,2.566419454608939
4404,24405,0.1111111111111111,1000,2.3512092390236026,2.02422632808993
4405,24406,0.1111111111111111,1000,1.836239285569682,2.5461578830077043
4406,24407,0.1111111111111111,1000,1.3430085250682673,2.839266104816872
4407,24408,0.1111111111111111,1000,1.8215859609491125,2.5492860397811126
4408,24409,0.1111111111111111,1000,1.9094835536745172,2.5080535251221456
4409,24410,0.1111111111111111,1000,1.9164687439906476,2.6087734781735263
4410,24411,0.1111111111111111,1000,2.135697788006989,2.268391883364778
4411,24412,0.1111111111111111,1000,2.111110733251988,2.293165961357959
4412,24413,0.1111111111111111,1000,2.060455547836806,2.4025727022789485
4413,24414,0.1111111111111111,1000,2.1582949931484,2.225471809620092
4414,24415,0.1111111111111111,1000,2.3421503234374144,2.0413024094471837
4415,24416,0.1111111111111111,1000,2.419214692173006,1.941958244884873
4416,24417,0.1111111111111111,1000,2.1529648873741283,2.291430591488059
4417,24418,0.1111111111111111,1000,1.1470758239868155,2.934481283388041
4418,24419,0.1111111111111111,1000,1.566730306526458,2.7194317895039606
4419,24420,0.1111111111111111,1000,1.0718731506431367,2.9592100757223987
4420,24421,0.1111111111111111,1000,2.3844778741220485,2.092544333946602
4421,24422,0.1111111111111111,1000,1.4146997547775744,2.760220782728244
4422,24423,0.1111111111111111,1000,1.8818027449629118,2.5583398978706637
4423,24424,0.1111111111111111,1000,1.322258382996954,2.828173148604703
4424,24425,0.1111111111111111,1000,1.73019365384904,2.562883638596768
4425,24426,0.1111111111111111,1000,1.9915730192968748,2.457406185558414
4426,24427,0.1111111111111111,1000,1.8634004442460608,2.5669968634266813
4427,24428,0.1111111111111111,1000,2.0632608592891177,2.3467237207998233
4428,24429,0.1111111111111111,1000,1.7007728677920653,2.5921682319955144
4429,24430,0.1111111111111111,1000,2.3905190081249392,1.9854871475470017
4430,24431,0.1111111111111111,1000,1.2198818447746482,2.891978419880812
4431,24432,0.1111111111111111,1000,2.3706984390100225,2.065676797845428
4432,24433,0.1111111111111111,1000,2.4594512930177537,1.8710973225945982
4433,24434,0.1111111111111111,1000,2.381856551877403,2.050751657393664
4434,24435,0.1111111111111111,1000,2.1675373437755048,2.271263011006599
4435,24436,0.1111111111111111,1000,2.1742410418559577,2.23766634345167
4436,24437,0.1111111111111111,1000,1.9667706129835967,2.414981135326772
4437,24438,0.1111111111111111,1000,2.0888862093303033,2.3258387162773735
4438,24439,0.1111111111111111,1000,1.7226408049189146,2.6011841521241066
4439,24440,0.1111111111111111,1000,2.3364460209944093,2.070853586684092
4440,24441,0.1111111111111111,1000,2.0603650394237736,2.4194844096580685
4441,24442,0.1111111111111111,1000,2.0786992931312263,2.285642659871273
4442,24443,0.1111111111111111,1000,1.4802287802391467,2.7339184855053995
4443,24444,0.1111111111111111,1000,2.6804239745077303,1.5493456928072924
4444,24445,0.1111111111111111,1000,1.9680292545074223,2.4431278292479965
4445,24446,0.1111111111111111,1000,1.6119822296087478,2.6964309909824955
4446,24447,0.1111111111111111,1000,2.2573012040049805,2.1814610219461152
4447,24448,0.1111111111111111,1000,1.423935672069229,2.8009208506854564
4448,24449,0.1111111111111111,1000,1.9235525651433125,2.4467705591184012
4449,24450,0.1111111111111111,1000,2.588777062025827,1.787759676475119
4450,24451,0.1111111111111111,1000,1.9036939951924996,2.476450153481875
4451,24452,0.1111111111111111,1000,2.465264317146406,2.0064552193562446
4452,24453,0.1111111111111111,1000,2.3849804623614816,2.066932415837763
4453,24454,0.1111111111111111,1000,2.297686732294911,2.167480662854928
4454,24455,0.1111111111111111,1000,1.7929120620164152,2.554552408191976
4455,24456,0.1111111111111111,1000,2.152677222623162,2.2409464574164835
4456,24457,0.1111111111111111,1000,1.771144422721115,2.497546490105572
4457,24458,0.1111111111111111,1000,2.3782180006718407,2.083905923821978
4458,24459,0.1111111111111111,1000,2.342498630816298,2.0128809628050903
4459,24460,0.1111111111111111,1000,1.8160169190586988,2.5899027293778714
4460,24461,0.1111111111111111,1000,2.4527708385964266,1.8724158582033446
4461,24462,0.1111111111111111,1000,1.750940870673216,2.6166149329050756
4462,24463,0.1111111111111111,1000,1.851487587656234,2.5367704383375704
4463,24464,0.1111111111111111,1000,2.1550128866543217,2.231495057158774
4464,24465,0.1111111111111111,1000,1.2249997242221633,2.878106383175231
4465,24466,0.1111111111111111,1000,1.3566246253365573,2.8287903376746195
4466,24467,0.1111111111111111,1000,1.6738141001180995,2.609546420250678
4467,24468,0.1111111111111111,1000,1.079708736755199,2.984446488175825
4468,24469,0.1111111111111111,1000,1.7652501575078563,2.5900055512045452
4469,24470,0.1111111111111111,1000,2.5222815163856165,1.9280061518425342
4470,24471,0.1111111111111111,1000,2.366984839979154,2.0126208720261944
4471,24472,0.1111111111111111,1000,2.3336671515760963,2.0933444127671796
4472,24473,0.1111111111111111,1000,1.8373864462537064,2.547195936793519
4473,24474,0.1111111111111111,1000,2.046757153261341,2.3676488165621885
4474,24475,0.1111111111111111,1000,1.4202491932274666,2.770516111666926
4475,24476,0.1111111111111111,1000,1.7321388577873311,2.5507917303550673
4476,24477,0.1111111111111111,1000,1.6133167165480624,2.717390481102476
4477,24478,0.1111111111111111,1000,2.099091366306912,2.285278854298032
4478,24479,0.1111111111111111,1000,1.8981058611795443,2.5215628262877807
4479,24480,0.1111111111111111,1000,2.1058356806714777,2.3211986132994893
4480,24481,0.1111111111111111,1000,2.4821621440721504,1.9200691619363184
4481,24482,0.1111111111111111,1000,2.276008176623359,2.21569562948094
4482,24483,0.1111111111111111,1000,1.5733193996560533,2.7315969469498707
4483,24484,0.1111111111111111,1000,2.1978721896189284,2.191626899122657
4484,24485,0.1111111111111111,1000,1.1544811806214776,2.9143708047616106
4485,24486,0.1111111111111111,1000,2.3280417897897605,2.0482517815324055
4486,24487,0.1111111111111111,1000,2.20005229709795,2.2167432618378333
4487,24488,0.1111111111111111,1000,1.8019557065366982,2.568942811386686
4488,24489,0.1111111111111111,1000,1.3288670434219356,2.8458145917454063
4489,24490,0.1111111111111111,1000,1.5742217616538823,2.6985046232244203
4490,24491,0.1111111111111111,1000,1.5580894698543637,2.745474814810618
4491,24492,0.1111111111111111,1000,2.397634409572595,1.922856363446461
4492,24493,0.1111111111111111,1000,2.2318051654728586,2.1971297686360964
4493,24494,0.1111111111111111,1000,1.9018789331904504,2.4807591826198427
4494,24495,0.1111111111111111,1000,2.2711730206623453,2.20723475866033
4495,24496,0.1111111111111111,1000,1.3432608268320319,2.842407717827193
4496,24497,0.1111111111111111,1000,1.2927660782771362,2.873595106059443
4497,24498,0.1111111111111111,1000,2.1552349934831296,2.2271320560790784
4498,24499,0.1111111111111111,1000,1.878152890053214,2.510421330122294
4499,24500,0.1111111111111111,1200,2.1382950923615414,2.260177760003896
4500,24501,0.1111111111111111,1200,1.7967241998281804,2.572260302812226
4501,24502,0.1111111111111111,1200,2.1409748531121133,2.2721214962826184
4502,24503,0.1111111111111111,1200,1.6871031758306714,2.694414634883283
4503,24504,0.1111111111111111,1200,2.2044094179040195,2.189867296006578
4504,24505,0.1111111111111111,1200,2.2650639327507562,2.123371967997137
4505,24506,0.1111111111111111,1200,1.7473178093642872,2.6288001883405334
4506,24507,0.1111111111111111,1200,1.7836422054628862,2.513587061170166
4507,24508,0.1111111111111111,1200,2.3188936137931186,2.119021799006186
4508,24509,0.1111111111111111,1200,2.113214818189217,2.280201221750024
4509,24510,0.1111111111111111,1200,2.26223704117089,2.186840852227865
4510,24511,0.1111111111111111,1200,1.7977703365868076,2.5514200410575905
4511,24512,0.1111111111111111,1200,1.3629738910526203,2.833810114639234
4512,24513,0.1111111111111111,1200,2.6261436425529703,1.7279110209782407
4513,24514,0.1111111111111111,1200,2.2798486918138194,2.0588238887071704
4514,24515,0.1111111111111111,1200,2.0444670861477623,2.3828206435688615
4515,24516,0.1111111111111111,1200,1.5477307593314467,2.7464567407769183
4516,24517,0.1111111111111111,1200,2.5981288554343216,1.7617267174350935
4517,24518,0.1111111111111111,1200,1.9966161713858455,2.429375980863789
4518,24519,0.1111111111111111,1200,2.433869069900247,1.8967084736885795
4519,24520,0.1111111111111111,1200,1.6663882494572473,2.6612731135575323
4520,24521,0.1111111111111111,1200,2.3593218931561086,2.0843211347176225
4521,24522,0.1111111111111111,1200,1.1100989092753677,2.9365615915474854
4522,24523,0.1111111111111111,1200,1.2300428480090932,2.8911882054816007
4523,24524,0.1111111111111111,1200,1.7921292023779523,2.6206301594108465
4524,24525,0.1111111111111111,1200,2.052052463574583,2.319840646459965
4525,24526,0.1111111111111111,1200,2.142232328940314,2.278434329870081
4526,24527,0.1111111111111111,1200,1.9223261138668715,2.435113413977542
4527,24528,0.1111111111111111,1200,1.6276899753776646,2.6709100711608196
4528,24529,0.1111111111111111,1200,1.5145665386746487,2.7673949563221933
4529,24530,0.1111111111111111,1200,2.023415736391641,2.3982974664786028
4530,24531,0.1111111111111111,1200,1.4879385110300254,2.786984308452281
4531,24532,0.1111111111111111,1200,2.5165298743328237,1.8474072077235655
4532,24533,0.1111111111111111,1200,2.4787868893846645,1.9192543976622605
4533,24534,0.1111111111111111,1200,1.666935307997532,2.6808355427119865
4534,24535,0.1111111111111111,1200,1.4890273728432941,2.7908782954281124
4535,24536,0.1111111111111111,1200,2.3985444565884118,2.013065276130103
4536,24537,0.1111111111111111,1200,2.157143371302047,2.2832638301747243
4537,24538,0.1111111111111111,1200,2.4457804204778286,1.9388888572697496
4538,24539,0.1111111111111111,1200,1.2993853194533196,2.8549908277188507
4539,24540,0.1111111111111111,1200,2.407103323593052,2.0086429725243793
4540,24541,0.1111111111111111,1200,1.8785167245310703,2.4478672853399055
4541,24542,0.1111111111111111,1200,2.607789966376231,1.7319546068554228
4542,24543,0.1111111111111111,1200,1.6424594201345062,2.714259281016779
4543,24544,0.1111111111111111,1200,2.1638709550356454,2.2813284815029258
4544,24545,0.1111111111111111,1200,2.4335285657494587,1.999486284100911
4545,24546,0.1111111111111111,1200,2.4052595400251846,2.0166627245295454
4546,24547,0.1111111111111111,1200,2.0821880065304454,2.373384528246936
4547,24548,0.1111111111111111,1200,2.586260187906941,1.7762629773914842
4548,24549,0.1111111111111111,1200,2.2093146278011706,2.1282368264520315
4549,24550,0.1111111111111111,1200,2.475187744647887,1.9483954483093762
4550,24551,0.1111111111111111,1200,1.3906961972869916,2.803635670988622
4551,24552,0.1111111111111111,1200,2.30288138150705,2.0444172894360526
4552,24553,0.1111111111111111,1200,2.3584382931323953,2.1162350798862977
4553,24554,0.1111111111111111,1200,2.453455724109247,1.9634347521883768
4554,24555,0.1111111111111111,1200,2.2336664006683895,2.2125064604149243
4555,24556,0.1111111111111111,1200,2.3135950082800423,2.0870160681765775
4556,24557,0.1111111111111111,1200,1.8574550180478604,2.4810364638261126
4557,24558,0.1111111111111111,1200,2.0924066022686847,2.2396581663354267
4558,24559,0.1111111111111111,1200,1.4698424271709454,2.7639338157560642
4559,24560,0.1111111111111111,1200,2.2564832268996895,2.173727700513912
4560,24561,0.1111111111111111,1200,2.0893201361552163,2.3402250176987627
4561,24562,0.1111111111111111,1200,2.3443696998935684,2.0843668992720157
4562,24563,0.1111111111111111,1200,1.5209315814446165,2.7669265762880935
4563,24564,0.1111111111111111,1200,2.266924978467496,2.243255728707639
4564,24565,0.1111111111111111,1200,2.5460412033931044,1.8626154062986697
4565,24566,0.1111111111111111,1200,2.5153656677383944,1.8791379965196477
4566,24567,0.1111111111111111,1200,1.2244682017043453,2.9061438086150977
4567,24568,0.1111111111111111,1200,1.481947531787724,2.7945315858242705
4568,24569,0.1111111111111111,1200,2.4663046840958343,1.9396254078880495
4569,24570,0.1111111111111111,1200,1.4868476872807277,2.762286415878287
4570,24571,0.1111111111111111,1200,1.4970246356809895,2.7714766800933517
4571,24572,0.1111111111111111,1200,1.3468210543037693,2.8400734081461447
4572,24573,0.1111111111111111,1200,1.5977707872804803,2.648421958868
4573,24574,0.1111111111111111,1200,2.31111420129869,2.0832795439465874
4574,24575,0.1111111111111111,1200,1.8211652263402296,2.5624702256865097
4575,24576,0.1111111111111111,1200,1.7280998750661347,2.606631782570632
4576,24577,0.1111111111111111,1200,2.7519319713907517,1.4766110653458187
4577,24578,0.1111111111111111,1200,2.1550077368573883,2.278773990047047
4578,24579,0.1111111111111111,1200,2.1084322818936774,2.3135228312621656
4579,24580,0.1111111111111111,1200,2.4932157504649437,1.9048800054235255
4580,24581,0.1111111111111111,1200,2.779261557924147,1.4066684130208749
4581,24582,0.1111111111111111,1200,2.309268878582296,2.0842721581376056
4582,24583,0.1111111111111111,1200,1.956709868240028,2.4364019707292934
4583,24584,0.1111111111111111,1200,2.3490143301289566,2.083988263627969
4584,24585,0.1111111111111111,1200,1.9692024983390362,2.418299635723515
4585,24586,0.1111111111111111,1200,2.00338665099706,2.4071550168277716
4586,24587,0.1111111111111111,1200,1.8990120415090253,2.5212335361063873
4587,24588,0.1111111111111111,1200,1.8038415112222297,2.554674723419592
4588,24589,0.1111111111111111,1200,2.3937942638511407,1.9973699206130235
4589,24590,0.1111111111111111,1200,1.443287302850408,2.777332991215077
4590,24591,0.1111111111111111,1200,2.1723207065467927,2.2320265660971237
4591,24592,0.1111111111111111,1200,2.020149593243572,2.4806558872343927
4592,24593,0.1111111111111111,1200,1.8041486592269376,2.5616261689534
4593,24594,0.1111111111111111,1200,2.2132701960052064,2.1911221659183644
4594,24595,0.1111111111111111,1200,2.196308363711399,2.2285900165364274
4595,24596,0.1111111111111111,1200,1.8691052483221338,2.5632318776156517
4596,24597,0.1111111111111111,1200,2.1309415699659184,2.2851454728052447
4597,24598,0.1111111111111111,1200,2.1932923120736474,2.1876964149528746
4598,24599,0.1111111111111111,1200,1.978700481176333,2.4375641728264412
4599,24600,0.1111111111111111,1400,2.451606449488984,1.9573829951878703
4600,24601,0.1111111111111111,1400,2.1972555094691724,2.22645291678752
4601,24602,0.1111111111111111,1400,1.543776448889896,2.751046781452862
4602,24603,0.1111111111111111,1400,2.0204559886905673,2.437166812797586
4603,24604,0.1111111111111111,1400,2.2415750198028115,2.1677484136572702
4604,24605,0.1111111111111111,1400,2.7561613651003443,1.5563568555626308
4605,24606,0.1111111111111111,1400,2.3178362065092113,1.9869999503970823
4606,24607,0.1111111111111111,1400,2.058300228843941,2.396240499658819
4607,24608,0.1111111111111111,1400,2.345729450064639,2.0183296654657514
4608,24609,0.1111111111111111,1400,1.5822302798377987,2.69388654719201
4609,24610,0.1111111111111111,1400,2.6661169412264654,1.612174088287032
4610,24611,0.1111111111111111,1400,1.4281491943874087,2.8046601809884635
4611,24612,0.1111111111111111,1400,2.1552740187877233,2.2393641988478956
4612,24613,0.1111111111111111,1400,2.4720034880615294,1.9552582213736969
4613,24614,0.1111111111111111,1400,1.4190519731247528,2.786531232841122
4614,24615,0.1111111111111111,1400,2.592889152899286,1.7781950636010222
4615,24616,0.1111111111111111,1400,2.052126960738218,2.372500028639211
4616,24617,0.1111111111111111,1400,2.2286070664990225,2.2112996198712658
4617,24618,0.1111111111111111,1400,1.804829827537358,2.5583238421180168
4618,24619,0.1111111111111111,1400,1.7337111176972861,2.597962684007334
4619,24620,0.1111111111111111,1400,2.3615295556233096,2.044785052781851
4620,24621,0.1111111111111111,1400,2.358893699349104,2.0468129526471412
4621,24622,0.1111111111111111,1400,2.0194609136317063,2.4048900821707777
4622,24623,0.1111111111111111,1400,2.212852446063736,2.169069482867752
4623,24624,0.1111111111111111,1400,1.9979364214265392,2.4360804024385567
4624,24625,0.1111111111111111,1400,2.009911450719125,2.422860916817023
4625,24626,0.1111111111111111,1400,1.8829078973969675,2.5048719406028535
4626,24627,0.1111111111111111,1400,2.189417912082576,2.2268227525808033
4627,24628,0.1111111111111111,1400,2.355654203980838,2.1112932512433153
4628,24629,0.1111111111111111,1400,1.4915337081621092,2.7819182059739243
4629,24630,0.1111111111111111,1400,2.4617150188629866,1.8728654244569651
4630,24631,0.1111111111111111,1400,2.1933881831263595,2.263583928137353
4631,24632,0.1111111111111111,1400,2.147480778345333,2.250722820789206
4632,24633,0.1111111111111111,1400,2.1667879695317613,2.2633684668861593
4633,24634,0.1111111111111111,1400,2.283710492557658,2.1831144048356137
4634,24635,0.1111111111111111,1400,1.3938964206046174,2.8271991812251978
4635,24636,0.1111111111111111,1400,2.7577984965630717,1.5115558217732923
4636,24637,0.1111111111111111,1400,2.3233630352510235,2.0677396628609372
4637,24638,0.1111111111111111,1400,2.2191521513296406,2.245610273308903
4638,24639,0.1111111111111111,1400,1.1608071709703325,2.9184628861807083
4639,24640,0.1111111111111111,1400,2.4362546215637404,1.9781697554135516
4640,24641,0.1111111111111111,1400,2.9685041240285512,1.0390242103834275
4641,24642,0.1111111111111111,1400,2.174559789619086,2.277458115939489
4642,24643,0.1111111111111111,1400,2.2410588218384726,2.191931237682283
4643,24644,0.1111111111111111,1400,2.223133974279082,2.2070985944717085
4644,24645,0.1111111111111111,1400,2.334791818430248,2.053592804555274
4645,24646,0.1111111111111111,1400,1.8944900948655696,2.4609840413568653
4646,24647,0.1111111111111111,1400,1.8132316015765308,2.5202470244177633
4647,24648,0.1111111111111111,1400,1.9512210582316782,2.486087054734508
4648,24649,0.1111111111111111,1400,1.7301020817100814,2.6215580083339383
4649,24650,0.1111111111111111,1400,2.2369542534080287,2.1409948574705258
4650,24651,0.1111111111111111,1400,2.3585755964078876,2.037570055390538
4651,24652,0.1111111111111111,1400,2.437008133557025,1.9538406982486467
4652,24653,0.1111111111111111,1400,2.202066047144716,2.234489415700925
4653,24654,0.1111111111111111,1400,2.7042973172709592,1.649766815785362
4654,24655,0.1111111111111111,1400,2.1278051177194484,2.2449581806343835
4655,24656,0.1111111111111111,1400,1.871510972478984,2.519201599642686
4656,24657,0.1111111111111111,1400,1.636357709562855,2.6862295179151365
4657,24658,0.1111111111111111,1400,2.3443440302970053,2.045144554483749
4658,24659,0.1111111111111111,1400,1.6674095511757034,2.6730778349944044
4659,24660,0.1111111111111111,1400,2.252108234438975,2.207999273486143
4660,24661,0.1111111111111111,1400,2.2941737330644303,2.132563607871385
4661,24662,0.1111111111111111,1400,2.129534932583534,2.3090050818499073
4662,24663,0.1111111111111111,1400,1.4503749048405425,2.79339017665522
4663,24664,0.1111111111111111,1400,1.6459858935401868,2.663131302502685
4664,24665,0.1111111111111111,1400,2.3910362156335987,2.0343382255897646
4665,24666,0.1111111111111111,1400,1.601388656094104,2.691364160752736
4666,24667,0.1111111111111111,1400,1.310063132749289,2.8460216915027337
4667,24668,0.1111111111111111,1400,1.262728903590498,2.8679902027625594
4668,24669,0.1111111111111111,1400,1.909527000485341,2.5050831575303225
4669,24670,0.1111111111111111,1400,2.0669306775756677,2.3769782843848235
4670,24671,0.1111111111111111,1400,1.82671075362749,2.576755105390239
4671,24672,0.1111111111111111,1400,2.3165702164659936,2.1435172864396206
4672,24673,0.1111111111111111,1400,1.5176755946645297,2.776747475804129
4673,24674,0.1111111111111111,1400,2.098105792521757,2.3176381484231436
4674,24675,0.1111111111111111,1400,2.5210732813301875,1.7825655995838687
4675,24676,0.1111111111111111,1400,1.9335909108911575,2.476932572139822
4676,24677,0.1111111111111111,1400,2.432753902015824,2.000928035440057
4677,24678,0.1111111111111111,1400,2.7448680316499,1.3783537985491139
4678,24679,0.1111111111111111,1400,2.6139509379216004,1.6857318465410238
4679,24680,0.1111111111111111,1400,2.4772604251588186,1.9297352205756444
4680,24681,0.1111111111111111,1400,2.0201829657255703,2.2934760615586325
4681,24682,0.1111111111111111,1400,2.1978227585237504,2.2248379911652174
4682,24683,0.1111111111111111,1400,2.170099805302774,2.2640157896860256
4683,24684,0.1111111111111111,1400,2.0332039928051553,2.426980079602812
4684,24685,0.1111111111111111,1400,1.7446024018584487,2.6036649871520168
4685,24686,0.1111111111111111,1400,1.9959158585353318,2.4202760249662236
4686,24687,0.1111111111111111,1400,2.0809974346817897,2.319848624581007
4687,24688,0.1111111111111111,1400,1.634747575002605,2.6571525289004954
4688,24689,0.1111111111111111,1400,2.3499736465940932,2.074220782665949
4689,24690,0.1111111111111111,1400,1.4309014366530741,2.8051292384790805
4690,24691,0.1111111111111111,1400,1.8339215835434455,2.5564761305351973
4691,24692,0.1111111111111111,1400,2.4454895529689646,2.0145605631876284
4692,24693,0.1111111111111111,1400,1.9663955505352704,2.4428549558906423
4693,24694,0.1111111111111111,1400,2.1684025703142984,2.2325958525748932
4694,24695,0.1111111111111111,1400,2.2499303334932614,2.2268631467259943
4695,24696,0.1111111111111111,1400,2.031314938094024,2.4270269492731424
4696,24697,0.1111111111111111,1400,1.6228088657990891,2.692394067401146
4697,24698,0.1111111111111111,1400,2.367254551740415,2.0616632026407777
4698,24699,0.1111111111111111,1400,2.3288416851322804,2.056100338376551
4699,24700,0.1111111111111111,1600,1.5245071307152556,2.717594601273083
4700,24701,0.1111111111111111,1600,1.9517385830633622,2.50347705579183
4701,24702,0.1111111111111111,1600,2.1089826646630834,2.323201804433478
4702,24703,0.1111111111111111,1600,2.5561272076209676,1.8477351109052413
4703,24704,0.1111111111111111,1600,2.278363994213022,2.1819018927823626
4704,24705,0.1111111111111111,1600,1.8278679744807875,2.6059341070577267
4705,24706,0.1111111111111111,1600,2.0248325071514928,2.4160546124847952
4706,24707,0.1111111111111111,1600,1.7259619977933418,2.6030495049669016
4707,24708,0.1111111111111111,1600,2.3526137283956983,2.0732779312426013
4708,24709,0.1111111111111111,1600,2.2605222206565148,2.2207343215234823
4709,24710,0.1111111111111111,1600,2.3964443077261324,1.9847043381254863
4710,24711,0.1111111111111111,1600,2.295691520051098,2.214823494378915
4711,24712,0.1111111111111111,1600,2.0449994264781663,2.403418870199011
4712,24713,0.1111111111111111,1600,2.161402515343787,2.2609249144671613
4713,24714,0.1111111111111111,1600,2.2155590166222625,2.217892007335875
4714,24715,0.1111111111111111,1600,2.3724953758564395,2.047015107251159
4715,24716,0.1111111111111111,1600,1.900347687585601,2.4781382187673877
4716,24717,0.1111111111111111,1600,2.0628397786489447,2.299676202663105
4717,24718,0.1111111111111111,1600,2.249424518620914,2.188829756042922
4718,24719,0.1111111111111111,1600,2.327204000038995,2.076317347375384
4719,24720,0.1111111111111111,1600,2.6217496594838607,1.6996730261286312
4720,24721,0.1111111111111111,1600,2.760485745797736,1.4978471547168484
4721,24722,0.1111111111111111,1600,2.403873433262268,2.0409349918997237
4722,24723,0.1111111111111111,1600,2.374811161813471,2.011473239262054
4723,24724,0.1111111111111111,1600,2.2867208592863646,2.1897903429379197
4724,24725,0.1111111111111111,1600,1.560272655543087,2.703728008684145
4725,24726,0.1111111111111111,1600,1.038346916694632,2.961189042723709
4726,24727,0.1111111111111111,1600,1.363129519255931,2.8399833223748248
4727,24728,0.1111111111111111,1600,2.147658021885185,2.283701404809127
4728,24729,0.1111111111111111,1600,2.5108189886132286,1.9102217758983897
4729,24730,0.1111111111111111,1600,2.2982578388400987,2.1163596017680733
4730,24731,0.1111111111111111,1600,2.7161275510575797,1.4955404530294618
4731,24732,0.1111111111111111,1600,2.626249369844156,1.801979030236599
4732,24733,0.1111111111111111,1600,2.3420105812586547,2.0322483257523802
4733,24734,0.1111111111111111,1600,2.007309688749934,2.435371813805725
4734,24735,0.1111111111111111,1600,1.2851594580346597,2.8814836466840434
4735,24736,0.1111111111111111,1600,2.287261997014687,2.1664570818425175
4736,24737,0.1111111111111111,1600,2.3307697743669964,2.1114535344932026
4737,24738,0.1111111111111111,1600,2.4795789265218646,2.0475651915629007
4738,24739,0.1111111111111111,1600,2.130631764375466,2.3078649033559073
4739,24740,0.1111111111111111,1600,2.3878434077250446,2.0015011587058043
4740,24741,0.1111111111111111,1600,1.9971613330259124,2.428412103285777
4741,24742,0.1111111111111111,1600,1.5803113497426335,2.6910299336756176
4742,24743,0.1111111111111111,1600,2.3564136156649838,2.0193312120869655
4743,24744,0.1111111111111111,1600,2.208922765205396,2.1694830347228002
4744,24745,0.1111111111111111,1600,2.143755723032529,2.2740917015984525
4745,24746,0.1111111111111111,1600,2.2442802454347746,2.17781942816063
4746,24747,0.1111111111111111,1600,1.9407396023046544,2.499725642502629
4747,24748,0.1111111111111111,1600,2.3898059695602365,2.0465773348994416
4748,24749,0.1111111111111111,1600,1.664102363798928,2.6524526666163935
4749,24750,0.1111111111111111,1600,2.002586265302777,2.4399161247252055
4750,24751,0.1111111111111111,1600,2.387967839538533,2.0661237170687956
4751,24752,0.1111111111111111,1600,1.9562911787571007,2.461778722955967
4752,24753,0.1111111111111111,1600,1.3022777719704552,2.8802624073188525
4753,24754,0.1111111111111111,1600,2.240412791312995,2.243119456755645
4754,24755,0.1111111111111111,1600,2.5354541402283948,1.8900388519962799
4755,24756,0.1111111111111111,1600,2.316157177069036,2.0741359002737267
4756,24757,0.1111111111111111,1600,1.9528519089282625,2.470810371944522
4757,24758,0.1111111111111111,1600,2.013175583153823,2.395573013897217
4758,24759,0.1111111111111111,1600,1.3679635618160995,2.8236326351139382
4759,24760,0.1111111111111111,1600,1.875697383398403,2.5238424429932134
4760,24761,0.1111111111111111,1600,2.577908303109429,1.7846648875029203
4761,24762,0.1111111111111111,1600,2.1660107805654194,2.2616166671363267
4762,24763,0.1111111111111111,1600,1.5500602518499385,2.7350087330018638
4763,24764,0.1111111111111111,1600,2.2782213821030175,2.1761000097814422
4764,24765,0.1111111111111111,1600,2.5701281867782666,1.7633076940431227
4765,24766,0.1111111111111111,1600,1.607728410568837,2.709761846029127
4766,24767,0.1111111111111111,1600,2.3268560018727316,2.09615027546317
4767,24768,0.1111111111111111,1600,2.4083511027172637,1.994238950057643
4768,24769,0.1111111111111111,1600,1.930074235937094,2.5232434280886085
4769,24770,0.1111111111111111,1600,2.5762521716373588,1.8016367345617676
4770,24771,0.1111111111111111,1600,2.4045289776764243,2.0033345519819994
4771,24772,0.1111111111111111,1600,2.3773345523454505,2.0615162877243587
4772,24773,0.1111111111111111,1600,2.4007354012793956,2.059655324351087
4773,24774,0.1111111111111111,1600,1.965403406691885,2.441219622931962
4774,24775,0.1111111111111111,1600,1.7806343873203176,2.5902242357370877
4775,24776,0.1111111111111111,1600,1.6905631334127573,2.645406348607077
4776,24777,0.1111111111111111,1600,2.3895659536663514,1.9715793645902853
4777,24778,0.1111111111111111,1600,1.3013238957062243,2.864982495236363
4778,24779,0.1111111111111111,1600,1.9826570414963236,2.4373890805413554
4779,24780,0.1111111111111111,1600,2.2651965670687764,2.173153150821851
4780,24781,0.1111111111111111,1600,2.2939532205308533,2.1863002795992945
4781,24782,0.1111111111111111,1600,2.222314665180525,2.2601062368290967
4782,24783,0.1111111111111111,1600,1.9985734843365415,2.423339670992432
4783,24784,0.1111111111111111,1600,2.4689749990319925,1.906004909153987
4784,24785,0.1111111111111111,1600,2.219363775048984,2.1975708285586792
4785,24786,0.1111111111111111,1600,2.0138255867113353,2.420382499458169
4786,24787,0.1111111111111111,1600,2.3123413961215307,2.0835559787427806
4787,24788,0.1111111111111111,1600,2.0339583495335676,2.3825828348035634
4788,24789,0.1111111111111111,1600,2.3783384782574326,1.9872334377540988
4789,24790,0.1111111111111111,1600,1.9848037950998987,2.4422803130121684
4790,24791,0.1111111111111111,1600,1.6230119488430748,2.6554344386086153
4791,24792,0.1111111111111111,1600,1.3075574946452289,2.8744066843920626
4792,24793,0.1111111111111111,1600,2.6942359279156856,1.5739882434951613
4793,24794,0.1111111111111111,1600,1.9251299048350805,2.4600366295358773
4794,24795,0.1111111111111111,1600,2.151401114218063,2.301956668755608
4795,24796,0.1111111111111111,1600,2.1363039128419876,2.277767382237989
4796,24797,0.1111111111111111,1600,2.548733396111614,1.8870435312470726
4797,24798,0.1111111111111111,1600,2.2514916984953706,2.200683896570807
4798,24799,0.1111111111111111,1600,1.5502098453402282,2.7386652454482103
4799,24800,0.1111111111111111,1800,2.450396642968435,1.9373215021368704
4800,24801,0.1111111111111111,1800,2.0565107447364896,2.385457732136797
4801,24802,0.1111111111111111,1800,2.275362240754886,2.1885270031098183
4802,24803,0.1111111111111111,1800,2.529291659457539,1.8294645603964224
4803,24804,0.1111111111111111,1800,2.0229019810051665,2.4009580281527882
4804,24805,0.1111111111111111,1800,2.34163629388262,2.090804503925258
4805,24806,0.1111111111111111,1800,2.180188092987303,2.2651779397641154
4806,24807,0.1111111111111111,1800,1.8858239509837111,2.4428156068370606
4807,24808,0.1111111111111111,1800,1.814831371878253,2.577799130333979
4808,24809,0.1111111111111111,1800,1.9340142933202966,2.482665924790214
4809,24810,0.1111111111111111,1800,2.2511978701853486,2.293059432770527
4810,24811,0.1111111111111111,1800,1.8215798557934417,2.5385566830455275
4811,24812,0.1111111111111111,1800,2.1935152931595985,2.206383033754527
4812,24813,0.1111111111111111,1800,2.4327329591282902,1.9994745003893386
4813,24814,0.1111111111111111,1800,2.508761759699691,1.8857757224119251
4814,24815,0.1111111111111111,1800,2.2150685854225474,2.2335022982769286
4815,24816,0.1111111111111111,1800,2.1527295463577376,2.2881945168511235
4816,24817,0.1111111111111111,1800,2.1495456820979046,2.3105492982591347
4817,24818,0.1111111111111111,1800,1.8380724837159796,2.618827705942842
4818,24819,0.1111111111111111,1800,2.558825635855506,1.7289202068260807
4819,24820,0.1111111111111111,1800,2.3932338783491653,2.024187125688639
4820,24821,0.1111111111111111,1800,2.212395729144221,2.243756018253218
4821,24822,0.1111111111111111,1800,2.2000221444822445,2.276404279283424
4822,24823,0.1111111111111111,1800,2.1241284152879016,2.247557697574185
4823,24824,0.1111111111111111,1800,2.349922311069162,2.052918641846836
4824,24825,0.1111111111111111,1800,1.5221193248285139,2.7480373639297384
4825,24826,0.1111111111111111,1800,2.414457879022432,1.9905770094142603
4826,24827,0.1111111111111111,1800,2.547656894744665,1.8542927331556682
4827,24828,0.1111111111111111,1800,2.56927433347422,1.789174523938391
4828,24829,0.1111111111111111,1800,2.2842820941540998,2.1966785353277483
4829,24830,0.1111111111111111,1800,2.446604192439218,1.9822382667369023
4830,24831,0.1111111111111111,1800,1.176623766840105,2.9141585680737827
4831,24832,0.1111111111111111,1800,2.0192166931983606,2.37562847297436
4832,24833,0.1111111111111111,1800,2.690572655641943,1.4931322671228722
4833,24834,0.1111111111111111,1800,2.4377709160027785,1.9803831926168194
4834,24835,0.1111111111111111,1800,1.3006189201215714,2.84965442191265
4835,24836,0.1111111111111111,1800,2.34689448995608,2.1209359772863317
4836,24837,0.1111111111111111,1800,2.341984813171911,2.0880167706322563
4837,24838,0.1111111111111111,1800,1.6953350766169717,2.659048777626232
4838,24839,0.1111111111111111,1800,2.7075364267165996,1.5134901311741267
4839,24840,0.1111111111111111,1800,2.442094572437484,1.9969979258158723
4840,24841,0.1111111111111111,1800,2.7305416027197498,1.5806561973810835
4841,24842,0.1111111111111111,1800,2.5704372460289178,1.8230480048658133
4842,24843,0.1111111111111111,1800,1.5042322048201586,2.716332578605084
4843,24844,0.1111111111111111,1800,2.4363677866984967,2.0318393819261567
4844,24845,0.1111111111111111,1800,2.2635179814988655,2.2093937345226156
4845,24846,0.1111111111111111,1800,2.205896329654166,2.2240010068412697
4846,24847,0.1111111111111111,1800,2.1377103865335245,2.3523947737474957
4847,24848,0.1111111111111111,1800,2.4726432925718296,1.950809909102474
4848,24849,0.1111111111111111,1800,2.06229811617766,2.391635264499893
4849,24850,0.1111111111111111,1800,2.2808728554128974,2.171265774629032
4850,24851,0.1111111111111111,1800,2.5652825408569915,1.8320989212332315
4851,24852,0.1111111111111111,1800,2.3856240532209254,2.0418806205023037
4852,24853,0.1111111111111111,1800,2.2008204248128367,2.256975573757315
4853,24854,0.1111111111111111,1800,2.14696169190444,2.2885375251246263
4854,24855,0.1111111111111111,1800,2.399225203634774,2.0626363762640736
4855,24856,0.1111111111111111,1800,1.796638206200732,2.591390477905164
4856,24857,0.1111111111111111,1800,2.4705508009959685,1.913849500162653
4857,24858,0.1111111111111111,1800,1.4015228899259804,2.7987716683547585
4858,24859,0.1111111111111111,1800,1.1205182395550852,2.9595064073766864
4859,24860,0.1111111111111111,1800,2.165713356240327,2.271784817327648
4860,24861,0.1111111111111111,1800,2.3596033754549155,1.974408046194754
4861,24862,0.1111111111111111,1800,2.5878598940143043,1.8456603586922473
4862,24863,0.1111111111111111,1800,2.347976463692987,2.0613862231192446
4863,24864,0.1111111111111111,1800,2.3527605632440065,2.045785063272907
4864,24865,0.1111111111111111,1800,2.4693080905260674,1.9873748482216556
4865,24866,0.1111111111111111,1800,2.1773035619834507,2.2197017025568657
4866,24867,0.1111111111111111,1800,2.273268445948007,2.081077400925129
4867,24868,0.1111111111111111,1800,2.489163223966728,1.9587874232932503
4868,24869,0.1111111111111111,1800,1.5383655063944344,2.675608732326522
4869,24870,0.1111111111111111,1800,2.4023514645149477,1.9929094151090916
4870,24871,0.1111111111111111,1800,2.439932437970275,1.961407734617577
4871,24872,0.1111111111111111,1800,2.1455065964097266,2.2807465738311703
4872,24873,0.1111111111111111,1800,1.6598385869301382,2.6414693966374716
4873,24874,0.1111111111111111,1800,1.684116590676851,2.6889935318248925
4874,24875,0.1111111111111111,1800,2.220349659492768,2.2581940062850405
4875,24876,0.1111111111111111,1800,2.1795869645735646,2.289435055803626
4876,24877,0.1111111111111111,1800,1.8520880536816455,2.5534680048960703
4877,24878,0.1111111111111111,1800,2.632365142956075,1.7103471799568783
4878,24879,0.1111111111111111,1800,2.1694022471538434,2.276089951943656
4879,24880,0.1111111111111111,1800,2.203353083001208,2.279643709586052
4880,24881,0.1111111111111111,1800,2.021417424918024,2.3596936048946118
4881,24882,0.1111111111111111,1800,2.4781775775138932,1.9720284302933986
4882,24883,0.1111111111111111,1800,2.5374515601840213,1.8240069525531932
4883,24884,0.1111111111111111,1800,2.659607359166002,1.706860181292194
4884,24885,0.1111111111111111,1800,2.22300883146038,2.221632013852121
4885,24886,0.1111111111111111,1800,1.9023701144051146,2.4983355313625766
4886,24887,0.1111111111111111,1800,2.2473762826479233,2.1962882706745344
4887,24888,0.1111111111111111,1800,2.133050388897827,2.338538969610861
4888,24889,0.1111111111111111,1800,2.3785344213905195,2.029335912885397
4889,24890,0.1111111111111111,1800,1.7290510404165507,2.6263719176413476
4890,24891,0.1111111111111111,1800,2.358066190251968,2.092751644157187
4891,24892,0.1111111111111111,1800,2.3720733920609556,2.1438798640934293
4892,24893,0.1111111111111111,1800,2.3308625265159284,2.0812564265745728
4893,24894,0.1111111111111111,1800,2.121211408340703,2.3388626617818007
4894,24895,0.1111111111111111,1800,2.7675565635940913,1.455346581002748
4895,24896,0.1111111111111111,1800,1.9040638021850071,2.4999589930271275
4896,24897,0.1111111111111111,1800,2.302540261228278,2.1623032691391666
4897,24898,0.1111111111111111,1800,2.460083859211136,1.9534863073058464
4898,24899,0.1111111111111111,1800,2.1777417347463808,2.2220121498451144
4899,24900,0.1111111111111111,2000,2.0779148334986144,2.3822714612594136
4900,24901,0.1111111111111111,2000,2.798445758093782,1.5096677389861366
4901,24902,0.1111111111111111,2000,2.379916578246741,1.967743379744046
4902,24903,0.1111111111111111,2000,2.476463800835366,1.9037601183639352
4903,24904,0.1111111111111111,2000,2.733407010266649,1.5883781844953626
4904,24905,0.1111111111111111,2000,2.249458554189256,2.1503231856443277
4905,24906,0.1111111111111111,2000,2.0001530963654823,2.3656858173462147
4906,24907,0.1111111111111111,2000,2.513218668630877,1.88884462949212
4907,24908,0.1111111111111111,2000,2.5167257899180653,1.7753652202117174
4908,24909,0.1111111111111111,2000,2.3700880082223095,2.005768637414338
4909,24910,0.1111111111111111,2000,1.5677373394944225,2.715360887852822
4910,24911,0.1111111111111111,2000,2.5074539156310443,1.9305135619723646
4911,24912,0.1111111111111111,2000,2.346230737089562,2.042873161372933
4912,24913,0.1111111111111111,2000,2.2338945537916195,2.1970008196538546
4913,24914,0.1111111111111111,2000,2.5342394048563914,1.884133829843929
4914,24915,0.1111111111111111,2000,2.4147779932225513,2.0093168705528206
4915,24916,0.1111111111111111,2000,1.9838309775205498,2.449840140558835
4916,24917,0.1111111111111111,2000,2.2955807046623393,2.1041508012259924
4917,24918,0.1111111111111111,2000,2.2035767924070426,2.203496930792254
4918,24919,0.1111111111111111,2000,2.647754394883358,1.7080897900782488
4919,24920,0.1111111111111111,2000,2.4505465962010398,1.8984671910523634
4920,24921,0.1111111111111111,2000,2.2251274427165075,2.248770100900613
4921,24922,0.1111111111111111,2000,2.104253598765263,2.3345041347684097
4922,24923,0.1111111111111111,2000,2.486576580945553,1.9280092498079935
4923,24924,0.1111111111111111,2000,1.9661134356276584,2.4655163181364186
4924,24925,0.1111111111111111,2000,1.8669071321445767,2.546777257145156
4925,24926,0.1111111111111111,2000,1.1773418858718745,2.926486489392946
4926,24927,0.1111111111111111,2000,2.6791632219375243,1.5488614931067286
4927,24928,0.1111111111111111,2000,2.1520513023567647,2.321081301049551
4928,24929,0.1111111111111111,2000,2.526469927912067,1.893995793477827
4929,24930,0.1111111111111111,2000,1.7116297543822576,2.6481577616752374
4930,24931,0.1111111111111111,2000,1.0718489247592475,2.953496747867178
4931,24932,0.1111111111111111,2000,2.392143312006582,1.9412011346015596
4932,24933,0.1111111111111111,2000,2.676343858740141,1.5831958523903806
4933,24934,0.1111111111111111,2000,2.252014837438762,2.2008591336553236
4934,24935,0.1111111111111111,2000,2.036547902451932,2.3684865935640005
4935,24936,0.1111111111111111,2000,1.9126819199160905,2.5342564455752146
4936,24937,0.1111111111111111,2000,2.5207249651813948,1.8730101616593582
4937,24938,0.1111111111111111,2000,1.7873206636126273,2.5746904768916687
4938,24939,0.1111111111111111,2000,1.774545160293171,2.5464010204853453
4939,24940,0.1111111111111111,2000,2.436274382452873,1.944617643524568
4940,24941,0.1111111111111111,2000,1.882271034082398,2.5065506302794924
4941,24942,0.1111111111111111,2000,2.661511769289005,1.7314317311627232
4942,24943,0.1111111111111111,2000,2.5350416274380323,1.915479482005028
4943,24944,0.1111111111111111,2000,2.2185051509016818,2.251165126935438
4944,24945,0.1111111111111111,2000,2.489768546298916,1.9951708145162979
4945,24946,0.1111111111111111,2000,2.182051952238443,2.260370792591018
4946,24947,0.1111111111111111,2000,2.1138042221674485,2.3785504524441174
4947,24948,0.1111111111111111,2000,2.57780276582589,1.805312661422575
4948,24949,0.1111111111111111,2000,2.5230930028577165,1.915804377695861
4949,24950,0.1111111111111111,2000,2.2526447055001735,2.087645049084176
4950,24951,0.1111111111111111,2000,2.69446979636174,1.5696914249159446
4951,24952,0.1111111111111111,2000,2.203726565964099,2.2496110065802273
4952,24953,0.1111111111111111,2000,2.385098616221728,2.086839346102834
4953,24954,0.1111111111111111,2000,2.114137170528274,2.3412686292400573
4954,24955,0.1111111111111111,2000,2.4320347124326953,2.015158121920737
4955,24956,0.1111111111111111,2000,2.155257084059296,2.244263769857789
4956,24957,0.1111111111111111,2000,1.9170917393175972,2.498260861899891
4957,24958,0.1111111111111111,2000,1.9308645443294634,2.4906900691903844
4958,24959,0.1111111111111111,2000,2.4260805795220444,2.0266560951076342
4959,24960,0.1111111111111111,2000,2.3514563299094617,2.1237251018685774
4960,24961,0.1111111111111111,2000,1.9910847583195856,2.4255569556514813
4961,24962,0.1111111111111111,2000,2.3417502644045625,2.0740461653751607
4962,24963,0.1111111111111111,2000,2.5544764661246697,1.8762623058365708
4963,24964,0.1111111111111111,2000,2.260778346042891,2.30482790859529
4964,24965,0.1111111111111111,2000,2.512732471564646,1.8805589901383062
4965,24966,0.1111111111111111,2000,2.046054964377883,2.265845763329833
4966,24967,0.1111111111111111,2000,2.2387053907646,2.0888521276325513
4967,24968,0.1111111111111111,2000,2.0749351598899923,2.40608913795125
4968,24969,0.1111111111111111,2000,1.9624075339848648,2.4479480702596974
4969,24970,0.1111111111111111,2000,2.400167471598661,2.0334786763402883
4970,24971,0.1111111111111111,2000,2.381012589807356,2.09802002402955
4971,24972,0.1111111111111111,2000,1.7664323047064694,2.5994847917193105
4972,24973,0.1111111111111111,2000,2.1513385673068397,2.285159611154757
4973,24974,0.1111111111111111,2000,1.9678526772090241,2.4627887850069032
4974,24975,0.1111111111111111,2000,1.4577132835267048,2.7806171470294867
4975,24976,0.1111111111111111,2000,2.2483461759901195,2.202041590515817
4976,24977,0.1111111111111111,2000,2.2614070002451436,2.215582075653484
4977,24978,0.1111111111111111,2000,2.3199534076135726,2.127428499558178
4978,24979,0.1111111111111111,2000,2.292464668324384,2.1500132997460013
4979,24980,0.1111111111111111,2000,1.8985288336573842,2.4678965835293107
4980,24981,0.1111111111111111,2000,1.9428668774976117,2.506168072883054
4981,24982,0.1111111111111111,2000,2.4113450894993287,2.0411488046397066
4982,24983,0.1111111111111111,2000,2.4592215461940556,1.904101007510088
4983,24984,0.1111111111111111,2000,2.474649841643951,1.9829984366292444
4984,24985,0.1111111111111111,2000,2.2124722176866447,2.2215317065105804
4985,24986,0.1111111111111111,2000,2.193036705671777,2.2496473474210754
4986,24987,0.1111111111111111,2000,2.077619095119344,2.335595030164815
4987,24988,0.1111111111111111,2000,1.911450243812709,2.4788457771385106
4988,24989,0.1111111111111111,2000,2.1438960987258295,2.2337725145622733
4989,24990,0.1111111111111111,2000,2.6743614737615946,1.739701302514367
4990,24991,0.1111111111111111,2000,2.2416330251415983,2.210780284462089
4991,24992,0.1111111111111111,2000,1.8995573287599405,2.418564317937492
4992,24993,0.1111111111111111,2000,2.548754896112124,1.7661297680497605
4993,24994,0.1111111111111111,2000,2.2010099344259215,2.241646978454173
4994,24995,0.1111111111111111,2000,2.2608078597474166,2.17794815228814
4995,24996,0.1111111111111111,2000,1.9150963285301263,2.52984218805187
4996,24997,0.1111111111111111,2000,2.36191248439687,2.0530743393118236
4997,24998,0.1111111111111111,2000,2.250819641980879,2.202719752908149
4998,24999,0.1111111111111111,2000,2.164365546384023,2.294607196832668
4999,25000,0.062482369465594344,200,1.3930042022675155,2.7957820685221337
5000,25001,0.062482369465594344,200,1.8152161173456058,2.5579150712566365
5001,25002,0.062482369465594344,200,1.7672888020099287,2.5801910511294546
5002,25003,0.062482369465594344,200,2.09608690792946,2.3284885326185534
5003,25004,0.062482369465594344,200,1.0423875116945776,2.990870965593765
5004,25005,0.062482369465594344,200,1.1220842131964806,2.9276441760790517
5005,25006,0.062482369465594344,200,1.0442427509347108,2.9630109042784363
5006,25007,0.062482369465594344,200,1.0376905403698455,2.9663590278183043
5007,25008,0.062482369465594344,200,1.1278319748014043,2.9212510592773233
5008,25009,0.062482369465594344,200,1.086945005999923,2.9640026669607575
5009,25010,0.062482369465594344,200,1.5159917191965966,2.721635270894814
5010,25011,0.062482369465594344,200,1.0664706647218325,2.944812357990742
5011,25012,0.062482369465594344,200,1.543651951823924,2.72900533867294
5012,25013,0.062482369465594344,200,1.8178887852245988,2.4693063284809664
5013,25014,0.062482369465594344,200,1.0801518813180824,2.9337577333330667
5014,25015,0.062482369465594344,200,1.3269770360071127,2.853574668664023
5015,25016,0.062482369465594344,200,1.4639324060699557,2.7600470815430667
5016,25017,0.062482369465594344,200,1.4856930755294668,2.7653015387502347
5017,25018,0.062482369465594344,200,1.566910180433405,2.690338649972072
5018,25019,0.062482369465594344,200,1.7303827246056187,2.55508702000073
5019,25020,0.062482369465594344,200,1.1115703194512458,2.921608296331416
5020,25021,0.062482369465594344,200,2.228641967644517,2.150754285417673
5021,25022,0.062482369465594344,200,1.7006878889354156,2.628496200288253
5022,25023,0.062482369465594344,200,1.9592874991242355,2.4365555900516447
5023,25024,0.062482369465594344,200,2.3654067571388344,1.981539172079426
5024,25025,0.062482369465594344,200,1.7692075030357906,2.5756014232662983
5025,25026,0.062482369465594344,200,1.4724418253245883,2.7628642687660765
5026,25027,0.062482369465594344,200,1.8809807637924674,2.476122459274621
5027,25028,0.062482369465594344,200,1.4533167109961846,2.75313005156226
5028,25029,0.062482369465594344,200,1.0717664779033973,2.947618850057674
5029,25030,0.062482369465594344,200,1.6749740014145964,2.6297657484688934
5030,25031,0.062482369465594344,200,1.016012284629131,2.9863169334976076
5031,25032,0.062482369465594344,200,1.6232657219122995,2.6926722307700954
5032,25033,0.062482369465594344,200,1.0584926980402993,2.9647726677838557
5033,25034,0.062482369465594344,200,1.038271838948503,2.983026932451942
5034,25035,0.062482369465594344,200,1.6198607413995885,2.655301585491448
5035,25036,0.062482369465594344,200,1.900400591206165,2.4915389670882138
5036,25037,0.062482369465594344,200,2.2115916622265113,2.1424704030999298
5037,25038,0.062482369465594344,200,1.1509466460245192,2.899895930866395
5038,25039,0.062482369465594344,200,1.3385144914485987,2.8231556554865196
5039,25040,0.062482369465594344,200,1.0989467341139876,2.907489932094473
5040,25041,0.062482369465594344,200,1.4240876441308918,2.7827227603271263
5041,25042,0.062482369465594344,200,1.4282931480941543,2.80181084446967
5042,25043,0.062482369465594344,200,1.445612696167755,2.7919126123314753
5043,25044,0.062482369465594344,200,1.0552619354911528,2.9707947896503453
5044,25045,0.062482369465594344,200,1.2645491955387465,2.873465341594877
5045,25046,0.062482369465594344,200,1.4000274703575482,2.7929344974386843
5046,25047,0.062482369465594344,200,1.597743732928275,2.6752098458255906
5047,25048,0.062482369465594344,200,1.862414575397637,2.4856327876290307
5048,25049,0.062482369465594344,200,1.429910457801015,2.7631233259668457
5049,25050,0.062482369465594344,200,1.2358834444629092,2.879915331833235
5050,25051,0.062482369465594344,200,2.0569582889384943,2.409806665679921
5051,25052,0.062482369465594344,200,1.286069350348122,2.8295452528016405
5052,25053,0.062482369465594344,200,1.2497398667319315,2.8664799951995446
5053,25054,0.062482369465594344,200,1.0739163556065416,2.960810372835907
5054,25055,0.062482369465594344,200,1.1677152940679982,2.9163021634913
5055,25056,0.062482369465594344,200,1.130504618370818,2.9393377602802007
5056,25057,0.062482369465594344,200,1.4901687050109038,2.736079691978984
5057,25058,0.062482369465594344,200,1.2730291866132393,2.8645530493370996
5058,25059,0.062482369465594344,200,1.128656495661034,2.9362263630921146
5059,25060,0.062482369465594344,200,1.0983363458705262,2.953001302653038
5060,25061,0.062482369465594344,200,1.522025787208974,2.7443316896520273
5061,25062,0.062482369465594344,200,2.137399828527515,2.2498661370850197
5062,25063,0.062482369465594344,200,1.2461216136015345,2.8737316099902435
5063,25064,0.062482369465594344,200,1.3177182529036418,2.841650596327786
5064,25065,0.062482369465594344,200,1.123693706595877,2.950461014692864
5065,25066,0.062482369465594344,200,1.0640629013382266,2.960706814476871
5066,25067,0.062482369465594344,200,1.2373332711903702,2.8972590821615145
5067,25068,0.062482369465594344,200,1.511120570872416,2.7198151797852583
5068,25069,0.062482369465594344,200,1.1575406294538673,2.918822753490798
5069,25070,0.062482369465594344,200,1.0653029268042846,2.9586123199979584
5070,25071,0.062482369465594344,200,2.1015258171768894,2.2481842954826807
5071,25072,0.062482369465594344,200,1.5222147113202258,2.7533853111115834
5072,25073,0.062482369465594344,200,1.3841911702470173,2.80166486518885
5073,25074,0.062482369465594344,200,1.2677657426654247,2.8743439883026953
5074,25075,0.062482369465594344,200,2.2987782893517563,2.018804720014584
5075,25076,0.062482369465594344,200,1.9178913006781815,2.4623189490076673
5076,25077,0.062482369465594344,200,1.1115255374652762,2.938664412573573
5077,25078,0.062482369465594344,200,1.5252185143564554,2.7131317538070645
5078,25079,0.062482369465594344,200,1.2268063878951172,2.881298370786685
5079,25080,0.062482369465594344,200,1.1070877154545378,2.916070698463061
5080,25081,0.062482369465594344,200,1.7735839163769875,2.575580160101847
5081,25082,0.062482369465594344,200,1.2922125770717492,2.8673987274643835
5082,25083,0.062482369465594344,200,1.4699392698268672,2.788996922073037
5083,25084,0.062482369465594344,200,1.4481132278492954,2.7601181378290116
5084,25085,0.062482369465594344,200,1.406057304660573,2.827054573599306
5085,25086,0.062482369465594344,200,1.8381594202940252,2.5250797871022965
5086,25087,0.062482369465594344,200,1.3129425766393368,2.871033168986864
5087,25088,0.062482369465594344,200,1.7018963987770879,2.5985881760634495
5088,25089,0.062482369465594344,200,1.2782062210810223,2.8628803777239655
5089,25090,0.062482369465594344,200,1.4366164089365618,2.7927338139529883
5090,25091,0.062482369465594344,200,2.333913776332449,2.0496511038885634
5091,25092,0.062482369465594344,200,1.0547995790746616,2.958685127233854
5092,25093,0.062482369465594344,200,1.1904567760466933,2.89124158468539
5093,25094,0.062482369465594344,200,1.021835344238323,2.977299198682437
5094,25095,0.062482369465594344,200,1.0546169664739167,2.9709499431330046
5095,25096,0.062482369465594344,200,1.2096154121961198,2.9021535646768823
5096,25097,0.062482369465594344,200,1.3017499349631696,2.8417649484714373
5097,25098,0.062482369465594344,200,1.2442278384186305,2.8832096811330388
5098,25099,0.062482369465594344,200,1.4282915619513799,2.78570824098434
5099,25100,0.062482369465594344,400,1.1943130333984833,2.9091860092426733
5100,25101,0.062482369465594344,400,1.6915648429263577,2.583051836215751
5101,25102,0.062482369465594344,400,1.083428113817307,2.9436160786320835
5102,25103,0.062482369465594344,400,1.2504593414937575,2.882087457593651
5103,25104,0.062482369465594344,400,1.493500600004548,2.7468320240374218
5104,25105,0.062482369465594344,400,1.1179907940352654,2.9172082149247363
5105,25106,0.062482369465594344,400,2.0716750579875827,2.3835298552349267
5106,25107,0.062482369465594344,400,1.1201430852367313,2.9357012744121915
5107,25108,0.062482369465594344,400,1.613276440023211,2.6913051947033853
5108,25109,0.062482369465594344,400,1.893660360879871,2.4910055735755376
5109,25110,0.062482369465594344,400,1.038147591852462,2.946173505423101
5110,25111,0.062482369465594344,400,1.2911391281287838,2.8506855871866383
5111,25112,0.062482369465594344,400,1.7010905616619714,2.597268326344544
5112,25113,0.062482369465594344,400,1.6197224531223178,2.6954584002039654
5113,25114,0.062482369465594344,400,1.070376564307859,2.944218552329591
5114,25115,0.062482369465594344,400,2.120978177747819,2.349101406046516
5115,25116,0.062482369465594344,400,1.6057296284605709,2.7387276338839603
5116,25117,0.062482369465594344,400,1.4868323418474416,2.7672064961139395
5117,25118,0.062482369465594344,400,1.3474342174420726,2.8409343295067684
5118,25119,0.062482369465594344,400,1.553142369056079,2.725559074064207
5119,25120,0.062482369465594344,400,1.6151214295589906,2.680060755859728
5120,25121,0.062482369465594344,400,1.903842422918793,2.4726375206958706
5121,25122,0.062482369465594344,400,1.5254910581853498,2.7166873247763212
5122,25123,0.062482369465594344,400,2.1676774599216566,2.2657231231956496
5123,25124,0.062482369465594344,400,2.2003617355138982,2.223745444949397
5124,25125,0.062482369465594344,400,1.109326619199026,2.9462125318203527
5125,25126,0.062482369465594344,400,1.9485508583509383,2.3681203333143555
5126,25127,0.062482369465594344,400,1.6458182141698774,2.691544445513766
5127,25128,0.062482369465594344,400,1.6536410150196157,2.677813151468387
5128,25129,0.062482369465594344,400,1.0747738155070423,2.9614008059954493
5129,25130,0.062482369465594344,400,2.097326395862163,2.271452125889809
5130,25131,0.062482369465594344,400,1.5508238697992742,2.7312279701117985
5131,25132,0.062482369465594344,400,1.9352149470947686,2.4170196548663423
5132,25133,0.062482369465594344,400,1.7570178246736354,2.603884974262485
5133,25134,0.062482369465594344,400,1.9401068952888127,2.4651609497596723
5134,25135,0.062482369465594344,400,1.019173316099134,2.9891065357176436
5135,25136,0.062482369465594344,400,1.0648341165077522,2.9571491647051884
5136,25137,0.062482369465594344,400,2.130803053912446,2.234289558429908
5137,25138,0.062482369465594344,400,1.6268143570639428,2.671248141832046
5138,25139,0.062482369465594344,400,1.256494272813137,2.877707203241384
5139,25140,0.062482369465594344,400,1.084659830081152,2.972530839162707
5140,25141,0.062482369465594344,400,1.2620130055197618,2.8734666599133916
5141,25142,0.062482369465594344,400,2.2986915824063123,2.0984785201626766
5142,25143,0.062482369465594344,400,1.4491147725731603,2.7855686986165966
5143,25144,0.062482369465594344,400,1.038836673039972,2.9775939260213216
5144,25145,0.062482369465594344,400,1.2314343677274855,2.918888197378841
5145,25146,0.062482369465594344,400,1.0987686296652912,2.9601297173261805
5146,25147,0.062482369465594344,400,1.1527277897428287,2.9062343151272803
5147,25148,0.062482369465594344,400,2.028474548538282,2.3534776094058714
5148,25149,0.062482369465594344,400,1.7164995571168362,2.621013503061022
5149,25150,0.062482369465594344,400,1.4091915754746083,2.787265712418407
5150,25151,0.062482369465594344,400,1.1964272161870613,2.906791560356728
5151,25152,0.062482369465594344,400,1.9065015117611448,2.463512300631755
5152,25153,0.062482369465594344,400,1.1274588117248852,2.928315099794508
5153,25154,0.062482369465594344,400,1.0653240007871123,2.942250601718788
5154,25155,0.062482369465594344,400,1.7679647877966524,2.580500709024069
5155,25156,0.062482369465594344,400,1.3193586957490056,2.826526809113689
5156,25157,0.062482369465594344,400,1.7630920657986375,2.6036299449842204
5157,25158,0.062482369465594344,400,1.7710130243703346,2.6027899557728764
5158,25159,0.062482369465594344,400,1.814133168210769,2.4756170676356137
5159,25160,0.062482369465594344,400,1.5669571181312087,2.6930802742457347
5160,25161,0.062482369465594344,400,1.0674292344131266,2.957105837988701
5161,25162,0.062482369465594344,400,2.1908014570070895,2.253823862789926
5162,25163,0.062482369465594344,400,1.8401808304608913,2.4595862318570094
5163,25164,0.062482369465594344,400,1.0718874148184234,2.9485836012552618
5164,25165,0.062482369465594344,400,1.490276911470297,2.767445094041567
5165,25166,0.062482369465594344,400,1.2310622194629948,2.9033240303792573
5166,25167,0.062482369465594344,400,1.1702099204929188,2.9294075495074647
5167,25168,0.062482369465594344,400,1.984500341770254,2.4307514835951816
5168,25169,0.062482369465594344,400,1.236555646128306,2.8783296826333293
5169,25170,0.062482369465594344,400,1.2587689296691185,2.883041433757201
5170,25171,0.062482369465594344,400,1.2710944811821487,2.861921734594139
5171,25172,0.062482369465594344,400,1.5651570769974246,2.7240103189193867
5172,25173,0.062482369465594344,400,1.5715271476928323,2.6692735884920067
5173,25174,0.062482369465594344,400,1.0844012402343584,2.9473536335383637
5174,25175,0.062482369465594344,400,1.7180968100443512,2.601468136050376
5175,25176,0.062482369465594344,400,1.8257757312253209,2.5325547252444407
5176,25177,0.062482369465594344,400,1.6442490464813286,2.68991627000498
5177,25178,0.062482369465594344,400,1.1110737217542506,2.9562270585737105
5178,25179,0.062482369465594344,400,1.2199536726864395,2.8761044679714303
5179,25180,0.062482369465594344,400,2.0624084570356027,2.301815379342628
5180,25181,0.062482369465594344,400,1.8033860343245869,2.5568997173537613
5181,25182,0.062482369465594344,400,1.167102783179398,2.9074753458876645
5182,25183,0.062482369465594344,400,2.3235106332134103,2.000106533924204
5183,25184,0.062482369465594344,400,1.154718369569512,2.928024457350234
5184,25185,0.062482369465594344,400,1.3741512709182655,2.8103794641929625
5185,25186,0.062482369465594344,400,1.5259249569159603,2.728969217778963
5186,25187,0.062482369465594344,400,1.117117270754128,2.9411379723855515
5187,25188,0.062482369465594344,400,1.1078113192516963,2.960536168335106
5188,25189,0.062482369465594344,400,1.3020880066696432,2.857362431557733
5189,25190,0.062482369465594344,400,2.1473307314577688,2.2464047007907326
5190,25191,0.062482369465594344,400,2.0219727438150246,2.38757506063182
5191,25192,0.062482369465594344,400,1.4436661985665744,2.762371707495684
5192,25193,0.062482369465594344,400,1.369448552069868,2.799543121198572
5193,25194,0.062482369465594344,400,2.54492083057917,1.8446378236779732
5194,25195,0.062482369465594344,400,1.801404982494835,2.538735714248401
5195,25196,0.062482369465594344,400,1.326342057317105,2.863486970903786
5196,25197,0.062482369465594344,400,1.1870209999472527,2.920093132197973
5197,25198,0.062482369465594344,400,1.5626598782522927,2.6968405538370126
5198,25199,0.062482369465594344,400,1.519086838012808,2.7613936879452057
5199,25200,0.062482369465594344,600,1.3113733234970986,2.8625241274069775
5200,25201,0.062482369465594344,600,1.9759510035744643,2.4536503900081867
5201,25202,0.062482369465594344,600,1.5975682219769776,2.6879027445871815
5202,25203,0.062482369465594344,600,1.9920391848772276,2.3725664331117278
5203,25204,0.062482369465594344,600,2.455019073410295,1.981981673411007
5204,25205,0.062482369465594344,600,1.7096736137907247,2.6066994781102517
5205,25206,0.062482369465594344,600,1.1199854217796936,2.9600397724982987
5206,25207,0.062482369465594344,600,2.0374306104515356,2.387223357775294
5207,25208,0.062482369465594344,600,2.353117793549969,2.023033988766033
5208,25209,0.062482369465594344,600,1.534442855553985,2.7495330723603013
5209,25210,0.062482369465594344,600,1.7134353635156512,2.5815983632017856
5210,25211,0.062482369465594344,600,1.127244167254812,2.9340670644098066
5211,25212,0.062482369465594344,600,2.0171475027096664,2.3327049641505897
5212,25213,0.062482369465594344,600,1.9197303691369352,2.461657228835949
5213,25214,0.062482369465594344,600,1.636286098734033,2.6346628167910495
5214,25215,0.062482369465594344,600,1.2156679438484645,2.882193164032958
5215,25216,0.062482369465594344,600,1.1029301918596337,2.934473257585377
5216,25217,0.062482369465594344,600,1.9475177834379305,2.442425463205306
5217,25218,0.062482369465594344,600,1.6346114413795145,2.7055285673860805
5218,25219,0.062482369465594344,600,1.2517305831346435,2.879009078156071
5219,25220,0.062482369465594344,600,2.2523374695036535,2.174832346183782
5220,25221,0.062482369465594344,600,1.887329694914574,2.483589916773643
5221,25222,0.062482369465594344,600,1.30348414739811,2.8540812836952645
5222,25223,0.062482369465594344,600,1.1968483266680703,2.908563690442771
5223,25224,0.062482369465594344,600,1.8224136052917497,2.5302465253755946
5224,25225,0.062482369465594344,600,1.65923304617946,2.630246916756634
5225,25226,0.062482369465594344,600,1.0392905055624078,2.964015174902491
5226,25227,0.062482369465594344,600,1.4955274215733678,2.770273161727205
5227,25228,0.062482369465594344,600,1.3182754132638759,2.8277846690438304
5228,25229,0.062482369465594344,600,1.2321878569609035,2.8789395033840157
5229,25230,0.062482369465594344,600,1.1903352021312181,2.9171699079586038
5230,25231,0.062482369465594344,600,1.457797036062197,2.765423858561556
5231,25232,0.062482369465594344,600,1.310277643773627,2.8479970062042232
5232,25233,0.062482369465594344,600,1.8777258040892408,2.4681070046981644
5233,25234,0.062482369465594344,600,1.4996641625937315,2.759281663700041
5234,25235,0.062482369465594344,600,1.0285558558068668,2.992435259281765
5235,25236,0.062482369465594344,600,2.0506707110149653,2.4222080764365317
5236,25237,0.062482369465594344,600,1.9389093435254403,2.5118617010446984
5237,25238,0.062482369465594344,600,1.562630815553557,2.6971523820187877
5238,25239,0.062482369465594344,600,1.7807947368159354,2.543332848053852
5239,25240,0.062482369465594344,600,1.8766426664876896,2.5036952678705724
5240,25241,0.062482369465594344,600,1.989216462406143,2.3999329237539113
5241,25242,0.062482369465594344,600,1.0162523208685568,2.981190809615254
5242,25243,0.062482369465594344,600,2.0819044222958736,2.3497905936178314
5243,25244,0.062482369465594344,600,2.468462088240952,1.8098785586068122
5244,25245,0.062482369465594344,600,1.3193303160767542,2.8364245529984298
5245,25246,0.062482369465594344,600,1.8618519121833912,2.4819576556170566
5246,25247,0.062482369465594344,600,1.5707046382820682,2.7177723259698143
5247,25248,0.062482369465594344,600,2.129488509629681,2.2704642889577555
5248,25249,0.062482369465594344,600,1.7867383078877825,2.5362194863004213
5249,25250,0.062482369465594344,600,1.9757429687666572,2.4146785002510285
5250,25251,0.062482369465594344,600,1.8214615342560212,2.537172243209924
5251,25252,0.062482369465594344,600,2.737452688661722,1.479179302371905
5252,25253,0.062482369465594344,600,1.1474504345150767,2.911142899671032
5253,25254,0.062482369465594344,600,1.8051195374640314,2.4914309958514513
5254,25255,0.062482369465594344,600,1.8264323418120914,2.5708148964723216
5255,25256,0.062482369465594344,600,1.884995004996282,2.4864130392818624
5256,25257,0.062482369465594344,600,1.4458993831343583,2.802203986292594
5257,25258,0.062482369465594344,600,2.007671891045651,2.451630259631803
5258,25259,0.062482369465594344,600,1.949943998123254,2.4484276951598143
5259,25260,0.062482369465594344,600,1.6753739195232669,2.6206619433986544
5260,25261,0.062482369465594344,600,1.9539525998230283,2.3908525873327653
5261,25262,0.062482369465594344,600,2.406913955384403,1.927175858440815
5262,25263,0.062482369465594344,600,1.5939536039518374,2.7040122819231054
5263,25264,0.062482369465594344,600,1.4166820533052178,2.79868002557508
5264,25265,0.062482369465594344,600,1.591906230352419,2.712602010676424
5265,25266,0.062482369465594344,600,1.2485839316852825,2.875184390703817
5266,25267,0.062482369465594344,600,1.6782505682016993,2.624107521770782
5267,25268,0.062482369465594344,600,1.5776254362275641,2.6947144163062173
5268,25269,0.062482369465594344,600,1.8713221820074004,2.515079252930095
5269,25270,0.062482369465594344,600,1.8945589054499639,2.4108180291156898
5270,25271,0.062482369465594344,600,1.5217341544717198,2.715747445568687
5271,25272,0.062482369465594344,600,2.058910287026598,2.31816840254487
5272,25273,0.062482369465594344,600,1.3367796277095962,2.8627102324909526
5273,25274,0.062482369465594344,600,2.1033154652298367,2.358449380684081
5274,25275,0.062482369465594344,600,1.9936662457760033,2.4111798728097042
5275,25276,0.062482369465594344,600,1.7004972943073404,2.6308021957429846
5276,25277,0.062482369465594344,600,2.2161287292830223,2.269274131330435
5277,25278,0.062482369465594344,600,1.5897738066225773,2.700782503129733
5278,25279,0.062482369465594344,600,2.0047985384333544,2.35104324611691
5279,25280,0.062482369465594344,600,1.0692983985230662,2.9558101604307176
5280,25281,0.062482369465594344,600,1.6421360757977492,2.661955911755956
5281,25282,0.062482369465594344,600,1.7530555956174947,2.616190859859572
5282,25283,0.062482369465594344,600,1.9441871650086622,2.4582920565943693
5283,25284,0.062482369465594344,600,1.2738871874261002,2.868261266422393
5284,25285,0.062482369465594344,600,1.5080273242429232,2.7334389645474992
5285,25286,0.062482369465594344,600,1.1535608780997961,2.917771399694794
5286,25287,0.062482369465594344,600,1.5770222411892656,2.722003927702249
5287,25288,0.062482369465594344,600,1.7539844587611082,2.5892063612782534
5288,25289,0.062482369465594344,600,1.183043315826885,2.9091288543949605
5289,25290,0.062482369465594344,600,1.2515974252286175,2.883464797660312
5290,25291,0.062482369465594344,600,2.200378006370812,2.20633839685197
5291,25292,0.062482369465594344,600,1.6517413872497761,2.6674296980729646
5292,25293,0.062482369465594344,600,1.2419877327957205,2.893026163997466
5293,25294,0.062482369465594344,600,1.5946991162662578,2.722773472305442
5294,25295,0.062482369465594344,600,1.0774682553132306,2.9587167865447936
5295,25296,0.062482369465594344,600,1.5715159673433703,2.735947366620456
5296,25297,0.062482369465594344,600,1.224968877638091,2.8744552417392066
5297,25298,0.062482369465594344,600,1.6920197187917299,2.5609576680249027
5298,25299,0.062482369465594344,600,1.1427154427576673,2.9254883452786435
5299,25300,0.062482369465594344,800,1.3931308611018034,2.815488044352799
5300,25301,0.062482369465594344,800,1.4594653508335926,2.7763264032617427
5301,25302,0.062482369465594344,800,1.6147817142505914,2.7153249673583923
5302,25303,0.062482369465594344,800,1.3709038913923657,2.7931011403356325
5303,25304,0.062482369465594344,800,1.6676072914769204,2.6390228454172457
5304,25305,0.062482369465594344,800,2.2625977701922375,2.1184507725904154
5305,25306,0.062482369465594344,800,2.2701674080061,2.1356242285384472
5306,25307,0.062482369465594344,800,1.4965668640925252,2.743095340879605
5307,25308,0.062482369465594344,800,1.259752962336059,2.898799764362645
5308,25309,0.062482369465594344,800,1.5723646488358454,2.719117232874276
5309,25310,0.062482369465594344,800,1.602617492865993,2.7014090304044363
5310,25311,0.062482369465594344,800,1.8278364386899004,2.502131191203011
5311,25312,0.062482369465594344,800,1.9527627140519859,2.4571256144216584
5312,25313,0.062482369465594344,800,1.541376779433105,2.759883868581508
5313,25314,0.062482369465594344,800,1.200389986535729,2.901277553566018
5314,25315,0.062482369465594344,800,1.7656081026295134,2.622426256267936
5315,25316,0.062482369465594344,800,1.0891464555840127,2.969918055585267
5316,25317,0.062482369465594344,800,1.50283607499584,2.776196330601656
5317,25318,0.062482369465594344,800,1.9928610282265022,2.414435541026371
5318,25319,0.062482369465594344,800,1.694302320866268,2.658165270009276
5319,25320,0.062482369465594344,800,1.903661754281157,2.5064467621258233
5320,25321,0.062482369465594344,800,2.181683413126128,2.2361179833994753
5321,25322,0.062482369465594344,800,1.5835034020632412,2.7250171415674354
5322,25323,0.062482369465594344,800,1.7048466012622672,2.666607333017654
5323,25324,0.062482369465594344,800,2.0945765105496434,2.3199089948624425
5324,25325,0.062482369465594344,800,1.189772885501851,2.9020196415507127
5325,25326,0.062482369465594344,800,1.6085485909926036,2.6663675463162093
5326,25327,0.062482369465594344,800,1.483143236908911,2.761466558357328
5327,25328,0.062482369465594344,800,2.4392912820591937,1.8626240359436572
5328,25329,0.062482369465594344,800,1.438235942902865,2.795052417142821
5329,25330,0.062482369465594344,800,2.415563588767102,1.9793744531435493
5330,25331,0.062482369465594344,800,1.1865885340281168,2.9090505932402158
5331,25332,0.062482369465594344,800,2.231738521477956,2.21573392442516
5332,25333,0.062482369465594344,800,2.2990500987381077,2.1725265171166184
5333,25334,0.062482369465594344,800,1.8532714257674776,2.5535533260234007
5334,25335,0.062482369465594344,800,1.3915519152020959,2.817552583317677
5335,25336,0.062482369465594344,800,1.2786644055692467,2.882436427546336
5336,25337,0.062482369465594344,800,2.0938247638893945,2.3086101522853464
5337,25338,0.062482369465594344,800,1.2056357449445634,2.8957233402064495
5338,25339,0.062482369465594344,800,1.6082068104849552,2.6463449358277864
5339,25340,0.062482369465594344,800,1.2369925874206549,2.8746907433899227
5340,25341,0.062482369465594344,800,1.3626768423251336,2.8323766028556205
5341,25342,0.062482369465594344,800,1.7316828912031579,2.657755130169244
5342,25343,0.062482369465594344,800,1.344082789382803,2.801861614445248
5343,25344,0.062482369465594344,800,1.8999999244465453,2.4890428796741966
5344,25345,0.062482369465594344,800,1.4778005303790391,2.7682029227773013
5345,25346,0.062482369465594344,800,2.0037075536210214,2.3985582577478715
5346,25347,0.062482369465594344,800,2.0982255210145695,2.3663956259717844
5347,25348,0.062482369465594344,800,2.177227539246348,2.2373288691595845
5348,25349,0.062482369465594344,800,1.6457443705469614,2.6667515393109085
5349,25350,0.062482369465594344,800,1.5047851229033595,2.7415648851249643
5350,25351,0.062482369465594344,800,1.1917967078452127,2.8875610861003507
5351,25352,0.062482369465594344,800,1.5724866939565683,2.728707648836938
5352,25353,0.062482369465594344,800,2.182706901697236,2.252167497190658
5353,25354,0.062482369465594344,800,1.4596254978775858,2.7980468288781695
5354,25355,0.062482369465594344,800,1.7538647262445555,2.627828158675066
5355,25356,0.062482369465594344,800,2.2668535853120044,2.1269461435767925
5356,25357,0.062482369465594344,800,2.108434110519826,2.3218648914273863
5357,25358,0.062482369465594344,800,1.1846855226017607,2.9268524067988717
5358,25359,0.062482369465594344,800,1.407673651008081,2.775329761190128
5359,25360,0.062482369465594344,800,1.9914903887382536,2.3967307376165405
5360,25361,0.062482369465594344,800,1.8092822531721668,2.543957636628069
5361,25362,0.062482369465594344,800,2.266465403013762,2.1580952558793363
5362,25363,0.062482369465594344,800,1.5319718035439893,2.699963549671787
5363,25364,0.062482369465594344,800,2.280479941414669,2.122142575563908
5364,25365,0.062482369465594344,800,1.1497898727720517,2.9255988602929954
5365,25366,0.062482369465594344,800,1.2505708540352316,2.8715999260600604
5366,25367,0.062482369465594344,800,1.7160655213408984,2.5979954686794695
5367,25368,0.062482369465594344,800,2.2716103700019703,2.1247478311878045
5368,25369,0.062482369465594344,800,1.7600028590256813,2.592268991086184
5369,25370,0.062482369465594344,800,1.3972363973397945,2.832946049993749
5370,25371,0.062482369465594344,800,1.095979072219184,2.934296203001753
5371,25372,0.062482369465594344,800,1.8136472160546162,2.5674867346143166
5372,25373,0.062482369465594344,800,1.4993533982766416,2.748622826468707
5373,25374,0.062482369465594344,800,1.6134911851189488,2.7123823082129865
5374,25375,0.062482369465594344,800,2.0572352473737388,2.2768138195575593
5375,25376,0.062482369465594344,800,1.1538119324276686,2.9147538678879057
5376,25377,0.062482369465594344,800,1.3585319366636024,2.811940619533904
5377,25378,0.062482369465594344,800,1.7910802886227515,2.565645159454027
5378,25379,0.062482369465594344,800,1.3878901526149787,2.830945617826763
5379,25380,0.062482369465594344,800,1.5869361052622044,2.7106994585990223
5380,25381,0.062482369465594344,800,1.3648601939746565,2.845134515760298
5381,25382,0.062482369465594344,800,1.6798679264713179,2.6176205364170824
5382,25383,0.062482369465594344,800,1.6642540152803011,2.638420015433449
5383,25384,0.062482369465594344,800,1.8895737796171832,2.4316563684179666
5384,25385,0.062482369465594344,800,1.8260933630875908,2.5240098185384854
5385,25386,0.062482369465594344,800,1.0968667761801218,2.939007799883511
5386,25387,0.062482369465594344,800,1.990810901098179,2.45128156413348
5387,25388,0.062482369465594344,800,2.014969646886205,2.38084516970656
5388,25389,0.062482369465594344,800,2.563823748691781,1.7276814261443376
5389,25390,0.062482369465594344,800,1.8351767816535287,2.449926108541125
5390,25391,0.062482369465594344,800,1.703666737422455,2.648032638755623
5391,25392,0.062482369465594344,800,1.2136202001863623,2.9153027142106835
5392,25393,0.062482369465594344,800,1.218950647316713,2.8969007450170348
5393,25394,0.062482369465594344,800,1.8933146950266484,2.4874134427099035
5394,25395,0.062482369465594344,800,2.074043770361315,2.2996003363360957
5395,25396,0.062482369465594344,800,1.7722009675562744,2.549657982456656
5396,25397,0.062482369465594344,800,1.960143229336495,2.4108289975667025
5397,25398,0.062482369465594344,800,2.1252337292152896,2.251818195956323
5398,25399,0.062482369465594344,800,1.4555973608214308,2.7555609945518045
5399,25400,0.062482369465594344,1000,2.1111957470217053,2.224492267052874
5400,25401,0.062482369465594344,1000,1.1845946802512235,2.910409361676882
5401,25402,0.062482369465594344,1000,2.069768670427747,2.3051962637247376
5402,25403,0.062482369465594344,1000,1.038714284921617,2.966413266571353
5403,25404,0.062482369465594344,1000,1.2013768193709728,2.86625728091293
5404,25405,0.062482369465594344,1000,1.29152841694112,2.839071566024628
5405,25406,0.062482369465594344,1000,2.54500330902296,1.7740645485780384
5406,25407,0.062482369465594344,1000,1.2313637098224826,2.873796091826911
5407,25408,0.062482369465594344,1000,1.337044656190854,2.82014998524423
5408,25409,0.062482369465594344,1000,2.1366427700014747,2.236376639503091
5409,25410,0.062482369465594344,1000,1.1710265549978143,2.9092256598014337
5410,25411,0.062482369465594344,1000,2.0063842351490506,2.441333435994408
5411,25412,0.062482369465594344,1000,2.4110253155655568,2.017512945896393
5412,25413,0.062482369465594344,1000,1.801804988514546,2.53317942980785
5413,25414,0.062482369465594344,1000,1.5787001347777625,2.6832082198516556
5414,25415,0.062482369465594344,1000,1.3572722696678048,2.8154797678314747
5415,25416,0.062482369465594344,1000,2.1702601681723843,2.251559535130175
5416,25417,0.062482369465594344,1000,2.489801294152133,1.8553328526636246
5417,25418,0.062482369465594344,1000,1.2908007591555606,2.8490145014499535
5418,25419,0.062482369465594344,1000,1.9364794117291644,2.523833321350505
5419,25420,0.062482369465594344,1000,1.4596411848578028,2.7667872320229994
5420,25421,0.062482369465594344,1000,2.0782250978136974,2.380933146039911
5421,25422,0.062482369465594344,1000,1.7210070678336742,2.6060119820209353
5422,25423,0.062482369465594344,1000,1.6702473725157314,2.6459753273243725
5423,25424,0.062482369465594344,1000,2.151448079291408,2.226940178269668
5424,25425,0.062482369465594344,1000,1.60581821373593,2.702735539384217
5425,25426,0.062482369465594344,1000,1.154542301435531,2.9203556290580233
5426,25427,0.062482369465594344,1000,1.4308902776171555,2.797367901894139
5427,25428,0.062482369465594344,1000,1.373309168993937,2.8273881136548367
5428,25429,0.062482369465594344,1000,1.6630524452539501,2.6624222632802583
5429,25430,0.062482369465594344,1000,2.3066942395281917,2.138891036017881
5430,25431,0.062482369465594344,1000,1.3927408577397578,2.83413981618232
5431,25432,0.062482369465594344,1000,1.80291683347997,2.5001980541323006
5432,25433,0.062482369465594344,1000,1.9788927929247713,2.4621381680458443
5433,25434,0.062482369465594344,1000,1.4492293881475118,2.771729723268546
5434,25435,0.062482369465594344,1000,1.916511395934308,2.4812057733201773
5435,25436,0.062482369465594344,1000,2.54234607940188,1.8846389526221672
5436,25437,0.062482369465594344,1000,2.2057923251606644,2.141049158254284
5437,25438,0.062482369465594344,1000,1.9908536393301197,2.383109992042116
5438,25439,0.062482369465594344,1000,1.9565926317689755,2.4343341905847167
5439,25440,0.062482369465594344,1000,1.8583442045238663,2.524304474127249
5440,25441,0.062482369465594344,1000,1.503177159608216,2.7643961498499046
5441,25442,0.062482369465594344,1000,2.137872922882599,2.26111543350164
5442,25443,0.062482369465594344,1000,1.8049723423952737,2.498546254871066
5443,25444,0.062482369465594344,1000,2.1818262815092777,2.145309573226978
5444,25445,0.062482369465594344,1000,1.6195539136722625,2.652633323621507
5445,25446,0.062482369465594344,1000,1.0968268153316352,2.9557622119674085
5446,25447,0.062482369465594344,1000,2.10439378376235,2.3249564633960604
5447,25448,0.062482369465594344,1000,1.7082474037849091,2.6342269948295858
5448,25449,0.062482369465594344,1000,2.1841008479533937,2.220116655508158
5449,25450,0.062482369465594344,1000,1.5029612270350412,2.774351847448595
5450,25451,0.062482369465594344,1000,1.6266554877343868,2.655064760186811
5451,25452,0.062482369465594344,1000,2.4781892144462474,1.9089704872316902
5452,25453,0.062482369465594344,1000,2.024487911149191,2.3943011605813966
5453,25454,0.062482369465594344,1000,1.1938068357070417,2.9211184034686455
5454,25455,0.062482369465594344,1000,1.0185417142321629,2.9829180492760576
5455,25456,0.062482369465594344,1000,2.7416273988843622,1.5439342280598418
5456,25457,0.062482369465594344,1000,1.3104743189095769,2.852743641769024
5457,25458,0.062482369465594344,1000,1.4085957868787218,2.792269310122482
5458,25459,0.062482369465594344,1000,1.7781172470269246,2.5984807706686017
5459,25460,0.062482369465594344,1000,1.3450985849686952,2.8394433958784844
5460,25461,0.062482369465594344,1000,1.909128691464667,2.4837177464040128
5461,25462,0.062482369465594344,1000,2.748476830149032,1.4505178218162187
5462,25463,0.062482369465594344,1000,1.3149315704309443,2.8541313487460505
5463,25464,0.062482369465594344,1000,1.1419508317392124,2.9124385605571037
5464,25465,0.062482369465594344,1000,2.383878451215191,2.0047362228027668
5465,25466,0.062482369465594344,1000,1.4724265049150218,2.795434303507822
5466,25467,0.062482369465594344,1000,2.061567530697576,2.4334000547209182
5467,25468,0.062482369465594344,1000,2.0388474992249974,2.3762186364113944
5468,25469,0.062482369465594344,1000,1.5944953746523,2.6944222169196594
5469,25470,0.062482369465594344,1000,2.495774039718947,1.9097817654457263
5470,25471,0.062482369465594344,1000,1.7843436121767624,2.6313733475473984
5471,25472,0.062482369465594344,1000,1.718314851598631,2.6191881504065035
5472,25473,0.062482369465594344,1000,1.4027334329730639,2.818198618746149
5473,25474,0.062482369465594344,1000,1.0749709233758336,2.9552221738482105
5474,25475,0.062482369465594344,1000,1.8935221230243724,2.501845975281257
5475,25476,0.062482369465594344,1000,1.8455018677031538,2.478049880680594
5476,25477,0.062482369465594344,1000,1.5441389480225374,2.735432135007859
5477,25478,0.062482369465594344,1000,1.1819774164264596,2.900464133534442
5478,25479,0.062482369465594344,1000,1.7839953938086304,2.5675320146898644
5479,25480,0.062482369465594344,1000,2.374741301492466,2.1371324174797524
5480,25481,0.062482369465594344,1000,1.8833888802118282,2.5080593454707447
5481,25482,0.062482369465594344,1000,1.5483580437753584,2.701245458857138
5482,25483,0.062482369465594344,1000,1.961872723314594,2.422769954223293
5483,25484,0.062482369465594344,1000,1.7223028150215718,2.5607004422391864
5484,25485,0.062482369465594344,1000,2.0376215570887353,2.3819335914654136
5485,25486,0.062482369465594344,1000,1.864866193251833,2.503749027210435
5486,25487,0.062482369465594344,1000,1.9582959609783477,2.443613846981542
5487,25488,0.062482369465594344,1000,1.7643477076295864,2.5785214548251667
5488,25489,0.062482369465594344,1000,2.1995918185611485,2.2314985744599305
5489,25490,0.062482369465594344,1000,1.4871839638572708,2.747214998856138
5490,25491,0.062482369465594344,1000,1.4322727021025705,2.796251582348373
5491,25492,0.062482369465594344,1000,1.9908619437480854,2.422414985055977
5492,25493,0.062482369465594344,1000,2.0527292357664426,2.3605125397920217
5493,25494,0.062482369465594344,1000,2.4494964581760086,1.9496872275206978
5494,25495,0.062482369465594344,1000,1.5086051157628584,2.78365930793153
5495,25496,0.062482369465594344,1000,1.8639258139092596,2.496300502677914
5496,25497,0.062482369465594344,1000,2.4604716104455138,1.931287233605205
5497,25498,0.062482369465594344,1000,1.1365921091378155,2.928429781338135
5498,25499,0.062482369465594344,1000,2.484545896269664,1.940921097684965
5499,25500,0.062482369465594344,1200,1.8285115250598403,2.505317529192438
5500,25501,0.062482369465594344,1200,1.4823696681747291,2.750533113833131
5501,25502,0.062482369465594344,1200,2.477619503544312,1.8061385748067647
5502,25503,0.062482369465594344,1200,1.839722592243578,2.5497520971589775
5503,25504,0.062482369465594344,1200,2.1111722680057414,2.3179936669654917
5504,25505,0.062482369465594344,1200,2.0365174034646056,2.280391011908518
5505,25506,0.062482369465594344,1200,1.9852815310403336,2.3741480808315703
5506,25507,0.062482369465594344,1200,1.460388284055277,2.791336457086416
5507,25508,0.062482369465594344,1200,1.6071792732718375,2.6474035065356087
5508,25509,0.062482369465594344,1200,1.9929781618072149,2.415867386204841
5509,25510,0.062482369465594344,1200,1.5772927048710428,2.7316227967185904
5510,25511,0.062482369465594344,1200,1.8750927210479662,2.558364897798211
5511,25512,0.062482369465594344,1200,1.8020215600344838,2.5664759311420253
5512,25513,0.062482369465594344,1200,2.4735105746510357,1.9410983314488406
5513,25514,0.062482369465594344,1200,1.208700764215875,2.8967726315556748
5514,25515,0.062482369465594344,1200,1.8030556343627029,2.58579428951087
5515,25516,0.062482369465594344,1200,1.2267000621753514,2.916887612382866
5516,25517,0.062482369465594344,1200,2.2823719899827166,2.1380442196298666
5517,25518,0.062482369465594344,1200,1.9894329843940952,2.409422901276242
5518,25519,0.062482369465594344,1200,2.4283021334068398,1.9949303543359274
5519,25520,0.062482369465594344,1200,1.1667376144140316,2.925453243188712
5520,25521,0.062482369465594344,1200,1.6319213012053162,2.683629101475248
5521,25522,0.062482369465594344,1200,1.7162190087496907,2.6175138545066075
5522,25523,0.062482369465594344,1200,2.5260696917541647,1.8093018359586686
5523,25524,0.062482369465594344,1200,2.210172376904229,2.214844488775976
5524,25525,0.062482369465594344,1200,1.1657361307538652,2.9221140033809574
5525,25526,0.062482369465594344,1200,2.1598054765008685,2.244544759584107
5526,25527,0.062482369465594344,1200,2.5163415737206813,1.8629012150031514
5527,25528,0.062482369465594344,1200,2.1902266764441776,2.2806335037851144
5528,25529,0.062482369465594344,1200,1.8391832169454374,2.5717197527579327
5529,25530,0.062482369465594344,1200,1.8506045151396981,2.4902069884273628
5530,25531,0.062482369465594344,1200,1.567434293656898,2.7069260991997255
5531,25532,0.062482369465594344,1200,2.153606678925862,2.1471014786108222
5532,25533,0.062482369465594344,1200,1.738516858496272,2.604917313048177
5533,25534,0.062482369465594344,1200,1.7751630482879797,2.600253571028196
5534,25535,0.062482369465594344,1200,2.5728524816221094,1.7487138176998858
5535,25536,0.062482369465594344,1200,2.4040425923095823,2.043252270671338
5536,25537,0.062482369465594344,1200,1.8059546503853299,2.5501181478954376
5537,25538,0.062482369465594344,1200,2.140698898376199,2.2759527595167794
5538,25539,0.062482369465594344,1200,2.2731779605768683,2.150801591880991
5539,25540,0.062482369465594344,1200,2.065277375768773,2.3461369552470264
5540,25541,0.062482369465594344,1200,2.229237829870003,2.222935327931843
5541,25542,0.062482369465594344,1200,1.9602428194009576,2.376258492902488
5542,25543,0.062482369465594344,1200,1.7714876131814237,2.5583084991816123
5543,25544,0.062482369465594344,1200,2.3158388995607586,2.077765522984771
5544,25545,0.062482369465594344,1200,2.564934913603998,1.7695415530014358
5545,25546,0.062482369465594344,1200,2.4457824685986074,1.928027641752037
5546,25547,0.062482369465594344,1200,2.2310150533928277,2.158252561493915
5547,25548,0.062482369465594344,1200,1.7692637246736715,2.539506595509452
5548,25549,0.062482369465594344,1200,2.5886388188566523,1.6512331861056773
5549,25550,0.062482369465594344,1200,1.3705576705463323,2.8221923401789493
5550,25551,0.062482369465594344,1200,1.2220171435723193,2.885502252063616
5551,25552,0.062482369465594344,1200,2.03604945104411,2.396872947167327
5552,25553,0.062482369465594344,1200,1.1841231319870134,2.9266769766248037
5553,25554,0.062482369465594344,1200,2.0733094668138246,2.296201112491483
5554,25555,0.062482369465594344,1200,2.1533171313279516,2.2586085492834282
5555,25556,0.062482369465594344,1200,2.102173295618595,2.334179065399513
5556,25557,0.062482369465594344,1200,1.1939761398489979,2.8860767517424164
5557,25558,0.062482369465594344,1200,1.2720094684792287,2.88156926638586
5558,25559,0.062482369465594344,1200,1.2011013853612964,2.8902325226794936
5559,25560,0.062482369465594344,1200,1.8984954637808422,2.4518133328484026
5560,25561,0.062482369465594344,1200,2.0917758162710833,2.3859426089924947
5561,25562,0.062482369465594344,1200,2.2938986484218633,2.1600811642763604
5562,25563,0.062482369465594344,1200,1.584091679966167,2.7179473922901876
5563,25564,0.062482369465594344,1200,1.7607357268665815,2.5472607211535716
5564,25565,0.062482369465594344,1200,1.892691260455043,2.485222421154187
5565,25566,0.062482369465594344,1200,2.5143360826047294,1.9676388672518397
5566,25567,0.062482369465594344,1200,1.291638417927519,2.865928739335607
5567,25568,0.062482369465594344,1200,2.599068554992864,1.6848789669032542
5568,25569,0.062482369465594344,1200,1.9772278037467754,2.4108323993741427
5569,25570,0.062482369465594344,1200,1.9436699453398671,2.5016183598235253
5570,25571,0.062482369465594344,1200,1.4154664387927105,2.793623143756601
5571,25572,0.062482369465594344,1200,1.631429039102759,2.6859459245784683
5572,25573,0.062482369465594344,1200,1.845857123659314,2.4744405987934166
5573,25574,0.062482369465594344,1200,1.061360397482196,2.973913576534634
5574,25575,0.062482369465594344,1200,1.9380539554297733,2.461699115676295
5575,25576,0.062482369465594344,1200,1.8650895874485662,2.5445839478865966
5576,25577,0.062482369465594344,1200,2.4133039038689144,2.007153198696729
5577,25578,0.062482369465594344,1200,2.1541509850924574,2.212370843019804
5578,25579,0.062482369465594344,1200,2.2210010084017453,2.1740922775194647
5579,25580,0.062482369465594344,1200,1.555638776407023,2.6947415245930486
5580,25581,0.062482369465594344,1200,1.5734605562283241,2.7472536858316223
5581,25582,0.062482369465594344,1200,2.450372671511441,1.9471896595466351
5582,25583,0.062482369465594344,1200,2.256366848328425,2.2570014387378836
5583,25584,0.062482369465594344,1200,2.3566335063244304,1.9684496296359897
5584,25585,0.062482369465594344,1200,2.0277743682146836,2.4083053556733947
5585,25586,0.062482369465594344,1200,1.5021784774961127,2.711400337515603
5586,25587,0.062482369465594344,1200,1.372042166421691,2.8481129344019167
5587,25588,0.062482369465594344,1200,1.1199103640116828,2.90739100457962
5588,25589,0.062482369465594344,1200,2.0596150378865437,2.4015008370912616
5589,25590,0.062482369465594344,1200,1.2610159192191452,2.8869866425658515
5590,25591,0.062482369465594344,1200,2.643943604292036,1.7056203494282873
5591,25592,0.062482369465594344,1200,2.4045490613170997,2.0103171819710655
5592,25593,0.062482369465594344,1200,1.794225127540771,2.5858060304879915
5593,25594,0.062482369465594344,1200,2.4088613093314537,1.9997077322765606
5594,25595,0.062482369465594344,1200,1.0443451924590734,2.9705024048945283
5595,25596,0.062482369465594344,1200,1.3634151013915952,2.842297597357628
5596,25597,0.062482369465594344,1200,2.1503149933537586,2.285086852954668
5597,25598,0.062482369465594344,1200,1.6738784977927348,2.6588319718725573
5598,25599,0.062482369465594344,1200,1.9393195583950444,2.4878010471062852
5599,25600,0.062482369465594344,1400,1.626959391117874,2.669124967440217
5600,25601,0.062482369465594344,1400,1.8161395945521819,2.5772023789041976
5601,25602,0.062482369465594344,1400,2.3962171207810443,2.0369081825478297
5602,25603,0.062482369465594344,1400,2.7079914905701576,1.614004958986889
5603,25604,0.062482369465594344,1400,2.4774967519375948,1.9137458999407968
5604,25605,0.062482369465594344,1400,1.3498674061920777,2.874468673895712
5605,25606,0.062482369465594344,1400,1.2759985405398662,2.873239149719062
5606,25607,0.062482369465594344,1400,2.316590883896619,2.070936473435349
5607,25608,0.062482369465594344,1400,1.3875755755595889,2.8584406663463238
5608,25609,0.062482369465594344,1400,1.4756257954962115,2.730146563283556
5609,25610,0.062482369465594344,1400,1.2910147672422143,2.8971818410731944
5610,25611,0.062482369465594344,1400,2.3265777405885038,2.1892341283311247
5611,25612,0.062482369465594344,1400,2.675508249807188,1.6651037827521666
5612,25613,0.062482369465594344,1400,2.2564958784772218,2.1979459864612796
5613,25614,0.062482369465594344,1400,1.7161391200922123,2.651920338256452
5614,25615,0.062482369465594344,1400,1.0403630003971447,2.9818087847057373
5615,25616,0.062482369465594344,1400,2.4373944655343065,1.98686471335381
5616,25617,0.062482369465594344,1400,2.3424134840593425,2.1103126097258746
5617,25618,0.062482369465594344,1400,1.2995790833363476,2.8671228229379193
5618,25619,0.062482369465594344,1400,1.2163680803540267,2.9220516149410107
5619,25620,0.062482369465594344,1400,1.8539243329945176,2.526056447914663
5620,25621,0.062482369465594344,1400,2.3855087733255735,2.0494198637136747
5621,25622,0.062482369465594344,1400,2.204263583077025,2.186929856559213
5622,25623,0.062482369465594344,1400,1.6569266612698972,2.679390691482115
5623,25624,0.062482369465594344,1400,1.9759259051212503,2.506382556952881
5624,25625,0.062482369465594344,1400,1.475020051284416,2.761793597109654
5625,25626,0.062482369465594344,1400,2.2732078460222387,2.072736518931114
5626,25627,0.062482369465594344,1400,1.5241570872782453,2.7458777803197423
5627,25628,0.062482369465594344,1400,1.0975841544957974,2.9300799537128546
5628,25629,0.062482369465594344,1400,1.539401607301388,2.76443515474131
5629,25630,0.062482369465594344,1400,2.3601461126256367,2.0616805162894094
5630,25631,0.062482369465594344,1400,1.8244571939057799,2.5306298151769036
5631,25632,0.062482369465594344,1400,1.161565171407405,2.9356328081636036
5632,25633,0.062482369465594344,1400,2.305363972662431,2.1568507260153615
5633,25634,0.062482369465594344,1400,2.002517502299264,2.3712517316853643
5634,25635,0.062482369465594344,1400,1.8144401038915923,2.535647729256439
5635,25636,0.062482369465594344,1400,1.687984198541637,2.583464790832152
5636,25637,0.062482369465594344,1400,2.001059394337666,2.408197407011239
5637,25638,0.062482369465594344,1400,2.5257182619538927,1.7616355224949298
5638,25639,0.062482369465594344,1400,2.0432856743896624,2.3269642040886622
5639,25640,0.062482369465594344,1400,1.839489339732739,2.524406257924376
5640,25641,0.062482369465594344,1400,2.4515633627021316,1.9450217658947913
5641,25642,0.062482369465594344,1400,2.261099660652827,2.0574281016053186
5642,25643,0.062482369465594344,1400,2.0231182060505213,2.359871953932237
5643,25644,0.062482369465594344,1400,2.1880326823014506,2.232520749961764
5644,25645,0.062482369465594344,1400,1.6336406772518646,2.6609976067150907
5645,25646,0.062482369465594344,1400,1.8641409832576112,2.521690652928915
5646,25647,0.062482369465594344,1400,2.300382840280542,2.149802056214582
5647,25648,0.062482369465594344,1400,2.1472394139752997,2.3000897674004332
5648,25649,0.062482369465594344,1400,2.2078419880669222,2.2183373167244644
5649,25650,0.062482369465594344,1400,1.5773556100560044,2.692847268066591
5650,25651,0.062482369465594344,1400,1.879036510272605,2.476148308323531
5651,25652,0.062482369465594344,1400,1.920990003674135,2.4951766835460303
5652,25653,0.062482369465594344,1400,1.2544248062413128,2.9197986228593615
5653,25654,0.062482369465594344,1400,1.3720014605057165,2.852952055039474
5654,25655,0.062482369465594344,1400,1.2187081157257937,2.887835107058332
5655,25656,0.062482369465594344,1400,1.1496903433356425,2.907573170597118
5656,25657,0.062482369465594344,1400,2.488126466558486,1.9181639239327661
5657,25658,0.062482369465594344,1400,2.2550614020597197,2.1819381380797793
5658,25659,0.062482369465594344,1400,1.4995630603686536,2.751363689525178
5659,25660,0.062482369465594344,1400,2.480244322135113,1.925355427579209
5660,25661,0.062482369465594344,1400,2.351141160259308,2.04262581393901
5661,25662,0.062482369465594344,1400,2.391562739749883,2.0291083943464243
5662,25663,0.062482369465594344,1400,1.5793995614365532,2.7337037612182433
5663,25664,0.062482369465594344,1400,2.4115426831770312,1.9564902011678889
5664,25665,0.062482369465594344,1400,2.4377803302543013,1.9854933138623863
5665,25666,0.062482369465594344,1400,1.6801349901853695,2.619497945970415
5666,25667,0.062482369465594344,1400,1.3943446765348582,2.7950828366917375
5667,25668,0.062482369465594344,1400,2.0462234785751887,2.3442007768207445
5668,25669,0.062482369465594344,1400,2.0035244970248547,2.323688451971937
5669,25670,0.062482369465594344,1400,2.255143075071845,2.179385030972469
5670,25671,0.062482369465594344,1400,1.7917356992198186,2.581095327087348
5671,25672,0.062482369465594344,1400,2.2577782397908255,2.2102993598335523
5672,25673,0.062482369465594344,1400,2.4697301249119903,1.9249524194890413
5673,25674,0.062482369465594344,1400,1.1098046993453659,2.944644234889617
5674,25675,0.062482369465594344,1400,1.9966237712707184,2.343469173814712
5675,25676,0.062482369465594344,1400,1.6077835452008074,2.6917901494896537
5676,25677,0.062482369465594344,1400,2.641542564109988,1.6179654952074372
5677,25678,0.062482369465594344,1400,1.3762548812531523,2.79557582108231
5678,25679,0.062482369465594344,1400,1.1562628111126205,2.9290428763953584
5679,25680,0.062482369465594344,1400,2.2585457094086956,2.095346794372679
5680,25681,0.062482369465594344,1400,2.4798651194994585,1.9077623559379682
5681,25682,0.062482369465594344,1400,1.5162528852937718,2.6840634012056035
5682,25683,0.062482369465594344,1400,1.832905278411048,2.51674520314545
5683,25684,0.062482369465594344,1400,2.000058124314747,2.3942731750643307
5684,25685,0.062482369465594344,1400,2.265633621478754,2.1964654909593095
5685,25686,0.062482369465594344,1400,2.1560343355033744,2.270006903993745
5686,25687,0.062482369465594344,1400,1.6715553099354374,2.6483604421488285
5687,25688,0.062482369465594344,1400,2.6411916390304313,1.6555707804454514
5688,25689,0.062482369465594344,1400,1.0566670678483228,2.976004055222352
5689,25690,0.062482369465594344,1400,2.010703330057882,2.3981242919137364
5690,25691,0.062482369465594344,1400,2.75356185603109,1.5099912583964117
5691,25692,0.062482369465594344,1400,2.10046183829212,2.348587982458684
5692,25693,0.062482369465594344,1400,1.9124355279622782,2.4171698502359766
5693,25694,0.062482369465594344,1400,1.5048067142046662,2.7555901182476226
5694,25695,0.062482369465594344,1400,2.5394092626275624,1.9042125836354848
5695,25696,0.062482369465594344,1400,2.009678789114189,2.39300457206649
5696,25697,0.062482369465594344,1400,2.176054094189632,2.301864220886433
5697,25698,0.062482369465594344,1400,1.6784147300482286,2.6312238370557566
5698,25699,0.062482369465594344,1400,2.1535905099456505,2.2329227498909185
5699,25700,0.062482369465594344,1600,1.8844882587488676,2.5236669751751823
5700,25701,0.062482369465594344,1600,2.1178105962586136,2.20177915032744
5701,25702,0.062482369465594344,1600,1.6362485532742117,2.677685894177702
5702,25703,0.062482369465594344,1600,1.8280628172668227,2.5473641747125706
5703,25704,0.062482369465594344,1600,2.1721919357325197,2.342239606157678
5704,25705,0.062482369465594344,1600,1.0740097897367575,2.9558232317643736
5705,25706,0.062482369465594344,1600,2.466603544540667,1.9836140277224374
5706,25707,0.062482369465594344,1600,1.9197582470466248,2.3837617002158167
5707,25708,0.062482369465594344,1600,1.9744526679723329,2.4434158255649967
5708,25709,0.062482369465594344,1600,2.272877713671002,2.1520697266083113
5709,25710,0.062482369465594344,1600,1.8440410485522805,2.5530849084252734
5710,25711,0.062482369465594344,1600,2.262480282074192,2.1065806270222214
5711,25712,0.062482369465594344,1600,2.1722601544014757,2.222562327405174
5712,25713,0.062482369465594344,1600,2.4553140216642393,2.0002027106320015
5713,25714,0.062482369465594344,1600,2.142931702254008,2.251046688898807
5714,25715,0.062482369465594344,1600,1.5604765916441994,2.7067294988359984
5715,25716,0.062482369465594344,1600,1.9764832448653435,2.4595234229217207
5716,25717,0.062482369465594344,1600,2.466642905020163,1.9739729234096703
5717,25718,0.062482369465594344,1600,2.0918633743214157,2.3349196915611783
5718,25719,0.062482369465594344,1600,2.2429663238728397,2.2390305636625727
5719,25720,0.062482369465594344,1600,2.1662947230733662,2.268366744383
5720,25721,0.062482369465594344,1600,1.3692289930526393,2.814968202494838
5721,25722,0.062482369465594344,1600,2.3639746156850387,2.060020576667917
5722,25723,0.062482369465594344,1600,1.6804310203812567,2.6533685089757535
5723,25724,0.062482369465594344,1600,2.0942954778421625,2.243048912416511
5724,25725,0.062482369465594344,1600,1.9480943085681894,2.449256554270811
5725,25726,0.062482369465594344,1600,1.6909524683661463,2.633331744001107
5726,25727,0.062482369465594344,1600,2.027474682746369,2.3999379934298934
5727,25728,0.062482369465594344,1600,2.4163669437328923,2.0284873239969174
5728,25729,0.062482369465594344,1600,1.506677137492265,2.7558725319287585
5729,25730,0.062482369465594344,1600,1.9681126742236486,2.424429242253735
5730,25731,0.062482369465594344,1600,1.7636780414567668,2.6117786734561066
5731,25732,0.062482369465594344,1600,1.8371961805195234,2.542877039681278
5732,25733,0.062482369465594344,1600,2.111775887582837,2.2209255103567735
5733,25734,0.062482369465594344,1600,2.3391925909234224,2.051380126814735
5734,25735,0.062482369465594344,1600,2.6070727602492507,1.841728071755514
5735,25736,0.062482369465594344,1600,2.3584463131287237,2.0370064803571664
5736,25737,0.062482369465594344,1600,2.3574228912184454,1.968216806801917
5737,25738,0.062482369465594344,1600,2.3210390433033634,1.9926717211269902
5738,25739,0.062482369465594344,1600,2.5923878460084246,1.776360404932353
5739,25740,0.062482369465594344,1600,1.6434519158557144,2.692619445723128
5740,25741,0.062482369465594344,1600,1.9174326729912603,2.5551321793354376
5741,25742,0.062482369465594344,1600,1.950039299057408,2.452598954847555
5742,25743,0.062482369465594344,1600,2.2452576785193874,2.194192415576884
5743,25744,0.062482369465594344,1600,2.541505496720136,1.8151222244153764
5744,25745,0.062482369465594344,1600,2.1663417162331005,2.35632208326646
5745,25746,0.062482369465594344,1600,2.324529315586994,2.0681297086989767
5746,25747,0.062482369465594344,1600,2.386973497576292,2.074014442735915
5747,25748,0.062482369465594344,1600,2.138498487918888,2.2838355523076084
5748,25749,0.062482369465594344,1600,2.3975969217675006,2.0409713005249843
5749,25750,0.062482369465594344,1600,2.2962593635142,2.178989026719604
5750,25751,0.062482369465594344,1600,2.7795653725097162,1.4662203132061988
5751,25752,0.062482369465594344,1600,1.9393990305360744,2.4889739713317427
5752,25753,0.062482369465594344,1600,2.1758204554222687,2.2652152103414833
5753,25754,0.062482369465594344,1600,1.903141066122678,2.4483813916005968
5754,25755,0.062482369465594344,1600,2.191134589146627,2.1971518416142066
5755,25756,0.062482369465594344,1600,2.004322306275562,2.3613470024747647
5756,25757,0.062482369465594344,1600,2.3279285691001768,2.0893229739574917
5757,25758,0.062482369465594344,1600,1.814695742128317,2.586175492945267
5758,25759,0.062482369465594344,1600,1.7859494400682963,2.5733331164879685
5759,25760,0.062482369465594344,1600,1.7382980196460711,2.6261698764795995
5760,25761,0.062482369465594344,1600,1.9586392698141424,2.465500891104734
5761,25762,0.062482369465594344,1600,2.52876098025643,1.86702217594246
5762,25763,0.062482369465594344,1600,1.7159964173991589,2.6248220525702517
5763,25764,0.062482369465594344,1600,2.5461076279662396,1.9284194648480948
5764,25765,0.062482369465594344,1600,2.2719191684575475,2.18845206315251
5765,25766,0.062482369465594344,1600,2.1858857758070758,2.2645746816868257
5766,25767,0.062482369465594344,1600,1.5534614103487059,2.753644611443889
5767,25768,0.062482369465594344,1600,1.9882803720907218,2.4501182316764742
5768,25769,0.062482369465594344,1600,2.0400762541893993,2.3263298423289474
5769,25770,0.062482369465594344,1600,2.304133077927274,2.1133444350230626
5770,25771,0.062482369465594344,1600,2.1969578596663055,2.187251081786644
5771,25772,0.062482369465594344,1600,2.32836388917442,2.0962937124543566
5772,25773,0.062482369465594344,1600,2.564724911426385,1.8725677591355627
5773,25774,0.062482369465594344,1600,1.6713559904668098,2.718820436722297
5774,25775,0.062482369465594344,1600,2.0551311092959454,2.374403779199956
5775,25776,0.062482369465594344,1600,1.794244742879766,2.595443278225633
5776,25777,0.062482369465594344,1600,1.8216015804374581,2.558478779925723
5777,25778,0.062482369465594344,1600,1.2060911499398097,2.881073089913022
5778,25779,0.062482369465594344,1600,1.9141313934206352,2.485478002616351
5779,25780,0.062482369465594344,1600,1.644448234305876,2.6036328264348283
5780,25781,0.062482369465594344,1600,2.4775221631328312,1.8680424501986366
5781,25782,0.062482369465594344,1600,2.6293389470365174,1.681947132012312
5782,25783,0.062482369465594344,1600,1.8485432504182413,2.521981462089447
5783,25784,0.062482369465594344,1600,2.0092423938784583,2.3531682385401202
5784,25785,0.062482369465594344,1600,1.1828838541469349,2.9131532007089964
5785,25786,0.062482369465594344,1600,2.3200398949810688,2.0768952307699453
5786,25787,0.062482369465594344,1600,1.446520251303448,2.7830120376972873
5787,25788,0.062482369465594344,1600,2.1933532937134186,2.24716492401478
5788,25789,0.062482369465594344,1600,2.0113791739586055,2.327916002527421
5789,25790,0.062482369465594344,1600,2.5063605183853297,1.8687775311216697
5790,25791,0.062482369465594344,1600,2.9769480234702654,0.9639326838713064
5791,25792,0.062482369465594344,1600,2.000275902702554,2.4454903472382945
5792,25793,0.062482369465594344,1600,2.074044222507259,2.3025056436509113
5793,25794,0.062482369465594344,1600,2.666308792385097,1.7224737042006375
5794,25795,0.062482369465594344,1600,2.4494554697633437,1.928490975735827
5795,25796,0.062482369465594344,1600,2.0888435552596336,2.3991828924612717
5796,25797,0.062482369465594344,1600,1.6419326660316453,2.6877175091431176
5797,25798,0.062482369465594344,1600,2.2233802747114124,2.207213102533802
5798,25799,0.062482369465594344,1600,2.180169620531036,2.288062514405941
5799,25800,0.062482369465594344,1800,2.299352843398198,2.183752482839148
5800,25801,0.062482369465594344,1800,1.3573407982217152,2.7449501347462
5801,25802,0.062482369465594344,1800,1.7180381998444836,2.6059159698373255
5802,25803,0.062482369465594344,1800,2.642436813472282,1.7346835668019192
5803,25804,0.062482369465594344,1800,1.1973856945276533,2.878475684594222
5804,25805,0.062482369465594344,1800,1.5844544657142634,2.703373115274581
5805,25806,0.062482369465594344,1800,1.6482377822730065,2.7049448447189044
5806,25807,0.062482369465594344,1800,1.5155101378752573,2.75627617330259
5807,25808,0.062482369465594344,1800,2.4610207323663986,1.9558603535040575
5808,25809,0.062482369465594344,1800,1.5836835637276294,2.705565591721297
5809,25810,0.062482369465594344,1800,2.4337581708677005,1.939801658543928
5810,25811,0.062482369465594344,1800,2.3169973452657304,2.130968808076747
5811,25812,0.062482369465594344,1800,2.083638534488047,2.378928603792766
5812,25813,0.062482369465594344,1800,2.3490061938426257,2.0173359487659495
5813,25814,0.062482369465594344,1800,2.309099521451205,2.0499515390722727
5814,25815,0.062482369465594344,1800,2.335805868453815,2.0898059835073584
5815,25816,0.062482369465594344,1800,1.7587019157562391,2.590896728348902
5816,25817,0.062482369465594344,1800,2.270695464393437,2.151772108176749
5817,25818,0.062482369465594344,1800,1.9579193190628394,2.4710732110263955
5818,25819,0.062482369465594344,1800,2.023299971181875,2.361764546944475
5819,25820,0.062482369465594344,1800,2.3098100380649713,2.111954721831181
5820,25821,0.062482369465594344,1800,1.1824522604247514,2.914326705117022
5821,25822,0.062482369465594344,1800,2.505877261960607,1.8301607403109865
5822,25823,0.062482369465594344,1800,2.3751748409400673,2.0367301772108486
5823,25824,0.062482369465594344,1800,1.5414556172442988,2.7564262516210656
5824,25825,0.062482369465594344,1800,1.8124934944607916,2.5641267763507085
5825,25826,0.062482369465594344,1800,1.8841652201735986,2.522818328665277
5826,25827,0.062482369465594344,1800,2.4198412416255874,1.9734133877146156
5827,25828,0.062482369465594344,1800,2.109674632668892,2.2877766220532516
5828,25829,0.062482369465594344,1800,1.6451841389162944,2.6609960989356667
5829,25830,0.062482369465594344,1800,2.266248948436903,2.178822186145576
5830,25831,0.062482369465594344,1800,2.135461020284318,2.250407336086742
5831,25832,0.062482369465594344,1800,1.3060531573306515,2.8856763880432155
5832,25833,0.062482369465594344,1800,2.2309166827806637,2.2279773510694634
5833,25834,0.062482369465594344,1800,2.338291795216253,2.096048827829715
5834,25835,0.062482369465594344,1800,2.28555058392326,2.1350449025078517
5835,25836,0.062482369465594344,1800,2.5603483709716044,1.8225815997813801
5836,25837,0.062482369465594344,1800,2.666333475271721,1.60957987835185
5837,25838,0.062482369465594344,1800,1.894503524900891,2.5142912333700207
5838,25839,0.062482369465594344,1800,2.214768537326616,2.2063762963713294
5839,25840,0.062482369465594344,1800,2.151352620435591,2.278778773224123
5840,25841,0.062482369465594344,1800,1.9564539394110168,2.49129690127485
5841,25842,0.062482369465594344,1800,2.6506727976711266,1.7595577415253523
5842,25843,0.062482369465594344,1800,1.9612414747647022,2.434684440255794
5843,25844,0.062482369465594344,1800,2.4075478335298,1.9727088582951946
5844,25845,0.062482369465594344,1800,2.346488373057519,2.0637743453305823
5845,25846,0.062482369465594344,1800,2.5083565270816086,1.8829989845684065
5846,25847,0.062482369465594344,1800,2.1111469802340075,2.3304427643315035
5847,25848,0.062482369465594344,1800,1.740986543150143,2.5396515613496886
5848,25849,0.062482369465594344,1800,2.255665018099801,2.178859657928694
5849,25850,0.062482369465594344,1800,2.280147508743397,2.09310196919024
5850,25851,0.062482369465594344,1800,2.6396580871261155,1.7320919658433163
5851,25852,0.062482369465594344,1800,2.4011868127101645,1.9647298476328892
5852,25853,0.062482369465594344,1800,1.8528479700506086,2.5530389776760822
5853,25854,0.062482369465594344,1800,1.8782561234577293,2.526070132904093
5854,25855,0.062482369465594344,1800,2.3790837196633534,2.0474312075885526
5855,25856,0.062482369465594344,1800,2.3993053247872025,1.9509155263863687
5856,25857,0.062482369465594344,1800,1.9939896837323858,2.445388017858627
5857,25858,0.062482369465594344,1800,2.778349678110864,1.4452620028192673
5858,25859,0.062482369465594344,1800,2.598162393783427,1.8341241122923333
5859,25860,0.062482369465594344,1800,2.198657478990978,2.286953768022527
5860,25861,0.062482369465594344,1800,2.423971890265282,1.957213984722713
5861,25862,0.062482369465594344,1800,2.48950139781049,1.8841814237535401
5862,25863,0.062482369465594344,1800,1.7571787184664907,2.5572310118565476
5863,25864,0.062482369465594344,1800,1.0535709810120484,2.972741347479059
5864,25865,0.062482369465594344,1800,2.440758848547291,1.9688806020431269
5865,25866,0.062482369465594344,1800,2.4479870687862517,1.9924973737472809
5866,25867,0.062482369465594344,1800,1.9373379535492052,2.481230984952774
5867,25868,0.062482369465594344,1800,2.768898527264922,1.2649171187775932
5868,25869,0.062482369465594344,1800,2.220479007952101,2.259716358409126
5869,25870,0.062482369465594344,1800,2.263045858621298,2.1581427999685836
5870,25871,0.062482369465594344,1800,1.7496248123250246,2.6020313262620087
5871,25872,0.062482369465594344,1800,2.2924798391625374,2.138082356211494
5872,25873,0.062482369465594344,1800,2.3688603065670386,2.08170806968082
5873,25874,0.062482369465594344,1800,2.1768385710169773,2.2385537457972804
5874,25875,0.062482369465594344,1800,2.4421646239998003,1.956356608260671
5875,25876,0.062482369465594344,1800,2.069654873996318,2.35228893242986
5876,25877,0.062482369465594344,1800,1.6464988988737705,2.6682251563349615
5877,25878,0.062482369465594344,1800,2.246556907565412,2.246870249069769
5878,25879,0.062482369465594344,1800,2.0202350171833694,2.4580304437609177
5879,25880,0.062482369465594344,1800,2.0386362529019473,2.3322985225921067
5880,25881,0.062482369465594344,1800,2.0435151626099244,2.410349473692295
5881,25882,0.062482369465594344,1800,2.0356334935986973,2.324545487326385
5882,25883,0.062482369465594344,1800,1.6141356824527147,2.6693972686986154
5883,25884,0.062482369465594344,1800,2.018502411451551,2.3299139569267284
5884,25885,0.062482369465594344,1800,2.2813409065304984,2.1923281227944504
5885,25886,0.062482369465594344,1800,2.0732662081510376,2.3209173844343853
5886,25887,0.062482369465594344,1800,2.1532162081785806,2.239474967925492
5887,25888,0.062482369465594344,1800,2.187263976108339,2.206425808628995
5888,25889,0.062482369465594344,1800,1.9436713537637043,2.453561416196762
5889,25890,0.062482369465594344,1800,2.5724505734266208,1.6783249360471673
5890,25891,0.062482369465594344,1800,2.2444750666945827,2.2142401043144555
5891,25892,0.062482369465594344,1800,2.497305912601225,1.875657673904928
5892,25893,0.062482369465594344,1800,2.6466568550599905,1.6567338326093775
5893,25894,0.062482369465594344,1800,2.238327181308572,2.2590939155281777
5894,25895,0.062482369465594344,1800,1.5676405539401483,2.6982882876977192
5895,25896,0.062482369465594344,1800,1.0906310812146542,2.9448357146944324
5896,25897,0.062482369465594344,1800,2.083036991905893,2.3219517961039404
5897,25898,0.062482369465594344,1800,2.0650227760108355,2.395877334802905
5898,25899,0.062482369465594344,1800,2.3205856234513007,2.148668080145908
5899,25900,0.062482369465594344,2000,2.282290521509374,2.178478024842515
5900,25901,0.062482369465594344,2000,2.0803426600538275,2.3886231415192976
5901,25902,0.062482369465594344,2000,2.1147891055221266,2.3697812721604743
5902,25903,0.062482369465594344,2000,2.186122067275344,2.2330686214622824
5903,25904,0.062482369465594344,2000,2.6315342705166396,1.7352573157885391
5904,25905,0.062482369465594344,2000,1.1925501510822345,2.894122188313689
5905,25906,0.062482369465594344,2000,1.9322701604774486,2.4150241853149734
5906,25907,0.062482369465594344,2000,1.5493255575618876,2.7145414388680247
5907,25908,0.062482369465594344,2000,2.0453123013340346,2.384249626297169
5908,25909,0.062482369465594344,2000,1.3785075321626323,2.845524608709643
5909,25910,0.062482369465594344,2000,2.4279348510851646,2.031789877610542
5910,25911,0.062482369465594344,2000,2.1603290780969258,2.3059394743931474
5911,25912,0.062482369465594344,2000,1.9756619470890702,2.4304956437235763
5912,25913,0.062482369465594344,2000,2.4063779290940364,1.9978342440443906
5913,25914,0.062482369465594344,2000,2.741747102702074,1.5594538404297313
5914,25915,0.062482369465594344,2000,2.114173480908735,2.3375620641241146
5915,25916,0.062482369465594344,2000,1.740879839365833,2.607199137899729
5916,25917,0.062482369465594344,2000,2.4925880042544835,1.9456103223061245
5917,25918,0.062482369465594344,2000,2.633933617401324,1.7045749473471616
5918,25919,0.062482369465594344,2000,2.443603380830541,1.938074385440745
5919,25920,0.062482369465594344,2000,2.460188754816103,1.9674961576262224
5920,25921,0.062482369465594344,2000,2.1271096769514815,2.302889969536321
5921,25922,0.062482369465594344,2000,1.8237029435769823,2.562407975684372
5922,25923,0.062482369465594344,2000,2.511980349351922,1.8559549434685956
5923,25924,0.062482369465594344,2000,2.597782973170427,1.836154964897193
5924,25925,0.062482369465594344,2000,1.7970566402770518,2.591700378787518
5925,25926,0.062482369465594344,2000,1.4590721512284655,2.804628166351426
5926,25927,0.062482369465594344,2000,1.7693828028448224,2.5852370703583416
5927,25928,0.062482369465594344,2000,2.349724695654389,2.141733409121019
5928,25929,0.062482369465594344,2000,1.3995178789635716,2.8275955754721145
5929,25930,0.062482369465594344,2000,1.9708925787760534,2.4461475678052933
5930,25931,0.062482369465594344,2000,1.8130928519695633,2.5212413346134017
5931,25932,0.062482369465594344,2000,2.6192077677601886,1.7197771761914844
5932,25933,0.062482369465594344,2000,2.505759647094597,1.8591385181477247
5933,25934,0.062482369465594344,2000,1.6698953816889055,2.691451045820926
5934,25935,0.062482369465594344,2000,2.618798593105356,1.7425256892112262
5935,25936,0.062482369465594344,2000,2.4660308949150904,1.9018666819633174
5936,25937,0.062482369465594344,2000,2.4887003289141374,1.934296353740234
5937,25938,0.062482369465594344,2000,2.4545273995351873,1.9549364554568307
5938,25939,0.062482369465594344,2000,2.3386462651530575,2.051723412938418
5939,25940,0.062482369465594344,2000,2.5496528051396785,1.832847856326476
5940,25941,0.062482369465594344,2000,2.200840344006046,2.2355556220905184
5941,25942,0.062482369465594344,2000,2.438405659125716,2.0481968446763243
5942,25943,0.062482369465594344,2000,1.158592768558317,2.9340791501396315
5943,25944,0.062482369465594344,2000,1.8747605073141198,2.5166811100052184
5944,25945,0.062482369465594344,2000,2.391567230676195,2.043429726277915
5945,25946,0.062482369465594344,2000,2.1134170956411173,2.2899774565058766
5946,25947,0.062482369465594344,2000,2.5050966481305967,1.914863076237221
5947,25948,0.062482369465594344,2000,1.793327606223476,2.5571784025640776
5948,25949,0.062482369465594344,2000,1.7173627662825353,2.6224304402161835
5949,25950,0.062482369465594344,2000,2.5825208985555586,1.8659936733972873
5950,25951,0.062482369465594344,2000,2.109017604876005,2.3287983322959107
5951,25952,0.062482369465594344,2000,1.997470606297044,2.4304318928186452
5952,25953,0.062482369465594344,2000,1.7698853064132396,2.686156930723265
5953,25954,0.062482369465594344,2000,2.583086974456698,1.7056758826837135
5954,25955,0.062482369465594344,2000,2.481418966736302,1.9346012624454267
5955,25956,0.062482369465594344,2000,2.461000490973281,1.9547667716483517
5956,25957,0.062482369465594344,2000,2.0844151601108765,2.350189380723459
5957,25958,0.062482369465594344,2000,2.277345357029425,2.1669222169996467
5958,25959,0.062482369465594344,2000,2.185075452612776,2.265102027800272
5959,25960,0.062482369465594344,2000,2.327372115647854,2.1917453200857384
5960,25961,0.062482369465594344,2000,2.1118866658103848,2.3126309396063602
5961,25962,0.062482369465594344,2000,2.5116826294804317,1.9113144916812843
5962,25963,0.062482369465594344,2000,1.8910507611578367,2.5462425014611614
5963,25964,0.062482369465594344,2000,2.160698015070399,2.2976958186985375
5964,25965,0.062482369465594344,2000,2.087351810058835,2.3274879411690064
5965,25966,0.062482369465594344,2000,2.7637542408269726,1.452674207367931
5966,25967,0.062482369465594344,2000,2.4197471713097025,1.9781227164707347
5967,25968,0.062482369465594344,2000,2.311955475342264,2.0927685530699547
5968,25969,0.062482369465594344,2000,2.1669975590200945,2.2661709689777423
5969,25970,0.062482369465594344,2000,2.349997562589443,2.077772669269785
5970,25971,0.062482369465594344,2000,1.8360882471439983,2.506059987963062
5971,25972,0.062482369465594344,2000,2.2561144913052016,2.2202091691565315
5972,25973,0.062482369465594344,2000,2.448293966918494,1.9740005829871223
5973,25974,0.062482369465594344,2000,2.2417362887265417,2.240135455542019
5974,25975,0.062482369465594344,2000,2.2788178860569355,2.136753109927912
5975,25976,0.062482369465594344,2000,1.7706386380395256,2.6261507325971643
5976,25977,0.062482369465594344,2000,2.3434730753939177,2.1404436813298777
5977,25978,0.062482369465594344,2000,2.776294893015817,1.5727780350638303
5978,25979,0.062482369465594344,2000,1.2587579800898427,2.9169396281445765
5979,25980,0.062482369465594344,2000,2.180653307079414,2.2370394078724534
5980,25981,0.062482369465594344,2000,2.440049978449859,1.9671663185035917
5981,25982,0.062482369465594344,2000,2.7170916558755485,1.4277201027772914
5982,25983,0.062482369465594344,2000,2.449357455097636,2.0136106805566527
5983,25984,0.062482369465594344,2000,2.308353927111394,2.082281950237445
5984,25985,0.062482369465594344,2000,2.235792171655413,2.208974484229934
5985,25986,0.062482369465594344,2000,2.0138733004691796,2.4283974660798497
5986,25987,0.062482369465594344,2000,2.3930264615752237,2.040799573398138
5987,25988,0.062482369465594344,2000,2.0542892364899985,2.353259831467043
5988,25989,0.062482369465594344,2000,1.984813684561129,2.4619970642339144
5989,25990,0.062482369465594344,2000,2.191986416193394,2.281376402708956
5990,25991,0.062482369465594344,2000,2.1811625861531203,2.276587091644434
5991,25992,0.062482369465594344,2000,2.103263230975392,2.298617433442428
5992,25993,0.062482369465594344,2000,1.4099874852316612,2.796978852550893
5993,25994,0.062482369465594344,2000,2.1089156610091546,2.3488434436089327
5994,25995,0.062482369465594344,2000,2.044257446986644,2.4200026646393704
5995,25996,0.062482369465594344,2000,2.572309492746119,1.733728413838259
5996,25997,0.062482369465594344,2000,1.947991334356773,2.488874761796644
5997,25998,0.062482369465594344,2000,2.117566444116533,2.29724713900604
5998,25999,0.062482369465594344,2000,1.3348481716137353,2.8399496588983646
5999,26000,0.03513641844631533,200,1.8518079288173166,2.4923235810645368
6000,26001,0.03513641844631533,200,1.0477604425886922,2.9644243589085226
6001,26002,0.03513641844631533,200,1.9580395213181014,2.3903050318082544
6002,26003,0.03513641844631533,200,2.267772810241582,2.0925941012960907
6003,26004,0.03513641844631533,200,1.0988955169528576,2.9352981675646435
6004,26005,0.03513641844631533,200,1.4263169429380214,2.7762587215774124
6005,26006,0.03513641844631533,200,1.3783807877137,2.7864991603003197
6006,26007,0.03513641844631533,200,1.3248562096918204,2.842474511699998
6007,26009,0.03513641844631533,200,1.0516523765899395,2.976465339384555
6008,26010,0.03513641844631533,200,1.614516951981755,2.6763554133343526
6009,26011,0.03513641844631533,200,1.2997508410482952,2.8384486804466493
6010,26012,0.03513641844631533,200,1.0988312309179131,2.9400838071876
6011,26013,0.03513641844631533,200,1.517556627572768,2.7318957692921932
6012,26014,0.03513641844631533,200,2.128803045712545,2.210973386403329
6013,26015,0.03513641844631533,200,2.19654835934755,2.210631708469763
6014,26016,0.03513641844631533,200,1.2991631196367286,2.880317302753368
6015,26017,0.03513641844631533,200,1.5557316021312304,2.7549914439185645
6016,26018,0.03513641844631533,200,1.0287671024494882,2.970485631490133
6017,26019,0.03513641844631533,200,1.4720211260722311,2.737058644596785
6018,26020,0.03513641844631533,200,1.1831351145711957,2.917117166044572
6019,26021,0.03513641844631533,200,1.5649809001943773,2.7368908769447935
6020,26022,0.03513641844631533,200,1.7530517324099055,2.5913368260796177
6021,26023,0.03513641844631533,200,1.6363612174651472,2.675382737118693
6022,26024,0.03513641844631533,200,1.5230916133788093,2.716340323450395
6023,26025,0.03513641844631533,200,1.082672117768288,2.967592571455664
6024,26026,0.03513641844631533,200,1.7617515390575207,2.5804389383680126
6025,26027,0.03513641844631533,200,1.9999613223663506,2.379961272461498
6026,26028,0.03513641844631533,200,1.3708472704052972,2.7823011874914996
6027,26029,0.03513641844631533,200,1.3765852893721242,2.7948682361621966
6028,26030,0.03513641844631533,200,1.502300277356037,2.7189512191154597
6029,26031,0.03513641844631533,200,1.1248378922669295,2.9260438707231295
6030,26032,0.03513641844631533,200,1.2371722696392242,2.882022128337139
6031,26033,0.03513641844631533,200,1.1182027882949837,2.9365945698596927
6032,26034,0.03513641844631533,200,1.5920503366145524,2.6843777148697296
6033,26035,0.03513641844631533,200,1.7908308835393114,2.544805058017329
6034,26036,0.03513641844631533,200,1.2774225160010766,2.8469310220241946
6035,26037,0.03513641844631533,200,1.8537177919130525,2.4870835629064336
6036,26038,0.03513641844631533,200,1.4390043270937403,2.7532617071837118
6037,26039,0.03513641844631533,200,1.6471778227076257,2.6465227764785677
6038,26040,0.03513641844631533,200,1.0773247424930028,2.9127953225206804
6039,26041,0.03513641844631533,200,1.2340202884920415,2.884954478401025
6040,26042,0.03513641844631533,200,1.2913045354238257,2.861943046983287
6041,26043,0.03513641844631533,200,1.0838034745294225,2.954575986713464
6042,26044,0.03513641844631533,200,1.0826320448090605,2.9602009108584615
6043,26045,0.03513641844631533,200,1.529436113416408,2.7282052042377574
6044,26046,0.03513641844631533,200,1.8096633149474024,2.535771159122914
6045,26047,0.03513641844631533,200,1.1799626746345475,2.895516206014995
6046,26048,0.03513641844631533,200,1.6561560115615173,2.635771631997008
6047,26049,0.03513641844631533,200,1.570058201525129,2.6809415201358746
6048,26050,0.03513641844631533,200,1.9078740071200528,2.4909429973000985
6049,26051,0.03513641844631533,200,1.4722936424380486,2.75606215316004
6050,26052,0.03513641844631533,200,1.1497925124947062,2.8759349415856774
6051,26053,0.03513641844631533,200,1.0819180408048368,2.9383629893212264
6052,26054,0.03513641844631533,200,1.0688626330144941,2.9546511176059
6053,26055,0.03513641844631533,200,1.1317732192036298,2.928495873825469
6054,26056,0.03513641844631533,200,1.8055549112782732,2.5412547074679166
6055,26057,0.03513641844631533,200,1.810710805754552,2.5444946677346345
6056,26058,0.03513641844631533,200,1.370258593240861,2.7950017292413243
6057,26059,0.03513641844631533,200,1.0627904980176743,2.9745962508077195
6058,26060,0.03513641844631533,200,1.6523321771826105,2.6729351865649607
6059,26061,0.03513641844631533,200,1.0425775435779114,2.974979066804943
6060,26062,0.03513641844631533,200,1.0619615125269175,2.972695291004442
6061,26063,0.03513641844631533,200,1.8502480256069744,2.479335496550718
6062,26064,0.03513641844631533,200,1.2216286266285623,2.875020889731666
6063,26065,0.03513641844631533,200,1.2644576447067948,2.8769769239991745
6064,26066,0.03513641844631533,200,1.2029730300628654,2.9014091275106493
6065,26067,0.03513641844631533,200,1.5279807921292223,2.7539246145627874
6066,26068,0.03513641844631533,200,1.1459343366906587,2.9263663842727716
6067,26069,0.03513641844631533,200,1.0485742000282885,2.9709896390126938
6068,26070,0.03513641844631533,200,1.567782637766213,2.6875304948100505
6069,26071,0.03513641844631533,200,1.2700248951254272,2.870312965410671
6070,26072,0.03513641844631533,200,1.990168920506397,2.4022361856498557
6071,26073,0.03513641844631533,200,1.989051286848601,2.3577630370598435
6072,26074,0.03513641844631533,200,1.6489740076395836,2.65760543550116
6073,26075,0.03513641844631533,200,1.034605890474494,2.9564643066527374
6074,26076,0.03513641844631533,200,1.739988747610734,2.589275485869221
6075,26077,0.03513641844631533,200,1.4319625002249265,2.7487817223740825
6076,26078,0.03513641844631533,200,1.8364814088438248,2.485798513588198
6077,26079,0.03513641844631533,200,1.7244768160973092,2.575030778231009
6078,26080,0.03513641844631533,200,1.5711583581435975,2.6914173570622038
6079,26081,0.03513641844631533,200,1.158770823812219,2.9113520524902032
6080,26082,0.03513641844631533,200,1.2933345411074313,2.873399151976426
6081,26083,0.03513641844631533,200,1.6474393904539428,2.6826442767906302
6082,26084,0.03513641844631533,200,1.7843284453612855,2.513254180095358
6083,26085,0.03513641844631533,200,1.2324880797458242,2.87771294954672
6084,26086,0.03513641844631533,200,1.5898208610504347,2.672272410198784
6085,26087,0.03513641844631533,200,1.7988121986142858,2.607192107518176
6086,26088,0.03513641844631533,200,1.098024652344621,2.930253598666548
6087,26089,0.03513641844631533,200,1.6008636069274824,2.6986388433267647
6088,26090,0.03513641844631533,200,1.7661896519820501,2.597201354968131
6089,26091,0.03513641844631533,200,2.611465898307857,1.6626311047281532
6090,26092,0.03513641844631533,200,1.0794488719739428,2.9537068585845923
6091,26093,0.03513641844631533,200,1.3724445130627987,2.8381670926426845
6092,26094,0.03513641844631533,200,1.2441869744909924,2.8706985692432623
6093,26095,0.03513641844631533,200,1.1771171172532706,2.9179508254265114
6094,26096,0.03513641844631533,200,1.5378881808073965,2.6871893726536653
6095,26097,0.03513641844631533,200,1.2178116018798455,2.8930677186179112
6096,26098,0.03513641844631533,200,1.0823669920603864,2.9553890369932434
6097,26099,0.03513641844631533,200,1.4237739577985453,2.800915256073896
6098,26100,0.03513641844631533,400,1.3659351671533333,2.8403732469816125
6099,26101,0.03513641844631533,400,1.042530390120286,2.9435678004972337
6100,26102,0.03513641844631533,400,1.924426999153048,2.430052773558291
6101,26103,0.03513641844631533,400,1.2746899540371783,2.87580051692889
6102,26104,0.03513641844631533,400,1.491149026506533,2.734112686448354
6103,26105,0.03513641844631533,400,1.1605447829654625,2.9011553046377236
6104,26106,0.03513641844631533,400,1.421479325027153,2.788559328234691
6105,26107,0.03513641844631533,400,1.776934649037506,2.5913307239408416
6106,26108,0.03513641844631533,400,1.660197831907284,2.6274221302446383
6107,26109,0.03513641844631533,400,1.1292733414051022,2.9298570209222747
6108,26110,0.03513641844631533,400,1.9517741221113087,2.382282006342213
6109,26111,0.03513641844631533,400,1.3013755806451355,2.8391273784763635
6110,26112,0.03513641844631533,400,1.1098616463890396,2.9435048627134544
6111,26113,0.03513641844631533,400,1.1639590516677325,2.9265230776693456
6112,26114,0.03513641844631533,400,1.3644302630153768,2.8076833907442995
6113,26115,0.03513641844631533,400,1.7727557756334698,2.5757941531862416
6114,26116,0.03513641844631533,400,1.6683068466488726,2.6609498783368952
6115,26117,0.03513641844631533,400,1.4696547585470419,2.7760924932457676
6116,26118,0.03513641844631533,400,1.4429672972932042,2.755481812879048
6117,26119,0.03513641844631533,400,1.4263741256981475,2.8037597547342488
6118,26120,0.03513641844631533,400,2.147027642540021,2.2198445371580284
6119,26121,0.03513641844631533,400,1.9097963699373408,2.5011005771925356
6120,26122,0.03513641844631533,400,1.792308528044614,2.5755545387752954
6121,26123,0.03513641844631533,400,1.2484459003582478,2.8869796927659883
6122,26124,0.03513641844631533,400,1.3851051187454488,2.8074654482069143
6123,26125,0.03513641844631533,400,1.8753087215680924,2.505119984986209
6124,26126,0.03513641844631533,400,1.6142420024122974,2.696035019686135
6125,26127,0.03513641844631533,400,1.6458508571040764,2.6940150809907673
6126,26128,0.03513641844631533,400,1.695431566715893,2.6330318195331497
6127,26129,0.03513641844631533,400,1.983209761502506,2.4575985356765155
6128,26130,0.03513641844631533,400,1.3294361387810505,2.8511348555936094
6129,26131,0.03513641844631533,400,1.4700135999686665,2.7489240140834097
6130,26132,0.03513641844631533,400,1.8023848870895212,2.5431988765692
6131,26133,0.03513641844631533,400,1.1870497486612421,2.895191331096063
6132,26134,0.03513641844631533,400,1.8405272540737077,2.5183412007974733
6133,26135,0.03513641844631533,400,1.4785653786561939,2.772319679770243
6134,26136,0.03513641844631533,400,1.407650406130791,2.8159209214949903
6135,26137,0.03513641844631533,400,1.7101766866276897,2.636602769652355
6136,26138,0.03513641844631533,400,1.04723080594782,2.965634552293851
6137,26139,0.03513641844631533,400,1.2636394628601149,2.859490021367516
6138,26140,0.03513641844631533,400,1.1538510831467952,2.9369709603168435
6139,26141,0.03513641844631533,400,1.8020725789038163,2.6090002349245873
6140,26142,0.03513641844631533,400,2.363805778042078,2.0366098591022914
6141,26143,0.03513641844631533,400,1.4609829905582346,2.760472363646887
6142,26144,0.03513641844631533,400,1.0531697073465192,2.9488661645357532
6143,26145,0.03513641844631533,400,1.364210786999419,2.8285653548948995
6144,26146,0.03513641844631533,400,1.615985156230236,2.6689981603467463
6145,26147,0.03513641844631533,400,1.396548949035211,2.7764629627904047
6146,26148,0.03513641844631533,400,1.905899009569494,2.4626971818785908
6147,26149,0.03513641844631533,400,1.270744914584148,2.8730910005001866
6148,26150,0.03513641844631533,400,1.2119721024598418,2.889825303285689
6149,26151,0.03513641844631533,400,2.31322566815201,2.088376442625993
6150,26152,0.03513641844631533,400,1.336239773748986,2.8277243699533727
6151,26153,0.03513641844631533,400,1.2686564509055391,2.8747349660401356
6152,26154,0.03513641844631533,400,1.4519133074789323,2.7637275407776216
6153,26155,0.03513641844631533,400,1.1890367810589262,2.9101082959891302
6154,26156,0.03513641844631533,400,1.7383569821002005,2.570593968761974
6155,26157,0.03513641844631533,400,1.4469822223256237,2.808894712791869
6156,26158,0.03513641844631533,400,1.3218217938370749,2.8388176969345347
6157,26159,0.03513641844631533,400,1.932540356248015,2.447584546565731
6158,26160,0.03513641844631533,400,1.162956007452627,2.9262953788186916
6159,26161,0.03513641844631533,400,1.1339629170251306,2.918912690035443
6160,26162,0.03513641844631533,400,1.396114766875209,2.8163083032912937
6161,26163,0.03513641844631533,400,1.2039796588040246,2.8895336729919507
6162,26164,0.03513641844631533,400,1.5031504761790424,2.736821932410612
6163,26165,0.03513641844631533,400,1.615140772846114,2.6892180468401783
6164,26166,0.03513641844631533,400,1.131067307857986,2.9397587373486394
6165,26167,0.03513641844631533,400,1.5535339409633004,2.7240080321929128
6166,26168,0.03513641844631533,400,1.8030974568603177,2.5811446741145074
6167,26169,0.03513641844631533,400,1.450482373107771,2.7776061968459085
6168,26170,0.03513641844631533,400,1.844054801865574,2.5190445252851035
6169,26171,0.03513641844631533,400,1.904758669536648,2.4236420778734002
6170,26172,0.03513641844631533,400,1.2134733133304847,2.909559588505786
6171,26173,0.03513641844631533,400,1.0019840977537502,2.96373316343215
6172,26174,0.03513641844631533,400,2.3012243319284926,2.065359786004433
6173,26175,0.03513641844631533,400,1.753470494965874,2.5686390402326653
6174,26176,0.03513641844631533,400,2.089337010406375,2.296869907038605
6175,26177,0.03513641844631533,400,1.263502471206376,2.8617444416466347
6176,26178,0.03513641844631533,400,1.0289037994079917,2.9727755494429413
6177,26179,0.03513641844631533,400,1.05868405808945,2.942542162576251
6178,26180,0.03513641844631533,400,1.6774895043226383,2.6184638774146936
6179,26181,0.03513641844631533,400,1.1761429008168247,2.9211122475936397
6180,26182,0.03513641844631533,400,1.1753148096015646,2.9028887924486733
6181,26183,0.03513641844631533,400,1.7576545379676347,2.5962191814983226
6182,26184,0.03513641844631533,400,1.5204531414705635,2.750194945741118
6183,26185,0.03513641844631533,400,1.9346478174287423,2.414902513079299
6184,26186,0.03513641844631533,400,1.0621125570241627,2.9670846151900885
6185,26187,0.03513641844631533,400,1.5225018931436294,2.743338144885772
6186,26188,0.03513641844631533,400,1.461425043916678,2.7404167769749717
6187,26189,0.03513641844631533,400,1.4703100942805736,2.791083575779805
6188,26190,0.03513641844631533,400,1.1509534448100731,2.9342821228929887
6189,26191,0.03513641844631533,400,1.7178046729934962,2.6196793039788226
6190,26192,0.03513641844631533,400,1.4669781313274948,2.75314789167444
6191,26193,0.03513641844631533,400,1.1805712091551388,2.9067308463150345
6192,26194,0.03513641844631533,400,1.2212339487383184,2.8890987208231165
6193,26195,0.03513641844631533,400,1.5354413480395246,2.7263066792323993
6194,26196,0.03513641844631533,400,1.066874976509783,2.9621979217808803
6195,26197,0.03513641844631533,400,1.6501409726809029,2.6593313912869716
6196,26198,0.03513641844631533,400,1.0395857353467062,2.969382545391291
6197,26199,0.03513641844631533,400,1.3002050947908166,2.8310235504727674
6198,26200,0.03513641844631533,600,1.6375517013482024,2.680326402811941
6199,26201,0.03513641844631533,600,1.5708185977878277,2.6907636566064754
6200,26202,0.03513641844631533,600,1.495146794740659,2.7346180825947117
6201,26203,0.03513641844631533,600,1.939761980781448,2.4472296589641376
6202,26204,0.03513641844631533,600,1.4796971469925475,2.77801741457164
6203,26205,0.03513641844631533,600,1.1923137195500313,2.92114867085568
6204,26206,0.03513641844631533,600,1.5226940137016851,2.700563674645732
6205,26207,0.03513641844631533,600,1.7354631562227656,2.64445238740257
6206,26208,0.03513641844631533,600,1.387041305530893,2.8087615379865083
6207,26209,0.03513641844631533,600,1.5517913456263615,2.7307244325719267
6208,26210,0.03513641844631533,600,1.555914705297179,2.6985615580112894
6209,26211,0.03513641844631533,600,2.4544096490381118,1.9424355328122502
6210,26212,0.03513641844631533,600,1.7424701758606655,2.5860604852167794
6211,26213,0.03513641844631533,600,1.0885829551100328,2.9325043801737523
6212,26214,0.03513641844631533,600,1.292525910137492,2.8532717621262416
6213,26215,0.03513641844631533,600,2.0719750173129916,2.2113269140027367
6214,26216,0.03513641844631533,600,1.4068040449211523,2.7936056752105167
6215,26217,0.03513641844631533,600,1.3651114360088759,2.827606003272629
6216,26218,0.03513641844631533,600,1.9839729102347607,2.3602165618499993
6217,26219,0.03513641844631533,600,1.3472611982112608,2.847166555778288
6218,26220,0.03513641844631533,600,1.8673231782452937,2.5126251255636656
6219,26221,0.03513641844631533,600,1.6696033178086513,2.651704211650055
6220,26222,0.03513641844631533,600,2.2653966015949436,2.126884584156927
6221,26223,0.03513641844631533,600,2.2771694109160228,2.1310230057331547
6222,26224,0.03513641844631533,600,1.982596801322217,2.398343498591179
6223,26225,0.03513641844631533,600,1.4163284367924875,2.805234339834379
6224,26226,0.03513641844631533,600,2.1159331505123635,2.3030658413277694
6225,26227,0.03513641844631533,600,1.8947902925065818,2.52595105109517
6226,26228,0.03513641844631533,600,1.3206404554265725,2.825399789837264
6227,26229,0.03513641844631533,600,1.3436635613129508,2.800937123003165
6228,26230,0.03513641844631533,600,1.2945101971426616,2.8398601085332205
6229,26231,0.03513641844631533,600,1.329003186610333,2.8364516853622272
6230,26232,0.03513641844631533,600,1.5077586676797652,2.757957128361868
6231,26233,0.03513641844631533,600,1.3548172783964645,2.8651610924286044
6232,26234,0.03513641844631533,600,1.518697425033839,2.7491750157027077
6233,26235,0.03513641844631533,600,1.713043806271564,2.6169195602016377
6234,26236,0.03513641844631533,600,2.4450625238145878,2.001243238256371
6235,26237,0.03513641844631533,600,1.524235393125791,2.7300968639719962
6236,26238,0.03513641844631533,600,1.0271282845050431,2.972318173293936
6237,26239,0.03513641844631533,600,2.301335773787672,2.1421098632968127
6238,26240,0.03513641844631533,600,1.7697953955245826,2.5594684223581954
6239,26241,0.03513641844631533,600,1.6108343306946395,2.6702719255587657
6240,26242,0.03513641844631533,600,1.6299673108842552,2.6901089176138804
6241,26243,0.03513641844631533,600,1.0484872674163335,2.9603415849006467
6242,26244,0.03513641844631533,600,2.0860212235374678,2.3489261519881364
6243,26245,0.03513641844631533,600,1.6347411083276975,2.661481550212007
6244,26246,0.03513641844631533,600,1.5474639730374942,2.7156107903750146
6245,26247,0.03513641844631533,600,1.5903342587421865,2.6609317644425396
6246,26248,0.03513641844631533,600,1.743713304432179,2.5681581407602287
6247,26249,0.03513641844631533,600,1.2101678803164326,2.9129365961077602
6248,26250,0.03513641844631533,600,1.1614208892051416,2.92613597213001
6249,26251,0.03513641844631533,600,1.6113293329343534,2.6726662850226
6250,26252,0.03513641844631533,600,1.4429576592153939,2.7938832138476513
6251,26253,0.03513641844631533,600,2.596571773213096,1.6723976125791544
6252,26254,0.03513641844631533,600,1.363388934894823,2.8099189824856294
6253,26255,0.03513641844631533,600,1.8366268429796127,2.48207262141492
6254,26256,0.03513641844631533,600,1.5111075953908737,2.7406427367103356
6255,26257,0.03513641844631533,600,1.073945730201777,2.9667813991074157
6256,26258,0.03513641844631533,600,1.5743579983328522,2.7043911494420723
6257,26259,0.03513641844631533,600,1.958294978957774,2.422590542178063
6258,26260,0.03513641844631533,600,1.5166465329771852,2.747965158401727
6259,26261,0.03513641844631533,600,1.4825503410634842,2.758682024435095
6260,26262,0.03513641844631533,600,1.5008674637401151,2.748128082588855
6261,26263,0.03513641844631533,600,1.5554871419693344,2.7090413218694893
6262,26264,0.03513641844631533,600,2.0037374396622383,2.394445232663343
6263,26265,0.03513641844631533,600,1.6865541185582464,2.655761316403855
6264,26266,0.03513641844631533,600,1.4795215226057425,2.7729205212717813
6265,26267,0.03513641844631533,600,1.6413632481820604,2.654580851414069
6266,26268,0.03513641844631533,600,1.556201224430161,2.728105175433149
6267,26269,0.03513641844631533,600,1.0347330188991852,2.9744514616441284
6268,26270,0.03513641844631533,600,1.851817373162041,2.547780735474428
6269,26271,0.03513641844631533,600,1.4789140120052462,2.7546498664154737
6270,26272,0.03513641844631533,600,2.2670264971691596,2.091970976107485
6271,26273,0.03513641844631533,600,1.4125725478453852,2.757825636910863
6272,26274,0.03513641844631533,600,1.3417550728639038,2.860687128323036
6273,26275,0.03513641844631533,600,1.3502554040628236,2.83523880630385
6274,26276,0.03513641844631533,600,1.144347825173771,2.928936941301255
6275,26277,0.03513641844631533,600,1.4348297259097313,2.7782611105251034
6276,26278,0.03513641844631533,600,1.070918028958753,2.9738286559590725
6277,26279,0.03513641844631533,600,1.8879608303104995,2.483955042252996
6278,26280,0.03513641844631533,600,1.2951923050329308,2.8655990929641932
6279,26281,0.03513641844631533,600,1.8181221881019336,2.554771906973614
6280,26282,0.03513641844631533,600,1.5176644546198077,2.736546276384865
6281,26283,0.03513641844631533,600,1.1677054141383598,2.9241101935269453
6282,26284,0.03513641844631533,600,1.7964420780366215,2.5031000583570373
6283,26285,0.03513641844631533,600,1.7533747666409614,2.5802767215304154
6284,26286,0.03513641844631533,600,1.3183259960858382,2.841188596469817
6285,26287,0.03513641844631533,600,1.8744873032762275,2.5389103763851444
6286,26288,0.03513641844631533,600,1.422872252453793,2.770450146205592
6287,26289,0.03513641844631533,600,1.5782920371984759,2.7038233429784784
6288,26290,0.03513641844631533,600,1.5832695114470146,2.7081192824753835
6289,26291,0.03513641844631533,600,1.6330709033234236,2.6971618494165384
6290,26292,0.03513641844631533,600,1.7386635864438138,2.6227446695402925
6291,26293,0.03513641844631533,600,1.374037809520393,2.7946852308975396
6292,26294,0.03513641844631533,600,1.2476232087407433,2.8696291756228414
6293,26295,0.03513641844631533,600,1.5570000624876927,2.7312511828700314
6294,26296,0.03513641844631533,600,1.4154921444914221,2.7806131167182633
6295,26297,0.03513641844631533,600,1.3888738694190024,2.804356510297672
6296,26298,0.03513641844631533,600,1.0853224979998726,2.9318618539143286
6297,26299,0.03513641844631533,600,1.1228118635764992,2.9287183130577796
6298,26300,0.03513641844631533,800,2.535648391661056,1.7468697155785755
6299,26301,0.03513641844631533,800,1.7266348497033257,2.5942181395403683
6300,26302,0.03513641844631533,800,1.931010989631337,2.4466156089366797
6301,26303,0.03513641844631533,800,1.7291759390106556,2.5584742591118284
6302,26304,0.03513641844631533,800,1.2548346842550273,2.8609541712177524
6303,26305,0.03513641844631533,800,1.0594457045196988,2.9581895033422176
6304,26306,0.03513641844631533,800,1.9045946650077539,2.4697898363589674
6305,26307,0.03513641844631533,800,1.3093709085159395,2.8568211595381903
6306,26308,0.03513641844631533,800,1.6018346736555462,2.690466540247649
6307,26309,0.03513641844631533,800,1.6137060116685027,2.7201010129275534
6308,26310,0.03513641844631533,800,1.7833548396997905,2.564005573530856
6309,26311,0.03513641844631533,800,2.206570905651322,2.1507476857694003
6310,26312,0.03513641844631533,800,1.45550835242082,2.745746081199946
6311,26313,0.03513641844631533,800,1.8034108295212037,2.5713668381921964
6312,26314,0.03513641844631533,800,1.129202668366812,2.924199849439752
6313,26315,0.03513641844631533,800,1.6377867975296947,2.727747575414056
6314,26316,0.03513641844631533,800,1.8618720456452649,2.511991456603977
6315,26317,0.03513641844631533,800,2.254939275754113,2.156739988667451
6316,26318,0.03513641844631533,800,1.8724233772100944,2.466902467314404
6317,26319,0.03513641844631533,800,1.758505516079563,2.584365032946761
6318,26320,0.03513641844631533,800,2.058248269768477,2.3027157167107917
6319,26321,0.03513641844631533,800,1.2525579447749113,2.894238699567638
6320,26322,0.03513641844631533,800,1.9914527684195302,2.410948171813568
6321,26323,0.03513641844631533,800,1.4491189976177477,2.7727177968209515
6322,26324,0.03513641844631533,800,1.3641933365056038,2.8459672401065528
6323,26325,0.03513641844631533,800,1.598492974778631,2.692851189862723
6324,26326,0.03513641844631533,800,1.089213023614477,2.9458047690851115
6325,26327,0.03513641844631533,800,1.7237046355795882,2.642686211155063
6326,26328,0.03513641844631533,800,1.384090809142915,2.800472776163778
6327,26329,0.03513641844631533,800,1.1897536128231656,2.9020233065421777
6328,26330,0.03513641844631533,800,2.34883184708204,2.0039207305001403
6329,26331,0.03513641844631533,800,1.9289095051170477,2.4469106633708466
6330,26332,0.03513641844631533,800,1.6367943170431012,2.679682893456527
6331,26333,0.03513641844631533,800,1.0762662737482278,2.953277965504957
6332,26334,0.03513641844631533,800,1.8707802552864081,2.4798693204239646
6333,26335,0.03513641844631533,800,1.3413316481616526,2.8430889331520186
6334,26336,0.03513641844631533,800,1.9859961183766193,2.402528783877749
6335,26337,0.03513641844631533,800,1.6432934225152358,2.691489292698537
6336,26338,0.03513641844631533,800,1.3326568629236255,2.855671033145734
6337,26339,0.03513641844631533,800,1.8629059796983267,2.496402672492622
6338,26340,0.03513641844631533,800,2.010271944412876,2.3905001507977977
6339,26341,0.03513641844631533,800,2.365137315479929,2.0290742667988626
6340,26342,0.03513641844631533,800,1.3449958622608542,2.8602026468522928
6341,26343,0.03513641844631533,800,2.507474405923334,1.9066325745544077
6342,26344,0.03513641844631533,800,2.024101655536459,2.413175961650926
6343,26345,0.03513641844631533,800,1.9356623559911796,2.4384784703384845
6344,26346,0.03513641844631533,800,2.116594005911104,2.1767997862718875
6345,26347,0.03513641844631533,800,1.4902189198126647,2.751840876176948
6346,26348,0.03513641844631533,800,1.494101810586099,2.8056714593222454
6347,26349,0.03513641844631533,800,1.7444220463104116,2.5837684331698236
6348,26350,0.03513641844631533,800,1.1375837789691778,2.932231702885693
6349,26351,0.03513641844631533,800,1.3814063846210827,2.78121686139
6350,26352,0.03513641844631533,800,1.4878704528149451,2.7596971250325337
6351,26353,0.03513641844631533,800,2.3045340288379834,2.1036167532665333
6352,26354,0.03513641844631533,800,2.171650482542094,2.248212144602712
6353,26355,0.03513641844631533,800,1.25632707448248,2.876183188818602
6354,26356,0.03513641844631533,800,1.80191082686983,2.527855452305213
6355,26357,0.03513641844631533,800,1.107634502759359,2.9550955367505867
6356,26358,0.03513641844631533,800,1.3499535797010658,2.8451271311212607
6357,26359,0.03513641844631533,800,1.6408991971585398,2.651386643444038
6358,26360,0.03513641844631533,800,2.1042365418390703,2.3219145159971775
6359,26361,0.03513641844631533,800,1.6896354064773376,2.665105380603941
6360,26362,0.03513641844631533,800,2.5322220197768286,1.8422627633411472
6361,26363,0.03513641844631533,800,1.196601884657179,2.8896545314386013
6362,26364,0.03513641844631533,800,1.3048759532058756,2.8626462615522192
6363,26365,0.03513641844631533,800,1.3888948068113816,2.816751598736644
6364,26366,0.03513641844631533,800,1.7856988606784774,2.6540301737401077
6365,26367,0.03513641844631533,800,1.5631690440009305,2.718136089111863
6366,26368,0.03513641844631533,800,2.5514964778933225,1.7368412983696326
6367,26369,0.03513641844631533,800,1.2566043453857902,2.868438737107062
6368,26370,0.03513641844631533,800,1.8874285458916755,2.474874763892795
6369,26371,0.03513641844631533,800,1.2413208790248427,2.866385922054342
6370,26372,0.03513641844631533,800,1.43860952941464,2.787160643752325
6371,26373,0.03513641844631533,800,1.9334305114085713,2.3800947293772503
6372,26374,0.03513641844631533,800,1.169076557293359,2.9255046306331183
6373,26375,0.03513641844631533,800,1.7398965761271015,2.618454548443959
6374,26376,0.03513641844631533,800,1.528128689817563,2.7084060920026163
6375,26377,0.03513641844631533,800,2.284830970711247,2.081822952564213
6376,26378,0.03513641844631533,800,1.4596290162814838,2.7710790821793547
6377,26379,0.03513641844631533,800,2.004077999124828,2.3912559836880822
6378,26380,0.03513641844631533,800,1.1195745271782607,2.9444238528600315
6379,26381,0.03513641844631533,800,1.3023823757847708,2.856331763793846
6380,26382,0.03513641844631533,800,1.2346460470452123,2.883289189392407
6381,26383,0.03513641844631533,800,1.184568809972026,2.894021405067336
6382,26384,0.03513641844631533,800,1.2636058761172244,2.884184767175914
6383,26385,0.03513641844631533,800,1.3919983947388892,2.789860026596598
6384,26386,0.03513641844631533,800,1.9294797468260474,2.4448904069033675
6385,26387,0.03513641844631533,800,1.4910080482511618,2.7574716045590404
6386,26388,0.03513641844631533,800,1.4965600699848927,2.7180471119443617
6387,26389,0.03513641844631533,800,1.0978715201907883,2.956741564749772
6388,26390,0.03513641844631533,800,1.2846618909439846,2.8781486681509003
6389,26391,0.03513641844631533,800,1.2851236009924611,2.8742763823477455
6390,26392,0.03513641844631533,800,1.9477429688868386,2.456372034150635
6391,26393,0.03513641844631533,800,1.8184130829632927,2.547446643111768
6392,26394,0.03513641844631533,800,1.3766971019241345,2.82337797498432
6393,26395,0.03513641844631533,800,2.1204114250451167,2.3264621394946325
6394,26396,0.03513641844631533,800,1.1259337581352902,2.9298548835537312
6395,26397,0.03513641844631533,800,1.0351135254211783,2.9688533999294604
6396,26398,0.03513641844631533,800,2.2549679703113528,2.0962311449038937
6397,26399,0.03513641844631533,800,1.062571208872677,2.9713997085100425
6398,26400,0.03513641844631533,1000,1.6439454132722016,2.637646964722937
6399,26401,0.03513641844631533,1000,1.0843723184415797,2.956651777594233
6400,26402,0.03513641844631533,1000,2.5245883531791424,1.850373806220795
6401,26403,0.03513641844631533,1000,1.8742001510592607,2.560089104422119
6402,26404,0.03513641844631533,1000,1.412266158913504,2.8088572927205844
6403,26405,0.03513641844631533,1000,1.1665044671236242,2.9037602779854175
6404,26406,0.03513641844631533,1000,2.0624235429378226,2.415525874768788
6405,26407,0.03513641844631533,1000,1.0431676692287213,2.9619507022230396
6406,26408,0.03513641844631533,1000,1.7941955643573855,2.5349276434702452
6407,26409,0.03513641844631533,1000,1.8590311997363695,2.5361046685973454
6408,26410,0.03513641844631533,1000,1.069117503596867,2.954420298854251
6409,26411,0.03513641844631533,1000,1.5470568530973916,2.722456728616052
6410,26412,0.03513641844631533,1000,1.841351948995003,2.5357763761108765
6411,26413,0.03513641844631533,1000,2.044487212470208,2.3590037351791127
6412,26414,0.03513641844631533,1000,1.8281718710978379,2.5345545346313587
6413,26415,0.03513641844631533,1000,1.4184647711296443,2.783234234087686
6414,26416,0.03513641844631533,1000,1.6789751678508182,2.6304847586676514
6415,26417,0.03513641844631533,1000,1.4668265390724495,2.7654113326112664
6416,26418,0.03513641844631533,1000,1.81400122578473,2.4946521844730176
6417,26419,0.03513641844631533,1000,1.832416690397278,2.5828489929335907
6418,26420,0.03513641844631533,1000,1.1755685402496399,2.9121524693782077
6419,26421,0.03513641844631533,1000,2.1758030010971816,2.27483328610582
6420,26422,0.03513641844631533,1000,2.1378673860098685,2.264505070379715
6421,26423,0.03513641844631533,1000,1.5255007544062908,2.784608350720076
6422,26424,0.03513641844631533,1000,1.3356633243923541,2.84928245593571
6423,26425,0.03513641844631533,1000,1.7884618857140644,2.5542025537681377
6424,26426,0.03513641844631533,1000,2.554828452038291,1.7434872288459116
6425,26427,0.03513641844631533,1000,1.3714419534153652,2.8421670544486175
6426,26428,0.03513641844631533,1000,1.3742221644484582,2.7935604160619443
6427,26429,0.03513641844631533,1000,1.674410191486898,2.6124221879010765
6428,26430,0.03513641844631533,1000,1.6193945845782192,2.649025258300214
6429,26431,0.03513641844631533,1000,1.1337168869717296,2.9409639633853057
6430,26432,0.03513641844631533,1000,1.5840993387614961,2.6518249292482787
6431,26433,0.03513641844631533,1000,2.1776565221112483,2.257759166867821
6432,26434,0.03513641844631533,1000,1.1848664400441073,2.9151273094112993
6433,26435,0.03513641844631533,1000,1.911920812811146,2.498087910986589
6434,26436,0.03513641844631533,1000,1.6890847301068708,2.6588900514305807
6435,26437,0.03513641844631533,1000,1.2763248931832423,2.8689926143537687
6436,26438,0.03513641844631533,1000,1.5767066706084196,2.7027806871968236
6437,26439,0.03513641844631533,1000,2.4857825914083698,1.8941824058212717
6438,26440,0.03513641844631533,1000,1.368906994552439,2.850111375600186
6439,26441,0.03513641844631533,1000,1.2833120011720518,2.8709130125728186
6440,26442,0.03513641844631533,1000,2.0293734455796413,2.3115877080770293
6441,26443,0.03513641844631533,1000,1.1077770869953416,2.9457289261897612
6442,26444,0.03513641844631533,1000,1.315596046685946,2.851291375021904
6443,26445,0.03513641844631533,1000,1.8380142644806674,2.5149861504204445
6444,26446,0.03513641844631533,1000,2.190816891086059,2.2658045415120576
6445,26447,0.03513641844631533,1000,1.6973859316470072,2.6312664827509678
6446,26448,0.03513641844631533,1000,1.7623827399509047,2.6075691475525615
6447,26449,0.03513641844631533,1000,1.2725529892407994,2.844202902768918
6448,26450,0.03513641844631533,1000,1.8604513788451407,2.5109690557663367
6449,26451,0.03513641844631533,1000,2.3324006677675984,2.016839707741524
6450,26452,0.03513641844631533,1000,1.4985538925446602,2.7640364241422115
6451,26453,0.03513641844631533,1000,1.3484955472534594,2.836824732284385
6452,26454,0.03513641844631533,1000,2.0096674561737107,2.3898863619727098
6453,26455,0.03513641844631533,1000,2.2074797795474224,2.1992732983224363
6454,26456,0.03513641844631533,1000,1.9404704926429208,2.4786853321270184
6455,26457,0.03513641844631533,1000,1.6113350411886755,2.697316472594639
6456,26458,0.03513641844631533,1000,1.576211876696377,2.73649494248989
6457,26459,0.03513641844631533,1000,1.1923383875754754,2.8980660402903133
6458,26460,0.03513641844631533,1000,1.0444121159475437,2.971489909851063
6459,26461,0.03513641844631533,1000,1.8043448114290477,2.5166047081882574
6460,26462,0.03513641844631533,1000,2.3764979203181733,1.9937361346634603
6461,26463,0.03513641844631533,1000,1.2070533013240097,2.907663788315599
6462,26464,0.03513641844631533,1000,1.4362362946645724,2.775658438010357
6463,26465,0.03513641844631533,1000,2.000020192394661,2.4467339347234374
6464,26466,0.03513641844631533,1000,1.6448003499916681,2.6917198166033414
6465,26467,0.03513641844631533,1000,1.3710641581032121,2.7870752756216866
6466,26468,0.03513641844631533,1000,1.1598673607610235,2.9097603119397175
6467,26469,0.03513641844631533,1000,1.113887815148893,2.9511158877210617
6468,26470,0.03513641844631533,1000,1.693109620444184,2.6893685412275063
6469,26471,0.03513641844631533,1000,1.793483494945302,2.5557895404168507
6470,26472,0.03513641844631533,1000,1.9165840714519646,2.474834162966442
6471,26473,0.03513641844631533,1000,1.389184483657927,2.80858063782462
6472,26474,0.03513641844631533,1000,2.6618744303935093,1.601029920418582
6473,26475,0.03513641844631533,1000,1.6184640397885157,2.6830005058895763
6474,26476,0.03513641844631533,1000,1.9042631954999691,2.4808736129092366
6475,26477,0.03513641844631533,1000,1.6537166643798025,2.688554047145375
6476,26478,0.03513641844631533,1000,2.317799360720484,1.9405220536006063
6477,26479,0.03513641844631533,1000,1.733941927412293,2.6541603551664865
6478,26480,0.03513641844631533,1000,1.3930157875566271,2.7905972578319216
6479,26481,0.03513641844631533,1000,1.1327554788039231,2.9381873689245617
6480,26482,0.03513641844631533,1000,2.063371254398676,2.3291410251072935
6481,26483,0.03513641844631533,1000,1.1103636317078738,2.943728600811267
6482,26484,0.03513641844631533,1000,1.7243978524236838,2.6129573472083343
6483,26485,0.03513641844631533,1000,2.138977600832958,2.3113282133957735
6484,26486,0.03513641844631533,1000,1.9077357850067558,2.44740605889958
6485,26487,0.03513641844631533,1000,1.5692637663193187,2.709732826637398
6486,26488,0.03513641844631533,1000,1.934458870749113,2.4392640899098668
6487,26489,0.03513641844631533,1000,1.3072606814865977,2.8803833064113813
6488,26490,0.03513641844631533,1000,1.8890761015116655,2.5218406607211326
6489,26491,0.03513641844631533,1000,1.519022661142388,2.7477326698370796
6490,26492,0.03513641844631533,1000,1.5512526012504004,2.678725106135613
6491,26493,0.03513641844631533,1000,1.3553073975992067,2.8239362950449616
6492,26494,0.03513641844631533,1000,1.4829973151466191,2.763270020008051
6493,26495,0.03513641844631533,1000,1.5986242654492322,2.6960922912474405
6494,26496,0.03513641844631533,1000,1.3978983944650296,2.8281439877610017
6495,26497,0.03513641844631533,1000,1.6282581963282532,2.6919440308314777
6496,26498,0.03513641844631533,1000,2.0159770206582808,2.392652828391351
6497,26499,0.03513641844631533,1000,1.3982065767389842,2.79789018302167
6498,26500,0.03513641844631533,1200,1.8823725626620633,2.471819493244209
6499,26501,0.03513641844631533,1200,1.202434738935345,2.9071969886547193
6500,26502,0.03513641844631533,1200,1.1843022742122462,2.9043063066540293
6501,26503,0.03513641844631533,1200,1.7359219822906655,2.5821348980469985
6502,26504,0.03513641844631533,1200,1.6312022083422673,2.6633969755954414
6503,26505,0.03513641844631533,1200,1.3791225317254967,2.819775344471574
6504,26506,0.03513641844631533,1200,2.2074612520924304,2.294968549327047
6505,26507,0.03513641844631533,1200,1.5968518403493457,2.6991414463119607
6506,26508,0.03513641844631533,1200,1.3317811112411015,2.8321592864351857
6507,26509,0.03513641844631533,1200,2.3446818015175337,2.0775813149948785
6508,26510,0.03513641844631533,1200,1.1040847599634642,2.9499333372232917
6509,26511,0.03513641844631533,1200,2.4286204859555354,2.063045214115085
6510,26512,0.03513641844631533,1200,1.1726655265658075,2.916143919753868
6511,26513,0.03513641844631533,1200,1.4905426842482463,2.7512930652193615
6512,26514,0.03513641844631533,1200,2.5627387046627716,1.7021260378311365
6513,26515,0.03513641844631533,1200,1.1638775521879563,2.926501091981973
6514,26516,0.03513641844631533,1200,1.0455058728335433,2.979178811661871
6515,26517,0.03513641844631533,1200,2.6290902665102887,1.6831893775264604
6516,26518,0.03513641844631533,1200,1.305395502224862,2.8713068716079544
6517,26519,0.03513641844631533,1200,1.2522009481787613,2.887785024286702
6518,26520,0.03513641844631533,1200,1.9749088789786744,2.411160024420692
6519,26521,0.03513641844631533,1200,1.4275269127464478,2.7892409724192424
6520,26522,0.03513641844631533,1200,1.421389560885692,2.7899313600239903
6521,26523,0.03513641844631533,1200,1.802407945135712,2.531837152944699
6522,26524,0.03513641844631533,1200,1.1712593651942769,2.9271549367090866
6523,26525,0.03513641844631533,1200,1.6990281695981904,2.645399346196901
6524,26526,0.03513641844631533,1200,2.087340150899378,2.2917239609847977
6525,26527,0.03513641844631533,1200,1.717580128361319,2.6364591997324505
6526,26528,0.03513641844631533,1200,1.19237856381574,2.9011988184480133
6527,26529,0.03513641844631533,1200,1.7738326896374121,2.583252615053559
6528,26530,0.03513641844631533,1200,2.0031056920966384,2.3727489729902222
6529,26531,0.03513641844631533,1200,1.2787256820780053,2.885686674067648
6530,26532,0.03513641844631533,1200,1.7147886459810864,2.617348901225207
6531,26533,0.03513641844631533,1200,1.9371994968658577,2.4748830287041006
6532,26534,0.03513641844631533,1200,2.457123401582396,1.9946799181843418
6533,26535,0.03513641844631533,1200,1.7552559395924632,2.570710514268142
6534,26536,0.03513641844631533,1200,2.190188322557372,2.249732883500978
6535,26537,0.03513641844631533,1200,1.5621527743558699,2.7057615760031206
6536,26538,0.03513641844631533,1200,1.5324260620268144,2.759997970447691
6537,26539,0.03513641844631533,1200,1.6712403979643196,2.6535994006972135
6538,26540,0.03513641844631533,1200,1.1893821199993422,2.8963675935515023
6539,26541,0.03513641844631533,1200,1.5299688961402624,2.729699632182193
6540,26542,0.03513641844631533,1200,1.1339410142649622,2.926925712033038
6541,26543,0.03513641844631533,1200,1.8355973109177275,2.5339167339639808
6542,26544,0.03513641844631533,1200,1.615384665986514,2.670842010575928
6543,26545,0.03513641844631533,1200,1.5562367736286729,2.7285388275772187
6544,26546,0.03513641844631533,1200,2.128008015129736,2.327429249957602
6545,26547,0.03513641844631533,1200,2.074659650069362,2.376190283378738
6546,26548,0.03513641844631533,1200,2.140557843796297,2.2383703762969014
6547,26549,0.03513641844631533,1200,1.188522041080676,2.895647590287547
6548,26550,0.03513641844631533,1200,1.5070437621379165,2.7663237715391285
6549,26551,0.03513641844631533,1200,1.4335979091090065,2.7896315888313508
6550,26552,0.03513641844631533,1200,1.5065485817343416,2.7067129237930567
6551,26553,0.03513641844631533,1200,2.2175754720367906,2.188535958905712
6552,26554,0.03513641844631533,1200,1.120617620530568,2.9480022225412847
6553,26555,0.03513641844631533,1200,2.3919912380684076,1.9763321644656977
6554,26556,0.03513641844631533,1200,2.214300448464207,2.23059569883507
6555,26557,0.03513641844631533,1200,2.0003499710686508,2.4363106661685165
6556,26558,0.03513641844631533,1200,2.398820405548112,1.9623162222005388
6557,26559,0.03513641844631533,1200,1.1639520907007532,2.9101594003647064
6558,26560,0.03513641844631533,1200,1.6314420975020067,2.6701266770628367
6559,26561,0.03513641844631533,1200,2.0094705522769054,2.43347581909622
6560,26562,0.03513641844631533,1200,2.5991401324154273,1.7711488611236388
6561,26563,0.03513641844631533,1200,1.2525084641589745,2.8761994529695682
6562,26564,0.03513641844631533,1200,2.303591716882248,2.068008612388503
6563,26565,0.03513641844631533,1200,2.4214046583111077,1.974342450614954
6564,26566,0.03513641844631533,1200,1.5798660421281956,2.7309375290712223
6565,26567,0.03513641844631533,1200,1.355933810644494,2.824725153638061
6566,26568,0.03513641844631533,1200,1.5717619495578945,2.7201971380813093
6567,26569,0.03513641844631533,1200,1.5911403141910858,2.6724595986765247
6568,26570,0.03513641844631533,1200,2.0850504126082297,2.3632992130621697
6569,26571,0.03513641844631533,1200,1.0954864646590947,2.9612270200806665
6570,26572,0.03513641844631533,1200,1.579981607725913,2.7171687874686024
6571,26573,0.03513641844631533,1200,1.0851142756902088,2.936331235564024
6572,26574,0.03513641844631533,1200,1.2586774422059335,2.8927805501686477
6573,26575,0.03513641844631533,1200,1.6087398712738554,2.687658031000624
6574,26576,0.03513641844631533,1200,2.231271946439837,2.172723541132718
6575,26577,0.03513641844631533,1200,1.639168802428987,2.686093788681008
6576,26578,0.03513641844631533,1200,2.107204082530459,2.3735724294726097
6577,26579,0.03513641844631533,1200,1.9218873593865393,2.4790101708981966
6578,26580,0.03513641844631533,1200,2.610911651821024,1.7399591510635304
6579,26581,0.03513641844631533,1200,1.4865150056416252,2.7910782523108137
6580,26582,0.03513641844631533,1200,2.618657010205168,1.6902345889256778
6581,26583,0.03513641844631533,1200,1.536904095821837,2.7120770258088553
6582,26584,0.03513641844631533,1200,2.0204640768932256,2.366835441984985
6583,26585,0.03513641844631533,1200,1.4599778648586925,2.7811334173126685
6584,26586,0.03513641844631533,1200,1.3761320002072879,2.8001948116668203
6585,26587,0.03513641844631533,1200,2.0494803760549987,2.296445409052616
6586,26588,0.03513641844631533,1200,1.3788981736062709,2.8140343762403135
6587,26589,0.03513641844631533,1200,2.07858069113488,2.3058663939140454
6588,26590,0.03513641844631533,1200,1.4502845065534526,2.8011209288471264
6589,26591,0.03513641844631533,1200,1.63522056373897,2.699850606955156
6590,26592,0.03513641844631533,1200,1.238913971706541,2.884873876333571
6591,26593,0.03513641844631533,1200,1.3236464229356102,2.868361200944228
6592,26594,0.03513641844631533,1200,1.723606653544404,2.601728318086546
6593,26595,0.03513641844631533,1200,2.038072467235529,2.3983506327258475
6594,26596,0.03513641844631533,1200,1.8364699064788492,2.506351451020381
6595,26597,0.03513641844631533,1200,1.0732982166063407,2.9496700870557575
6596,26598,0.03513641844631533,1200,1.978558568040253,2.4338704155321675
6597,26599,0.03513641844631533,1200,1.918846037798295,2.4590414579617725
6598,26600,0.03513641844631533,1400,1.6558672317958165,2.6576843942394452
6599,26601,0.03513641844631533,1400,1.2289701199421894,2.9242342678286875
6600,26602,0.03513641844631533,1400,1.4388468898972788,2.7905117386160234
6601,26603,0.03513641844631533,1400,2.566225644290864,1.7336557599089395
6602,26604,0.03513641844631533,1400,1.8170436243405141,2.506943266669861
6603,26605,0.03513641844631533,1400,1.515807937514793,2.731099389714843
6604,26606,0.03513641844631533,1400,2.6187687807612514,1.7059946135486608
6605,26607,0.03513641844631533,1400,1.5088146716295618,2.747812847706034
6606,26608,0.03513641844631533,1400,1.1915146337487887,2.918536197825021
6607,26609,0.03513641844631533,1400,1.0429057799378503,2.967897568319077
6608,26610,0.03513641844631533,1400,1.4037218207495172,2.7940776944711794
6609,26611,0.03513641844631533,1400,2.0849454781426298,2.3553503035809094
6610,26612,0.03513641844631533,1400,2.5449682632874726,1.858681012167278
6611,26613,0.03513641844631533,1400,2.1443987557048865,2.3017948461682023
6612,26614,0.03513641844631533,1400,2.0178679127091637,2.417856090034333
6613,26615,0.03513641844631533,1400,1.5688579831072738,2.7207292565098475
6614,26616,0.03513641844631533,1400,1.1170750702718109,2.9515790674392015
6615,26617,0.03513641844631533,1400,2.162662333185277,2.2624665074316814
6616,26618,0.03513641844631533,1400,1.3455722961257923,2.840719393351244
6617,26619,0.03513641844631533,1400,2.4854954420878412,1.8060022269615736
6618,26620,0.03513641844631533,1400,1.2134896572648761,2.8982234012803523
6619,26621,0.03513641844631533,1400,2.359907649982394,2.018953792693319
6620,26622,0.03513641844631533,1400,1.7209126917594673,2.5841956645071376
6621,26623,0.03513641844631533,1400,1.9748977178070046,2.415375398475187
6622,26624,0.03513641844631533,1400,2.1542985301159883,2.267277144432202
6623,26625,0.03513641844631533,1400,1.1351752801754524,2.9273834942464623
6624,26626,0.03513641844631533,1400,1.9778615812562805,2.342697247692956
6625,26627,0.03513641844631533,1400,2.0675075717513534,2.3971227316978565
6626,26628,0.03513641844631533,1400,1.9066497227331625,2.5365312927894355
6627,26629,0.03513641844631533,1400,1.3504210163286499,2.821555367094135
6628,26630,0.03513641844631533,1400,2.1969471547490054,2.1974713380106934
6629,26631,0.03513641844631533,1400,1.8855517715154153,2.474982864188818
6630,26632,0.03513641844631533,1400,1.2066528722746808,2.9165426160258585
6631,26633,0.03513641844631533,1400,2.1552112719960332,2.2004791950491596
6632,26634,0.03513641844631533,1400,1.1746259735842952,2.922290171028684
6633,26635,0.03513641844631533,1400,2.482243808070679,1.9720832280656275
6634,26636,0.03513641844631533,1400,2.291531940984643,2.1536875546834406
6635,26637,0.03513641844631533,1400,1.1046893637769946,2.957303526637211
6636,26638,0.03513641844631533,1400,2.111727088038312,2.3472990269544853
6637,26639,0.03513641844631533,1400,2.11833384300156,2.3158027775610477
6638,26640,0.03513641844631533,1400,1.474185518690104,2.7310194152275797
6639,26641,0.03513641844631533,1400,2.0257687647994262,2.3642121050721725
6640,26642,0.03513641844631533,1400,1.9620664348947823,2.470425217915065
6641,26643,0.03513641844631533,1400,2.057047710111314,2.32106060863491
6642,26644,0.03513641844631533,1400,1.3151379205968907,2.864896530208562
6643,26645,0.03513641844631533,1400,1.622465086677098,2.6486536365208293
6644,26646,0.03513641844631533,1400,2.0715959024948187,2.3588714272731144
6645,26647,0.03513641844631533,1400,2.4842619691838665,1.815324515910325
6646,26648,0.03513641844631533,1400,2.2878693407745465,2.0112823811014584
6647,26649,0.03513641844631533,1400,1.949232537401548,2.4734771830806976
6648,26650,0.03513641844631533,1400,1.9637571905990712,2.4629166498506017
6649,26651,0.03513641844631533,1400,1.734385764703107,2.61036031952373
6650,26652,0.03513641844631533,1400,1.887514944983095,2.485359153430905
6651,26653,0.03513641844631533,1400,2.396392479337601,1.898368164041998
6652,26654,0.03513641844631533,1400,1.981690341308924,2.4440625580766886
6653,26655,0.03513641844631533,1400,2.0636011248632635,2.3245671746518526
6654,26656,0.03513641844631533,1400,2.1786128017957216,2.1821376243654687
6655,26657,0.03513641844631533,1400,2.3378602849770465,2.052058449685995
6656,26658,0.03513641844631533,1400,1.7983006601353484,2.5598252287454843
6657,26659,0.03513641844631533,1400,1.967550031133322,2.4717621632945437
6658,26660,0.03513641844631533,1400,1.9575189394256938,2.452885352058259
6659,26661,0.03513641844631533,1400,2.5507019714927113,1.8077641958449562
6660,26662,0.03513641844631533,1400,2.1835947403963005,2.236086699256678
6661,26663,0.03513641844631533,1400,2.550678934892971,1.7839599890519964
6662,26664,0.03513641844631533,1400,2.4610366861714725,1.9292626065057423
6663,26665,0.03513641844631533,1400,2.455834688287517,1.9460430823213415
6664,26666,0.03513641844631533,1400,1.9424320461699955,2.4412119918581197
6665,26667,0.03513641844631533,1400,1.440478529796651,2.7872389674397255
6666,26668,0.03513641844631533,1400,2.0345835751526513,2.4025919140611784
6667,26669,0.03513641844631533,1400,1.599710299671684,2.700615083139366
6668,26670,0.03513641844631533,1400,1.1418752406735821,2.9129672926461554
6669,26671,0.03513641844631533,1400,1.2047447728816754,2.904574119417152
6670,26672,0.03513641844631533,1400,1.6446034938160987,2.617002551161696
6671,26673,0.03513641844631533,1400,1.7016324247938368,2.6178324039602905
6672,26674,0.03513641844631533,1400,1.3363908735438945,2.840299744008834
6673,26675,0.03513641844631533,1400,1.906654837529795,2.5119135604846354
6674,26676,0.03513641844631533,1400,1.506079446823343,2.7316808827591714
6675,26677,0.03513641844631533,1400,1.7074035755901087,2.682115962640268
6676,26678,0.03513641844631533,1400,2.4106522554276824,2.0223477052337224
6677,26679,0.03513641844631533,1400,2.298121707991638,2.1206550397527777
6678,26680,0.03513641844631533,1400,1.1002267822083618,2.9423330888286943
6679,26681,0.03513641844631533,1400,2.3615216126586596,2.054937496153267
6680,26682,0.03513641844631533,1400,1.180904260347622,2.904866816320786
6681,26683,0.03513641844631533,1400,1.1852748248150138,2.88474280778682
6682,26684,0.03513641844631533,1400,1.8268530331299224,2.506257306965819
6683,26685,0.03513641844631533,1400,2.2753644298192826,2.170824313638536
6684,26686,0.03513641844631533,1400,2.067221911279093,2.3183138769103375
6685,26687,0.03513641844631533,1400,2.1695441951520866,2.233838482517876
6686,26688,0.03513641844631533,1400,2.4228852147848725,1.9347368000156724
6687,26689,0.03513641844631533,1400,2.4185688923091093,2.0024373614680226
6688,26690,0.03513641844631533,1400,2.666715986075233,1.6202045232226954
6689,26691,0.03513641844631533,1400,2.486427849308932,1.9875468431209338
6690,26692,0.03513641844631533,1400,1.634334952891781,2.663857069044256
6691,26693,0.03513641844631533,1400,1.7294047737400362,2.6032105341996186
6692,26694,0.03513641844631533,1400,1.8538794231575118,2.5263270108560905
6693,26695,0.03513641844631533,1400,2.0181922724916697,2.3891014442667284
6694,26696,0.03513641844631533,1400,1.4393247586727105,2.810328989119692
6695,26697,0.03513641844631533,1400,2.132926148475175,2.322073519116367
6696,26698,0.03513641844631533,1400,1.9251766453741623,2.4269128551424854
6697,26699,0.03513641844631533,1400,1.4530784409302095,2.770890459221748
6698,26700,0.03513641844631533,1600,1.4772635225869541,2.773378385962812
6699,26701,0.03513641844631533,1600,2.1353000765342114,2.266246542594637
6700,26702,0.03513641844631533,1600,2.216811338866907,2.2005953964761535
6701,26703,0.03513641844631533,1600,1.2709817406837232,2.8959258076269214
6702,26704,0.03513641844631533,1600,1.81863058323832,2.561882225797112
6703,26705,0.03513641844631533,1600,1.547057607406373,2.7326890649207423
6704,26706,0.03513641844631533,1600,2.1663906905164376,2.270195968470351
6705,26707,0.03513641844631533,1600,1.0864042226710315,2.952316642759823
6706,26708,0.03513641844631533,1600,2.1414766926904116,2.172562750990684
6707,26709,0.03513641844631533,1600,2.48404442638308,1.9634684544958088
6708,26710,0.03513641844631533,1600,1.9621296845029632,2.4535279468383555
6709,26711,0.03513641844631533,1600,1.3312906918831047,2.845641543716956
6710,26712,0.03513641844631533,1600,2.448414632556625,1.9608974454652686
6711,26713,0.03513641844631533,1600,2.4175238760793,2.0820803571052418
6712,26714,0.03513641844631533,1600,2.123601641007608,2.290236196381573
6713,26715,0.03513641844631533,1600,2.2100810572729834,2.2110615599337677
6714,26716,0.03513641844631533,1600,1.5689021807489207,2.7098946764550407
6715,26717,0.03513641844631533,1600,2.3327599478819923,2.1464624811260657
6716,26718,0.03513641844631533,1600,1.752787136576553,2.574727571304816
6717,26719,0.03513641844631533,1600,1.175799142578447,2.9121933839658953
6718,26720,0.03513641844631533,1600,1.587050420771065,2.7391946082461116
6719,26721,0.03513641844631533,1600,2.0141174002052296,2.4350156143887465
6720,26722,0.03513641844631533,1600,1.6826406578774407,2.65265952690139
6721,26723,0.03513641844631533,1600,1.566670447949318,2.7075852425581175
6722,26724,0.03513641844631533,1600,1.4888216857801373,2.756302769783649
6723,26725,0.03513641844631533,1600,1.4296253098795142,2.7812854174904995
6724,26726,0.03513641844631533,1600,1.9358890236399138,2.484101880419819
6725,26727,0.03513641844631533,1600,1.8365374354349282,2.5907056417271055
6726,26728,0.03513641844631533,1600,1.8964964272386247,2.5094236615481322
6727,26729,0.03513641844631533,1600,2.209017783304961,2.226673702514476
6728,26730,0.03513641844631533,1600,1.7825721843767224,2.547660247107232
6729,26731,0.03513641844631533,1600,1.7378384298849685,2.6330447498332807
6730,26732,0.03513641844631533,1600,1.3334924170222746,2.822274960908479
6731,26733,0.03513641844631533,1600,1.5047698705727766,2.755624487058602
6732,26734,0.03513641844631533,1600,1.2863689904240525,2.8717409271403453
6733,26735,0.03513641844631533,1600,2.388253722808927,2.067886818461221
6734,26736,0.03513641844631533,1600,1.6088470421947503,2.695235912958643
6735,26737,0.03513641844631533,1600,1.3658649253657587,2.8043491299322123
6736,26738,0.03513641844631533,1600,1.8748719884369713,2.5222155922709093
6737,26739,0.03513641844631533,1600,2.1248291695916106,2.2696965204506956
6738,26740,0.03513641844631533,1600,1.3776547016646017,2.81427853025725
6739,26741,0.03513641844631533,1600,2.3139613170299214,2.0965495253059028
6740,26742,0.03513641844631533,1600,2.4913302204301138,2.0027392861419115
6741,26743,0.03513641844631533,1600,1.575550807699964,2.665351729364313
6742,26744,0.03513641844631533,1600,2.1620242969610737,2.2927350224479546
6743,26745,0.03513641844631533,1600,1.7965624344434488,2.544646881639202
6744,26746,0.03513641844631533,1600,1.2816596313817856,2.8506699150890173
6745,26747,0.03513641844631533,1600,1.5762608133707063,2.7391360834859393
6746,26748,0.03513641844631533,1600,1.760736158967814,2.579338911844615
6747,26749,0.03513641844631533,1600,1.1053507708777464,2.9592884778644866
6748,26750,0.03513641844631533,1600,1.1911970724855891,2.9015095866914855
6749,26751,0.03513641844631533,1600,1.5737990092528304,2.7198089048021714
6750,26752,0.03513641844631533,1600,1.2752619059555552,2.868087410904122
6751,26753,0.03513641844631533,1600,2.0427524732810287,2.3764146689963037
6752,26754,0.03513641844631533,1600,1.8413644798647322,2.5636343544512696
6753,26755,0.03513641844631533,1600,2.2924496351556765,2.1465688370108396
6754,26756,0.03513641844631533,1600,2.3818735016792543,2.148993005325027
6755,26757,0.03513641844631533,1600,1.4495132493519074,2.7520452901417563
6756,26758,0.03513641844631533,1600,2.439182939663222,2.0049546151715907
6757,26759,0.03513641844631533,1600,2.5629783845149907,1.840544753498211
6758,26760,0.03513641844631533,1600,1.402765887331434,2.7832530376468
6759,26761,0.03513641844631533,1600,2.194222013296576,2.212675596727983
6760,26762,0.03513641844631533,1600,2.5448271104164992,1.8253820708600954
6761,26763,0.03513641844631533,1600,1.5926171339242177,2.708865128774156
6762,26764,0.03513641844631533,1600,2.205354937551403,2.1823788784778
6763,26765,0.03513641844631533,1600,1.4602382174167388,2.78740614673782
6764,26766,0.03513641844631533,1600,1.2771886932623873,2.8719950373553367
6765,26767,0.03513641844631533,1600,1.6448838454569263,2.5930472702909153
6766,26768,0.03513641844631533,1600,1.402730104090328,2.827428650472445
6767,26769,0.03513641844631533,1600,1.9372063084187363,2.534116950054711
6768,26770,0.03513641844631533,1600,2.3084425490196496,2.090926317493392
6769,26771,0.03513641844631533,1600,1.9010204970855642,2.5025606096450455
6770,26772,0.03513641844631533,1600,1.2047754227542664,2.928314036678173
6771,26773,0.03513641844631533,1600,2.084525039406184,2.4123272435092984
6772,26774,0.03513641844631533,1600,2.4121869663630053,2.03516436443383
6773,26775,0.03513641844631533,1600,2.356469837018325,2.038078986122266
6774,26776,0.03513641844631533,1600,2.5247689344388107,1.7479561756235704
6775,26777,0.03513641844631533,1600,1.7061933357182029,2.6269642408101195
6776,26778,0.03513641844631533,1600,1.3889757832526226,2.8008176197697017
6777,26779,0.03513641844631533,1600,2.058264519004152,2.351102831309034
6778,26780,0.03513641844631533,1600,1.0852956302481966,2.95703136320683
6779,26781,0.03513641844631533,1600,2.0265116304618624,2.411134905286048
6780,26782,0.03513641844631533,1600,2.2538586423571774,2.159003768810584
6781,26783,0.03513641844631533,1600,1.3833808152956584,2.8044016126617377
6782,26784,0.03513641844631533,1600,1.9064781227143914,2.5367894613534334
6783,26785,0.03513641844631533,1600,1.7601313924100723,2.588979280175764
6784,26786,0.03513641844631533,1600,1.4706008309800942,2.749903072963323
6785,26787,0.03513641844631533,1600,1.898989402779192,2.4917508979537013
6786,26788,0.03513641844631533,1600,1.8038766031553404,2.5437688895786628
6787,26789,0.03513641844631533,1600,1.2871877517147716,2.8473031340306556
6788,26790,0.03513641844631533,1600,2.360391486643967,2.1350695404687454
6789,26791,0.03513641844631533,1600,1.6055833059863882,2.7154877698538096
6790,26792,0.03513641844631533,1600,2.1665367262440824,2.268936055183968
6791,26793,0.03513641844631533,1600,1.9654498997921652,2.3771380705328897
6792,26794,0.03513641844631533,1600,2.35378831969376,2.2057185402399044
6793,26795,0.03513641844631533,1600,1.7416400508901901,2.5773955061630636
6794,26796,0.03513641844631533,1600,1.5089903919407073,2.73420490469165
6795,26797,0.03513641844631533,1600,1.3270271410572039,2.8560250332626635
6796,26798,0.03513641844631533,1600,1.367988444316123,2.8161305850307556
6797,26799,0.03513641844631533,1600,1.5726717744642824,2.7115242079330213
6798,26800,0.03513641844631533,1800,2.468620757744204,1.9253042665994997
6799,26801,0.03513641844631533,1800,1.8630130720930278,2.4597580598780846
6800,26802,0.03513641844631533,1800,2.3922581275441615,2.0656675750951843
6801,26803,0.03513641844631533,1800,2.3279241649758675,1.9584084224067735
6802,26804,0.03513641844631533,1800,1.969647421584688,2.3917672402132277
6803,26805,0.03513641844631533,1800,1.944329747307292,2.4395930306261233
6804,26806,0.03513641844631533,1800,1.6527293570345365,2.6854055047115564
6805,26807,0.03513641844631533,1800,2.5229228394312275,1.868710508840281
6806,26808,0.03513641844631533,1800,1.6930201804262506,2.646258734915385
6807,26809,0.03513641844631533,1800,2.734990957880915,1.4844621987601976
6808,26810,0.03513641844631533,1800,2.031090631538544,2.3195177168670975
6809,26811,0.03513641844631533,1800,2.2034293238790523,2.2242186033415403
6810,26812,0.03513641844631533,1800,2.3033800506315574,2.155754325702173
6811,26813,0.03513641844631533,1800,2.5189417516579207,1.832781061366975
6812,26814,0.03513641844631533,1800,1.5056663932238457,2.749912700723869
6813,26815,0.03513641844631533,1800,1.546422179893797,2.7117878941372804
6814,26816,0.03513641844631533,1800,1.813335953216606,2.5502589204788966
6815,26817,0.03513641844631533,1800,2.3638629557845583,2.107898970355061
6816,26818,0.03513641844631533,1800,2.0310644882108537,2.378685916872578
6817,26819,0.03513641844631533,1800,1.7497516293750395,2.6189942545584604
6818,26820,0.03513641844631533,1800,2.6440261658417747,1.5969289515323315
6819,26821,0.03513641844631533,1800,1.826513449715706,2.5707743619595727
6820,26822,0.03513641844631533,1800,2.097659162685511,2.4228670741253175
6821,26823,0.03513641844631533,1800,1.8961611707494412,2.4576706504457237
6822,26824,0.03513641844631533,1800,2.431636053384005,1.9591678903046155
6823,26825,0.03513641844631533,1800,1.404333902699235,2.801782042463766
6824,26826,0.03513641844631533,1800,1.6376425180315295,2.6513618015460763
6825,26827,0.03513641844631533,1800,1.6561005627375969,2.6802362254246197
6826,26828,0.03513641844631533,1800,1.8801030377334649,2.403690148047065
6827,26829,0.03513641844631533,1800,1.768099211118664,2.5934273801600396
6828,26830,0.03513641844631533,1800,2.4395529704645464,2.012501226955309
6829,26831,0.03513641844631533,1800,1.6669187474280225,2.6648730351505883
6830,26832,0.03513641844631533,1800,2.370601667668292,1.978887722584179
6831,26833,0.03513641844631533,1800,1.8178967130954882,2.5450543119837263
6832,26834,0.03513641844631533,1800,2.0715192252012646,2.4026981386974358
6833,26835,0.03513641844631533,1800,2.179118405162238,2.2906457592706593
6834,26836,0.03513641844631533,1800,2.5215772270682084,1.892846037014197
6835,26837,0.03513641844631533,1800,1.8108963390524937,2.569588849818554
6836,26838,0.03513641844631533,1800,1.8251891983733644,2.584360475149671
6837,26839,0.03513641844631533,1800,2.1125253207894685,2.2570225206637273
6838,26840,0.03513641844631533,1800,1.6980969559857915,2.6449203104577137
6839,26841,0.03513641844631533,1800,2.376872767393117,2.0542958536373694
6840,26842,0.03513641844631533,1800,1.528243908363512,2.73344438806961
6841,26843,0.03513641844631533,1800,1.656691590732855,2.670681118808445
6842,26844,0.03513641844631533,1800,1.4955672338877328,2.7403971393129716
6843,26845,0.03513641844631533,1800,2.042501600423872,2.382028425898395
6844,26846,0.03513641844631533,1800,2.3948132776571747,1.9925532737791802
6845,26847,0.03513641844631533,1800,1.4878722678354799,2.7759134605458287
6846,26848,0.03513641844631533,1800,2.4924041069626073,1.8998929444957493
6847,26849,0.03513641844631533,1800,1.418997246509192,2.8269109213926535
6848,26850,0.03513641844631533,1800,1.6751700421082876,2.6653306824426783
6849,26851,0.03513641844631533,1800,1.364198204491396,2.82329697822229
6850,26852,0.03513641844631533,1800,1.4671806299124082,2.792535995641761
6851,26853,0.03513641844631533,1800,1.7245703354714272,2.6228535297852793
6852,26854,0.03513641844631533,1800,2.1926728480925903,2.1743043797269754
6853,26855,0.03513641844631533,1800,1.7065390286935873,2.585565183814928
6854,26856,0.03513641844631533,1800,1.9528282212881156,2.4489046306720192
6855,26857,0.03513641844631533,1800,1.4499169168194523,2.7852851393848437
6856,26858,0.03513641844631533,1800,2.7647628158706534,1.439654639166433
6857,26859,0.03513641844631533,1800,1.7527739406556027,2.648684602358948
6858,26860,0.03513641844631533,1800,1.8190216537841397,2.545208240181941
6859,26861,0.03513641844631533,1800,1.4440907897219324,2.756794537941951
6860,26862,0.03513641844631533,1800,1.8067835217620445,2.555584221076019
6861,26863,0.03513641844631533,1800,1.23313536511463,2.868285524000889
6862,26864,0.03513641844631533,1800,2.4086542524116576,2.003430969400094
6863,26865,0.03513641844631533,1800,1.7710304898956246,2.5855240630666665
6864,26866,0.03513641844631533,1800,2.469685176809698,2.0501587005818394
6865,26867,0.03513641844631533,1800,1.207609174153137,2.9124038227938476
6866,26868,0.03513641844631533,1800,2.6216952939497475,1.7845730113060696
6867,26869,0.03513641844631533,1800,1.7870336181264386,2.5678170772036775
6868,26870,0.03513641844631533,1800,2.0627086828971173,2.387772424637851
6869,26871,0.03513641844631533,1800,1.45311616390607,2.8033831841305976
6870,26872,0.03513641844631533,1800,2.0199274175108717,2.40195512808521
6871,26873,0.03513641844631533,1800,1.5607881910790875,2.674580968800753
6872,26874,0.03513641844631533,1800,2.1437791092681877,2.291947146753847
6873,26875,0.03513641844631533,1800,2.043455950376888,2.3661957559583033
6874,26876,0.03513641844631533,1800,2.023566887263149,2.4177657523317557
6875,26877,0.03513641844631533,1800,2.014529518072301,2.405086588874474
6876,26878,0.03513641844631533,1800,2.6766337973167675,1.6485885034081011
6877,26879,0.03513641844631533,1800,2.045405146427598,2.3905011436433075
6878,26880,0.03513641844631533,1800,2.1567283429656676,2.230087353873844
6879,26881,0.03513641844631533,1800,2.4245375826492195,2.0007938353670505
6880,26882,0.03513641844631533,1800,1.5279006257484213,2.746118693787459
6881,26883,0.03513641844631533,1800,2.472685883402378,1.9329533436936306
6882,26884,0.03513641844631533,1800,1.5778501576368014,2.7313308246695027
6883,26885,0.03513641844631533,1800,2.590936220607341,1.7666078632153337
6884,26886,0.03513641844631533,1800,1.397051802261468,2.7912392920938567
6885,26887,0.03513641844631533,1800,1.7697049125371116,2.602372944048266
6886,26888,0.03513641844631533,1800,2.496526108385646,1.905226441478406
6887,26889,0.03513641844631533,1800,1.582023400915277,2.6887479170423405
6888,26890,0.03513641844631533,1800,2.4316728488035593,2.0020248331100468
6889,26891,0.03513641844631533,1800,2.3390450608003066,2.0679444374748877
6890,26892,0.03513641844631533,1800,2.1352909219449923,2.293652587350209
6891,26893,0.03513641844631533,1800,1.4825778344418112,2.7527480879604567
6892,26894,0.03513641844631533,1800,2.6046124028302877,1.780808241251319
6893,26895,0.03513641844631533,1800,1.4003782027839957,2.7799269637617527
6894,26896,0.03513641844631533,1800,1.9037268197265906,2.5024592739217133
6895,26897,0.03513641844631533,1800,2.3256002918486,2.081643910673614
6896,26898,0.03513641844631533,1800,1.6567933462398183,2.6501659126970205
6897,26899,0.03513641844631533,1800,2.009027882089605,2.400367819006814
6898,26900,0.03513641844631533,2000,2.2349587729574862,2.182653546541849
6899,26901,0.03513641844631533,2000,2.464868299120921,1.8618228663842498
6900,26902,0.03513641844631533,2000,2.2278223366626677,2.234139252190649
6901,26903,0.03513641844631533,2000,1.798736522573683,2.612802419421155
6902,26904,0.03513641844631533,2000,2.9033127006013557,1.1462623576813153
6903,26905,0.03513641844631533,2000,1.4728733578086555,2.732798697030873
6904,26906,0.03513641844631533,2000,1.6344328622313529,2.6609180791484937
6905,26907,0.03513641844631533,2000,2.3643890457538204,1.9717564174562305
6906,26908,0.03513641844631533,2000,1.6355013984868045,2.7006538823380235
6907,26909,0.03513641844631533,2000,2.1420983303419656,2.282839006482109
6908,26910,0.03513641844631533,2000,2.0522550858573965,2.356764718280919
6909,26911,0.03513641844631533,2000,1.4557950169158935,2.7809937255236488
6910,26912,0.03513641844631533,2000,1.7330093496132435,2.594756963937171
6911,26913,0.03513641844631533,2000,1.7932873344239133,2.596637154039665
6912,26914,0.03513641844631533,2000,2.1425868176098035,2.279362390416441
6913,26915,0.03513641844631533,2000,2.539740460694527,1.7938057070097713
6914,26916,0.03513641844631533,2000,1.452389038203114,2.778048835602888
6915,26917,0.03513641844631533,2000,2.2889304063800484,2.071216068562717
6916,26918,0.03513641844631533,2000,1.5854343764609955,2.712840242635571
6917,26919,0.03513641844631533,2000,2.176137460303228,2.251942031458212
6918,26920,0.03513641844631533,2000,1.8398293460713842,2.5291486908779914
6919,26921,0.03513641844631533,2000,1.4989674401608655,2.777300412400506
6920,26922,0.03513641844631533,2000,2.013728274214171,2.401967461898514
6921,26923,0.03513641844631533,2000,2.5505657064070797,1.9020307151556337
6922,26924,0.03513641844631533,2000,2.292831298301471,2.1663769450802097
6923,26925,0.03513641844631533,2000,1.7232488513482749,2.642874757986848
6924,26926,0.03513641844631533,2000,1.3480358218308286,2.8278687574281145
6925,26927,0.03513641844631533,2000,2.3462754108688677,2.1051524577689618
6926,26928,0.03513641844631533,2000,2.421940781528771,1.9838264945135133
6927,26929,0.03513641844631533,2000,1.743021738598926,2.63702245012323
6928,26930,0.03513641844631533,2000,2.150544621472373,2.3076683166809344
6929,26931,0.03513641844631533,2000,2.0342607233586594,2.3534532652167113
6930,26932,0.03513641844631533,2000,2.7014866085988776,1.7168084553666716
6931,26933,0.03513641844631533,2000,1.70869450726151,2.6235258271342867
6932,26934,0.03513641844631533,2000,2.4053985466226897,2.0603492275954065
6933,26935,0.03513641844631533,2000,2.478389674533836,1.9518746622588445
6934,26936,0.03513641844631533,2000,1.9006354917530668,2.5270648070206416
6935,26937,0.03513641844631533,2000,1.2407674393272219,2.854112783757628
6936,26938,0.03513641844631533,2000,1.3809772950466495,2.808367496775806
6937,26939,0.03513641844631533,2000,1.2421876492509336,2.8878364764358158
6938,26940,0.03513641844631533,2000,1.9004456945289199,2.3719474172229185
6939,26941,0.03513641844631533,2000,2.2543178894797373,2.162007747989894
6940,26942,0.03513641844631533,2000,2.1648573692251314,2.2620321785626603
6941,26943,0.03513641844631533,2000,1.3480108734961125,2.890716441800122
6942,26944,0.03513641844631533,2000,1.4269585575599946,2.8151068785937716
6943,26945,0.03513641844631533,2000,2.5572210475998567,1.8560725071262685
6944,26946,0.03513641844631533,2000,1.9329317957490812,2.483804145194998
6945,26947,0.03513641844631533,2000,1.6920951363818328,2.6431558659314733
6946,26948,0.03513641844631533,2000,1.8388591836627182,2.5596556696061126
6947,26949,0.03513641844631533,2000,1.6410392747962548,2.6612637415529945
6948,26950,0.03513641844631533,2000,2.521089726392201,1.7970182072208183
6949,26951,0.03513641844631533,2000,1.6833645648283675,2.6791871043270974
6950,26952,0.03513641844631533,2000,1.572358773592852,2.74267431831466
6951,26953,0.03513641844631533,2000,2.2475092243685864,2.2030854244187483
6952,26954,0.03513641844631533,2000,1.6585791419784264,2.659274672340563
6953,26955,0.03513641844631533,2000,2.368966898246763,1.986842893878271
6954,26956,0.03513641844631533,2000,2.333301816567103,2.0493294412953293
6955,26957,0.03513641844631533,2000,2.6056187879370976,1.7205890035675573
6956,26958,0.03513641844631533,2000,1.686777350226431,2.5991047839365704
6957,26959,0.03513641844631533,2000,1.9370874477060185,2.437235280952719
6958,26960,0.03513641844631533,2000,1.9429907747654458,2.4899285073360344
6959,26961,0.03513641844631533,2000,1.9882023191682712,2.4612949194275426
6960,26962,0.03513641844631533,2000,1.9327977281656554,2.5029683209927875
6961,26963,0.03513641844631533,2000,1.5328314191515666,2.7284219670746093
6962,26964,0.03513641844631533,2000,2.071663458921452,2.391028568818717
6963,26965,0.03513641844631533,2000,1.9556480145115231,2.4713522176303466
6964,26966,0.03513641844631533,2000,2.404997779482547,1.9925876962663487
6965,26967,0.03513641844631533,2000,1.895474408725235,2.522666542145865
6966,26968,0.03513641844631533,2000,2.8909314452469994,1.321520176125245
6967,26969,0.03513641844631533,2000,2.1587197229155075,2.254900953398823
6968,26970,0.03513641844631533,2000,1.1721502046672512,2.9254514823059736
6969,26971,0.03513641844631533,2000,1.3643616647188233,2.8111598661032313
6970,26972,0.03513641844631533,2000,2.490767295339871,1.9463272943137344
6971,26973,0.03513641844631533,2000,1.711687795719525,2.6440023977217177
6972,26974,0.03513641844631533,2000,1.7136756714443482,2.644112533533651
6973,26975,0.03513641844631533,2000,2.0160646264067728,2.3963520601604826
6974,26976,0.03513641844631533,2000,1.7331506771575131,2.673911790321837
6975,26977,0.03513641844631533,2000,1.6874975287215357,2.618002272442417
6976,26978,0.03513641844631533,2000,2.4917587214584453,1.899526025282308
6977,26979,0.03513641844631533,2000,2.2972027698501027,2.125380443149321
6978,26980,0.03513641844631533,2000,1.3629603743482082,2.8316893369056584
6979,26981,0.03513641844631533,2000,1.2290849733637137,2.8784908582478974
6980,26982,0.03513641844631533,2000,1.9088175506628258,2.5245178825833277
6981,26983,0.03513641844631533,2000,2.357740026292681,2.030766767695133
6982,26984,0.03513641844631533,2000,2.0276203718758525,2.3445705513338737
6983,26985,0.03513641844631533,2000,2.174034976738774,2.2561314841740017
6984,26986,0.03513641844631533,2000,2.216156370766753,2.171003945380856
6985,26987,0.03513641844631533,2000,1.9180242655420112,2.4877814673959984
6986,26988,0.03513641844631533,2000,2.00984118102147,2.383193179830544
6987,26989,0.03513641844631533,2000,2.0916792448280694,2.2695262178229747
6988,26990,0.03513641844631533,2000,2.4910626580087425,1.8333905168731548
6989,26991,0.03513641844631533,2000,2.2776770915163613,2.1788521806390397
6990,26992,0.03513641844631533,2000,1.8578086215361345,2.5189496293922082
6991,26993,0.03513641844631533,2000,2.198047464626925,2.193665846173025
6992,26994,0.03513641844631533,2000,2.148741216078525,2.300880412791861
6993,26995,0.03513641844631533,2000,2.4347939025318905,1.9586057804757662
6994,26996,0.03513641844631533,2000,1.505941220045729,2.7257218343875746
6995,26997,0.03513641844631533,2000,2.7422085067389936,1.5486685756201566
6996,26998,0.03513641844631533,2000,1.170267938355138,2.892928120614542
6997,26999,0.03513641844631533,2000,2.0462278592576597,2.3570014062460793
6998,27000,0.019758660111543588,200,1.3254093711422208,2.839463195388972
6999,27001,0.019758660111543588,200,1.0259466287835248,2.970249933127927
7000,27002,0.019758660111543588,200,1.194336252261667,2.890246274247567
7001,27003,0.019758660111543588,200,1.4017122606876362,2.8155126696152313
7002,27004,0.019758660111543588,200,1.1438292129470795,2.9248341979598136
7003,27005,0.019758660111543588,200,1.4098766515728696,2.770426321253047
7004,27006,0.019758660111543588,200,1.6348482479802051,2.6875807727347087
7005,27007,0.019758660111543588,200,1.3991042007663057,2.796783981311652
7006,27008,0.019758660111543588,200,1.4627422372445795,2.7635376856691547
7007,27009,0.019758660111543588,200,1.390653174309874,2.8282213368256834
7008,27010,0.019758660111543588,200,1.648376560125584,2.645486066316875
7009,27011,0.019758660111543588,200,1.1356131368132878,2.91873927058271
7010,27012,0.019758660111543588,200,1.6353531829530745,2.642233586091753
7011,27013,0.019758660111543588,200,1.0504317007324588,2.962834660421871
7012,27014,0.019758660111543588,200,1.455731999534549,2.7673703660558413
7013,27015,0.019758660111543588,200,1.3635310763853457,2.83216696082433
7014,27016,0.019758660111543588,200,1.1031765328069656,2.944320151417705
7015,27017,0.019758660111543588,200,1.2971563730351416,2.8740366898586354
7016,27018,0.019758660111543588,200,1.259984031494009,2.858712492657444
7017,27019,0.019758660111543588,200,1.4813449138978065,2.764141510334296
7018,27020,0.019758660111543588,200,1.6721490703721809,2.669878100376026
7019,27021,0.019758660111543588,200,1.3216500347801325,2.8363002438520275
7020,27022,0.019758660111543588,200,1.1502264294060567,2.9402559554955023
7021,27023,0.019758660111543588,200,1.0926575909121794,2.950048890502745
7022,27024,0.019758660111543588,200,1.2508568164921496,2.8778004939082598
7023,27025,0.019758660111543588,200,1.5636137733398852,2.7030993300435044
7024,27026,0.019758660111543588,200,1.7686881460152866,2.595869288489036
7025,27027,0.019758660111543588,200,1.1511999561452804,2.9390946957846
7026,27028,0.019758660111543588,200,1.0424393554033584,2.961738119169399
7027,27029,0.019758660111543588,200,1.5264279290226772,2.723587476709127
7028,27030,0.019758660111543588,200,1.6993004100123177,2.610018766493131
7029,27031,0.019758660111543588,200,1.7270579167076157,2.5614568590668503
7030,27032,0.019758660111543588,200,1.0427974863534528,2.986394095877117
7031,27033,0.019758660111543588,200,1.1971519774361516,2.919677476932203
7032,27034,0.019758660111543588,200,1.8411067977821258,2.5372968363172945
7033,27035,0.019758660111543588,200,1.818828736325099,2.5515635788224023
7034,27036,0.019758660111543588,200,1.2278728200925029,2.8946478316342814
7035,27037,0.019758660111543588,200,1.2590307442311417,2.8530452563571673
7036,27038,0.019758660111543588,200,1.4198065299105185,2.787314980893847
7037,27039,0.019758660111543588,200,1.6556298750257994,2.6306393660078133
7038,27040,0.019758660111543588,200,1.0139493097723171,2.956373031457731
7039,27041,0.019758660111543588,200,1.3857401144665182,2.8199698989349393
7040,27042,0.019758660111543588,200,1.9341270940987965,2.4354129754921496
7041,27043,0.019758660111543588,200,1.541345914573531,2.7256013066282576
7042,27044,0.019758660111543588,200,1.324249437608716,2.8471467671602713
7043,27045,0.019758660111543588,200,1.9331538073065473,2.4742623904491947
7044,27046,0.019758660111543588,200,1.4558030578557664,2.77412274856738
7045,27047,0.019758660111543588,200,1.244725854689887,2.8834801312894687
7046,27048,0.019758660111543588,200,1.9933595201941903,2.390938794254148
7047,27049,0.019758660111543588,200,1.0020658968276546,2.973054784752722
7048,27050,0.019758660111543588,200,1.7092315666961437,2.6118759150771123
7049,27051,0.019758660111543588,200,1.3978033125113523,2.827052569624182
7050,27052,0.019758660111543588,200,1.9665937297530753,2.408706643755994
7051,27053,0.019758660111543588,200,1.568477360384625,2.680594946185527
7052,27054,0.019758660111543588,200,1.8306198458575196,2.5282914234612637
7053,27055,0.019758660111543588,200,1.6490262491338097,2.657036510922281
7054,27056,0.019758660111543588,200,1.7574331003194896,2.575626174448932
7055,27057,0.019758660111543588,200,1.0902274367957858,2.9335627314313273
7056,27058,0.019758660111543588,200,1.7133977238905806,2.5803067357358103
7057,27059,0.019758660111543588,200,1.1745373921884188,2.918661155178931
7058,27060,0.019758660111543588,200,1.0938791447954435,2.950027135399267
7059,27061,0.019758660111543588,200,1.1186251167354002,2.93780575458375
7060,27062,0.019758660111543588,200,1.3030512977953244,2.852137901351708
7061,27063,0.019758660111543588,200,1.0148116813194548,2.9725908652319424
7062,27064,0.019758660111543588,200,1.4071874732957819,2.7753040612604396
7063,27065,0.019758660111543588,200,2.0396991303108463,2.3482756798268474
7064,27066,0.019758660111543588,200,1.5320709895353954,2.7230799625131654
7065,27067,0.019758660111543588,200,1.2786844604223364,2.8873657280285014
7066,27068,0.019758660111543588,200,1.166622139931397,2.9175946448205807
7067,27069,0.019758660111543588,200,1.0517151702407448,2.976487999525419
7068,27070,0.019758660111543588,200,1.3052026767901177,2.8595785601103407
7069,27071,0.019758660111543588,200,1.2546786920697452,2.9080808557376736
7070,27072,0.019758660111543588,200,1.3807113610719295,2.8272487368076487
7071,27073,0.019758660111543588,200,1.2088065148630873,2.8891496639006142
7072,27074,0.019758660111543588,200,1.8970993638158695,2.4796224189710583
7073,27075,0.019758660111543588,200,1.3218946847998014,2.8184161573888185
7074,27076,0.019758660111543588,200,1.257510955484661,2.852425657509371
7075,27077,0.019758660111543588,200,1.6601506796238965,2.6343969829454075
7076,27078,0.019758660111543588,200,1.2793820507839804,2.84030062583651
7077,27079,0.019758660111543588,200,1.5399979392941576,2.6918970551764962
7078,27080,0.019758660111543588,200,1.1651501983983228,2.9194695721164092
7079,27081,0.019758660111543588,200,1.7166376539891608,2.594010886283924
7080,27082,0.019758660111543588,200,1.4805392036047673,2.786045806513011
7081,27083,0.019758660111543588,200,1.440379117552783,2.7872050733428946
7082,27084,0.019758660111543588,200,1.1937920263011628,2.870564716092743
7083,27085,0.019758660111543588,200,1.6120060071731352,2.6967880100964585
7084,27086,0.019758660111543588,200,1.698675115884198,2.6359631587458896
7085,27087,0.019758660111543588,200,1.3607644122914337,2.8417515778148537
7086,27088,0.019758660111543588,200,1.7246049131971937,2.573557497360129
7087,27089,0.019758660111543588,200,1.6591650580543154,2.6707862524917894
7088,27090,0.019758660111543588,200,1.3356419528552372,2.818178248831281
7089,27091,0.019758660111543588,200,1.2956223582843578,2.8556379737609436
7090,27092,0.019758660111543588,200,1.303809665488684,2.863820895840887
7091,27093,0.019758660111543588,200,1.2023327754282953,2.8724793515897247
7092,27094,0.019758660111543588,200,1.2825437107126136,2.8837575203405192
7093,27095,0.019758660111543588,200,1.7558694691926675,2.571706548348282
7094,27096,0.019758660111543588,200,1.5169295731472752,2.7380247510581994
7095,27097,0.019758660111543588,200,1.5399552808687789,2.7143119698160367
7096,27098,0.019758660111543588,200,1.674838364692868,2.5803736786832774
7097,27099,0.019758660111543588,200,1.2657227419070172,2.8898065539366624
7098,27100,0.019758660111543588,400,1.1069238722342292,2.938830310804587
7099,27101,0.019758660111543588,400,1.2940075108288736,2.82409739428315
7100,27102,0.019758660111543588,400,1.0489715790516976,2.964712022569884
7101,27103,0.019758660111543588,400,1.11210820814978,2.9498261434669586
7102,27104,0.019758660111543588,400,1.2726160671051168,2.855775369383958
7103,27105,0.019758660111543588,400,1.1340676061876105,2.905223249496826
7104,27106,0.019758660111543588,400,1.4638269046139663,2.7845983948341004
7105,27107,0.019758660111543588,400,1.92057968375677,2.4990130417177534
7106,27108,0.019758660111543588,400,1.0658483980589897,2.9528616829202408
7107,27109,0.019758660111543588,400,1.6708864628044917,2.632209179915825
7108,27110,0.019758660111543588,400,1.25412272368068,2.8514357446430547
7109,27111,0.019758660111543588,400,1.5798408597506135,2.7182287126315523
7110,27112,0.019758660111543588,400,1.836671825205638,2.544215063653393
7111,27113,0.019758660111543588,400,1.133267473031824,2.9349685442547835
7112,27114,0.019758660111543588,400,1.1766503369928853,2.908374047320669
7113,27115,0.019758660111543588,400,1.5304793159180252,2.726138421413835
7114,27116,0.019758660111543588,400,1.3740365939473655,2.8202148364097623
7115,27117,0.019758660111543588,400,1.733288379423643,2.6106892909302677
7116,27118,0.019758660111543588,400,1.3273562177670328,2.8219615256566444
7117,27119,0.019758660111543588,400,1.582385345539318,2.72446951446544
7118,27120,0.019758660111543588,400,1.7583857320753424,2.6319543734315696
7119,27121,0.019758660111543588,400,1.2679960469702418,2.882081653635521
7120,27122,0.019758660111543588,400,1.736592694738358,2.5889020832113325
7121,27123,0.019758660111543588,400,1.8814629899913686,2.4784542822362163
7122,27124,0.019758660111543588,400,1.4639540187997349,2.7586290447790933
7123,27125,0.019758660111543588,400,1.5311444140258836,2.7269567178875445
7124,27126,0.019758660111543588,400,1.2781769178111257,2.860941960414803
7125,27127,0.019758660111543588,400,1.3176329865614778,2.878980278978857
7126,27128,0.019758660111543588,400,1.3481033498905113,2.8218010365439232
7127,27129,0.019758660111543588,400,1.3904561025828088,2.8083492757541895
7128,27130,0.019758660111543588,400,1.1042639613144598,2.9453963009783477
7129,27131,0.019758660111543588,400,1.2643148059202045,2.8362887165364112
7130,27132,0.019758660111543588,400,1.9439543737262546,2.4255731213845335
7131,27133,0.019758660111543588,400,1.9372898353488488,2.4136064070487278
7132,27134,0.019758660111543588,400,2.0887694115078026,2.380816203970926
7133,27135,0.019758660111543588,400,1.8967442168947986,2.516422671755784
7134,27136,0.019758660111543588,400,2.109115072677349,2.2869708545560474
7135,27137,0.019758660111543588,400,1.4934695173599775,2.7697833824844134
7136,27138,0.019758660111543588,400,1.6577751678226533,2.6427849022536583
7137,27139,0.019758660111543588,400,2.0704668904091874,2.3353157584589246
7138,27140,0.019758660111543588,400,1.1342255142749136,2.942628275872422
7139,27141,0.019758660111543588,400,1.1795948848914282,2.91887085988978
7140,27142,0.019758660111543588,400,1.239372419843205,2.8987924455756304
7141,27143,0.019758660111543588,400,1.7737434368022733,2.5637517857816725
7142,27144,0.019758660111543588,400,1.5634164891165405,2.710652785514531
7143,27145,0.019758660111543588,400,1.1584158269099465,2.944210755328591
7144,27146,0.019758660111543588,400,1.2015128258552914,2.8935226519427446
7145,27147,0.019758660111543588,400,1.6728504324450206,2.6316868585826194
7146,27148,0.019758660111543588,400,1.1539711249447018,2.9161681975010096
7147,27149,0.019758660111543588,400,1.0995498610549113,2.945426448219763
7148,27150,0.019758660111543588,400,1.4071070329662902,2.7966140119381286
7149,27151,0.019758660111543588,400,1.0683909491486088,2.947362990149549
7150,27152,0.019758660111543588,400,1.6760271916538987,2.612511491629042
7151,27153,0.019758660111543588,400,1.15445045521422,2.914272228561163
7152,27154,0.019758660111543588,400,1.9838024683143007,2.4125945181514252
7153,27155,0.019758660111543588,400,1.9825602749090208,2.454607608220288
7154,27156,0.019758660111543588,400,1.4917034440117067,2.744614009790838
7155,27157,0.019758660111543588,400,1.5771856518492253,2.730616041458565
7156,27158,0.019758660111543588,400,1.7719187222985884,2.6385215480311857
7157,27159,0.019758660111543588,400,1.477828762792439,2.7677192055222593
7158,27160,0.019758660111543588,400,1.8116913390966094,2.560553989586757
7159,27161,0.019758660111543588,400,1.357416693288934,2.7856232534814622
7160,27162,0.019758660111543588,400,1.4290740028486357,2.81715265617843
7161,27163,0.019758660111543588,400,1.0739567088088757,2.959347214580066
7162,27164,0.019758660111543588,400,1.1606102003080407,2.914067227896331
7163,27165,0.019758660111543588,400,1.2119858971095356,2.9018411071483783
7164,27166,0.019758660111543588,400,1.4305465290550918,2.7971367012371604
7165,27167,0.019758660111543588,400,1.1791175013627095,2.9180418114382425
7166,27168,0.019758660111543588,400,1.1453235808046545,2.928009713114733
7167,27169,0.019758660111543588,400,1.8562183209809937,2.5294034373070486
7168,27170,0.019758660111543588,400,1.1969608393316924,2.901336902727724
7169,27171,0.019758660111543588,400,1.19354279586519,2.880987251719294
7170,27172,0.019758660111543588,400,2.364417894354587,1.9072266973788612
7171,27173,0.019758660111543588,400,2.139387084846895,2.235213950652775
7172,27174,0.019758660111543588,400,1.3347090490637248,2.832467462393425
7173,27175,0.019758660111543588,400,1.6549028023370034,2.5895778152409887
7174,27176,0.019758660111543588,400,1.0401934006993532,2.964091040016636
7175,27177,0.019758660111543588,400,1.6333626602853974,2.666800463827533
7176,27178,0.019758660111543588,400,1.2621815169604316,2.861413748709382
7177,27179,0.019758660111543588,400,1.2804717371838366,2.839270583577744
7178,27180,0.019758660111543588,400,1.3782641154605844,2.803964661130613
7179,27181,0.019758660111543588,400,1.122071160073437,2.9578045113584155
7180,27182,0.019758660111543588,400,1.2064172460332285,2.8975665464862557
7181,27183,0.019758660111543588,400,2.1140015409483053,2.2554791211447722
7182,27184,0.019758660111543588,400,1.636045871517421,2.6327607116587393
7183,27185,0.019758660111543588,400,1.1119279656938459,2.9365397603045635
7184,27186,0.019758660111543588,400,1.9302611664927471,2.4028770317258195
7185,27187,0.019758660111543588,400,1.5175032701936326,2.7455588572831933
7186,27188,0.019758660111543588,400,1.2086501169329558,2.9081004375201127
7187,27189,0.019758660111543588,400,1.0382957205442176,2.9719300848170467
7188,27190,0.019758660111543588,400,1.78973699864189,2.5577140836606995
7189,27191,0.019758660111543588,400,1.5339599091876264,2.6974069830331535
7190,27192,0.019758660111543588,400,1.5697624838558988,2.6908952004282156
7191,27193,0.019758660111543588,400,1.069084165194776,2.968788533331852
7192,27194,0.019758660111543588,400,1.4270726384416488,2.7941417032229294
7193,27195,0.019758660111543588,400,2.32807723140429,2.0238417284126147
7194,27196,0.019758660111543588,400,1.5176227490277943,2.7535946875866655
7195,27197,0.019758660111543588,400,1.5452822078641029,2.7330413085910203
7196,27198,0.019758660111543588,400,1.6199307834945196,2.6625106260241784
7197,27199,0.019758660111543588,400,1.1905456506841479,2.863603286364403
7198,27200,0.019758660111543588,600,1.4663187608245514,2.786291645680398
7199,27201,0.019758660111543588,600,1.72886488760507,2.5939359183920336
7200,27202,0.019758660111543588,600,1.1232864770440283,2.9421227697535843
7201,27203,0.019758660111543588,600,1.7870819197129464,2.5537085207388976
7202,27204,0.019758660111543588,600,1.1720743266999432,2.9269557465605764
7203,27205,0.019758660111543588,600,1.2170193357736516,2.881718145178395
7204,27206,0.019758660111543588,600,1.3698822297622764,2.8329827996468624
7205,27207,0.019758660111543588,600,2.130205529061296,2.2859193809126666
7206,27208,0.019758660111543588,600,1.3161078325740179,2.857944799500882
7207,27209,0.019758660111543588,600,1.6733077542882324,2.665158052148968
7208,27210,0.019758660111543588,600,1.1491219347670936,2.8983100883014385
7209,27211,0.019758660111543588,600,1.8665811281925815,2.5225720127131117
7210,27212,0.019758660111543588,600,1.384369624387906,2.8271423430869023
7211,27213,0.019758660111543588,600,1.5410639271505828,2.7231702287914805
7212,27214,0.019758660111543588,600,1.2211361616692475,2.881946474517534
7213,27215,0.019758660111543588,600,1.0881019819503746,2.9406800215013393
7214,27216,0.019758660111543588,600,1.2098841894994021,2.885757699547539
7215,27217,0.019758660111543588,600,1.9397803583400328,2.3712410511206765
7216,27218,0.019758660111543588,600,1.3918920843867464,2.812379415214484
7217,27219,0.019758660111543588,600,1.7368992676052553,2.6167110871682207
7218,27220,0.019758660111543588,600,1.1235208594215127,2.9543017770506776
7219,27221,0.019758660111543588,600,1.4144853492025482,2.7987793870088975
7220,27222,0.019758660111543588,600,1.6424773294810966,2.6533655260255746
7221,27223,0.019758660111543588,600,1.2684977251739222,2.865607391225959
7222,27224,0.019758660111543588,600,1.2795853204676808,2.882263422005966
7223,27225,0.019758660111543588,600,2.55091983039281,1.8268350791342542
7224,27226,0.019758660111543588,600,1.667346598969289,2.632084048245265
7225,27227,0.019758660111543588,600,1.5217261327006786,2.7546457073085366
7226,27228,0.019758660111543588,600,1.2959607743833916,2.85282819537055
7227,27229,0.019758660111543588,600,1.2506325832901077,2.860976290052492
7228,27230,0.019758660111543588,600,1.558685147461499,2.700712421652505
7229,27231,0.019758660111543588,600,1.0734987593203973,2.9581598628288974
7230,27232,0.019758660111543588,600,1.4764756109571686,2.7746569067525857
7231,27233,0.019758660111543588,600,1.0909483952020074,2.953467399791582
7232,27234,0.019758660111543588,600,2.311958569147456,2.173331303085413
7233,27235,0.019758660111543588,600,1.4679783558827393,2.779771897084082
7234,27236,0.019758660111543588,600,1.3972019081703793,2.8038089216179705
7235,27237,0.019758660111543588,600,1.7285306957583608,2.6143350584653406
7236,27238,0.019758660111543588,600,1.5130551368874703,2.7128927823356603
7237,27239,0.019758660111543588,600,1.788315665965421,2.607967187142758
7238,27240,0.019758660111543588,600,1.1361384665622776,2.9278774693411966
7239,27241,0.019758660111543588,600,1.0469439472457984,2.977259595673205
7240,27242,0.019758660111543588,600,1.735478176123917,2.5753669760359283
7241,27243,0.019758660111543588,600,1.5399778770554537,2.779446589862642
7242,27244,0.019758660111543588,600,2.0256061129428504,2.3527986209172833
7243,27245,0.019758660111543588,600,1.5695352081873366,2.7196033262124795
7244,27246,0.019758660111543588,600,1.3440300662592775,2.7849704955091577
7245,27247,0.019758660111543588,600,1.304729775883554,2.8222047564691186
7246,27248,0.019758660111543588,600,1.1885106307175992,2.9084012242218513
7247,27249,0.019758660111543588,600,1.6065529052210956,2.726283913686281
7248,27250,0.019758660111543588,600,1.8558567114053435,2.4567497983845463
7249,27251,0.019758660111543588,600,2.091483450229615,2.332390567949994
7250,27252,0.019758660111543588,600,1.553001535172104,2.685478555268536
7251,27253,0.019758660111543588,600,1.1968020365712513,2.8943288709124966
7252,27254,0.019758660111543588,600,1.9006237445712233,2.4942422776866127
7253,27255,0.019758660111543588,600,1.7103409275253285,2.659906658822287
7254,27256,0.019758660111543588,600,1.8939553660255322,2.4362989844774665
7255,27257,0.019758660111543588,600,1.4171826708929838,2.7960274981772333
7256,27258,0.019758660111543588,600,1.072562447277854,2.947744175179934
7257,27259,0.019758660111543588,600,1.1405011605951705,2.922168042243679
7258,27260,0.019758660111543588,600,2.095729452059345,2.280742700367963
7259,27261,0.019758660111543588,600,1.399295330678219,2.802245369657393
7260,27262,0.019758660111543588,600,2.004313521935865,2.3853124150205356
7261,27263,0.019758660111543588,600,2.213117589107131,2.2757113114776333
7262,27264,0.019758660111543588,600,1.4437585019430086,2.760688736214403
7263,27265,0.019758660111543588,600,1.0428386901934357,2.971390095820579
7264,27266,0.019758660111543588,600,1.0473296408087058,2.9515913063161867
7265,27267,0.019758660111543588,600,1.4828632225616287,2.7414276621893237
7266,27268,0.019758660111543588,600,1.151152458413149,2.914407164815623
7267,27269,0.019758660111543588,600,1.7321285260403865,2.5714001909898903
7268,27270,0.019758660111543588,600,1.4734576812268159,2.7791416900833505
7269,27271,0.019758660111543588,600,2.117037809424369,2.3440218846647505
7270,27272,0.019758660111543588,600,2.2876679418512476,2.0597018280923787
7271,27273,0.019758660111543588,600,1.4502632697464082,2.757183390296137
7272,27274,0.019758660111543588,600,1.1935757002343903,2.919189868336797
7273,27275,0.019758660111543588,600,1.7987658833406968,2.5747714513338575
7274,27276,0.019758660111543588,600,1.61474432464775,2.678981836532931
7275,27277,0.019758660111543588,600,1.412326733357585,2.793711811824806
7276,27278,0.019758660111543588,600,1.3620382595345213,2.846413495545822
7277,27279,0.019758660111543588,600,1.4858570111024059,2.7770110619826602
7278,27280,0.019758660111543588,600,1.050867476366063,2.9712911573612844
7279,27281,0.019758660111543588,600,1.528196136229481,2.7409844480235805
7280,27282,0.019758660111543588,600,1.4795608203252777,2.7518143638537724
7281,27283,0.019758660111543588,600,1.784909273602855,2.531906751152136
7282,27284,0.019758660111543588,600,2.026112540815827,2.3741804764140646
7283,27285,0.019758660111543588,600,1.2643695270952735,2.86186026565177
7284,27286,0.019758660111543588,600,1.873787738253154,2.4293604610527875
7285,27287,0.019758660111543588,600,2.0921565373202258,2.3332236444257672
7286,27288,0.019758660111543588,600,1.3506106376336904,2.846971956058636
7287,27289,0.019758660111543588,600,1.6399620816957898,2.6698602977859904
7288,27290,0.019758660111543588,600,1.0447314869975457,2.9706697247388822
7289,27291,0.019758660111543588,600,1.8339773071777319,2.519831918775545
7290,27292,0.019758660111543588,600,1.3423550713415264,2.822326653290876
7291,27293,0.019758660111543588,600,1.2600307220676694,2.885976523514785
7292,27294,0.019758660111543588,600,1.8326226280481883,2.5420070996603634
7293,27295,0.019758660111543588,600,1.4689470723427516,2.7473392653895807
7294,27296,0.019758660111543588,600,1.324494325689337,2.8529656935711674
7295,27297,0.019758660111543588,600,1.2701168701569163,2.870472377235896
7296,27298,0.019758660111543588,600,1.5839335567130566,2.7207889204767266
7297,27299,0.019758660111543588,600,1.360962709807891,2.823300235924929
7298,27300,0.019758660111543588,800,1.7061006988798038,2.578233338266144
7299,27301,0.019758660111543588,800,1.5826171545520051,2.7152777317477548
7300,27302,0.019758660111543588,800,1.9316790112354894,2.467982792917425
7301,27303,0.019758660111543588,800,1.8821808469958434,2.479923878050485
7302,27304,0.019758660111543588,800,1.399422173730374,2.7949917793828765
7303,27305,0.019758660111543588,800,1.0616259377329464,2.9561745343267463
7304,27306,0.019758660111543588,800,2.223407265807713,2.1974057986829587
7305,27307,0.019758660111543588,800,1.4156092505598319,2.775535771798108
7306,27308,0.019758660111543588,800,1.0483899829985481,2.9680695449992944
7307,27309,0.019758660111543588,800,2.1052936644683258,2.3056511716771046
7308,27311,0.019758660111543588,800,1.189674190275451,2.890970708768264
7309,27312,0.019758660111543588,800,2.02050084456497,2.35586710344186
7310,27313,0.019758660111543588,800,1.6554161924353603,2.664005874789505
7311,27314,0.019758660111543588,800,1.4647918367170258,2.7479493844327973
7312,27315,0.019758660111543588,800,1.2614634967651543,2.8696251561721127
7313,27316,0.019758660111543588,800,1.4290046816984514,2.791991280318352
7314,27317,0.019758660111543588,800,1.1684928281526257,2.927001096713453
7315,27318,0.019758660111543588,800,1.3752487940471232,2.8049652168219312
7316,27319,0.019758660111543588,800,1.928074427844929,2.4742333996836865
7317,27320,0.019758660111543588,800,2.113140381062995,2.2538297602524056
7318,27321,0.019758660111543588,800,1.2632947987740235,2.8882515433866867
7319,27322,0.019758660111543588,800,1.2320225919632448,2.8891238003071487
7320,27323,0.019758660111543588,800,1.4727079911307337,2.764416106575656
7321,27324,0.019758660111543588,800,1.0625936073099937,2.975476930882592
7322,27325,0.019758660111543588,800,1.94239234971032,2.48631964987107
7323,27326,0.019758660111543588,800,2.137740339221117,2.268779831589211
7324,27327,0.019758660111543588,800,1.6512445818970458,2.534734897790309
7325,27328,0.019758660111543588,800,1.1758933358611965,2.9244651418880396
7326,27329,0.019758660111543588,800,1.0236110437484915,2.984448751183377
7327,27330,0.019758660111543588,800,1.3357186246691883,2.8369808520241517
7328,27331,0.019758660111543588,800,2.008602781771559,2.4066594408173305
7329,27332,0.019758660111543588,800,2.0543256859174326,2.3696364068211113
7330,27333,0.019758660111543588,800,1.1676743639307507,2.913176281978964
7331,27334,0.019758660111543588,800,1.2651400550685152,2.871516957295843
7332,27335,0.019758660111543588,800,2.180717409124066,2.2106325997536524
7333,27336,0.019758660111543588,800,1.5588112725964776,2.7105455201477375
7334,27337,0.019758660111543588,800,1.5468553435815378,2.7116710818098695
7335,27338,0.019758660111543588,800,1.4415973064707146,2.7599663462216806
7336,27339,0.019758660111543588,800,1.023095717881218,2.97189644612857
7337,27340,0.019758660111543588,800,1.0612241828147302,2.9612236309243682
7338,27341,0.019758660111543588,800,1.5763964600744376,2.681505266240258
7339,27342,0.019758660111543588,800,1.3903537187579904,2.837230242351608
7340,27343,0.019758660111543588,800,1.2675509803947524,2.8699513654046758
7341,27344,0.019758660111543588,800,1.5064982848012494,2.767441052123299
7342,27345,0.019758660111543588,800,1.491498655690877,2.741974142649505
7343,27346,0.019758660111543588,800,1.576726880691918,2.7565622372625964
7344,27347,0.019758660111543588,800,1.7942272182049404,2.5923048158390403
7345,27348,0.019758660111543588,800,1.7447850435306393,2.615806330639141
7346,27349,0.019758660111543588,800,2.1585800357297673,2.3222835718801007
7347,27350,0.019758660111543588,800,1.5950541915183662,2.7418823655646447
7348,27351,0.019758660111543588,800,1.9729424377438292,2.3764492391003995
7349,27352,0.019758660111543588,800,1.9176745544252332,2.439267452056925
7350,27353,0.019758660111543588,800,1.1083070677173719,2.930649857678174
7351,27354,0.019758660111543588,800,1.9688993677592357,2.3662532410660013
7352,27355,0.019758660111543588,800,1.2395955107053216,2.860581555262297
7353,27356,0.019758660111543588,800,1.6504903075671724,2.6603955491909916
7354,27357,0.019758660111543588,800,1.4651971685745853,2.7794751780783162
7355,27358,0.019758660111543588,800,1.4208481280528864,2.820046678486422
7356,27359,0.019758660111543588,800,1.0966757156940343,2.9526892805777774
7357,27360,0.019758660111543588,800,1.0261923902740062,2.9691277325093255
7358,27361,0.019758660111543588,800,1.2621976399198185,2.8967381488420623
7359,27362,0.019758660111543588,800,2.2649710114447457,2.1532796559341234
7360,27363,0.019758660111543588,800,1.6007276075148578,2.6941283262075877
7361,27364,0.019758660111543588,800,1.5595306404853269,2.6939704461194394
7362,27365,0.019758660111543588,800,1.7877906039712035,2.589514510646914
7363,27366,0.019758660111543588,800,1.6620729465234283,2.6489705801674157
7364,27367,0.019758660111543588,800,1.1754335563969671,2.9162272002336698
7365,27368,0.019758660111543588,800,1.590805918251312,2.702435703957549
7366,27369,0.019758660111543588,800,1.9616146659890732,2.468293962418297
7367,27370,0.019758660111543588,800,1.0834629550223307,2.9547279067531114
7368,27371,0.019758660111543588,800,1.1400152340248761,2.9250548031427344
7369,27372,0.019758660111543588,800,2.0888234268723176,2.3043188580843217
7370,27373,0.019758660111543588,800,1.1633075364991377,2.9148853035954962
7371,27374,0.019758660111543588,800,2.212353811980379,2.1832612951807424
7372,27375,0.019758660111543588,800,2.42605836983286,1.9119903431384841
7373,27376,0.019758660111543588,800,1.7258371774234451,2.579247194889797
7374,27377,0.019758660111543588,800,1.582925436587908,2.6929850660237564
7375,27378,0.019758660111543588,800,1.818016860294275,2.527720901387319
7376,27379,0.019758660111543588,800,1.4110222343874756,2.8032730913349653
7377,27380,0.019758660111543588,800,1.103453015846536,2.944514034259213
7378,27381,0.019758660111543588,800,1.5321637315575414,2.7515816560868616
7379,27382,0.019758660111543588,800,1.2672442970110473,2.8710646274547362
7380,27383,0.019758660111543588,800,2.237200329728673,2.171143409688559
7381,27384,0.019758660111543588,800,1.948294392066055,2.437312309049065
7382,27385,0.019758660111543588,800,1.4959989110504561,2.7489221322011783
7383,27386,0.019758660111543588,800,1.1764439829579048,2.910122203553521
7384,27387,0.019758660111543588,800,1.1973115836838077,2.909598582178625
7385,27388,0.019758660111543588,800,1.9719841002807907,2.4157667801180964
7386,27389,0.019758660111543588,800,1.0239072324293101,2.973171188465282
7387,27390,0.019758660111543588,800,1.2410253831575033,2.885893387604733
7388,27391,0.019758660111543588,800,1.0349288618802446,2.970219974964631
7389,27392,0.019758660111543588,800,1.4275025204305325,2.8092727771818966
7390,27393,0.019758660111543588,800,1.5158249187159245,2.7403959435597876
7391,27394,0.019758660111543588,800,1.1896700326906082,2.9211635561300446
7392,27395,0.019758660111543588,800,2.01033253815939,2.3794054690076982
7393,27396,0.019758660111543588,800,1.4819494791256913,2.7640106410673475
7394,27397,0.019758660111543588,800,1.8217291590361497,2.553781991795062
7395,27398,0.019758660111543588,800,1.5181337130747738,2.738114974840968
7396,27399,0.019758660111543588,800,1.190688341664459,2.887342395513132
7397,27400,0.019758660111543588,1000,1.2652148873129594,2.873932604539232
7398,27401,0.019758660111543588,1000,1.3866103739077196,2.8012422927153997
7399,27402,0.019758660111543588,1000,2.0287822874197703,2.3081297955835742
7400,27403,0.019758660111543588,1000,2.471570786483467,1.8192153874276726
7401,27404,0.019758660111543588,1000,1.311401723798505,2.861542006159225
7402,27405,0.019758660111543588,1000,1.1253127261715257,2.9271253958248287
7403,27406,0.019758660111543588,1000,1.906600057543977,2.481772828114854
7404,27407,0.019758660111543588,1000,1.266955812145751,2.8816780809926
7405,27408,0.019758660111543588,1000,2.2398375664947436,2.1840743591406713
7406,27409,0.019758660111543588,1000,1.0813110835231154,2.9429496819344885
7407,27410,0.019758660111543588,1000,2.2193463137680185,2.1639202022499564
7408,27411,0.019758660111543588,1000,1.5892764623258084,2.7136398437693066
7409,27412,0.019758660111543588,1000,1.1007902755685364,2.9545017675249086
7410,27413,0.019758660111543588,1000,2.1865722617105896,2.240516364512845
7411,27414,0.019758660111543588,1000,1.973538956243616,2.4108747826173587
7412,27415,0.019758660111543588,1000,1.0709891933564217,2.945418190277264
7413,27416,0.019758660111543588,1000,1.915809658080926,2.445228787875048
7414,27417,0.019758660111543588,1000,1.4695859639757167,2.7778800011421083
7415,27418,0.019758660111543588,1000,1.1679068613734658,2.9278956703409085
7416,27419,0.019758660111543588,1000,1.8191874338850376,2.5084467514897204
7417,27420,0.019758660111543588,1000,1.5204574022417237,2.7268762833755344
7418,27421,0.019758660111543588,1000,1.7205552536607776,2.6279748693787646
7419,27422,0.019758660111543588,1000,1.2030596894557484,2.8955794521303404
7420,27423,0.019758660111543588,1000,1.3160014273851701,2.852128591719857
7421,27424,0.019758660111543588,1000,1.4718649161520336,2.786850991059184
7422,27425,0.019758660111543588,1000,2.099072086307465,2.2998588093353325
7423,27426,0.019758660111543588,1000,1.9458357118745215,2.4444777720017834
7424,27427,0.019758660111543588,1000,1.4582895396496083,2.8013996835041857
7425,27428,0.019758660111543588,1000,1.4360495815584566,2.795078454985494
7426,27429,0.019758660111543588,1000,1.5114570669971346,2.767168469353644
7427,27430,0.019758660111543588,1000,1.793498301786021,2.56417922706564
7428,27431,0.019758660111543588,1000,1.273800832277788,2.8337211119104393
7429,27432,0.019758660111543588,1000,2.5652868894348195,1.8152547193727622
7430,27433,0.019758660111543588,1000,1.5604203022743575,2.694027248143474
7431,27434,0.019758660111543588,1000,1.4512966006618806,2.767157044647214
7432,27435,0.019758660111543588,1000,2.0099171295255305,2.4017563705360754
7433,27436,0.019758660111543588,1000,1.643379342077462,2.693674389539194
7434,27437,0.019758660111543588,1000,2.322469086638632,2.1028277706611904
7435,27438,0.019758660111543588,1000,1.9198994099009852,2.4526572378716542
7436,27439,0.019758660111543588,1000,1.7777582632489637,2.5196791682726696
7437,27440,0.019758660111543588,1000,1.8397376105150294,2.557386999891275
7438,27441,0.019758660111543588,1000,1.4793392427747154,2.759413383221578
7439,27442,0.019758660111543588,1000,1.5530748219530925,2.707871598196034
7440,27443,0.019758660111543588,1000,1.6929147022488742,2.6030898896540777
7441,27444,0.019758660111543588,1000,2.112227606783089,2.2767337268240473
7442,27445,0.019758660111543588,1000,2.2655902746178844,2.1684054624322386
7443,27446,0.019758660111543588,1000,1.1399302658604251,2.922915257488085
7444,27447,0.019758660111543588,1000,2.043102619942302,2.3626371595720825
7445,27448,0.019758660111543588,1000,1.9263922851604445,2.4062455290461253
7446,27449,0.019758660111543588,1000,1.321830010745616,2.8367817049902535
7447,27450,0.019758660111543588,1000,1.9183454184225575,2.4222663199427013
7448,27451,0.019758660111543588,1000,1.2466499066761176,2.8936699704647038
7449,27452,0.019758660111543588,1000,2.671546303341132,1.6279365110220918
7450,27453,0.019758660111543588,1000,1.6824627065419349,2.6350453745278704
7451,27454,0.019758660111543588,1000,1.7932969914848123,2.551493219256382
7452,27455,0.019758660111543588,1000,1.9963631487046705,2.3649036429867247
7453,27456,0.019758660111543588,1000,1.5023720973048076,2.7735935053634435
7454,27457,0.019758660111543588,1000,1.29712820311128,2.8891152092422363
7455,27458,0.019758660111543588,1000,1.998056474568656,2.434929871402026
7456,27459,0.019758660111543588,1000,1.033516682973294,2.977076783548579
7457,27460,0.019758660111543588,1000,1.890710345677824,2.4524908683850075
7458,27461,0.019758660111543588,1000,2.5533701132190783,1.7699868364724707
7459,27462,0.019758660111543588,1000,2.6014557562017813,1.785209377219847
7460,27463,0.019758660111543588,1000,1.4388816945760596,2.751220204370077
7461,27464,0.019758660111543588,1000,1.8785049549722497,2.436315392188591
7462,27465,0.019758660111543588,1000,1.5544999536731186,2.7449254894042285
7463,27466,0.019758660111543588,1000,1.1504760364310747,2.9308779405531147
7464,27467,0.019758660111543588,1000,1.3135941268956932,2.841626202540902
7465,27468,0.019758660111543588,1000,1.9996331416920157,2.3851964241339507
7466,27469,0.019758660111543588,1000,1.1933011042548443,2.9141987344440827
7467,27470,0.019758660111543588,1000,1.5228572710649984,2.830896371466998
7468,27471,0.019758660111543588,1000,1.947303883035413,2.50639735096989
7469,27472,0.019758660111543588,1000,2.162113077776722,2.2526076745602746
7470,27473,0.019758660111543588,1000,1.4138869656458752,2.8095084027183868
7471,27474,0.019758660111543588,1000,1.346666669234474,2.8521392649944413
7472,27475,0.019758660111543588,1000,2.348743510633911,2.064073519496163
7473,27476,0.019758660111543588,1000,1.517935437652093,2.736133818035565
7474,27477,0.019758660111543588,1000,2.3260104173737095,2.093012381076707
7475,27478,0.019758660111543588,1000,2.2781764538606675,2.0882827717950176
7476,27479,0.019758660111543588,1000,1.6090727441236043,2.6684864355413143
7477,27480,0.019758660111543588,1000,1.0826631231677182,2.9485927981747304
7478,27481,0.019758660111543588,1000,1.3807415340905798,2.822571957334791
7479,27482,0.019758660111543588,1000,1.4536722169980585,2.768929601244535
7480,27483,0.019758660111543588,1000,1.4055407591686127,2.807759527167217
7481,27484,0.019758660111543588,1000,1.2393874339605468,2.8682564072349166
7482,27485,0.019758660111543588,1000,1.7295803183956555,2.657229853900819
7483,27486,0.019758660111543588,1000,1.5790495005798793,2.720534871772263
7484,27487,0.019758660111543588,1000,1.620956205686097,2.6514613259901942
7485,27488,0.019758660111543588,1000,1.7163204402255416,2.6103325172621057
7486,27489,0.019758660111543588,1000,1.8105562488340303,2.53532699459189
7487,27490,0.019758660111543588,1000,1.2417547911277047,2.8736316428852406
7488,27491,0.019758660111543588,1000,1.3467523717618197,2.8375661687343072
7489,27492,0.019758660111543588,1000,1.0452105424169924,2.977915955757214
7490,27493,0.019758660111543588,1000,1.3747608907368878,2.8240392638645857
7491,27494,0.019758660111543588,1000,1.1127987875056913,2.972966891754117
7492,27495,0.019758660111543588,1000,1.9244435553660029,2.496485985135462
7493,27496,0.019758660111543588,1000,1.9037172935050024,2.474546236212316
7494,27497,0.019758660111543588,1000,1.919433154508818,2.494256372038116
7495,27498,0.019758660111543588,1000,1.1156807019390347,2.915637713093434
7496,27499,0.019758660111543588,1000,1.6203495814636397,2.669215846868025
7497,27500,0.019758660111543588,1200,1.8690044816544904,2.479582078886884
7498,27501,0.019758660111543588,1200,1.9306602879787076,2.4623294014529673
7499,27502,0.019758660111543588,1200,1.4191274761158508,2.8104788354412866
7500,27503,0.019758660111543588,1200,1.9755804003747752,2.459192634764274
7501,27504,0.019758660111543588,1200,1.9958421185029507,2.4099501769075866
7502,27505,0.019758660111543588,1200,1.2173445129126637,2.8752346235083297
7503,27506,0.019758660111543588,1200,2.573889518900585,1.8137961818883284
7504,27507,0.019758660111543588,1200,1.2628123962277233,2.8858010236000373
7505,27508,0.019758660111543588,1200,2.009619842271813,2.36100403032546
7506,27509,0.019758660111543588,1200,2.3567581971581726,2.062232061738962
7507,27510,0.019758660111543588,1200,1.1640891420351829,2.9259637670737333
7508,27511,0.019758660111543588,1200,1.4887266337946652,2.7491459379963623
7509,27512,0.019758660111543588,1200,2.1083449335234397,2.2596371080998185
7510,27513,0.019758660111543588,1200,1.8953722327020528,2.5094194346293257
7511,27514,0.019758660111543588,1200,1.0331554466226496,2.962957325979075
7512,27515,0.019758660111543588,1200,1.6291271092164084,2.7106438513702154
7513,27516,0.019758660111543588,1200,1.5489770735025972,2.713724628580668
7514,27517,0.019758660111543588,1200,1.263869637259504,2.857447424497268
7515,27518,0.019758660111543588,1200,1.852104244794522,2.5391796201813257
7516,27519,0.019758660111543588,1200,1.1625580566542875,2.914657843265856
7517,27520,0.019758660111543588,1200,2.047108546903536,2.3736897945734308
7518,27521,0.019758660111543588,1200,1.06028034514457,2.96354830873673
7519,27522,0.019758660111543588,1200,1.3245425103739261,2.813582139607591
7520,27523,0.019758660111543588,1200,1.8190112264990517,2.530853905614841
7521,27524,0.019758660111543588,1200,1.6010290263502192,2.6639873558776914
7522,27525,0.019758660111543588,1200,1.759958614662878,2.616976978239529
7523,27526,0.019758660111543588,1200,1.050949468014658,2.9741910565360583
7524,27527,0.019758660111543588,1200,2.2387905175717147,2.1689679685308176
7525,27528,0.019758660111543588,1200,1.1637910972035868,2.9287635571300976
7526,27529,0.019758660111543588,1200,1.622241832009714,2.6898211253528994
7527,27530,0.019758660111543588,1200,1.5917655963214754,2.7246896000738117
7528,27531,0.019758660111543588,1200,2.2465908324389643,2.2071670854272125
7529,27532,0.019758660111543588,1200,2.2726380624269966,2.1492349546975684
7530,27533,0.019758660111543588,1200,1.6705999487167378,2.617895972095126
7531,27534,0.019758660111543588,1200,1.3370031453600624,2.840427999373144
7532,27535,0.019758660111543588,1200,1.5900476406472759,2.7206417964286325
7533,27536,0.019758660111543588,1200,1.4387817294435903,2.786181472519315
7534,27537,0.019758660111543588,1200,2.316390590466167,2.0921549283648937
7535,27538,0.019758660111543588,1200,2.342374335389267,2.0364479514839386
7536,27539,0.019758660111543588,1200,1.1086673434836394,2.9389679091562733
7537,27540,0.019758660111543588,1200,1.4226786921887402,2.805969457175723
7538,27541,0.019758660111543588,1200,2.299387404346193,2.1302819909394173
7539,27542,0.019758660111543588,1200,1.2748122319638697,2.8668886370190796
7540,27543,0.019758660111543588,1200,2.2690440792092277,2.223945337907443
7541,27544,0.019758660111543588,1200,1.2111728221515368,2.892790985555093
7542,27545,0.019758660111543588,1200,1.8097293476001457,2.552172159820467
7543,27546,0.019758660111543588,1200,1.26172184574328,2.909347784195934
7544,27547,0.019758660111543588,1200,1.6181973906686806,2.6779927203209235
7545,27548,0.019758660111543588,1200,2.2291701108453164,2.1399668686958546
7546,27549,0.019758660111543588,1200,1.6600829701670468,2.6570402623619076
7547,27550,0.019758660111543588,1200,1.5515067610088855,2.7252208649517558
7548,27551,0.019758660111543588,1200,1.1082345094957269,2.9277465807966694
7549,27552,0.019758660111543588,1200,1.1004000239873222,2.9425791510824393
7550,27553,0.019758660111543588,1200,1.1943893157406298,2.9200152934997763
7551,27554,0.019758660111543588,1200,2.613604597123366,1.6675618321166539
7552,27555,0.019758660111543588,1200,1.10547336744528,2.9545600743838825
7553,27556,0.019758660111543588,1200,1.129310902469408,2.9330024466422566
7554,27557,0.019758660111543588,1200,1.2052464721301293,2.8517739125069403
7555,27558,0.019758660111543588,1200,1.796596985052755,2.5771233710495793
7556,27559,0.019758660111543588,1200,1.1243965415426467,2.917108677960555
7557,27560,0.019758660111543588,1200,2.0289423735482695,2.376195587237207
7558,27561,0.019758660111543588,1200,1.5537866383161916,2.7316594326508454
7559,27562,0.019758660111543588,1200,2.4163687595151275,2.0104270324750777
7560,27563,0.019758660111543588,1200,1.7690788652290048,2.591713413172848
7561,27564,0.019758660111543588,1200,2.3925589185556206,2.0428127945963497
7562,27565,0.019758660111543588,1200,1.702460862206903,2.62270158254879
7563,27566,0.019758660111543588,1200,1.7374820764331667,2.6378904453424483
7564,27567,0.019758660111543588,1200,1.2164853572169172,2.8995207009887536
7565,27568,0.019758660111543588,1200,1.9491117694839553,2.5059848054656237
7566,27569,0.019758660111543588,1200,1.1435068974626352,2.921402016877212
7567,27570,0.019758660111543588,1200,1.5817988841273125,2.711951375431897
7568,27571,0.019758660111543588,1200,1.0521209462323442,2.9756118245145333
7569,27572,0.019758660111543588,1200,1.8327715583337856,2.5516178139529306
7570,27573,0.019758660111543588,1200,1.1633999870996186,2.9072386908566212
7571,27574,0.019758660111543588,1200,1.3471299205987661,2.8598028091162644
7572,27575,0.019758660111543588,1200,1.2302158639656102,2.904469919014616
7573,27576,0.019758660111543588,1200,1.7963884989720391,2.5218409033340987
7574,27577,0.019758660111543588,1200,1.7758144937230511,2.61774331288757
7575,27578,0.019758660111543588,1200,1.5855603224722594,2.7246023979946807
7576,27579,0.019758660111543588,1200,1.3161158111862592,2.861233438324119
7577,27580,0.019758660111543588,1200,1.8898128875972025,2.495614339778222
7578,27581,0.019758660111543588,1200,2.1642493892047603,2.3038569744565907
7579,27582,0.019758660111543588,1200,1.6315109482351349,2.674283523825038
7580,27583,0.019758660111543588,1200,1.317966663922466,2.8641684898568807
7581,27584,0.019758660111543588,1200,1.4880956418106486,2.7565597597306057
7582,27585,0.019758660111543588,1200,1.1541076343772017,2.911350216456759
7583,27586,0.019758660111543588,1200,1.4818346459636824,2.7550479069277563
7584,27587,0.019758660111543588,1200,1.1994960800571655,2.9055145135919114
7585,27588,0.019758660111543588,1200,1.4800996119010565,2.7225734019446857
7586,27589,0.019758660111543588,1200,1.335181588426274,2.852041602861379
7587,27590,0.019758660111543588,1200,2.5803221092397846,1.8077784833256978
7588,27591,0.019758660111543588,1200,1.049005864927897,2.9798425816145118
7589,27592,0.019758660111543588,1200,2.5920942567382013,1.800467808173186
7590,27593,0.019758660111543588,1200,2.0452199354312475,2.4431754742488616
7591,27594,0.019758660111543588,1200,1.5426325207090361,2.7136642491348453
7592,27595,0.019758660111543588,1200,1.0837655345838584,2.9479645727809745
7593,27596,0.019758660111543588,1200,1.5185135908502245,2.767585596907363
7594,27597,0.019758660111543588,1200,1.8309504364909284,2.500220487481939
7595,27598,0.019758660111543588,1200,1.1126224007499008,2.930816789303763
7596,27599,0.019758660111543588,1200,1.3072901319744445,2.8521968317851263
7597,27600,0.019758660111543588,1400,1.093704418385843,2.9470216862430934
7598,27601,0.019758660111543588,1400,1.0706251845063783,2.9606547729479553
7599,27602,0.019758660111543588,1400,1.463701663645645,2.778536801028409
7600,27603,0.019758660111543588,1400,1.8763362699814699,2.435635091794181
7601,27604,0.019758660111543588,1400,1.8920160484407318,2.5039153371060996
7602,27605,0.019758660111543588,1400,1.1070823457550936,2.942358328635133
7603,27606,0.019758660111543588,1400,2.235932737125342,2.173937361183998
7604,27607,0.019758660111543588,1400,2.2491879981577405,2.237664521636444
7605,27608,0.019758660111543588,1400,1.7406186848193232,2.6118301151100054
7606,27609,0.019758660111543588,1400,1.5051981559631868,2.73618608544388
7607,27610,0.019758660111543588,1400,1.3245704473387951,2.868959224779513
7608,27611,0.019758660111543588,1400,2.0441757610948743,2.376460480929233
7609,27612,0.019758660111543588,1400,1.2004091504688503,2.912388599236138
7610,27613,0.019758660111543588,1400,2.498623719360115,1.93994526218913
7611,27614,0.019758660111543588,1400,2.043533890637132,2.2885170512855475
7612,27615,0.019758660111543588,1400,1.343311968604621,2.849934540930153
7613,27616,0.019758660111543588,1400,1.667506418052675,2.619405789591414
7614,27617,0.019758660111543588,1400,1.2093101980818155,2.9064120583991113
7615,27618,0.019758660111543588,1400,1.6253558584835575,2.6502280809371137
7616,27619,0.019758660111543588,1400,2.2044007508154744,2.2269936487206583
7617,27620,0.019758660111543588,1400,1.0847026363980996,2.95409988549194
7618,27621,0.019758660111543588,1400,2.143575503380199,2.261448418147541
7619,27622,0.019758660111543588,1400,2.3188374370935425,2.0458756236381515
7620,27623,0.019758660111543588,1400,1.1938360007461504,2.9168954577804054
7621,27624,0.019758660111543588,1400,2.4749825181904357,1.970772317224511
7622,27625,0.019758660111543588,1400,2.1589516016515526,2.3019989108605454
7623,27626,0.019758660111543588,1400,1.1550148252266532,2.9253036584467678
7624,27627,0.019758660111543588,1400,1.5470420742831172,2.750293472223931
7625,27628,0.019758660111543588,1400,2.2529404582162913,2.151971026756738
7626,27629,0.019758660111543588,1400,1.1634745990651314,2.8923416185209225
7627,27630,0.019758660111543588,1400,2.0846293386774337,2.3487996675442284
7628,27631,0.019758660111543588,1400,1.5026290508854023,2.744523687788693
7629,27632,0.019758660111543588,1400,2.014812208984411,2.2922173124175997
7630,27633,0.019758660111543588,1400,2.512427581390204,1.9487062279973089
7631,27634,0.019758660111543588,1400,1.4903082281947109,2.745032459609969
7632,27635,0.019758660111543588,1400,1.4639266382439575,2.792861267360496
7633,27636,0.019758660111543588,1400,2.5119088827296374,1.8650864851346527
7634,27637,0.019758660111543588,1400,1.709271245346707,2.6881624926806906
7635,27638,0.019758660111543588,1400,1.6152061262766118,2.692349355114769
7636,27639,0.019758660111543588,1400,2.1644365646691637,2.203501570860947
7637,27640,0.019758660111543588,1400,1.569585080803424,2.7095830540103725
7638,27641,0.019758660111543588,1400,1.6510052385305947,2.679254692263901
7639,27642,0.019758660111543588,1400,1.1187562327761809,2.9500881979535514
7640,27643,0.019758660111543588,1400,1.2003339016612071,2.883832792921225
7641,27644,0.019758660111543588,1400,1.1286312065543398,2.9618218390238766
7642,27645,0.019758660111543588,1400,1.2313866930848412,2.8738503643874385
7643,27646,0.019758660111543588,1400,1.9118709548822674,2.4666276255125923
7644,27647,0.019758660111543588,1400,1.7599845140820758,2.5797984808019825
7645,27648,0.019758660111543588,1400,2.1727297348689607,2.2457047752888117
7646,27649,0.019758660111543588,1400,1.4269945404419944,2.7818261340019266
7647,27650,0.019758660111543588,1400,1.937335716705522,2.459398651065443
7648,27651,0.019758660111543588,1400,2.121234545478769,2.2540285557616038
7649,27652,0.019758660111543588,1400,1.7568237495610965,2.6261618437460847
7650,27653,0.019758660111543588,1400,1.1033800137265115,2.9388384014162305
7651,27654,0.019758660111543588,1400,2.183060514278694,2.294142206834571
7652,27655,0.019758660111543588,1400,1.3129260836851813,2.826409590162008
7653,27656,0.019758660111543588,1400,2.3928064414595753,1.985599643298805
7654,27657,0.019758660111543588,1400,1.2799947214029528,2.8658679910733005
7655,27658,0.019758660111543588,1400,1.9683666705399052,2.457756513125704
7656,27659,0.019758660111543588,1400,1.8252359020188842,2.42105550561526
7657,27660,0.019758660111543588,1400,1.3255864157934325,2.8331827499208737
7658,27661,0.019758660111543588,1400,1.8673570204776464,2.521696773163682
7659,27662,0.019758660111543588,1400,2.370565759767262,2.0614379881738496
7660,27663,0.019758660111543588,1400,1.9393861172792835,2.429901553812702
7661,27664,0.019758660111543588,1400,1.5073983114361948,2.744644334871219
7662,27665,0.019758660111543588,1400,1.2809125658722995,2.878737363673509
7663,27666,0.019758660111543588,1400,1.2591018890708998,2.8729031150056716
7664,27667,0.019758660111543588,1400,1.5001930464291175,2.75402358032716
7665,27668,0.019758660111543588,1400,2.316557768680526,2.1150135948136604
7666,27669,0.019758660111543588,1400,1.4346582595322868,2.8003658758013783
7667,27670,0.019758660111543588,1400,1.5422881291300818,2.761084169133042
7668,27671,0.019758660111543588,1400,2.0205762126189155,2.401632059236731
7669,27672,0.019758660111543588,1400,2.526054769210406,1.866988932126531
7670,27673,0.019758660111543588,1400,1.7179322459655064,2.63757994014727
7671,27674,0.019758660111543588,1400,1.3785037003725027,2.810738546403411
7672,27675,0.019758660111543588,1400,1.44087399245691,2.7591055673566536
7673,27676,0.019758660111543588,1400,2.486137843073507,1.8323503413955329
7674,27677,0.019758660111543588,1400,1.592895449648414,2.688096115953299
7675,27678,0.019758660111543588,1400,2.364096948449329,1.9893321603545615
7676,27679,0.019758660111543588,1400,1.1037875659661212,2.9434655390454294
7677,27680,0.019758660111543588,1400,1.4735956519216717,2.755819856765341
7678,27681,0.019758660111543588,1400,2.218463932507892,2.2166826915741646
7679,27682,0.019758660111543588,1400,1.7391532308389195,2.5838876704611824
7680,27683,0.019758660111543588,1400,1.1067933764285707,2.9465036546930206
7681,27684,0.019758660111543588,1400,1.190150208944107,2.9053007148903274
7682,27685,0.019758660111543588,1400,2.1701722315238294,2.2172585318814275
7683,27686,0.019758660111543588,1400,1.2771531868561516,2.8538356030837218
7684,27687,0.019758660111543588,1400,1.6263651537610038,2.669190739515201
7685,27688,0.019758660111543588,1400,1.4231044816841072,2.775650017277955
7686,27689,0.019758660111543588,1400,1.6693999686934766,2.6493476443597386
7687,27690,0.019758660111543588,1400,1.3540362061928304,2.818254555664754
7688,27691,0.019758660111543588,1400,1.0381720456428645,2.9589362611884007
7689,27692,0.019758660111543588,1400,1.223377608780372,2.881974675637223
7690,27693,0.019758660111543588,1400,1.7795763642685738,2.624346209101677
7691,27694,0.019758660111543588,1400,1.1304152161684928,2.9378773299654797
7692,27695,0.019758660111543588,1400,1.8294973465696134,2.5345247947354936
7693,27696,0.019758660111543588,1400,2.526786115917555,1.7667594141891723
7694,27697,0.019758660111543588,1400,1.4180151090523991,2.8028665169636557
7695,27698,0.019758660111543588,1400,1.9305292036450186,2.470134287881137
7696,27699,0.019758660111543588,1400,1.3757663403252116,2.805604291296383
7697,27700,0.019758660111543588,1600,1.7295177594093982,2.5336856145591655
7698,27701,0.019758660111543588,1600,2.6472799404493097,1.5787778228234979
7699,27702,0.019758660111543588,1600,2.454882251714639,1.9218270255897665
7700,27703,0.019758660111543588,1600,1.4601154143449364,2.8323941636000494
7701,27704,0.019758660111543588,1600,1.746263208029157,2.603554151859439
7702,27705,0.019758660111543588,1600,1.1466418338431086,2.9130741128177915
7703,27706,0.019758660111543588,1600,2.2014730542974297,2.182858180757291
7704,27707,0.019758660111543588,1600,1.286753389002217,2.8600783153708806
7705,27708,0.019758660111543588,1600,2.033330413114021,2.3439230407225993
7706,27709,0.019758660111543588,1600,1.7551704445970935,2.618977271517799
7707,27710,0.019758660111543588,1600,1.3565655954560083,2.866631717695337
7708,27711,0.019758660111543588,1600,1.7468660519296073,2.5814087446673915
7709,27712,0.019758660111543588,1600,2.2692820157251417,2.169648858018312
7710,27713,0.019758660111543588,1600,2.0563863580874973,2.3863563545065722
7711,27714,0.019758660111543588,1600,2.5976132668545633,1.904665946295339
7712,27715,0.019758660111543588,1600,1.570994662007938,2.730558600733135
7713,27716,0.019758660111543588,1600,1.1658358792947365,2.9256659695463343
7714,27717,0.019758660111543588,1600,2.055367063704922,2.359009078655815
7715,27718,0.019758660111543588,1600,2.561534488458753,1.7899006341054728
7716,27719,0.019758660111543588,1600,1.270151658127404,2.889501054671378
7717,27720,0.019758660111543588,1600,1.892605399012148,2.5219548650226082
7718,27721,0.019758660111543588,1600,2.076008435689844,2.3970825516678618
7719,27722,0.019758660111543588,1600,2.0242871157799027,2.365513109968691
7720,27723,0.019758660111543588,1600,2.404313308631096,1.8965960572477023
7721,27724,0.019758660111543588,1600,1.5216953033540737,2.6449121533451647
7722,27725,0.019758660111543588,1600,1.2625945360625512,2.8785821303050776
7723,27726,0.019758660111543588,1600,1.0453815934144792,2.9490753708176194
7724,27727,0.019758660111543588,1600,1.2679308615264984,2.866097354861671
7725,27728,0.019758660111543588,1600,1.2231871870417828,2.885014336406385
7726,27729,0.019758660111543588,1600,1.6441859549933748,2.678845258532818
7727,27730,0.019758660111543588,1600,2.3266158662367835,2.038203068751876
7728,27731,0.019758660111543588,1600,1.1800798600344278,2.915743309648562
7729,27732,0.019758660111543588,1600,2.5321634763062515,1.8624662893438395
7730,27733,0.019758660111543588,1600,1.9900520934599868,2.3597497188255714
7731,27734,0.019758660111543588,1600,1.5579616214907128,2.727073914554111
7732,27735,0.019758660111543588,1600,1.5044483303344207,2.778003329409197
7733,27736,0.019758660111543588,1600,1.1059571789219984,2.944312500770295
7734,27737,0.019758660111543588,1600,1.6251713190765926,2.705205230579546
7735,27738,0.019758660111543588,1600,2.40037609039163,2.0696463591208167
7736,27739,0.019758660111543588,1600,2.16598618932743,2.3235585755257135
7737,27740,0.019758660111543588,1600,1.4347472547095381,2.7982672278522456
7738,27741,0.019758660111543588,1600,2.143712841879646,2.2955627965219825
7739,27742,0.019758660111543588,1600,1.6772059090988378,2.605529490205036
7740,27743,0.019758660111543588,1600,1.334482320485575,2.8241430185912666
7741,27744,0.019758660111543588,1600,1.339756109277665,2.839427741292134
7742,27745,0.019758660111543588,1600,2.162642475406817,2.2231874691745097
7743,27746,0.019758660111543588,1600,2.0969840876275327,2.303617110275556
7744,27747,0.019758660111543588,1600,1.7947175603293708,2.6017484092896757
7745,27748,0.019758660111543588,1600,1.361132315261225,2.767163735440449
7746,27749,0.019758660111543588,1600,2.267183694491289,2.1434148875498074
7747,27750,0.019758660111543588,1600,1.618793906869276,2.67836181356392
7748,27751,0.019758660111543588,1600,1.752258459636702,2.5975296800527796
7749,27752,0.019758660111543588,1600,1.8466247454196705,2.581105350784872
7750,27753,0.019758660111543588,1600,1.0856226667918973,2.9500740359087003
7751,27754,0.019758660111543588,1600,2.2480479132933278,2.2214959671867773
7752,27755,0.019758660111543588,1600,2.4462139329634542,1.9040345879931622
7753,27756,0.019758660111543588,1600,1.5679861004866456,2.711867720937133
7754,27757,0.019758660111543588,1600,1.5061133861387224,2.7103331725393196
7755,27758,0.019758660111543588,1600,2.5760760022166527,1.725735742642664
7756,27759,0.019758660111543588,1600,1.6068348354122606,2.708806010127991
7757,27760,0.019758660111543588,1600,2.15639990239723,2.265726557376061
7758,27761,0.019758660111543588,1600,2.285087678220781,2.1680162564692305
7759,27762,0.019758660111543588,1600,2.3853356874303704,2.0268441037973304
7760,27763,0.019758660111543588,1600,1.1158076474893588,2.9508604359273436
7761,27764,0.019758660111543588,1600,2.1790888514665054,2.1315138361850994
7762,27765,0.019758660111543588,1600,1.8176419364714125,2.532249235137546
7763,27766,0.019758660111543588,1600,1.2307830774190935,2.8921131568885
7764,27767,0.019758660111543588,1600,1.5674858985750386,2.692484541641561
7765,27768,0.019758660111543588,1600,1.95582578424568,2.463480686226143
7766,27769,0.019758660111543588,1600,1.7937509310633075,2.573923883154158
7767,27770,0.019758660111543588,1600,1.6525400022547085,2.6515433678903393
7768,27771,0.019758660111543588,1600,1.0403173425387282,2.959507795378433
7769,27772,0.019758660111543588,1600,1.9669757036395439,2.3565422441765924
7770,27773,0.019758660111543588,1600,2.057746364828481,2.344440306546162
7771,27774,0.019758660111543588,1600,1.7683743408122568,2.5971937265261245
7772,27775,0.019758660111543588,1600,1.2888226121994708,2.888457488071096
7773,27776,0.019758660111543588,1600,1.4248362472024865,2.803191958023967
7774,27777,0.019758660111543588,1600,2.0008492077171254,2.398501749800382
7775,27778,0.019758660111543588,1600,1.7653617922300318,2.5823670569974704
7776,27779,0.019758660111543588,1600,2.3330311507216392,2.1060685687150107
7777,27780,0.019758660111543588,1600,1.1901920025001522,2.880507401214365
7778,27781,0.019758660111543588,1600,1.7330113447356243,2.589508708812857
7779,27782,0.019758660111543588,1600,1.4017401121590543,2.8370152008703
7780,27783,0.019758660111543588,1600,1.5649180389713653,2.7489498651208257
7781,27784,0.019758660111543588,1600,1.5020017223632087,2.738104823654179
7782,27785,0.019758660111543588,1600,1.7279402331975018,2.630904386637978
7783,27786,0.019758660111543588,1600,1.1885438552185952,2.890644527613164
7784,27787,0.019758660111543588,1600,1.6021518653016869,2.6840347763410826
7785,27788,0.019758660111543588,1600,1.585851699809472,2.7188801354649135
7786,27789,0.019758660111543588,1600,1.5773157195118503,2.7021130475693647
7787,27790,0.019758660111543588,1600,2.1573575887972583,2.3034076663470926
7788,27791,0.019758660111543588,1600,1.0441046434458783,2.9566431059607465
7789,27792,0.019758660111543588,1600,1.353751154297052,2.8399411451830603
7790,27793,0.019758660111543588,1600,1.6156591046205406,2.666495742420963
7791,27794,0.019758660111543588,1600,1.821578742531758,2.5250535593725614
7792,27795,0.019758660111543588,1600,2.2218685781859366,2.2120394050812693
7793,27796,0.019758660111543588,1600,1.6943088245192182,2.6495686889758088
7794,27797,0.019758660111543588,1600,2.1187252580354743,2.3042984016991808
7795,27798,0.019758660111543588,1600,1.8434000437755818,2.535540436040744
7796,27799,0.019758660111543588,1600,1.1542591891622416,2.9253662432167338
7797,27800,0.019758660111543588,1800,2.3886415997993233,1.9559122842746188
7798,27801,0.019758660111543588,1800,2.2656044762564527,2.1250868870196955
7799,27802,0.019758660111543588,1800,1.8400983000266895,2.578485538222994
7800,27803,0.019758660111543588,1800,2.0887787238928928,2.298055732015811
7801,27804,0.019758660111543588,1800,1.9316812201131608,2.4640139237599157
7802,27805,0.019758660111543588,1800,1.734753653831112,2.565348688191073
7803,27806,0.019758660111543588,1800,2.103186381719483,2.342271406336672
7804,27807,0.019758660111543588,1800,2.074755570312161,2.33823084386018
7805,27808,0.019758660111543588,1800,1.34873651089818,2.8346772621606795
7806,27809,0.019758660111543588,1800,1.2454326155754831,2.8983326385260493
7807,27810,0.019758660111543588,1800,1.7866948851280764,2.520063529984918
7808,27811,0.019758660111543588,1800,2.0464745165559086,2.230436893061656
7809,27812,0.019758660111543588,1800,1.6190539087842235,2.688449239146931
7810,27813,0.019758660111543588,1800,2.2942015266863476,2.1032049947269744
7811,27814,0.019758660111543588,1800,1.406468973197764,2.837141727469363
7812,27815,0.019758660111543588,1800,1.233380807598685,2.8869021268783426
7813,27816,0.019758660111543588,1800,1.1805299292593292,2.9050755391454905
7814,27817,0.019758660111543588,1800,2.378160110166852,2.0729995859264627
7815,27818,0.019758660111543588,1800,1.3420981775679632,2.8406831106933685
7816,27819,0.019758660111543588,1800,1.570651330678444,2.7002805848659284
7817,27820,0.019758660111543588,1800,2.0974690266903555,2.31168597356727
7818,27821,0.019758660111543588,1800,1.8433757695334705,2.531386198994561
7819,27822,0.019758660111543588,1800,1.5618778413835517,2.703673294005628
7820,27823,0.019758660111543588,1800,2.3208943362365155,2.030015613292879
7821,27824,0.019758660111543588,1800,2.4901988622811984,1.989435072814673
7822,27825,0.019758660111543588,1800,2.7090587808610875,1.5688571896243622
7823,27826,0.019758660111543588,1800,1.8542850208251944,2.507420454001087
7824,27827,0.019758660111543588,1800,2.5709426435401275,1.837131536031174
7825,27828,0.019758660111543588,1800,1.6404531551444883,2.663628471382935
7826,27829,0.019758660111543588,1800,2.386310654361731,2.045629500613809
7827,27830,0.019758660111543588,1800,1.4746759898018769,2.7528481643399383
7828,27831,0.019758660111543588,1800,1.9314845712278952,2.5465774838418724
7829,27832,0.019758660111543588,1800,1.98290640258044,2.3988522244246178
7830,27833,0.019758660111543588,1800,1.604835008789849,2.682643608789881
7831,27834,0.019758660111543588,1800,1.5484263111302021,2.7189791492499764
7832,27835,0.019758660111543588,1800,1.6827985511726546,2.637412902258112
7833,27836,0.019758660111543588,1800,1.7941699933746555,2.5388077462599723
7834,27837,0.019758660111543588,1800,1.9301393229570265,2.4573869742782777
7835,27838,0.019758660111543588,1800,2.035647027979416,2.336957691006556
7836,27839,0.019758660111543588,1800,1.032869468467534,2.968312566346848
7837,27840,0.019758660111543588,1800,1.192662852768712,2.8975336735197184
7838,27841,0.019758660111543588,1800,2.377056896698087,2.0724033565139246
7839,27842,0.019758660111543588,1800,2.3175570751332,2.104425471467015
7840,27843,0.019758660111543588,1800,1.4710973839881438,2.788694380466903
7841,27844,0.019758660111543588,1800,1.5579644260255698,2.7001191446359294
7842,27845,0.019758660111543588,1800,1.5180121806013946,2.73537115069539
7843,27846,0.019758660111543588,1800,2.425455312743161,1.992072456682347
7844,27847,0.019758660111543588,1800,2.477297963250577,1.9241462739430353
7845,27848,0.019758660111543588,1800,2.1274461811083323,2.2790764586743477
7846,27849,0.019758660111543588,1800,1.6783726949349618,2.6744575339627152
7847,27850,0.019758660111543588,1800,1.259331975318631,2.885151894667843
7848,27851,0.019758660111543588,1800,1.6703133344302692,2.6776829965326554
7849,27852,0.019758660111543588,1800,1.28082733195886,2.872620846688524
7850,27853,0.019758660111543588,1800,1.9239347107805773,2.4471727518755384
7851,27854,0.019758660111543588,1800,1.7347871170565565,2.6369595244773474
7852,27855,0.019758660111543588,1800,1.7355171190377967,2.6184472370430765
7853,27856,0.019758660111543588,1800,2.1343949984629798,2.3183421951322973
7854,27857,0.019758660111543588,1800,1.9153863651568617,2.4925908048603356
7855,27858,0.019758660111543588,1800,1.38518949109448,2.8416970932737167
7856,27859,0.019758660111543588,1800,1.1121616214314194,2.9649441490866004
7857,27860,0.019758660111543588,1800,2.528617865529603,1.8094279336150165
7858,27861,0.019758660111543588,1800,1.4568774094712111,2.7642810802351216
7859,27862,0.019758660111543588,1800,2.332010022364633,2.1177182024915515
7860,27863,0.019758660111543588,1800,1.210063399509965,2.8926497409332095
7861,27864,0.019758660111543588,1800,1.7531661808498569,2.578257078340895
7862,27865,0.019758660111543588,1800,1.7078207468336277,2.619074923229172
7863,27866,0.019758660111543588,1800,1.3790337362047298,2.8166080515016496
7864,27867,0.019758660111543588,1800,1.6386182522238202,2.6890895759340285
7865,27868,0.019758660111543588,1800,2.284752502552639,2.181722037127324
7866,27869,0.019758660111543588,1800,2.3369788717199556,2.1148765957492794
7867,27870,0.019758660111543588,1800,1.9417733893480071,2.4965136394545544
7868,27871,0.019758660111543588,1800,2.075393880951591,2.3053179856588906
7869,27872,0.019758660111543588,1800,1.3839379406436563,2.7998383065262322
7870,27873,0.019758660111543588,1800,1.3508046031118333,2.831219179294222
7871,27874,0.019758660111543588,1800,1.7695417260899426,2.580063585044875
7872,27875,0.019758660111543588,1800,2.0676456398866976,2.4066511776839583
7873,27876,0.019758660111543588,1800,1.9961255465073937,2.409772495777044
7874,27877,0.019758660111543588,1800,1.565265306081357,2.7146586882969617
7875,27878,0.019758660111543588,1800,1.5016414577418782,2.76336041209029
7876,27879,0.019758660111543588,1800,1.1497504393305233,2.944119188141083
7877,27880,0.019758660111543588,1800,2.166581244206261,2.2453254777346094
7878,27881,0.019758660111543588,1800,1.666957031925596,2.633431068552725
7879,27882,0.019758660111543588,1800,1.2482714300972666,2.8972625936963303
7880,27883,0.019758660111543588,1800,2.5111441561077648,1.8559855374717475
7881,27884,0.019758660111543588,1800,1.9059536661418872,2.508931348826356
7882,27885,0.019758660111543588,1800,1.8265965621558486,2.5780607812134284
7883,27886,0.019758660111543588,1800,1.9668821964934584,2.4453084388374835
7884,27887,0.019758660111543588,1800,1.574749082460057,2.6917099440337084
7885,27888,0.019758660111543588,1800,1.5697670349175197,2.6785416884679023
7886,27889,0.019758660111543588,1800,1.1660330078005254,2.919884010625708
7887,27890,0.019758660111543588,1800,1.6211132916681632,2.67285022560136
7888,27891,0.019758660111543588,1800,1.01477322747301,2.9751032483143383
7889,27892,0.019758660111543588,1800,2.5513815493366123,1.7497811242981267
7890,27893,0.019758660111543588,1800,1.9118791688492265,2.5300584615939705
7891,27894,0.019758660111543588,1800,2.0333887774546175,2.3591485540535997
7892,27895,0.019758660111543588,1800,1.2877012596965658,2.8431412147112036
7893,27896,0.019758660111543588,1800,1.5839976301330905,2.68834785476125
7894,27897,0.019758660111543588,1800,2.5243943781971345,1.876894479233655
7895,27898,0.019758660111543588,1800,1.515085446627825,2.7050880180201453
7896,27899,0.019758660111543588,1800,1.2892235152570106,2.8490900962871897
7897,27900,0.019758660111543588,2000,1.678083908856052,2.626423868783646
7898,27901,0.019758660111543588,2000,1.4477664114274478,2.7819369807535184
7899,27902,0.019758660111543588,2000,1.7763396450409512,2.6069837143325687
7900,27903,0.019758660111543588,2000,1.6361696794811071,2.6832007878547985
7901,27904,0.019758660111543588,2000,1.5626166227040303,2.7110574583646043
7902,27905,0.019758660111543588,2000,2.439515805073669,1.9294274653493173
7903,27906,0.019758660111543588,2000,2.3768903875926215,2.0077094214752504
7904,27907,0.019758660111543588,2000,1.5521577278465657,2.7399487068587955
7905,27908,0.019758660111543588,2000,1.492339656963949,2.7388796258140617
7906,27909,0.019758660111543588,2000,2.740090768397307,1.466643763576188
7907,27910,0.019758660111543588,2000,2.074835601909503,2.3134970688593235
7908,27911,0.019758660111543588,2000,1.564861952187267,2.7051370855670305
7909,27912,0.019758660111543588,2000,2.0888405056022172,2.3403839371903694
7910,27913,0.019758660111543588,2000,2.1251762385100834,2.306944630849005
7911,27914,0.019758660111543588,2000,2.029929251402552,2.3944111947095736
7912,27915,0.019758660111543588,2000,1.1812948180154863,2.900789793069932
7913,27916,0.019758660111543588,2000,1.2214797434249507,2.894077854265204
7914,27917,0.019758660111543588,2000,2.4274280091056704,2.0603966678525634
7915,27918,0.019758660111543588,2000,1.774984249984037,2.6178011512225776
7916,27919,0.019758660111543588,2000,1.883856799113654,2.3896207304974886
7917,27920,0.019758660111543588,2000,1.2875468289813448,2.8315619141736166
7918,27921,0.019758660111543588,2000,1.8508208848285315,2.5082111976283605
7919,27922,0.019758660111543588,2000,1.8359870852867233,2.549000828080086
7920,27923,0.019758660111543588,2000,1.6079779079951748,2.678623172883518
7921,27924,0.019758660111543588,2000,1.6651677961972808,2.6786976041116333
7922,27925,0.019758660111543588,2000,2.4985414764402685,1.9296895544776924
7923,27926,0.019758660111543588,2000,1.925053682504896,2.428308134665085
7924,27927,0.019758660111543588,2000,2.285961334967495,2.0665856844274706
7925,27928,0.019758660111543588,2000,1.5838462240181876,2.71572764676915
7926,27929,0.019758660111543588,2000,2.1667777930341074,2.285398252765387
7927,27930,0.019758660111543588,2000,2.64162224057024,1.7744122140930372
7928,27931,0.019758660111543588,2000,1.1447485171116836,2.917965573132868
7929,27932,0.019758660111543588,2000,2.276226254387268,2.1789022562583744
7930,27933,0.019758660111543588,2000,1.7075951051030596,2.580746771516659
7931,27934,0.019758660111543588,2000,2.0555358566085644,2.3923540820457196
7932,27935,0.019758660111543588,2000,2.265265233303439,2.1749230888309445
7933,27937,0.019758660111543588,2000,1.0803353095584316,2.9560475777088224
7934,27938,0.019758660111543588,2000,2.4385168120861294,1.8221668366331372
7935,27939,0.019758660111543588,2000,1.8339196336200008,2.5999353185493135
7936,27940,0.019758660111543588,2000,2.182612009646358,2.2376023703811656
7937,27941,0.019758660111543588,2000,1.6044202047213116,2.714531202167433
7938,27942,0.019758660111543588,2000,1.1392016021155602,2.927923775671997
7939,27943,0.019758660111543588,2000,2.2324750326808234,2.1811421014096624
7940,27944,0.019758660111543588,2000,2.2793696531898604,2.1616291903745486
7941,27945,0.019758660111543588,2000,1.531009952646026,2.728190029945625
7942,27946,0.019758660111543588,2000,1.693796870600893,2.6611558008788645
7943,27947,0.019758660111543588,2000,2.0422145385239956,2.375526439126694
7944,27948,0.019758660111543588,2000,1.3846265725557279,2.796334587396534
7945,27949,0.019758660111543588,2000,1.8086636586395106,2.56708526174909
7946,27950,0.019758660111543588,2000,1.1109845342841482,2.9278081268612133
7947,27951,0.019758660111543588,2000,2.1785133365105978,2.2609432208560807
7948,27952,0.019758660111543588,2000,1.2814350497799074,2.8677026398051355
7949,27953,0.019758660111543588,2000,1.2070025256436625,2.8763176771383816
7950,27954,0.019758660111543588,2000,2.597158504632506,1.6865007790176445
7951,27955,0.019758660111543588,2000,1.95374692971102,2.4410284828391458
7952,27956,0.019758660111543588,2000,1.756086963235116,2.556334054037497
7953,27957,0.019758660111543588,2000,1.981752560049977,2.406448122035604
7954,27958,0.019758660111543588,2000,1.8709532679010163,2.4664849562896953
7955,27959,0.019758660111543588,2000,1.2776960661090162,2.877520940060793
7956,27960,0.019758660111543588,2000,2.303482380596892,2.10635639502702
7957,27961,0.019758660111543588,2000,2.0573288605106863,2.413654178769522
7958,27962,0.019758660111543588,2000,2.2607787512818556,2.2039108931207307
7959,27963,0.019758660111543588,2000,2.0171102768138844,2.4684936139932994
7960,27964,0.019758660111543588,2000,2.1576841885848195,2.183017918277413
7961,27965,0.019758660111543588,2000,1.6900301510284503,2.6308183126902387
7962,27966,0.019758660111543588,2000,1.7136970247148735,2.627884969182858
7963,27967,0.019758660111543588,2000,1.1734213378114395,2.913849689158177
7964,27968,0.019758660111543588,2000,1.8234367102390778,2.608448067575607
7965,27969,0.019758660111543588,2000,1.6638934969238588,2.6699233076019726
7966,27970,0.019758660111543588,2000,1.809593081277636,2.6353013457536494
7967,27971,0.019758660111543588,2000,1.1173141457559936,2.924123610485585
7968,27972,0.019758660111543588,2000,2.2404021127798748,2.1813769833946504
7969,27973,0.019758660111543588,2000,1.3804093459968383,2.818654871275395
7970,27974,0.019758660111543588,2000,1.5694174667630765,2.7236561839248528
7971,27975,0.019758660111543588,2000,2.1840210015392,2.2657007510072895
7972,27976,0.019758660111543588,2000,1.4963249171347484,2.756426363369587
7973,27977,0.019758660111543588,2000,1.219817681049889,2.916634835545189
7974,27978,0.019758660111543588,2000,1.5454405523288934,2.727877168670095
7975,27979,0.019758660111543588,2000,1.1047220823896886,2.947514354359176
7976,27980,0.019758660111543588,2000,1.298546648091489,2.8433146312778605
7977,27981,0.019758660111543588,2000,2.5092657047771114,1.917616528857246
7978,27982,0.019758660111543588,2000,2.4191023522500017,2.036617442823789
7979,27983,0.019758660111543588,2000,1.959347856060549,2.453853700921693
7980,27984,0.019758660111543588,2000,1.5903425272432945,2.6985542844242993
7981,27985,0.019758660111543588,2000,1.9056485440912154,2.517919191386098
7982,27986,0.019758660111543588,2000,2.378224616877426,1.972323930051345
7983,27987,0.019758660111543588,2000,2.3968153643151817,2.0384310652849384
7984,27988,0.019758660111543588,2000,1.6107896348988224,2.6912935424207864
7985,27989,0.019758660111543588,2000,1.5495331871043683,2.748935017754313
7986,27990,0.019758660111543588,2000,1.6219250299284411,2.699782022554164
7987,27991,0.019758660111543588,2000,1.0296977582189923,2.95266703598265
7988,27992,0.019758660111543588,2000,1.5771880954147557,2.714497469557709
7989,27993,0.019758660111543588,2000,1.9595126583636844,2.4335103035934127
7990,27994,0.019758660111543588,2000,1.2457585099509412,2.930219389668522
7991,27995,0.019758660111543588,2000,1.4756880361659315,2.7874928093902716
7992,27996,0.019758660111543588,2000,2.3677916463173814,2.018550963302794
7993,27997,0.019758660111543588,2000,2.097704477885854,2.3335779014412514
7994,27998,0.019758660111543588,2000,1.2724194131915798,2.8593917236758877
7995,27999,0.019758660111543588,2000,1.515673354407554,2.768446300862686
7996,28000,0.011111111111111112,200,1.9874101098037986,2.375404301555386
7997,28001,0.011111111111111112,200,1.1053183411416971,2.9365324786358906
7998,28002,0.011111111111111112,200,1.0663763129710282,2.957328348857251
7999,28003,0.011111111111111112,200,1.1357014208485112,2.9326382005524962
8000,28004,0.011111111111111112,200,1.3484069340476512,2.852390361837359
8001,28005,0.011111111111111112,200,1.1840446573177954,2.8951248377592522
8002,28006,0.011111111111111112,200,1.3666485446725332,2.8057736553611052
8003,28007,0.011111111111111112,200,1.2711212910646688,2.865951057126485
8004,28008,0.011111111111111112,200,1.6837463377747681,2.6254004764951517
8005,28009,0.011111111111111112,200,1.1791398228200516,2.9279330968228074
8006,28010,0.011111111111111112,200,1.1621982008601033,2.9065363889100326
8007,28011,0.011111111111111112,200,1.857162013976923,2.490569755839939
8008,28012,0.011111111111111112,200,1.4484586750709272,2.7749670272122815
8009,28013,0.011111111111111112,200,1.0548383797636054,2.949041162562143
8010,28014,0.011111111111111112,200,1.259451516667056,2.8593163895460973
8011,28015,0.011111111111111112,200,1.4075755782217658,2.7910526619910465
8012,28016,0.011111111111111112,200,1.1970987142590293,2.922248627848782
8013,28017,0.011111111111111112,200,1.952013343623148,2.444882373316304
8014,28018,0.011111111111111112,200,1.053254654070002,2.9633071105088176
8015,28019,0.011111111111111112,200,1.094694067934508,2.917593126001471
8016,28020,0.011111111111111112,200,1.4877198571231784,2.7838511017922705
8017,28021,0.011111111111111112,200,1.4372301038712645,2.7952775697957937
8018,28022,0.011111111111111112,200,1.080838827440037,2.959710277637627
8019,28023,0.011111111111111112,200,1.0927208046800794,2.955811030089465
8020,28024,0.011111111111111112,200,1.0183185985755083,2.9715443357073563
8021,28025,0.011111111111111112,200,1.3491239110279396,2.8333898582957664
8022,28026,0.011111111111111112,200,1.0379791540439698,2.9634051256371
8023,28027,0.011111111111111112,200,1.4240974126919956,2.8083845221244585
8024,28028,0.011111111111111112,200,1.0413371928758162,2.9727406513386274
8025,28029,0.011111111111111112,200,1.59752812312723,2.694265708420507
8026,28030,0.011111111111111112,200,1.0724456844507562,2.9378613098303967
8027,28031,0.011111111111111112,200,1.1234478733967312,2.908341247665012
8028,28032,0.011111111111111112,200,1.3736324840820349,2.8375106112116693
8029,28033,0.011111111111111112,200,1.0540028886541237,2.975677969018379
8030,28034,0.011111111111111112,200,1.1729226568969795,2.909769933464463
8031,28035,0.011111111111111112,200,2.0941046268177432,2.3100581639675846
8032,28036,0.011111111111111112,200,1.0473109943948749,2.972515777013901
8033,28037,0.011111111111111112,200,1.1672435071664224,2.9330951280988944
8034,28038,0.011111111111111112,200,1.2429247734602005,2.8493601302029257
8035,28039,0.011111111111111112,200,1.4686728612480766,2.720503007673271
8036,28040,0.011111111111111112,200,1.0477725502069448,2.9474953258268277
8037,28041,0.011111111111111112,200,1.458072305550657,2.7646825179765404
8038,28042,0.011111111111111112,200,1.1273005815624852,2.9452892711708505
8039,28043,0.011111111111111112,200,1.2709077225028431,2.8853871273474603
8040,28044,0.011111111111111112,200,1.400764629897658,2.8103553400682175
8041,28045,0.011111111111111112,200,1.1482228262610341,2.93272151284341
8042,28046,0.011111111111111112,200,1.059134129139394,2.9665342636398497
8043,28047,0.011111111111111112,200,1.444432082223916,2.732910347987362
8044,28048,0.011111111111111112,200,1.9937985487105805,2.341193121355325
8045,28049,0.011111111111111112,200,1.2260934574567999,2.874749084388514
8046,28050,0.011111111111111112,200,1.3073840958089895,2.8566677561027554
8047,28051,0.011111111111111112,200,1.9718451956131422,2.453384589312935
8048,28052,0.011111111111111112,200,1.1946286181977708,2.8747233707646163
8049,28053,0.011111111111111112,200,1.1183962672899084,2.916362087016855
8050,28054,0.011111111111111112,200,1.6080908636350444,2.685608559416997
8051,28055,0.011111111111111112,200,1.385454882449641,2.8185347367806584
8052,28056,0.011111111111111112,200,1.4723535977783446,2.765631022373958
8053,28057,0.011111111111111112,200,1.2639550915013715,2.875877742691311
8054,28058,0.011111111111111112,200,1.5379290461135,2.6850150572599776
8055,28059,0.011111111111111112,200,1.751119100825005,2.5633246543584978
8056,28060,0.011111111111111112,200,1.1567820822358248,2.922585535505869
8057,28061,0.011111111111111112,200,1.1212023502103838,2.939537209951969
8058,28062,0.011111111111111112,200,1.1237435509035454,2.9145112847791874
8059,28063,0.011111111111111112,200,1.3538870936205931,2.8391709778457703
8060,28064,0.011111111111111112,200,1.2802780914473009,2.8496789252564634
8061,28065,0.011111111111111112,200,1.611590017090903,2.6937033202721956
8062,28066,0.011111111111111112,200,1.0673654882378765,2.958262068150248
8063,28067,0.011111111111111112,200,1.328974482099829,2.8374851816732565
8064,28068,0.011111111111111112,200,1.32276482142171,2.8463164872109363
8065,28069,0.011111111111111112,200,1.14985679878433,2.922275053639885
8066,28070,0.011111111111111112,200,1.3541627887820973,2.8284509231625696
8067,28071,0.011111111111111112,200,1.2029128721494,2.9020798239637164
8068,28072,0.011111111111111112,200,1.147536771801682,2.9416144913975444
8069,28073,0.011111111111111112,200,1.0517015547100679,2.957994595120412
8070,28074,0.011111111111111112,200,1.3409801208904946,2.8232013416913313
8071,28075,0.011111111111111112,200,1.1668236552311642,2.8977037847320797
8072,28076,0.011111111111111112,200,1.203994456007184,2.8906315985985946
8073,28077,0.011111111111111112,200,2.0445717214777255,2.395122359725129
8074,28078,0.011111111111111112,200,1.0822266951437514,2.946048029717937
8075,28079,0.011111111111111112,200,1.8920633491012204,2.4967991850022946
8076,28080,0.011111111111111112,200,1.052492171367534,2.951238698140708
8077,28081,0.011111111111111112,200,1.4516688653928462,2.764039027299751
8078,28082,0.011111111111111112,200,1.1883228345844121,2.9168061877822384
8079,28083,0.011111111111111112,200,1.2737520807655964,2.877638563264422
8080,28084,0.011111111111111112,200,1.17777161724771,2.877050768735401
8081,28086,0.011111111111111112,200,1.4243663432211082,2.7690921103347383
8082,28087,0.011111111111111112,200,1.3596006225432256,2.8503998499332166
8083,28088,0.011111111111111112,200,1.1315131554911917,2.9238478331641238
8084,28089,0.011111111111111112,200,1.049090999432032,2.9737347835844306
8085,28090,0.011111111111111112,200,1.2040967352886611,2.906451264433742
8086,28091,0.011111111111111112,200,1.0858913253521714,2.9698894648664096
8087,28092,0.011111111111111112,200,1.1290111103349185,2.93951924733218
8088,28093,0.011111111111111112,200,1.11793132734122,2.9344796009734515
8089,28094,0.011111111111111112,200,1.0305767527094978,2.977193324676634
8090,28095,0.011111111111111112,200,1.3440383668630023,2.8360974277950994
8091,28096,0.011111111111111112,200,1.264668927319524,2.8817235657506743
8092,28097,0.011111111111111112,200,1.0393278711295677,2.9728053577129923
8093,28098,0.011111111111111112,200,1.0454889699889036,2.9796653268955904
8094,28099,0.011111111111111112,200,1.1089180470518012,2.9540288658472087
8095,28100,0.011111111111111112,400,1.4492049531923314,2.7578458493910984
8096,28101,0.011111111111111112,400,1.0722993372804388,2.945481245773186
8097,28102,0.011111111111111112,400,1.1178170848370788,2.9376086972431197
8098,28103,0.011111111111111112,400,1.6210649577812268,2.6778018385049442
8099,28104,0.011111111111111112,400,1.971001547582794,2.3558363474305195
8100,28105,0.011111111111111112,400,1.3463377447055904,2.8315826778230644
8101,28106,0.011111111111111112,400,1.2895783135623946,2.876795410670389
8102,28107,0.011111111111111112,400,1.3924639066363655,2.8297185721990283
8103,28108,0.011111111111111112,400,1.0919330883216338,2.9416445052824645
8104,28109,0.011111111111111112,400,1.145014288680097,2.913915760570421
8105,28110,0.011111111111111112,400,1.902861468157901,2.4575685476540867
8106,28111,0.011111111111111112,400,1.9316383533248804,2.4202569931476754
8107,28112,0.011111111111111112,400,1.3243890382950407,2.856303003018672
8108,28113,0.011111111111111112,400,1.0738890037147382,2.9583448617247132
8109,28114,0.011111111111111112,400,1.785083933741427,2.5456074734470873
8110,28115,0.011111111111111112,400,1.3855108491515145,2.814109124747591
8111,28116,0.011111111111111112,400,1.2599871762263244,2.8682308384084436
8112,28117,0.011111111111111112,400,1.391744758409337,2.804227045705256
8113,28118,0.011111111111111112,400,1.074012487819383,2.9567569108692937
8114,28119,0.011111111111111112,400,1.3399195116268037,2.8402453020523883
8115,28120,0.011111111111111112,400,1.0876835258866406,2.9530005710866476
8116,28121,0.011111111111111112,400,1.5074044581004102,2.7421958794089094
8117,28122,0.011111111111111112,400,1.5641808102332369,2.719164543110991
8118,28123,0.011111111111111112,400,1.5385112242233332,2.699834740322786
8119,28124,0.011111111111111112,400,1.1445620588265168,2.923195753698642
8120,28125,0.011111111111111112,400,1.8181248177488847,2.580168081070185
8121,28126,0.011111111111111112,400,1.1968963889638449,2.899887792930458
8122,28127,0.011111111111111112,400,2.0496533067730462,2.359574570820865
8123,28128,0.011111111111111112,400,1.3652234120571916,2.8025770582824716
8124,28129,0.011111111111111112,400,1.3871206269698482,2.844940951588996
8125,28130,0.011111111111111112,400,1.178321834638181,2.9054930300681905
8126,28131,0.011111111111111112,400,1.6042263825170688,2.672218344851003
8127,28132,0.011111111111111112,400,1.563595243734388,2.726120356649729
8128,28133,0.011111111111111112,400,1.0868534246166757,2.952187964527741
8129,28134,0.011111111111111112,400,1.59329689900765,2.693037276954913
8130,28135,0.011111111111111112,400,1.488992091524172,2.7888935959731915
8131,28136,0.011111111111111112,400,1.1673477429417873,2.917746974572168
8132,28137,0.011111111111111112,400,1.0589379855037881,2.954123439979302
8133,28138,0.011111111111111112,400,1.386441428735531,2.817044895279346
8134,28139,0.011111111111111112,400,1.5026308117480325,2.7395052897385974
8135,28140,0.011111111111111112,400,1.3031466478191054,2.856767412243936
8136,28141,0.011111111111111112,400,1.4464632429633903,2.755057051725062
8137,28142,0.011111111111111112,400,1.6299055642248157,2.6662036391684647
8138,28143,0.011111111111111112,400,1.1457315739204428,2.9146474447799595
8139,28144,0.011111111111111112,400,1.083689988133668,2.9635088574961914
8140,28145,0.011111111111111112,400,1.4922501570191629,2.799636819259829
8141,28146,0.011111111111111112,400,1.0437225311764735,2.968478488443794
8142,28147,0.011111111111111112,400,1.268403688067872,2.867878149049663
8143,28148,0.011111111111111112,400,1.1297714999296045,2.910888225418404
8144,28149,0.011111111111111112,400,1.4252118381934333,2.776183332046327
8145,28150,0.011111111111111112,400,1.4971128443018118,2.7661725266755353
8146,28151,0.011111111111111112,400,1.3226855728138784,2.843714219867464
8147,28152,0.011111111111111112,400,1.3643150825404633,2.8001824061727443
8148,28153,0.011111111111111112,400,1.4385565763774324,2.775354643024051
8149,28154,0.011111111111111112,400,1.1277283047808984,2.943656618854088
8150,28155,0.011111111111111112,400,1.6488717424992694,2.6214508277290443
8151,28156,0.011111111111111112,400,2.215300393987259,2.142966691675725
8152,28157,0.011111111111111112,400,1.158458580766959,2.904610638690911
8153,28158,0.011111111111111112,400,1.4069636756309054,2.787523132271248
8154,28159,0.011111111111111112,400,1.205275900244494,2.901006176810729
8155,28160,0.011111111111111112,400,2.486001405783809,1.8844021549803371
8156,28161,0.011111111111111112,400,1.1371589153625106,2.9258193112714
8157,28162,0.011111111111111112,400,1.252510209061644,2.8776844561836947
8158,28163,0.011111111111111112,400,1.1229035520059578,2.9394666938238814
8159,28164,0.011111111111111112,400,1.176452402327779,2.9278195300673033
8160,28165,0.011111111111111112,400,1.7727640566384515,2.60349906745295
8161,28166,0.011111111111111112,400,1.2682909703227063,2.8591262316324344
8162,28167,0.011111111111111112,400,1.215560530962703,2.916103411946311
8163,28168,0.011111111111111112,400,1.760678912632283,2.585892129513925
8164,28169,0.011111111111111112,400,1.5176627499176374,2.74109348839609
8165,28170,0.011111111111111112,400,1.4487868969871716,2.779691235992629
8166,28171,0.011111111111111112,400,2.2493703004373877,2.0678825198302393
8167,28172,0.011111111111111112,400,1.588774953586925,2.733423393919783
8168,28173,0.011111111111111112,400,1.2417724991196668,2.8412240411590557
8169,28174,0.011111111111111112,400,1.605732687141975,2.6668569609681816
8170,28175,0.011111111111111112,400,2.033563986556522,2.395103767315022
8171,28176,0.011111111111111112,400,1.7831223481948886,2.62215679901928
8172,28177,0.011111111111111112,400,1.2840346612818878,2.8558903977254997
8173,28178,0.011111111111111112,400,1.5282664930303347,2.735787448190227
8174,28179,0.011111111111111112,400,1.8408312202923085,2.473329049032286
8175,28180,0.011111111111111112,400,1.093971465857639,2.928372570535026
8176,28181,0.011111111111111112,400,1.1231446997308852,2.938588572475151
8177,28182,0.011111111111111112,400,1.6220038896674702,2.6610201458489695
8178,28183,0.011111111111111112,400,2.107258499069753,2.3091552048202657
8179,28184,0.011111111111111112,400,1.1025362779927106,2.9316040182234513
8180,28185,0.011111111111111112,400,1.0713804395773074,2.9459118933780095
8181,28186,0.011111111111111112,400,1.0768337371147352,2.963112149770113
8182,28187,0.011111111111111112,400,1.0588536620634765,2.9795303612229436
8183,28188,0.011111111111111112,400,1.7893239784062558,2.547249473100854
8184,28189,0.011111111111111112,400,1.2554459451230586,2.8883711186338576
8185,28190,0.011111111111111112,400,1.5126083000810036,2.751448825070408
8186,28191,0.011111111111111112,400,1.5629078526261861,2.706910294719395
8187,28192,0.011111111111111112,400,1.348000392964904,2.8112839014929887
8188,28193,0.011111111111111112,400,1.4620563926047283,2.7772833512552237
8189,28194,0.011111111111111112,400,1.3817934158713885,2.7991136458264756
8190,28195,0.011111111111111112,400,1.2958275537670465,2.8475145283821632
8191,28196,0.011111111111111112,400,1.424377805768878,2.788149373267192
8192,28197,0.011111111111111112,400,1.1259541327630738,2.928313504346046
8193,28198,0.011111111111111112,400,1.6077449965237363,2.6814159946135114
8194,28199,0.011111111111111112,400,1.4641914449723017,2.733260853372009
8195,28200,0.011111111111111112,600,1.493842287759197,2.7934298404848383
8196,28201,0.011111111111111112,600,1.5810698448366276,2.6884429572678874
8197,28202,0.011111111111111112,600,1.2413133321360452,2.8821426996972743
8198,28203,0.011111111111111112,600,1.3067748757172577,2.8578084292765533
8199,28204,0.011111111111111112,600,1.9289723175133713,2.5274448180757325
8200,28205,0.011111111111111112,600,1.1729554456922227,2.913146930877531
8201,28206,0.011111111111111112,600,1.1499473031507472,2.9384458558956323
8202,28207,0.011111111111111112,600,1.46268223652605,2.759569326714252
8203,28208,0.011111111111111112,600,1.3124237430360841,2.8530981833216167
8204,28209,0.011111111111111112,600,1.3570801762051117,2.8429083692165285
8205,28210,0.011111111111111112,600,2.0699533232010676,2.334609617954156
8206,28211,0.011111111111111112,600,1.7503526227377908,2.616795574084854
8207,28212,0.011111111111111112,600,2.191911576222045,2.313826642373023
8208,28213,0.011111111111111112,600,1.0418963473151002,2.946641943802026
8209,28214,0.011111111111111112,600,2.3180471279528825,2.1088747009149467
8210,28215,0.011111111111111112,600,1.2492733405262104,2.857382526370766
8211,28216,0.011111111111111112,600,1.4601664985775513,2.776014471481157
8212,28217,0.011111111111111112,600,1.4072387137261126,2.784524040086932
8213,28218,0.011111111111111112,600,1.0664607562723745,2.9511891312336886
8214,28219,0.011111111111111112,600,1.529966838620705,2.71347818035748
8215,28220,0.011111111111111112,600,1.683086099261459,2.6037911001523097
8216,28221,0.011111111111111112,600,2.1895787493074765,2.223450575967025
8217,28222,0.011111111111111112,600,1.4563103371510366,2.734990972993688
8218,28223,0.011111111111111112,600,1.3661660916550908,2.806133326507527
8219,28224,0.011111111111111112,600,2.1950433695833382,2.150619172915119
8220,28225,0.011111111111111112,600,1.873460874731602,2.5029979011466237
8221,28226,0.011111111111111112,600,1.4676918463511694,2.7630222290177393
8222,28227,0.011111111111111112,600,1.0216569894575251,2.9952297921880993
8223,28228,0.011111111111111112,600,1.062879182125069,2.948508890946815
8224,28229,0.011111111111111112,600,1.1779883864411522,2.8871732020528236
8225,28230,0.011111111111111112,600,1.405465628535694,2.791905923426115
8226,28231,0.011111111111111112,600,1.1501427007662737,2.9153983088393267
8227,28232,0.011111111111111112,600,1.6962777310369765,2.620643749844736
8228,28233,0.011111111111111112,600,1.478599561558855,2.767482410891177
8229,28234,0.011111111111111112,600,1.6765965662955484,2.621610605563183
8230,28235,0.011111111111111112,600,1.8930350327930785,2.479449841292386
8231,28236,0.011111111111111112,600,1.1317391519684035,2.9260558514344903
8232,28237,0.011111111111111112,600,2.505674857250175,1.8333779323128134
8233,28238,0.011111111111111112,600,1.661150393322261,2.6186180864599695
8234,28239,0.011111111111111112,600,1.0891640082331913,2.9617468277178576
8235,28240,0.011111111111111112,600,1.1603079660539284,2.926093564788526
8236,28241,0.011111111111111112,600,1.4191814108772822,2.8114414068085813
8237,28242,0.011111111111111112,600,1.2959903906261894,2.8674232545509177
8238,28243,0.011111111111111112,600,1.26312771150335,2.870210390759717
8239,28244,0.011111111111111112,600,1.5780882088613908,2.7156093442031777
8240,28245,0.011111111111111112,600,1.6848200540318488,2.637087283426614
8241,28246,0.011111111111111112,600,1.005236376794715,2.9866008025699147
8242,28247,0.011111111111111112,600,2.046747568875626,2.3384976597641285
8243,28248,0.011111111111111112,600,1.0972859534782942,2.9548390087356884
8244,28249,0.011111111111111112,600,1.2596827635196592,2.8964437634693083
8245,28250,0.011111111111111112,600,1.3069028951162456,2.8676061452011212
8246,28251,0.011111111111111112,600,1.8752873247638973,2.5198647009557886
8247,28252,0.011111111111111112,600,1.3192111215018916,2.825980976063669
8248,28253,0.011111111111111112,600,1.057799985101561,2.958932984244665
8249,28254,0.011111111111111112,600,1.0507117589015762,2.9607217793551643
8250,28255,0.011111111111111112,600,1.3435931072251095,2.8593551462617564
8251,28256,0.011111111111111112,600,1.6807080252879154,2.598917596854054
8252,28257,0.011111111111111112,600,1.768950752174129,2.574800658128045
8253,28258,0.011111111111111112,600,1.9972627956345754,2.404828888464716
8254,28259,0.011111111111111112,600,1.433089125895368,2.793125189237208
8255,28260,0.011111111111111112,600,1.6569585487826681,2.6092304406822295
8256,28261,0.011111111111111112,600,1.443621878784973,2.7935849631785765
8257,28262,0.011111111111111112,600,1.7304932040847625,2.585042344650144
8258,28263,0.011111111111111112,600,1.2336118973569672,2.889074300648447
8259,28264,0.011111111111111112,600,1.5575389892509928,2.699261432266442
8260,28265,0.011111111111111112,600,1.2190676497382145,2.896675310022516
8261,28266,0.011111111111111112,600,1.265924629889571,2.878812943625901
8262,28267,0.011111111111111112,600,1.2671237818095995,2.8910899312326985
8263,28268,0.011111111111111112,600,1.3293268000505538,2.833451583277794
8264,28269,0.011111111111111112,600,1.369929463105111,2.8010558038798945
8265,28270,0.011111111111111112,600,1.4876879996096646,2.762604188493806
8266,28271,0.011111111111111112,600,1.0287490316740648,2.9734419163266637
8267,28272,0.011111111111111112,600,1.1158878216089902,2.938621166621948
8268,28273,0.011111111111111112,600,1.1122040673473266,2.947251336665786
8269,28274,0.011111111111111112,600,1.8723292753932328,2.4102357574599838
8270,28275,0.011111111111111112,600,1.0368447881683343,2.9726998856815916
8271,28276,0.011111111111111112,600,1.667558057786557,2.6345042283898827
8272,28277,0.011111111111111112,600,1.6604430069430833,2.642771071632672
8273,28278,0.011111111111111112,600,1.065787046724189,2.9831102406237866
8274,28279,0.011111111111111112,600,1.443019151820209,2.7483632035435095
8275,28280,0.011111111111111112,600,1.0347750382604102,2.985749549597532
8276,28281,0.011111111111111112,600,1.2582965669579311,2.899481843637029
8277,28282,0.011111111111111112,600,1.2826526132869673,2.8930528161220517
8278,28283,0.011111111111111112,600,2.2670333096257487,2.16852658006051
8279,28284,0.011111111111111112,600,1.3316308335349814,2.819356968551502
8280,28285,0.011111111111111112,600,1.2788694326317531,2.8799623043163853
8281,28286,0.011111111111111112,600,1.0947406400319166,2.9543215197604282
8282,28287,0.011111111111111112,600,1.9582110978463567,2.446093030714677
8283,28288,0.011111111111111112,600,1.0245062555311457,2.985404836531543
8284,28289,0.011111111111111112,600,1.055605855966617,2.964329381765106
8285,28290,0.011111111111111112,600,1.9654237698839119,2.454658368107264
8286,28291,0.011111111111111112,600,1.7092060523787886,2.636294792700825
8287,28292,0.011111111111111112,600,1.4942991113112203,2.7614289162909516
8288,28293,0.011111111111111112,600,1.557946983746411,2.74561309433025
8289,28294,0.011111111111111112,600,1.9518153290812639,2.421446520983145
8290,28295,0.011111111111111112,600,1.3613435788579882,2.822070502630889
8291,28296,0.011111111111111112,600,1.0309365550396652,2.985438610040962
8292,28297,0.011111111111111112,600,1.2629979025118305,2.861663445648158
8293,28298,0.011111111111111112,600,1.2258603945390787,2.901737608245129
8294,28299,0.011111111111111112,600,1.6717460708729281,2.646433558474509
8295,28300,0.011111111111111112,800,1.6168272958880041,2.7196029150005536
8296,28301,0.011111111111111112,800,2.1589314233361026,2.2171072075486937
8297,28302,0.011111111111111112,800,1.5020960551432514,2.7399355166202044
8298,28303,0.011111111111111112,800,1.246088323017584,2.8765639197909367
8299,28304,0.011111111111111112,800,1.0206377068413293,2.974746546176543
8300,28305,0.011111111111111112,800,1.30031088694111,2.8355936431302777
8301,28306,0.011111111111111112,800,1.208854387773306,2.8880307467665167
8302,28307,0.011111111111111112,800,1.3808271685989604,2.845563415850068
8303,28308,0.011111111111111112,800,1.3704136606125048,2.8301683083640716
8304,28309,0.011111111111111112,800,1.525774815426505,2.728319119008694
8305,28310,0.011111111111111112,800,1.1276151680200257,2.942539261005746
8306,28311,0.011111111111111112,800,1.5984933473747578,2.6899459836876796
8307,28312,0.011111111111111112,800,1.5159027770511506,2.732877304798348
8308,28313,0.011111111111111112,800,1.8278699782690797,2.5368842564642184
8309,28314,0.011111111111111112,800,1.0963573757248744,2.9469600615637503
8310,28315,0.011111111111111112,800,1.926408787646589,2.4100244484710878
8311,28316,0.011111111111111112,800,1.1619320984237818,2.938338282356893
8312,28317,0.011111111111111112,800,1.553834091995386,2.69639725195703
8313,28318,0.011111111111111112,800,1.2541737199031453,2.8763775073114255
8314,28319,0.011111111111111112,800,1.2355258353316525,2.876111774832119
8315,28320,0.011111111111111112,800,1.5163931525245298,2.7365845057855966
8316,28321,0.011111111111111112,800,1.597521327493824,2.7016483168991323
8317,28322,0.011111111111111112,800,1.5595620008985014,2.692717313208798
8318,28323,0.011111111111111112,800,2.3053321859483216,2.098388973382329
8319,28324,0.011111111111111112,800,1.5448729047159344,2.7388203127479387
8320,28325,0.011111111111111112,800,1.3914709131148846,2.7998681897848754
8321,28326,0.011111111111111112,800,1.6016689425310413,2.6679224444369174
8322,28327,0.011111111111111112,800,1.946502914782118,2.420894776172707
8323,28328,0.011111111111111112,800,1.3854166983946965,2.8023832687646535
8324,28329,0.011111111111111112,800,1.5161979163303063,2.793861995401012
8325,28330,0.011111111111111112,800,1.4331234175821297,2.786645513965241
8326,28331,0.011111111111111112,800,1.2141230239035852,2.899634762732851
8327,28332,0.011111111111111112,800,1.9541554374062453,2.504516894263757
8328,28333,0.011111111111111112,800,1.5582450160756258,2.696500848474589
8329,28334,0.011111111111111112,800,1.73024746232718,2.58655585154282
8330,28335,0.011111111111111112,800,1.488903661396586,2.7932522672176865
8331,28336,0.011111111111111112,800,1.173338488506095,2.909390482809711
8332,28337,0.011111111111111112,800,1.9212851243941529,2.4274791642729268
8333,28338,0.011111111111111112,800,1.679768271188281,2.5891978777351405
8334,28339,0.011111111111111112,800,1.1197554860394638,2.9240300493589686
8335,28340,0.011111111111111112,800,1.203387537263834,2.9101909693298733
8336,28341,0.011111111111111112,800,1.568464312451722,2.725327700138123
8337,28342,0.011111111111111112,800,2.119159336588137,2.3338760848615125
8338,28343,0.011111111111111112,800,2.393469009200232,1.9062209847502456
8339,28344,0.011111111111111112,800,1.9635931467073657,2.4527170600149595
8340,28345,0.011111111111111112,800,1.6286329077680883,2.698234003019186
8341,28346,0.011111111111111112,800,1.0498553274930094,2.965883280664988
8342,28347,0.011111111111111112,800,2.181701418801486,2.2665080534698454
8343,28348,0.011111111111111112,800,1.7508817359518314,2.6446158147159045
8344,28349,0.011111111111111112,800,1.495099845538229,2.763019953241854
8345,28350,0.011111111111111112,800,2.054498867514704,2.315353174034917
8346,28351,0.011111111111111112,800,1.3071657253292228,2.854528075263256
8347,28352,0.011111111111111112,800,2.0121495053575575,2.383141479864207
8348,28353,0.011111111111111112,800,1.189880426042106,2.8782539703580414
8349,28354,0.011111111111111112,800,1.2534061326896269,2.896703192373376
8350,28355,0.011111111111111112,800,1.5797256542900224,2.706577005736756
8351,28356,0.011111111111111112,800,1.596868137052379,2.6884448324023595
8352,28357,0.011111111111111112,800,2.51048988657596,1.824519446731775
8353,28358,0.011111111111111112,800,2.1121651280568954,2.3694199033079233
8354,28359,0.011111111111111112,800,1.7096173367152239,2.596045546529207
8355,28360,0.011111111111111112,800,1.0481158479174166,2.961971822975916
8356,28361,0.011111111111111112,800,2.0178436486838973,2.370028049070777
8357,28362,0.011111111111111112,800,2.4310774511096787,1.9536852836627303
8358,28363,0.011111111111111112,800,1.3193090944471701,2.832438781279136
8359,28364,0.011111111111111112,800,1.4916845922177706,2.7138451982131935
8360,28365,0.011111111111111112,800,1.9180334348273351,2.4654249317557277
8361,28366,0.011111111111111112,800,1.0972991932712401,2.9525555255885694
8362,28367,0.011111111111111112,800,1.2429022101924625,2.8719367537622693
8363,28368,0.011111111111111112,800,1.8496654507261332,2.425038165294698
8364,28369,0.011111111111111112,800,2.863212401028508,1.2740883473527371
8365,28370,0.011111111111111112,800,1.517722154371092,2.7654551740560396
8366,28371,0.011111111111111112,800,1.1748701009784925,2.9080384945962985
8367,28372,0.011111111111111112,800,1.3254951818422045,2.8440227715247617
8368,28373,0.011111111111111112,800,1.197729408868517,2.8913604359003133
8369,28374,0.011111111111111112,800,1.8153223782571835,2.527324165787335
8370,28375,0.011111111111111112,800,1.5555485461523342,2.714100034513712
8371,28376,0.011111111111111112,800,1.102990630122867,2.9401190846629603
8372,28377,0.011111111111111112,800,1.1680863499326612,2.9264558467741795
8373,28378,0.011111111111111112,800,1.1248952761483946,2.9384423948424825
8374,28379,0.011111111111111112,800,1.9741056885177646,2.3297535080801404
8375,28380,0.011111111111111112,800,1.4466335223673101,2.762090421196885
8376,28381,0.011111111111111112,800,1.9822737878485177,2.387824777983993
8377,28382,0.011111111111111112,800,1.5332611731064032,2.7201813143602007
8378,28383,0.011111111111111112,800,1.562911782976318,2.668709221057851
8379,28384,0.011111111111111112,800,1.185066591139826,2.897636675404223
8380,28385,0.011111111111111112,800,1.9623715771495278,2.4924408883111804
8381,28386,0.011111111111111112,800,1.575429412054023,2.6788521887324723
8382,28387,0.011111111111111112,800,1.4972279208127433,2.773696923844274
8383,28388,0.011111111111111112,800,1.7487103392319987,2.6154415868833167
8384,28389,0.011111111111111112,800,2.011663274762762,2.3088739927028743
8385,28390,0.011111111111111112,800,1.1284987443480312,2.931341663242418
8386,28391,0.011111111111111112,800,1.516136282610225,2.7529832109515917
8387,28392,0.011111111111111112,800,1.506664749754749,2.7685543351495694
8388,28393,0.011111111111111112,800,2.0692840676799524,2.27977230958657
8389,28394,0.011111111111111112,800,1.9106592290444226,2.4429523016964505
8390,28395,0.011111111111111112,800,1.7598765833749261,2.5578313392264636
8391,28396,0.011111111111111112,800,1.356032875045856,2.806194422078727
8392,28397,0.011111111111111112,800,1.5641760619554752,2.7229568300147697
8393,28398,0.011111111111111112,800,1.082361710926536,2.9418087349220676
8394,28399,0.011111111111111112,800,1.3881919099055737,2.7939088753092363
8395,28400,0.011111111111111112,1000,1.2492621388258514,2.8800932689809615
8396,28401,0.011111111111111112,1000,1.954467066967543,2.4437743230744022
8397,28402,0.011111111111111112,1000,1.2630761138101265,2.877113404998969
8398,28403,0.011111111111111112,1000,1.769321066795214,2.57365866344617
8399,28404,0.011111111111111112,1000,1.5845102714110895,2.6834276030062374
8400,28405,0.011111111111111112,1000,1.2781817651856477,2.8385555082331306
8401,28406,0.011111111111111112,1000,1.1128181465036195,2.953619367305182
8402,28407,0.011111111111111112,1000,2.6458528502888004,1.7977910716788899
8403,28408,0.011111111111111112,1000,1.8154158600958819,2.504687739464867
8404,28409,0.011111111111111112,1000,2.3509043745295277,2.045153819768381
8405,28410,0.011111111111111112,1000,1.085658850283607,2.944193975810375
8406,28411,0.011111111111111112,1000,1.4560064963220125,2.7963743910503065
8407,28412,0.011111111111111112,1000,1.411534324753211,2.813649973396931
8408,28413,0.011111111111111112,1000,1.6173762617648983,2.646493848234152
8409,28414,0.011111111111111112,1000,1.2207266510340802,2.9074385146435295
8410,28415,0.011111111111111112,1000,2.330119991509439,2.03216127746769
8411,28416,0.011111111111111112,1000,1.6414092585372095,2.635693194028083
8412,28417,0.011111111111111112,1000,1.4668333955118338,2.768018161346654
8413,28418,0.011111111111111112,1000,1.4967232308837737,2.759749270422248
8414,28419,0.011111111111111112,1000,1.4661550714960911,2.7713434449072674
8415,28420,0.011111111111111112,1000,1.0091128259240436,2.9911105668940685
8416,28421,0.011111111111111112,1000,2.030173482014306,2.373739846630323
8417,28422,0.011111111111111112,1000,1.2685088185681759,2.8580515643270665
8418,28423,0.011111111111111112,1000,2.0007378119299926,2.4195251840111305
8419,28424,0.011111111111111112,1000,1.202004103850809,2.8975103828716318
8420,28425,0.011111111111111112,1000,1.691752039563735,2.579486449879353
8421,28426,0.011111111111111112,1000,1.60455669406065,2.671386181721369
8422,28427,0.011111111111111112,1000,1.0349588036806352,2.9817391642963593
8423,28428,0.011111111111111112,1000,1.6123967294699786,2.6865914772318202
8424,28429,0.011111111111111112,1000,1.1201503253028526,2.938875969261032
8425,28430,0.011111111111111112,1000,1.703205692548589,2.6245590868111135
8426,28431,0.011111111111111112,1000,1.1173991459514723,2.954104178145248
8427,28432,0.011111111111111112,1000,2.4999542899037235,1.8821496583432356
8428,28433,0.011111111111111112,1000,1.4689515206318418,2.7415578412611943
8429,28434,0.011111111111111112,1000,1.356894771538865,2.8338825791894604
8430,28435,0.011111111111111112,1000,1.690412200798199,2.609896613768388
8431,28436,0.011111111111111112,1000,1.4672544019705955,2.766648217627613
8432,28437,0.011111111111111112,1000,1.1453577196659255,2.927921529501807
8433,28438,0.011111111111111112,1000,1.2824210541743912,2.8359048614142566
8434,28439,0.011111111111111112,1000,1.4231494445532236,2.8005647958608804
8435,28440,0.011111111111111112,1000,1.7813944092863334,2.54983208981089
8436,28441,0.011111111111111112,1000,1.618607719926154,2.6981892596289585
8437,28442,0.011111111111111112,1000,1.380706605263898,2.77410507967153
8438,28443,0.011111111111111112,1000,1.5274015828037366,2.6951536649732057
8439,28444,0.011111111111111112,1000,2.1597834352919847,2.1903553451752584
8440,28445,0.011111111111111112,1000,1.2761538647244097,2.8764706428241014
8441,28446,0.011111111111111112,1000,1.3956226732473627,2.819279052777776
8442,28447,0.011111111111111112,1000,1.3370945687357498,2.8176866617500815
8443,28448,0.011111111111111112,1000,1.5059879473269584,2.7656194514623254
8444,28449,0.011111111111111112,1000,1.2347666043001715,2.8746230873727043
8445,28450,0.011111111111111112,1000,1.1305454426872203,2.9319357980561325
8446,28451,0.011111111111111112,1000,1.1389368643568027,2.945616569101094
8447,28452,0.011111111111111112,1000,1.1622780530598529,2.9189676416272317
8448,28453,0.011111111111111112,1000,1.298528600037899,2.8647026443758064
8449,28454,0.011111111111111112,1000,2.1906605605995586,2.2628766887928533
8450,28455,0.011111111111111112,1000,2.1126189381917864,2.301473787782707
8451,28456,0.011111111111111112,1000,2.056238075288473,2.2631647943202866
8452,28457,0.011111111111111112,1000,2.3547222664412937,2.057579866270735
8453,28458,0.011111111111111112,1000,1.2228377234047896,2.8998202735025265
8454,28459,0.011111111111111112,1000,1.2478327238172784,2.8633714866322264
8455,28460,0.011111111111111112,1000,2.389860492251569,2.0547266633473824
8456,28461,0.011111111111111112,1000,1.7878970010708044,2.5492899638876896
8457,28462,0.011111111111111112,1000,2.1257917753632514,2.259413787883998
8458,28463,0.011111111111111112,1000,1.7488173340823032,2.6059582119737095
8459,28464,0.011111111111111112,1000,1.8626568685400127,2.4121728495002057
8460,28465,0.011111111111111112,1000,2.298148944508756,2.040420213916191
8461,28466,0.011111111111111112,1000,1.454645712448862,2.7961266465240913
8462,28467,0.011111111111111112,1000,1.319015744443635,2.859410151903101
8463,28468,0.011111111111111112,1000,1.2058218962145477,2.9050215842638663
8464,28469,0.011111111111111112,1000,1.9581464365367214,2.436343040904476
8465,28470,0.011111111111111112,1000,1.8479311329243597,2.5384650914375126
8466,28471,0.011111111111111112,1000,1.8217464522212918,2.581800991608764
8467,28472,0.011111111111111112,1000,1.8112702663258637,2.567969574923313
8468,28473,0.011111111111111112,1000,1.7308861777375586,2.6240518054550583
8469,28474,0.011111111111111112,1000,1.9175836362263285,2.480072098364423
8470,28475,0.011111111111111112,1000,1.0497003751030443,2.955779792609338
8471,28476,0.011111111111111112,1000,1.3865401831650586,2.8223828138962004
8472,28477,0.011111111111111112,1000,1.3468232642967999,2.8385525367963167
8473,28478,0.011111111111111112,1000,1.665633502173193,2.647114366274042
8474,28479,0.011111111111111112,1000,2.096023345508022,2.3541942392696256
8475,28480,0.011111111111111112,1000,1.138960997626477,2.9180025282735906
8476,28481,0.011111111111111112,1000,2.4608051884580475,1.99594531461281
8477,28482,0.011111111111111112,1000,2.036116427183767,2.314584932883983
8478,28483,0.011111111111111112,1000,2.257369294582177,2.2041707367324146
8479,28484,0.011111111111111112,1000,1.1123921367198055,2.9422958874158502
8480,28485,0.011111111111111112,1000,1.34050822689523,2.8331037087960067
8481,28486,0.011111111111111112,1000,1.4808099164209485,2.7411268025548656
8482,28487,0.011111111111111112,1000,1.848193060103648,2.5615416911907287
8483,28488,0.011111111111111112,1000,1.8267750449761846,2.4712953337597297
8484,28489,0.011111111111111112,1000,1.139927112352849,2.93230387322646
8485,28490,0.011111111111111112,1000,2.2212547195321823,2.1105823098437257
8486,28491,0.011111111111111112,1000,1.6268907094495304,2.681921121790329
8487,28492,0.011111111111111112,1000,1.1915061437870655,2.8986479057134704
8488,28493,0.011111111111111112,1000,1.2984637144386446,2.8513603965017955
8489,28494,0.011111111111111112,1000,1.3839008550677505,2.796317354057405
8490,28495,0.011111111111111112,1000,1.7833575545800024,2.5923387207646837
8491,28496,0.011111111111111112,1000,2.3033605926316834,2.082284201909801
8492,28497,0.011111111111111112,1000,1.5401396354945365,2.7398614797763825
8493,28498,0.011111111111111112,1000,1.042834296485629,2.9568612844062896
8494,28499,0.011111111111111112,1000,1.1629429516199818,2.9050880978008107
8495,28500,0.011111111111111112,1200,2.018765996551235,2.364521734700206
8496,28501,0.011111111111111112,1200,1.8266099876834212,2.5256422357930846
8497,28502,0.011111111111111112,1200,2.0283769074484117,2.3559327483091916
8498,28503,0.011111111111111112,1200,1.1305032183909973,2.934426747588947
8499,28504,0.011111111111111112,1200,2.2284873320232337,2.164932619843685
8500,28505,0.011111111111111112,1200,1.2677674075245675,2.8539112914695455
8501,28506,0.011111111111111112,1200,1.3791269297486193,2.8052295788675656
8502,28507,0.011111111111111112,1200,1.3099287508792545,2.859367363712316
8503,28508,0.011111111111111112,1200,1.1415954108572302,2.900623476287367
8504,28509,0.011111111111111112,1200,1.9919187196868713,2.3610587547274102
8505,28510,0.011111111111111112,1200,1.0666634470025518,2.969466364193832
8506,28511,0.011111111111111112,1200,1.37253363421756,2.8219678130910184
8507,28512,0.011111111111111112,1200,1.2121952735371682,2.907441548045423
8508,28513,0.011111111111111112,1200,2.2863596489452367,2.1351180552357825
8509,28514,0.011111111111111112,1200,1.0430210876859187,2.966619323569599
8510,28515,0.011111111111111112,1200,1.4154042105337084,2.814349429812084
8511,28516,0.011111111111111112,1200,1.8283717744974322,2.5400855074855078
8512,28517,0.011111111111111112,1200,1.0820053710907849,2.940504418007854
8513,28518,0.011111111111111112,1200,1.6046412843832982,2.7026252693986073
8514,28519,0.011111111111111112,1200,1.7260148360048775,2.6134614328196117
8515,28520,0.011111111111111112,1200,1.5819750228638108,2.6965160230807976
8516,28521,0.011111111111111112,1200,1.4893810046504399,2.75211228828667
8517,28522,0.011111111111111112,1200,1.4448900202286192,2.774203811295865
8518,28523,0.011111111111111112,1200,1.201684507634916,2.909978755913632
8519,28524,0.011111111111111112,1200,1.029479071542568,2.962326454212812
8520,28525,0.011111111111111112,1200,1.738259350997907,2.676625154232174
8521,28526,0.011111111111111112,1200,1.6476224996789277,2.6366694256863252
8522,28527,0.011111111111111112,1200,1.4550846440985055,2.7573218735843676
8523,28528,0.011111111111111112,1200,1.1276742600609904,2.932102662264808
8524,28529,0.011111111111111112,1200,1.2254731358380346,2.88844272736045
8525,28530,0.011111111111111112,1200,2.1793202750196974,2.2118931253377667
8526,28531,0.011111111111111112,1200,2.3690135021906595,1.9579788895322223
8527,28532,0.011111111111111112,1200,2.32468652997677,2.1337444287794423
8528,28533,0.011111111111111112,1200,1.0232086451861488,2.9698144663844035
8529,28534,0.011111111111111112,1200,2.1002471060055674,2.314731662621144
8530,28535,0.011111111111111112,1200,1.2566805560185728,2.892819278846342
8531,28536,0.011111111111111112,1200,1.8694793153247624,2.5304868774758065
8532,28537,0.011111111111111112,1200,1.0794926127878597,2.968123069022746
8533,28538,0.011111111111111112,1200,2.3870552439222994,1.94729644452079
8534,28539,0.011111111111111112,1200,1.7095688130478313,2.597015888355471
8535,28540,0.011111111111111112,1200,1.0607877164543726,2.967149266334544
8536,28541,0.011111111111111112,1200,1.367189245436032,2.838044658190109
8537,28542,0.011111111111111112,1200,1.1213824550281533,2.9319779882720094
8538,28543,0.011111111111111112,1200,1.8299773694944215,2.517915729166109
8539,28544,0.011111111111111112,1200,1.8969205302319225,2.501827073119423
8540,28545,0.011111111111111112,1200,1.5116738925989979,2.763372368430571
8541,28546,0.011111111111111112,1200,2.0678111286229486,2.380872438156593
8542,28547,0.011111111111111112,1200,1.9043750978204592,2.457414597600653
8543,28548,0.011111111111111112,1200,1.637794107572431,2.6849002937006317
8544,28549,0.011111111111111112,1200,1.8255175476444152,2.5601962311852002
8545,28550,0.011111111111111112,1200,1.4762191659039687,2.7582290331667143
8546,28551,0.011111111111111112,1200,1.2747773474208652,2.857835960964511
8547,28552,0.011111111111111112,1200,2.0320981212357405,2.3841708471860885
8548,28553,0.011111111111111112,1200,1.0833661653952766,2.956684281601509
8549,28554,0.011111111111111112,1200,1.7001631665407964,2.641259661139775
8550,28555,0.011111111111111112,1200,1.5188628549369318,2.746626156218741
8551,28556,0.011111111111111112,1200,1.8514326878182215,2.5344125065403236
8552,28557,0.011111111111111112,1200,1.7835392351249848,2.5824486859507205
8553,28558,0.011111111111111112,1200,1.565472905228666,2.708543382163325
8554,28559,0.011111111111111112,1200,1.569150017848094,2.687282017897027
8555,28560,0.011111111111111112,1200,1.8493938340601368,2.5098714777291162
8556,28561,0.011111111111111112,1200,2.025779519810272,2.3334023377320006
8557,28562,0.011111111111111112,1200,2.043384623034091,2.382838061670759
8558,28563,0.011111111111111112,1200,1.64557846029472,2.672881128423967
8559,28564,0.011111111111111112,1200,1.444823665960282,2.758107055862649
8560,28565,0.011111111111111112,1200,2.1040754113574485,2.2777928717143516
8561,28566,0.011111111111111112,1200,1.061463506933562,2.9705591280797554
8562,28567,0.011111111111111112,1200,1.0866401190542412,2.9591868545504716
8563,28568,0.011111111111111112,1200,1.397124818707837,2.8038646158496925
8564,28569,0.011111111111111112,1200,1.9929317996415155,2.2919032270794633
8565,28570,0.011111111111111112,1200,2.060819902346774,2.344250061243205
8566,28571,0.011111111111111112,1200,1.680125683200492,2.6568016520608952
8567,28572,0.011111111111111112,1200,1.8359662119475382,2.5047836299336095
8568,28573,0.011111111111111112,1200,1.0836512245494918,2.9326549427139055
8569,28574,0.011111111111111112,1200,1.6919657465800513,2.6090542350808663
8570,28575,0.011111111111111112,1200,1.205326930187616,2.9352001794976044
8571,28576,0.011111111111111112,1200,1.690471041093397,2.631702693606437
8572,28577,0.011111111111111112,1200,1.1920214326721876,2.9135606147300006
8573,28578,0.011111111111111112,1200,1.2970748264194394,2.8704324047939775
8574,28579,0.011111111111111112,1200,1.6211680971903468,2.6785160403438586
8575,28580,0.011111111111111112,1200,1.0490996162576913,2.977001958497059
8576,28581,0.011111111111111112,1200,1.8720471751861254,2.5411466652289256
8577,28582,0.011111111111111112,1200,1.0626777823769418,2.945865672902861
8578,28583,0.011111111111111112,1200,1.901448222708692,2.4445076157081718
8579,28584,0.011111111111111112,1200,1.117250528589353,2.944174265930663
8580,28585,0.011111111111111112,1200,2.1822501929882105,2.1942308387187746
8581,28586,0.011111111111111112,1200,1.840920007948953,2.5428509555585244
8582,28587,0.011111111111111112,1200,1.217424468376578,2.8969524528884625
8583,28588,0.011111111111111112,1200,1.3815163848143825,2.7872604569336046
8584,28589,0.011111111111111112,1200,1.491169961762718,2.7353574444406603
8585,28590,0.011111111111111112,1200,1.1457190141867717,2.9297605232100232
8586,28591,0.011111111111111112,1200,1.6444409478535125,2.6678505260711605
8587,28592,0.011111111111111112,1200,1.3957452131591057,2.7856981317725715
8588,28593,0.011111111111111112,1200,1.721939373533024,2.588708882601884
8589,28594,0.011111111111111112,1200,2.028171875193239,2.356710424050533
8590,28595,0.011111111111111112,1200,1.0380046585847087,2.971008980095813
8591,28596,0.011111111111111112,1200,1.4273534696860661,2.8052974131675947
8592,28597,0.011111111111111112,1200,2.039340067964226,2.3857368969158363
8593,28598,0.011111111111111112,1200,1.6349922871472278,2.664007275735203
8594,28599,0.011111111111111112,1200,1.5335162826244266,2.709610627614027
8595,28600,0.011111111111111112,1400,2.168281767620949,2.2456526324517396
8596,28601,0.011111111111111112,1400,1.2277279911464496,2.9165398973362606
8597,28602,0.011111111111111112,1400,1.4979552724903775,2.745956756079811
8598,28603,0.011111111111111112,1400,1.0342740013997909,2.977022015258634
8599,28604,0.011111111111111112,1400,1.4933166439443641,2.756868088445961
8600,28605,0.011111111111111112,1400,1.479092914729073,2.7571319575322506
8601,28606,0.011111111111111112,1400,1.1635998954506008,2.9189311215278693
8602,28607,0.011111111111111112,1400,1.6034072134853876,2.683260479288897
8603,28608,0.011111111111111112,1400,1.270300658343119,2.9007012989582712
8604,28609,0.011111111111111112,1400,1.7271601758214843,2.5990128199619607
8605,28610,0.011111111111111112,1400,2.124849203337903,2.3062942677504177
8606,28611,0.011111111111111112,1400,1.27963674499932,2.8554825601514806
8607,28612,0.011111111111111112,1400,2.175633610938843,2.219592683808108
8608,28613,0.011111111111111112,1400,1.3997056382717181,2.8079446543361817
8609,28614,0.011111111111111112,1400,1.864206095027113,2.5282790697381303
8610,28615,0.011111111111111112,1400,1.9301850647393703,2.496125694270904
8611,28616,0.011111111111111112,1400,1.074028525330639,2.9795674862205312
8612,28617,0.011111111111111112,1400,2.132884956825005,2.3510333442724294
8613,28618,0.011111111111111112,1400,1.2506345326311357,2.8866686696340493
8614,28619,0.011111111111111112,1400,1.4004665889282912,2.792530851608915
8615,28620,0.011111111111111112,1400,1.4166326044706867,2.797414783802328
8616,28621,0.011111111111111112,1400,1.1717993840471346,2.907625539873453
8617,28622,0.011111111111111112,1400,1.6496256472048807,2.6718586555661186
8618,28623,0.011111111111111112,1400,2.0092828904458226,2.4112340269093364
8619,28624,0.011111111111111112,1400,2.1341868676569655,2.2652774818619186
8620,28625,0.011111111111111112,1400,2.0271411287383723,2.3976047864977463
8621,28626,0.011111111111111112,1400,1.1733632407261976,2.905448474131577
8622,28627,0.011111111111111112,1400,1.662043369942836,2.6683980211908143
8623,28628,0.011111111111111112,1400,1.1692339454621528,2.878997537343058
8624,28629,0.011111111111111112,1400,1.3154130891790228,2.8542314559335753
8625,28630,0.011111111111111112,1400,1.8924944881715167,2.478385525168899
8626,28631,0.011111111111111112,1400,2.1385821090386328,2.2206440386502537
8627,28632,0.011111111111111112,1400,2.385161553058496,2.046766024328893
8628,28633,0.011111111111111112,1400,1.282410726798727,2.875038157823483
8629,28634,0.011111111111111112,1400,1.7711508081456198,2.5733359173538473
8630,28635,0.011111111111111112,1400,1.4652248460894732,2.7555504007321567
8631,28636,0.011111111111111112,1400,1.5252699690848102,2.7492841421504775
8632,28637,0.011111111111111112,1400,1.8269178465511267,2.53679472831114
8633,28638,0.011111111111111112,1400,1.3439183405541426,2.8756493078729
8634,28639,0.011111111111111112,1400,1.2853861929774857,2.8659680571861617
8635,28640,0.011111111111111112,1400,1.1338889215041439,2.933301633912532
8636,28641,0.011111111111111112,1400,1.866715339201182,2.518172766990995
8637,28642,0.011111111111111112,1400,1.832488656298795,2.534079132650476
8638,28643,0.011111111111111112,1400,1.0634447218237975,2.961886271220579
8639,28644,0.011111111111111112,1400,2.542782665236126,1.8865852184174254
8640,28645,0.011111111111111112,1400,1.0939470103079578,2.9412934463289244
8641,28646,0.011111111111111112,1400,1.3580554113019947,2.803587877430678
8642,28647,0.011111111111111112,1400,1.8535321600926686,2.5013501868582146
8643,28648,0.011111111111111112,1400,1.5667052944332394,2.6828820329246454
8644,28649,0.011111111111111112,1400,2.467113327468417,1.9742999157433787
8645,28650,0.011111111111111112,1400,1.691025055696965,2.6143557622753866
8646,28651,0.011111111111111112,1400,1.7669528119722338,2.6128483973929164
8647,28652,0.011111111111111112,1400,2.173266160600815,2.2580217791926773
8648,28653,0.011111111111111112,1400,2.507129162453862,1.8232967385699541
8649,28654,0.011111111111111112,1400,1.6487364167705933,2.672326080686628
8650,28655,0.011111111111111112,1400,2.158115484562329,2.190860668199372
8651,28656,0.011111111111111112,1400,1.612811730897608,2.689556217304157
8652,28657,0.011111111111111112,1400,2.347622847701453,2.031214067590192
8653,28658,0.011111111111111112,1400,1.3763858400392521,2.8605770323466233
8654,28659,0.011111111111111112,1400,1.6733273322063116,2.673667104614296
8655,28660,0.011111111111111112,1400,1.1149439535357746,2.935536387565441
8656,28661,0.011111111111111112,1400,1.3700706386827264,2.802818105871199
8657,28662,0.011111111111111112,1400,2.089279683359758,2.3264351813600235
8658,28663,0.011111111111111112,1400,1.0769181384781787,2.9529228178488074
8659,28664,0.011111111111111112,1400,1.3902832718472378,2.7996601379879285
8660,28665,0.011111111111111112,1400,2.0869222618194643,2.31843821344048
8661,28666,0.011111111111111112,1400,1.6676186708544836,2.5967973533443653
8662,28667,0.011111111111111112,1400,1.7360129557319006,2.507333965342416
8663,28668,0.011111111111111112,1400,1.9234931714417645,2.4386850324120504
8664,28669,0.011111111111111112,1400,2.018438925513653,2.3743729284674027
8665,28670,0.011111111111111112,1400,1.1240465400332302,2.938748094187279
8666,28671,0.011111111111111112,1400,1.2288725732203467,2.8814580147728943
8667,28672,0.011111111111111112,1400,2.4227176158958845,1.8169950444243284
8668,28673,0.011111111111111112,1400,1.63398020970024,2.6875700965401452
8669,28674,0.011111111111111112,1400,1.4852946410932903,2.7487483521244567
8670,28675,0.011111111111111112,1400,1.356562780849978,2.83524168328134
8671,28676,0.011111111111111112,1400,2.383424797428498,1.9179983284016475
8672,28677,0.011111111111111112,1400,2.0062002848727607,2.3571325045385128
8673,28678,0.011111111111111112,1400,1.2439108802795855,2.8757744401904763
8674,28679,0.011111111111111112,1400,1.6277806235961143,2.707007620270212
8675,28680,0.011111111111111112,1400,1.1388071987931705,2.9171619961496686
8676,28681,0.011111111111111112,1400,2.14723993280914,2.2676900769739254
8677,28682,0.011111111111111112,1400,1.0865907369433336,2.939294487256576
8678,28683,0.011111111111111112,1400,1.4256392200597596,2.790690807341523
8679,28684,0.011111111111111112,1400,1.5994393173070662,2.6764104057185674
8680,28685,0.011111111111111112,1400,2.069754918835577,2.321672957602821
8681,28686,0.011111111111111112,1400,1.1854230427892378,2.882779138318133
8682,28687,0.011111111111111112,1400,1.874510499810268,2.491603488996566
8683,28688,0.011111111111111112,1400,2.0234021731998806,2.3461713374148467
8684,28689,0.011111111111111112,1400,2.324124809658737,2.048646392138746
8685,28690,0.011111111111111112,1400,1.8575156685511505,2.5033700999401627
8686,28691,0.011111111111111112,1400,1.6479834159817848,2.681147969706881
8687,28692,0.011111111111111112,1400,1.181380935609503,2.895497835995207
8688,28693,0.011111111111111112,1400,1.5052982489986981,2.750455035711572
8689,28694,0.011111111111111112,1400,1.18850508579198,2.897280483390547
8690,28695,0.011111111111111112,1400,1.8700169808047697,2.4983491646294094
8691,28696,0.011111111111111112,1400,2.365211862487472,1.978824313120486
8692,28697,0.011111111111111112,1400,2.0979905118481055,2.2817955574573214
8693,28698,0.011111111111111112,1400,1.0716593382122557,2.934014080666306
8694,28699,0.011111111111111112,1400,1.3781072330232114,2.8252985568930002
8695,28700,0.011111111111111112,1600,1.8534518439229337,2.496351835105385
8696,28701,0.011111111111111112,1600,1.2939737246720373,2.8419879112060573
8697,28702,0.011111111111111112,1600,1.04377520733536,2.967961226341365
8698,28703,0.011111111111111112,1600,1.295377498929589,2.864933128099489
8699,28704,0.011111111111111112,1600,1.8996112011993536,2.496305301085581
8700,28705,0.011111111111111112,1600,1.725690169161386,2.631575840046977
8701,28706,0.011111111111111112,1600,1.1544168406742132,2.909854806226128
8702,28707,0.011111111111111112,1600,1.7312593870766602,2.6033132481355814
8703,28708,0.011111111111111112,1600,1.2295633098713146,2.878671933801314
8704,28709,0.011111111111111112,1600,2.014582495210088,2.3507539821367796
8705,28710,0.011111111111111112,1600,1.0605421916479103,2.9899735317211205
8706,28711,0.011111111111111112,1600,1.3216252117201854,2.849577621518428
8707,28712,0.011111111111111112,1600,2.033753613228772,2.393043185880405
8708,28713,0.011111111111111112,1600,1.4255382382884214,2.8170509399502013
8709,28714,0.011111111111111112,1600,1.6520230506964897,2.6658356734011415
8710,28715,0.011111111111111112,1600,2.2579404710060578,2.1339402724204137
8711,28716,0.011111111111111112,1600,1.0617888042574957,2.96062196548007
8712,28717,0.011111111111111112,1600,2.275451782220371,2.1694671761635496
8713,28718,0.011111111111111112,1600,1.6181330736541089,2.6949182152498343
8714,28719,0.011111111111111112,1600,1.4489626119772863,2.7725635385160534
8715,28720,0.011111111111111112,1600,1.1689435685544232,2.9413091663390825
8716,28721,0.011111111111111112,1600,2.2560634848696304,2.1051928417521326
8717,28722,0.011111111111111112,1600,1.354789739372935,2.8594201713466423
8718,28723,0.011111111111111112,1600,1.3406586646917062,2.814040503943091
8719,28724,0.011111111111111112,1600,1.4075849105065,2.806381100373806
8720,28725,0.011111111111111112,1600,1.8223976861610012,2.5784110245053644
8721,28726,0.011111111111111112,1600,1.5678758632924283,2.698189509360404
8722,28727,0.011111111111111112,1600,1.0747850671969132,2.9610134282639575
8723,28728,0.011111111111111112,1600,1.1427376005805854,2.9171785820857616
8724,28729,0.011111111111111112,1600,1.1258128769188769,2.9251920751636105
8725,28730,0.011111111111111112,1600,2.0453166658737088,2.382624192939358
8726,28731,0.011111111111111112,1600,1.3873178892715896,2.8033308762853104
8727,28732,0.011111111111111112,1600,2.000178043818905,2.4178507253008865
8728,28733,0.011111111111111112,1600,2.4402684454705605,1.8506916120120915
8729,28734,0.011111111111111112,1600,2.238255521249378,2.1803064592829258
8730,28735,0.011111111111111112,1600,1.449079956621609,2.80634834456047
8731,28736,0.011111111111111112,1600,1.4063320505495562,2.8092296957752625
8732,28737,0.011111111111111112,1600,1.3818918128682998,2.7786710012029476
8733,28738,0.011111111111111112,1600,1.2490097294584026,2.8819841065368754
8734,28739,0.011111111111111112,1600,1.4054534674005996,2.7671350122134433
8735,28740,0.011111111111111112,1600,1.2033248121185145,2.8934314612245546
8736,28741,0.011111111111111112,1600,1.780098460613112,2.599271895838555
8737,28742,0.011111111111111112,1600,1.4106512572571965,2.8256689835335247
8738,28743,0.011111111111111112,1600,1.8615503227934327,2.515427450716968
8739,28744,0.011111111111111112,1600,1.5049990360800365,2.7137070287104175
8740,28745,0.011111111111111112,1600,1.2885216049763706,2.8880745931719245
8741,28746,0.011111111111111112,1600,2.559076116346216,1.752344464699614
8742,28747,0.011111111111111112,1600,1.7631540341824707,2.54618940186194
8743,28748,0.011111111111111112,1600,1.3303812391424528,2.8607189405376823
8744,28749,0.011111111111111112,1600,1.287003412791661,2.879288992710914
8745,28750,0.011111111111111112,1600,2.360301891589172,2.0551872758816225
8746,28751,0.011111111111111112,1600,1.1635597764652998,2.9385583936804123
8747,28752,0.011111111111111112,1600,1.7131773625902125,2.60100620554607
8748,28753,0.011111111111111112,1600,1.1939668176961222,2.87860834009764
8749,28754,0.011111111111111112,1600,2.189942824653456,2.286593503401769
8750,28755,0.011111111111111112,1600,1.2922455776377517,2.8170733769470777
8751,28756,0.011111111111111112,1600,1.8243618141048572,2.5257771766385586
8752,28757,0.011111111111111112,1600,1.29426310677577,2.856846890713755
8753,28758,0.011111111111111112,1600,1.627174138524584,2.6932931042542503
8754,28759,0.011111111111111112,1600,1.994833255273954,2.3720661112852834
8755,28760,0.011111111111111112,1600,1.1939952856132448,2.9315190751216456
8756,28761,0.011111111111111112,1600,1.4860956886917127,2.7698126773473364
8757,28762,0.011111111111111112,1600,2.3428181507743076,2.1149268191634327
8758,28763,0.011111111111111112,1600,1.077505455324943,2.9535758773898633
8759,28764,0.011111111111111112,1600,1.6729911829929638,2.6395751609487057
8760,28765,0.011111111111111112,1600,1.229935029056918,2.9149723835956722
8761,28766,0.011111111111111112,1600,1.2883213124834,2.8658130111481066
8762,28767,0.011111111111111112,1600,1.5995780574595286,2.707925536082026
8763,28768,0.011111111111111112,1600,1.3770363800680632,2.7872949152785034
8764,28769,0.011111111111111112,1600,1.9342755150143751,2.4859767542932705
8765,28770,0.011111111111111112,1600,2.035216466476176,2.4031055388097107
8766,28771,0.011111111111111112,1600,2.049806099505387,2.385156044384765
8767,28772,0.011111111111111112,1600,2.2239721988284424,2.1785555223678124
8768,28773,0.011111111111111112,1600,1.5352331243612887,2.74249122295288
8769,28774,0.011111111111111112,1600,1.075119925266636,2.9527686784046763
8770,28775,0.011111111111111112,1600,1.8367245441239697,2.520783902981788
8771,28776,0.011111111111111112,1600,1.1592394265179944,2.896908889138304
8772,28777,0.011111111111111112,1600,2.277532863983673,2.1282910976763647
8773,28778,0.011111111111111112,1600,1.2302329693261762,2.8846263449540666
8774,28779,0.011111111111111112,1600,2.170039318045981,2.2917622358819374
8775,28780,0.011111111111111112,1600,1.8017846679402454,2.5397053435329395
8776,28781,0.011111111111111112,1600,1.2754122743240666,2.8576298459708873
8777,28782,0.011111111111111112,1600,1.3099354924228759,2.862356537152519
8778,28783,0.011111111111111112,1600,1.6322803304127464,2.655322603486383
8779,28784,0.011111111111111112,1600,1.474288180690659,2.7623691429741775
8780,28785,0.011111111111111112,1600,1.5606709154162877,2.6552777570026516
8781,28786,0.011111111111111112,1600,1.05782570242272,2.9582110625338527
8782,28787,0.011111111111111112,1600,1.7330670789387415,2.6081206123979177
8783,28788,0.011111111111111112,1600,1.3749515968199746,2.8267344826513474
8784,28789,0.011111111111111112,1600,1.760177333325562,2.5756382401239657
8785,28790,0.011111111111111112,1600,1.5855130782128763,2.718727051523781
8786,28791,0.011111111111111112,1600,2.5448620209815447,1.8223977995505725
8787,28792,0.011111111111111112,1600,1.881032728025086,2.500349815484634
8788,28793,0.011111111111111112,1600,1.4354158713497958,2.7759398763410115
8789,28794,0.011111111111111112,1600,1.6505304232811226,2.66314826180137
8790,28795,0.011111111111111112,1600,1.5845449554561557,2.6938473025586163
8791,28796,0.011111111111111112,1600,1.470519690072707,2.7908514143786243
8792,28797,0.011111111111111112,1600,1.4909690337789794,2.7715294010563984
8793,28798,0.011111111111111112,1600,1.0535860256113856,2.984505313487342
8794,28799,0.011111111111111112,1600,1.1390256440720872,2.931497197765944
8795,28800,0.011111111111111112,1800,1.33961362150172,2.8179025706644603
8796,28801,0.011111111111111112,1800,2.1160198811753315,2.25051630343991
8797,28802,0.011111111111111112,1800,1.0835495725903472,2.9732926785233458
8798,28803,0.011111111111111112,1800,1.121595886850709,2.9510003226626207
8799,28804,0.011111111111111112,1800,1.3330852813482292,2.838166248144408
8800,28805,0.011111111111111112,1800,1.6065403514627588,2.7171748688698356
8801,28806,0.011111111111111112,1800,1.64021846675365,2.6608817741548165
8802,28807,0.011111111111111112,1800,1.131764597504502,2.9430493716033395
8803,28808,0.011111111111111112,1800,1.1226069957598257,2.9348796350146906
8804,28809,0.011111111111111112,1800,1.0961041094722943,2.9310930006524396
8805,28810,0.011111111111111112,1800,1.1081228721012584,2.9590123737786413
8806,28811,0.011111111111111112,1800,1.6599155918642787,2.626873334349961
8807,28812,0.011111111111111112,1800,1.8581904689227629,2.4633306004455116
8808,28813,0.011111111111111112,1800,1.738680885661735,2.6065096616500147
8809,28814,0.011111111111111112,1800,1.8484797296267341,2.453536704431431
8810,28815,0.011111111111111112,1800,1.7684061209284336,2.5656240955018794
8811,28816,0.011111111111111112,1800,2.4265901774678325,1.8705969123771773
8812,28817,0.011111111111111112,1800,2.3811606447585687,2.0284871161425406
8813,28818,0.011111111111111112,1800,1.5253177134756146,2.729717793725073
8814,28819,0.011111111111111112,1800,1.261889205939953,2.854284516191663
8815,28820,0.011111111111111112,1800,1.1070433925713499,2.946114964329073
8816,28821,0.011111111111111112,1800,1.206471676795611,2.8820131612883815
8817,28822,0.011111111111111112,1800,1.9887671913655012,2.4281163240091836
8818,28823,0.011111111111111112,1800,2.284278227757271,2.1386039821787737
8819,28824,0.011111111111111112,1800,1.7225684337406058,2.5883294911423986
8820,28825,0.011111111111111112,1800,2.2418799689460256,2.1633947023838913
8821,28826,0.011111111111111112,1800,1.5775420999962617,2.664270772046766
8822,28827,0.011111111111111112,1800,2.5098222719084737,1.877990376798532
8823,28828,0.011111111111111112,1800,1.1470413927898433,2.9271180735066236
8824,28829,0.011111111111111112,1800,1.0644938134201856,2.972340138054009
8825,28830,0.011111111111111112,1800,2.3232566200101448,2.0830888400651415
8826,28831,0.011111111111111112,1800,1.284500843044328,2.8005095711060597
8827,28832,0.011111111111111112,1800,2.1214535768169696,2.3064841141177603
8828,28833,0.011111111111111112,1800,1.9462754380471843,2.4258461854763675
8829,28834,0.011111111111111112,1800,1.9541649256117188,2.4664077177922428
8830,28835,0.011111111111111112,1800,1.8500796689461807,2.519700149501527
8831,28836,0.011111111111111112,1800,1.6257594345735336,2.685893955922838
8832,28837,0.011111111111111112,1800,1.5587945502936296,2.7277343910650744
8833,28838,0.011111111111111112,1800,2.33697485118853,2.009267685094745
8834,28839,0.011111111111111112,1800,1.9860416736620032,2.415140204859449
8835,28840,0.011111111111111112,1800,1.8282960598872893,2.4918075166254896
8836,28841,0.011111111111111112,1800,1.9360452500191028,2.462815222052529
8837,28842,0.011111111111111112,1800,1.3851880220606922,2.82969280164
8838,28843,0.011111111111111112,1800,1.1212533117927233,2.9131057155705014
8839,28844,0.011111111111111112,1800,1.8393024699434886,2.573529605941099
8840,28845,0.011111111111111112,1800,1.6079604171165034,2.679085424814759
8841,28846,0.011111111111111112,1800,2.1187674942075603,2.317909175811466
8842,28847,0.011111111111111112,1800,1.6190840131727449,2.6647253896055534
8843,28848,0.011111111111111112,1800,1.197259467710894,2.915674116761948
8844,28849,0.011111111111111112,1800,1.6179190410286464,2.706834852732561
8845,28850,0.011111111111111112,1800,1.267063932065526,2.8752602669080254
8846,28851,0.011111111111111112,1800,1.5689636464934547,2.7463133756350837
8847,28852,0.011111111111111112,1800,2.3977004414274967,2.027634881375046
8848,28853,0.011111111111111112,1800,1.464759434211653,2.8044023247642107
8849,28854,0.011111111111111112,1800,1.046007373277805,2.956791879571002
8850,28855,0.011111111111111112,1800,1.7571916500392821,2.5817445190937756
8851,28856,0.011111111111111112,1800,1.6909495591566817,2.6061548524704126
8852,28857,0.011111111111111112,1800,1.3952120099887895,2.714668905840749
8853,28858,0.011111111111111112,1800,1.2836398278522165,2.8508762772725964
8854,28859,0.011111111111111112,1800,1.274146155229141,2.895873801281483
8855,28860,0.011111111111111112,1800,1.7670241733608225,2.5313435717853645
8856,28861,0.011111111111111112,1800,2.290749451243972,2.131457723091798
8857,28862,0.011111111111111112,1800,2.2084657072961114,2.229140461557301
8858,28863,0.011111111111111112,1800,1.47554001529687,2.7601867725541505
8859,28864,0.011111111111111112,1800,1.6994141679039498,2.650155560829899
8860,28865,0.011111111111111112,1800,2.2088597337554274,2.2136208729015134
8861,28866,0.011111111111111112,1800,1.682279103597645,2.7088926484951843
8862,28867,0.011111111111111112,1800,1.7418516615860526,2.606026371021886
8863,28868,0.011111111111111112,1800,1.8028665588438018,2.5545173271041794
8864,28869,0.011111111111111112,1800,1.750829334778708,2.5985877431609965
8865,28870,0.011111111111111112,1800,1.9886365387286982,2.4292776515788157
8866,28871,0.011111111111111112,1800,2.4348177151919796,1.9353346252858068
8867,28872,0.011111111111111112,1800,1.5406644391703752,2.715305359036436
8868,28873,0.011111111111111112,1800,1.1059865098956103,2.936945490380106
8869,28874,0.011111111111111112,1800,2.4338198232112283,1.8945513214426069
8870,28875,0.011111111111111112,1800,2.071282669245398,2.334565226811022
8871,28876,0.011111111111111112,1800,1.5162625873570246,2.761434849301783
8872,28877,0.011111111111111112,1800,1.4053674816101844,2.8033309621068816
8873,28878,0.011111111111111112,1800,1.504119483997648,2.773629532675492
8874,28879,0.011111111111111112,1800,1.5876323771441052,2.7127627930859286
8875,28880,0.011111111111111112,1800,2.048634991298777,2.323717495179556
8876,28881,0.011111111111111112,1800,1.7511238628639691,2.552872379058935
8877,28882,0.011111111111111112,1800,1.6839666620863571,2.629408368852976
8878,28883,0.011111111111111112,1800,1.2948400977882144,2.8389656253870235
8879,28884,0.011111111111111112,1800,1.104530617769137,2.9249179513859054
8880,28885,0.011111111111111112,1800,2.0592686472648065,2.339567216984016
8881,28886,0.011111111111111112,1800,1.7505896136738446,2.5913759679307984
8882,28887,0.011111111111111112,1800,2.619968247015832,1.6449378421722805
8883,28888,0.011111111111111112,1800,1.5654042105364598,2.6642499059434996
8884,28889,0.011111111111111112,1800,1.417792646694514,2.77058254765564
8885,28890,0.011111111111111112,1800,1.1773924098899409,2.906906473097586
8886,28891,0.011111111111111112,1800,1.733832109568582,2.6015217339638776
8887,28892,0.011111111111111112,1800,2.190410634265464,2.2581960179726996
8888,28893,0.011111111111111112,1800,2.158903619903511,2.2431749769738856
8889,28894,0.011111111111111112,1800,1.7545493077399574,2.6014620261410073
8890,28895,0.011111111111111112,1800,1.9631707714205113,2.4059346400520587
8891,28896,0.011111111111111112,1800,1.3235381244871665,2.8364152569851315
8892,28897,0.011111111111111112,1800,1.4717981090821042,2.7806110726281594
8893,28898,0.011111111111111112,1800,1.0629759412696265,2.939423608968384
8894,28899,0.011111111111111112,1800,1.689644264005053,2.574951608981995
8895,28900,0.011111111111111112,2000,2.3395763283120834,2.0189421897205193
8896,28901,0.011111111111111112,2000,1.9415598027876755,2.433421965597037
8897,28902,0.011111111111111112,2000,1.0578575332902975,2.977191685774013
8898,28903,0.011111111111111112,2000,1.1654092340229258,2.903696780034992
8899,28904,0.011111111111111112,2000,2.123297754820424,2.349828421356926
8900,28905,0.011111111111111112,2000,2.428614527051947,1.9495716865157724
8901,28906,0.011111111111111112,2000,1.1134074614635008,2.913316894818254
8902,28907,0.011111111111111112,2000,2.0015629082761004,2.3676472758073936
8903,28908,0.011111111111111112,2000,1.2708392944840736,2.8693650840538103
8904,28909,0.011111111111111112,2000,2.0806581272533524,2.3596593039639044
8905,28910,0.011111111111111112,2000,1.11608008589185,2.917028706395275
8906,28911,0.011111111111111112,2000,1.018717106381484,2.958475647218628
8907,28912,0.011111111111111112,2000,1.3075805684408972,2.8704112161774518
8908,28913,0.011111111111111112,2000,1.0600111207738023,2.9929621355599862
8909,28914,0.011111111111111112,2000,1.9848116846417079,2.421468785052654
8910,28915,0.011111111111111112,2000,1.420802369482901,2.755937641037737
8911,28916,0.011111111111111112,2000,1.318268787858288,2.8394792233308705
8912,28917,0.011111111111111112,2000,1.4744112673334393,2.784211557671869
8913,28918,0.011111111111111112,2000,1.0680887957565595,2.9654583714371965
8914,28919,0.011111111111111112,2000,1.2035233450085288,2.8872844569104883
8915,28920,0.011111111111111112,2000,1.5177169123668697,2.753607680317964
8916,28921,0.011111111111111112,2000,1.9592576840355562,2.396663448980556
8917,28922,0.011111111111111112,2000,1.9349779014361856,2.4693012465880018
8918,28923,0.011111111111111112,2000,1.3290812416777222,2.849572240962208
8919,28924,0.011111111111111112,2000,1.6240238540310432,2.6522771164655436
8920,28925,0.011111111111111112,2000,1.71006327923841,2.6161929697067987
8921,28926,0.011111111111111112,2000,1.86747308213156,2.4975761510867747
8922,28927,0.011111111111111112,2000,1.903636143314395,2.483293818724918
8923,28928,0.011111111111111112,2000,2.0938992635619758,2.2651647194813256
8924,28929,0.011111111111111112,2000,1.265322019355842,2.8946259538035948
8925,28930,0.011111111111111112,2000,2.321330294543349,2.1549498837047034
8926,28931,0.011111111111111112,2000,1.3509741678687675,2.8403148356200725
8927,28932,0.011111111111111112,2000,2.5869151090676685,1.7707123400377527
8928,28933,0.011111111111111112,2000,1.194939588688921,2.9071394695093744
8929,28934,0.011111111111111112,2000,1.991616635197841,2.4582709964953215
8930,28935,0.011111111111111112,2000,1.426901738371637,2.777048987382873
8931,28936,0.011111111111111112,2000,1.4102555018398228,2.823570953897392
8932,28937,0.011111111111111112,2000,2.048812436611782,2.3862290439353933
8933,28938,0.011111111111111112,2000,1.5138561160720303,2.73287870685163
8934,28939,0.011111111111111112,2000,1.2020838091750226,2.8844297912232726
8935,28940,0.011111111111111112,2000,2.1118200009593115,2.267990941816685
8936,28941,0.011111111111111112,2000,1.825023634577986,2.5457421781072793
8937,28942,0.011111111111111112,2000,2.2895518242913657,2.089637419704618
8938,28943,0.011111111111111112,2000,1.097453098726626,2.972589448028173
8939,28944,0.011111111111111112,2000,2.5151251366432854,1.865008983478793
8940,28945,0.011111111111111112,2000,2.6260283402375313,1.7190968668858235
8941,28946,0.011111111111111112,2000,2.0533610587975715,2.380798893281028
8942,28947,0.011111111111111112,2000,1.632320270462309,2.657050044720845
8943,28948,0.011111111111111112,2000,1.3808364543314973,2.82311845946929
8944,28949,0.011111111111111112,2000,1.635516660670713,2.666286106807819
8945,28950,0.011111111111111112,2000,2.0005659757426426,2.411058066313861
8946,28951,0.011111111111111112,2000,1.8278380694725633,2.564455252906854
8947,28952,0.011111111111111112,2000,1.13491362907811,2.918649204864473
8948,28953,0.011111111111111112,2000,2.2718360611917423,2.0468187213920226
8949,28954,0.011111111111111112,2000,1.679799911339844,2.6507465373459853
8950,28955,0.011111111111111112,2000,1.1594864032171954,2.9165066072617774
8951,28956,0.011111111111111112,2000,2.3351494429560455,2.0087921364037196
8952,28957,0.011111111111111112,2000,1.6400354339551104,2.6932214164674875
8953,28958,0.011111111111111112,2000,2.623312282310313,1.7625185790228777
8954,28959,0.011111111111111112,2000,1.9584492547177415,2.4033459401399266
8955,28960,0.011111111111111112,2000,1.6510578407764165,2.6451490299330453
8956,28961,0.011111111111111112,2000,1.4299830487903642,2.793494800874144
8957,28962,0.011111111111111112,2000,1.9353095886837166,2.479563897645219
8958,28963,0.011111111111111112,2000,1.1271374088052777,2.9549609086541544
8959,28964,0.011111111111111112,2000,1.6527987522092602,2.662034847512909
8960,28965,0.011111111111111112,2000,2.189238979040703,2.2389115871993726
8961,28966,0.011111111111111112,2000,2.0620109666206727,2.3776086506234444
8962,28967,0.011111111111111112,2000,1.5185078781399557,2.7557269505914492
8963,28968,0.011111111111111112,2000,1.0681110565995848,2.9517039134588026
8964,28969,0.011111111111111112,2000,2.303334314339941,2.131022079566034
8965,28970,0.011111111111111112,2000,1.659360132247824,2.6949073560533767
8966,28971,0.011111111111111112,2000,2.45396002445705,1.9596134365909372
8967,28972,0.011111111111111112,2000,1.8972148178850332,2.4596862979074747
8968,28973,0.011111111111111112,2000,2.039484176425344,2.4103148403100336
8969,28974,0.011111111111111112,2000,1.2403798317983539,2.8692125772561785
8970,28975,0.011111111111111112,2000,1.8213709644275542,2.471711665703793
8971,28976,0.011111111111111112,2000,1.223263791900695,2.907032786394324
8972,28977,0.011111111111111112,2000,1.7282425823603824,2.6401639489943465
8973,28978,0.011111111111111112,2000,1.691504529390625,2.636530878164431
8974,28979,0.011111111111111112,2000,2.3723098117629773,2.0488339962474047
8975,28980,0.011111111111111112,2000,1.3189144227381364,2.8447028890568236
8976,28981,0.011111111111111112,2000,1.6170658478264017,2.644028610030646
8977,28982,0.011111111111111112,2000,1.136889234628313,2.9236549924983395
8978,28983,0.011111111111111112,2000,1.9087544592980308,2.4303179497601892
8979,28984,0.011111111111111112,2000,1.3949043704984476,2.802527048351374
8980,28985,0.011111111111111112,2000,1.9806143444608186,2.38702951851279
8981,28986,0.011111111111111112,2000,1.168088809583835,2.923725319819196
8982,28987,0.011111111111111112,2000,1.8375053660638794,2.54283317843339
8983,28988,0.011111111111111112,2000,1.9960397380239705,2.4540351177853337
8984,28989,0.011111111111111112,2000,2.1319889196085944,2.347645311124703
8985,28990,0.011111111111111112,2000,2.6289921416231246,1.6267760851307689
8986,28991,0.011111111111111112,2000,1.0289486247932327,2.9504357374518517
8987,28992,0.011111111111111112,2000,1.764120276790474,2.5805146418020097
8988,28993,0.011111111111111112,2000,2.5135041110036114,1.869723423043108
8989,28994,0.011111111111111112,2000,2.5616322090370334,1.7950783762394373
8990,28995,0.011111111111111112,2000,1.4193951201327588,2.7806858418019904
8991,28996,0.011111111111111112,2000,2.185859198546149,2.253736282055672
8992,28997,0.011111111111111112,2000,2.123881242916501,2.2974338315422664
8993,28998,0.011111111111111112,2000,1.0380498184868603,2.9463184984384743
8994,28999,0.011111111111111112,2000,1.328760432337735,2.8161093740864493
8995,29000,0.006248236946559435,200,1.0417577104921647,2.9558548727350775
8996,29001,0.006248236946559435,200,1.2718497416435117,2.8625882464906818
8997,29002,0.006248236946559435,200,1.0499606774996082,2.9583775941015418
8998,29003,0.006248236946559435,200,1.6115985954683985,2.6814507637664526
8999,29004,0.006248236946559435,200,1.7273363410886056,2.5756400402970123
9000,29005,0.006248236946559435,200,1.2363384767231334,2.859767590016609
9001,29006,0.006248236946559435,200,1.0753489931483358,2.9498382045531892
9002,29007,0.006248236946559435,200,2.2096920350345166,2.141987956063894
9003,29008,0.006248236946559435,200,1.061202390478988,2.9439493228511937
9004,29009,0.006248236946559435,200,1.1632984073093975,2.9308011129111917
9005,29010,0.006248236946559435,200,1.0722780244771917,2.9446278340712073
9006,29011,0.006248236946559435,200,1.5559557789706397,2.7079390859919483
9007,29012,0.006248236946559435,200,1.5991017486927341,2.6831371321386643
9008,29013,0.006248236946559435,200,1.0839366291820185,2.945702005873727
9009,29014,0.006248236946559435,200,1.0924625917544557,2.930205898148232
9010,29015,0.006248236946559435,200,1.5416969317717684,2.743267386261728
9011,29016,0.006248236946559435,200,1.746543564685183,2.60334092031355
9012,29017,0.006248236946559435,200,1.3608345057755868,2.8247309704768115
9013,29018,0.006248236946559435,200,1.0304030743029917,2.9611379397343147
9014,29019,0.006248236946559435,200,1.2290648967131033,2.872833159770771
9015,29020,0.006248236946559435,200,1.228851791797165,2.8869791124491533
9016,29021,0.006248236946559435,200,1.0445937531555975,2.9556751634746448
9017,29022,0.006248236946559435,200,1.1285644577853375,2.9233083633176733
9018,29023,0.006248236946559435,200,1.5955414280174456,2.696366782624718
9019,29024,0.006248236946559435,200,1.0186244605526609,2.9756921627159327
9020,29025,0.006248236946559435,200,1.0693911933349116,2.9712569760030556
9021,29026,0.006248236946559435,200,1.053720027936206,2.9659281191175317
9022,29027,0.006248236946559435,200,1.100614789864513,2.9507013531471653
9023,29028,0.006248236946559435,200,1.0790739100343305,2.9452501796861594
9024,29029,0.006248236946559435,200,2.0906270164612577,2.3299172753622672
9025,29030,0.006248236946559435,200,1.0599721299674887,2.94291063769203
9026,29031,0.006248236946559435,200,1.120330859776532,2.9123628241637767
9027,29032,0.006248236946559435,200,1.0421053613112716,2.991694053983424
9028,29033,0.006248236946559435,200,1.0767986718576057,2.9429501744426934
9029,29034,0.006248236946559435,200,1.5341557364416023,2.7562389637490936
9030,29035,0.006248236946559435,200,1.0904860045840354,2.954867326187521
9031,29036,0.006248236946559435,200,1.0471999261425589,2.9847459816086914
9032,29037,0.006248236946559435,200,1.0940975287955683,2.941857624149173
9033,29038,0.006248236946559435,200,1.0362665338105606,2.948784003297458
9034,29039,0.006248236946559435,200,1.1250098782620004,2.903170378525455
9035,29040,0.006248236946559435,200,1.0225348463499904,2.9584306168434513
9036,29041,0.006248236946559435,200,1.0220916077332987,2.9905567352617064
9037,29042,0.006248236946559435,200,2.186623524975744,2.2083480874087473
9038,29043,0.006248236946559435,200,1.4554494560581008,2.7658680282539256
9039,29044,0.006248236946559435,200,1.734277959674957,2.6099431354064855
9040,29045,0.006248236946559435,200,1.603504845694804,2.682469147172497
9041,29046,0.006248236946559435,200,1.5818657477838625,2.66314506300359
9042,29047,0.006248236946559435,200,1.126480207547235,2.913222984010353
9043,29048,0.006248236946559435,200,1.2811462071589488,2.88158371973619
9044,29049,0.006248236946559435,200,1.4652397121572711,2.7662514283381547
9045,29050,0.006248236946559435,200,1.6321584553026613,2.6651358815434967
9046,29051,0.006248236946559435,200,1.2333021078777464,2.8962596468108837
9047,29052,0.006248236946559435,200,1.0747196011811415,2.931786975595023
9048,29053,0.006248236946559435,200,1.110390620939574,2.933045380007858
9049,29054,0.006248236946559435,200,1.2013612638503848,2.8819217001250603
9050,29055,0.006248236946559435,200,1.034088488682383,2.977810088621787
9051,29056,0.006248236946559435,200,1.6741274111416353,2.612671283585568
9052,29057,0.006248236946559435,200,1.4081512504840683,2.7843735966347145
9053,29058,0.006248236946559435,200,1.497604730414805,2.717213773241946
9054,29059,0.006248236946559435,200,1.0963430452368668,2.9676574411437184
9055,29060,0.006248236946559435,200,1.1625119703016842,2.9150243501341655
9056,29061,0.006248236946559435,200,1.3979524839703,2.797294471867418
9057,29062,0.006248236946559435,200,1.107845071140964,2.9148368208878823
9058,29063,0.006248236946559435,200,1.1293581416811584,2.9487915953201407
9059,29064,0.006248236946559435,200,1.088847981351043,2.9433072402348963
9060,29065,0.006248236946559435,200,1.0387086201939613,2.9735811975339317
9061,29066,0.006248236946559435,200,1.0916133511755777,2.9505282459544677
9062,29067,0.006248236946559435,200,1.0928277751570004,2.9500624742081687
9063,29068,0.006248236946559435,200,1.268022373896794,2.8496445768786343
9064,29069,0.006248236946559435,200,1.8620673229969906,2.522582891907961
9065,29070,0.006248236946559435,200,1.1015929551075518,2.950463519344633
9066,29071,0.006248236946559435,200,1.3452484710136479,2.827815148751118
9067,29072,0.006248236946559435,200,1.036658911879647,2.972142961569459
9068,29073,0.006248236946559435,200,1.087210319198411,2.949140910138606
9069,29074,0.006248236946559435,200,1.1188169321638504,2.9349009138791975
9070,29075,0.006248236946559435,200,1.2060775334545708,2.8815120230745026
9071,29076,0.006248236946559435,200,1.554413710946391,2.718986140821579
9072,29077,0.006248236946559435,200,1.3038185417625663,2.8417034465219255
9073,29078,0.006248236946559435,200,1.04458122441471,2.9380585268427746
9074,29079,0.006248236946559435,200,1.703300218438238,2.617373047426054
9075,29080,0.006248236946559435,200,1.2119946891769415,2.8671449549193295
9076,29081,0.006248236946559435,200,1.4412326996796427,2.777920245585366
9077,29082,0.006248236946559435,200,1.6904309456236355,2.621483962164581
9078,29083,0.006248236946559435,200,1.4471270757083252,2.798776764358947
9079,29084,0.006248236946559435,200,1.1541778754205452,2.88247712091642
9080,29085,0.006248236946559435,200,1.3771383356893376,2.8143262508068414
9081,29086,0.006248236946559435,200,1.0529786927420595,2.9631887490837454
9082,29087,0.006248236946559435,200,1.6329229782684525,2.6795407582304875
9083,29088,0.006248236946559435,200,1.0385724922827566,2.97293049926729
9084,29089,0.006248236946559435,200,1.2136529711453337,2.878244229326854
9085,29090,0.006248236946559435,200,1.0740933658855938,2.9401171588368684
9086,29091,0.006248236946559435,200,1.376151497054762,2.8193120166065158
9087,29092,0.006248236946559435,200,1.602591360851124,2.6726229863086686
9088,29093,0.006248236946559435,200,1.2054807941476504,2.8887727093303797
9089,29094,0.006248236946559435,200,1.1605028498142036,2.9226638989637457
9090,29095,0.006248236946559435,200,1.5592852317927075,2.7026546556780664
9091,29096,0.006248236946559435,200,1.157809651266763,2.910403539876918
9092,29097,0.006248236946559435,200,1.700784577083453,2.635882406167198
9093,29098,0.006248236946559435,200,1.2211391052130047,2.89749460601709
9094,29099,0.006248236946559435,200,1.1642024988163224,2.920998073289391
9095,29100,0.006248236946559435,400,1.0825737430770788,2.9382930729462506
9096,29101,0.006248236946559435,400,1.93662781198279,2.3527659103214376
9097,29102,0.006248236946559435,400,1.278864606707548,2.8517209393114316
9098,29103,0.006248236946559435,400,1.2608650130908978,2.869370863218991
9099,29104,0.006248236946559435,400,1.0554383561561909,2.960123890568535
9100,29105,0.006248236946559435,400,1.2697237289852286,2.846283311131534
9101,29106,0.006248236946559435,400,1.2969210030356497,2.867978043840428
9102,29107,0.006248236946559435,400,1.0903461653600162,2.94740749387357
9103,29108,0.006248236946559435,400,1.0923689045619425,2.934319478495267
9104,29109,0.006248236946559435,400,1.1446911000637499,2.9399987482697467
9105,29110,0.006248236946559435,400,1.4345457886000337,2.7496127327571536
9106,29111,0.006248236946559435,400,1.253153852062442,2.8597043672791664
9107,29112,0.006248236946559435,400,1.202947668934661,2.919384317646359
9108,29113,0.006248236946559435,400,1.209859272307871,2.884855333776666
9109,29114,0.006248236946559435,400,1.0537675193895746,2.96618935776853
9110,29116,0.006248236946559435,400,1.0402062505280463,2.9776712658493234
9111,29117,0.006248236946559435,400,1.2088605116875988,2.917275496099781
9112,29118,0.006248236946559435,400,1.1009620147555559,2.948185052449044
9113,29119,0.006248236946559435,400,1.2812603713845032,2.877489630710835
9114,29120,0.006248236946559435,400,1.6934390074646632,2.6479592081180146
9115,29121,0.006248236946559435,400,1.1987565476994277,2.891678146649927
9116,29122,0.006248236946559435,400,1.3542993275480757,2.802869810419454
9117,29123,0.006248236946559435,400,1.1516075789926674,2.9388450477617107
9118,29124,0.006248236946559435,400,1.5745367343604382,2.7047048824396485
9119,29125,0.006248236946559435,400,1.6099121121364828,2.6849496083567894
9120,29126,0.006248236946559435,400,1.9794795205668514,2.3747197529707607
9121,29127,0.006248236946559435,400,1.1406298417711853,2.9391597429760035
9122,29128,0.006248236946559435,400,1.308893720850241,2.8232145278484695
9123,29129,0.006248236946559435,400,1.1294583857051066,2.9472397053590713
9124,29130,0.006248236946559435,400,1.1311776810452479,2.9388166494566814
9125,29131,0.006248236946559435,400,1.396467244447638,2.8082477934093264
9126,29132,0.006248236946559435,400,1.9691585136218586,2.4036272028053274
9127,29133,0.006248236946559435,400,1.147047328786653,2.9172362491337607
9128,29134,0.006248236946559435,400,1.2637740183756239,2.878871480898604
9129,29135,0.006248236946559435,400,1.3358833142587005,2.8362496178127308
9130,29137,0.006248236946559435,400,1.3410210955985895,2.8241919376601303
9131,29138,0.006248236946559435,400,1.0287028342339535,2.977962279292697
9132,29139,0.006248236946559435,400,1.2221432391523235,2.8789326359817626
9133,29140,0.006248236946559435,400,1.0284626504924033,2.9949122626758355
9134,29141,0.006248236946559435,400,1.6240990499381247,2.6784232210973937
9135,29142,0.006248236946559435,400,1.733831379253878,2.6283581711452078
9136,29143,0.006248236946559435,400,1.3161313888880546,2.796085282209128
9137,29144,0.006248236946559435,400,2.3126660134488293,2.0675308176636857
9138,29145,0.006248236946559435,400,1.7378312851677762,2.629081889527718
9139,29146,0.006248236946559435,400,1.4606405404287242,2.747944532926579
9140,29147,0.006248236946559435,400,1.9856541182813778,2.4033474987449033
9141,29148,0.006248236946559435,400,1.0568381807447662,2.9704270633051815
9142,29149,0.006248236946559435,400,1.029456690553985,2.975027970359574
9143,29150,0.006248236946559435,400,1.5083850484927952,2.7388701248149188
9144,29151,0.006248236946559435,400,1.7974721749208697,2.547288504380229
9145,29152,0.006248236946559435,400,1.1950241949490719,2.9026507677413633
9146,29153,0.006248236946559435,400,1.0468553483893337,2.9732103115002433
9147,29154,0.006248236946559435,400,1.0241250622334008,2.971126009870294
9148,29155,0.006248236946559435,400,1.3187660867402584,2.84346377693266
9149,29156,0.006248236946559435,400,1.6509456822961432,2.650491158059755
9150,29157,0.006248236946559435,400,1.714671917238387,2.5991088171489665
9151,29158,0.006248236946559435,400,1.295012519846822,2.855373951833666
9152,29159,0.006248236946559435,400,1.1161730839140118,2.9271926961449273
9153,29160,0.006248236946559435,400,1.6019408609726482,2.6876368118642917
9154,29161,0.006248236946559435,400,1.1514853845254023,2.9125170181930677
9155,29162,0.006248236946559435,400,2.0206927808901085,2.3864299409609075
9156,29163,0.006248236946559435,400,1.0620084091240904,2.9565290455683573
9157,29164,0.006248236946559435,400,1.2090408710792047,2.910213893362485
9158,29165,0.006248236946559435,400,1.0552434487522029,2.9731751896365055
9159,29166,0.006248236946559435,400,1.4833899767139604,2.7548482706270923
9160,29167,0.006248236946559435,400,1.4582653862069004,2.7597573338751893
9161,29168,0.006248236946559435,400,1.3178740201993793,2.8549609078417646
9162,29169,0.006248236946559435,400,1.9674790409677694,2.361533757610677
9163,29170,0.006248236946559435,400,1.0847815482838636,2.950550395447921
9164,29171,0.006248236946559435,400,2.130039853801886,2.1985504558996487
9165,29172,0.006248236946559435,400,1.0243021982130323,2.996590203031884
9166,29173,0.006248236946559435,400,1.1168870847356387,2.9094282437516803
9167,29175,0.006248236946559435,400,1.0648388334947803,2.9571465590468593
9168,29176,0.006248236946559435,400,1.1834580914584774,2.8988996368217825
9169,29177,0.006248236946559435,400,1.647634077943459,2.6522440685713975
9170,29178,0.006248236946559435,400,1.2345716027245266,2.8817312816695355
9171,29179,0.006248236946559435,400,1.628026340252865,2.6656448922009117
9172,29180,0.006248236946559435,400,1.4865020327259422,2.7711159834842363
9173,29181,0.006248236946559435,400,2.481369586829189,1.79091386774081
9174,29182,0.006248236946559435,400,1.3316048983003452,2.8290083852635837
9175,29183,0.006248236946559435,400,1.1510779551182222,2.925643708438787
9176,29184,0.006248236946559435,400,1.130229156393211,2.9130673082481753
9177,29185,0.006248236946559435,400,1.6141591858871276,2.6777533098408037
9178,29186,0.006248236946559435,400,1.5090189579245472,2.7125225555065646
9179,29187,0.006248236946559435,400,1.3576543646027772,2.82043473709344
9180,29188,0.006248236946559435,400,1.0614197519453115,2.954143828852458
9181,29189,0.006248236946559435,400,1.1660107756010707,2.9096316881576403
9182,29190,0.006248236946559435,400,1.3601923610392774,2.8116899856025213
9183,29191,0.006248236946559435,400,1.511069346142349,2.730886770910363
9184,29192,0.006248236946559435,400,1.128717310883519,2.941164260316135
9185,29193,0.006248236946559435,400,1.2706191550134451,2.849032976918628
9186,29194,0.006248236946559435,400,2.349433080615937,2.042156293645648
9187,29195,0.006248236946559435,400,1.049564817647746,2.956241368497867
9188,29196,0.006248236946559435,400,1.0725616010680223,2.967939196264857
9189,29197,0.006248236946559435,400,1.4489596487632652,2.7855404994025172
9190,29198,0.006248236946559435,400,1.1793556488947532,2.918448960389836
9191,29199,0.006248236946559435,400,1.5445956255451914,2.706360736597489
9192,29200,0.006248236946559435,600,1.6215440823277967,2.6276934854922267
9193,29201,0.006248236946559435,600,2.0444032366921943,2.363474588966061
9194,29202,0.006248236946559435,600,1.217870065157331,2.8979971171521033
9195,29203,0.006248236946559435,600,1.209915824939381,2.8844095031165984
9196,29204,0.006248236946559435,600,1.4341188769218538,2.8119883761749627
9197,29205,0.006248236946559435,600,1.2191376997335406,2.888242181969079
9198,29206,0.006248236946559435,600,1.1245582912316117,2.9334870121110326
9199,29207,0.006248236946559435,600,1.0582424815825215,2.970211392492959
9200,29208,0.006248236946559435,600,1.31501667145575,2.8419288066836375
9201,29209,0.006248236946559435,600,1.228765144226907,2.893332982572406
9202,29210,0.006248236946559435,600,1.1866716140650655,2.8991872174041746
9203,29211,0.006248236946559435,600,1.424915851970445,2.808034361923977
9204,29212,0.006248236946559435,600,1.186291330900716,2.928715780707367
9205,29213,0.006248236946559435,600,1.0423488807272008,2.9588056209338585
9206,29214,0.006248236946559435,600,1.0892538491334212,2.9461715725951443
9207,29215,0.006248236946559435,600,1.1893515449646959,2.887141650093084
9208,29216,0.006248236946559435,600,1.0705485604112686,2.942233412892741
9209,29217,0.006248236946559435,600,1.5373681017021767,2.7567893356655473
9210,29218,0.006248236946559435,600,1.2501822517807921,2.872441069131798
9211,29219,0.006248236946559435,600,1.1815626834987096,2.901167650526041
9212,29220,0.006248236946559435,600,1.0372986042135373,2.9650083519979766
9213,29221,0.006248236946559435,600,1.2154791647353123,2.8859487672112345
9214,29222,0.006248236946559435,600,1.687198302649327,2.633863732907074
9215,29223,0.006248236946559435,600,1.7527520062493234,2.589033148328587
9216,29224,0.006248236946559435,600,1.101192601092721,2.9562846165470638
9217,29225,0.006248236946559435,600,1.0677992686056674,2.9619687595461515
9218,29226,0.006248236946559435,600,1.1905643433967545,2.916153088466654
9219,29227,0.006248236946559435,600,1.0383516721182864,2.966040121035998
9220,29228,0.006248236946559435,600,1.0341856706092036,2.957128594344887
9221,29229,0.006248236946559435,600,2.280361080273895,2.1741198264443233
9222,29230,0.006248236946559435,600,1.4080315837851618,2.7971829922251796
9223,29231,0.006248236946559435,600,2.283432735095342,2.0194595314242565
9224,29232,0.006248236946559435,600,1.0723579298955848,2.9534544792376662
9225,29233,0.006248236946559435,600,1.984811494206633,2.4209793319514947
9226,29234,0.006248236946559435,600,1.763631412262552,2.584701502179855
9227,29235,0.006248236946559435,600,1.7732024873256809,2.5758133083684047
9228,29236,0.006248236946559435,600,1.8862647253766684,2.488154163737705
9229,29237,0.006248236946559435,600,1.9884568660882607,2.4003737647840495
9230,29238,0.006248236946559435,600,1.5811433799571961,2.6977989741133754
9231,29239,0.006248236946559435,600,2.3596853499771733,2.089159886119197
9232,29240,0.006248236946559435,600,1.8299972886774136,2.4994159136682197
9233,29241,0.006248236946559435,600,1.6033578214058757,2.690138395773695
9234,29242,0.006248236946559435,600,1.539266077016229,2.7295939586276314
9235,29243,0.006248236946559435,600,1.7775942246780514,2.567691225934622
9236,29244,0.006248236946559435,600,1.7239089460799666,2.6377657428335928
9237,29245,0.006248236946559435,600,1.2412052356734413,2.8812121901864023
9238,29246,0.006248236946559435,600,1.2935810352607138,2.8466313743753906
9239,29247,0.006248236946559435,600,1.3633445626165577,2.820911899120789
9240,29248,0.006248236946559435,600,1.7106618566857925,2.5961038835906285
9241,29249,0.006248236946559435,600,1.3387304748524838,2.8649589608581367
9242,29250,0.006248236946559435,600,1.3414589828667118,2.8378038929403973
9243,29251,0.006248236946559435,600,1.2694746944889415,2.8810528714936283
9244,29252,0.006248236946559435,600,1.4552107781659762,2.757768953519652
9245,29253,0.006248236946559435,600,1.020587107225694,2.975176536309532
9246,29254,0.006248236946559435,600,1.272594088792639,2.8721835745873405
9247,29255,0.006248236946559435,600,1.6208058892348436,2.708481062192549
9248,29256,0.006248236946559435,600,1.9130124866452953,2.4053400802179294
9249,29257,0.006248236946559435,600,1.4169150038189124,2.7978332451143872
9250,29258,0.006248236946559435,600,1.4605644553973924,2.8017496035184553
9251,29259,0.006248236946559435,600,1.8374818814143292,2.5306009937614236
9252,29260,0.006248236946559435,600,1.6918748768919145,2.5836311230612194
9253,29261,0.006248236946559435,600,1.180065046265187,2.895855050998366
9254,29262,0.006248236946559435,600,1.6491648368671261,2.6634885400415103
9255,29263,0.006248236946559435,600,1.1778751407834753,2.9068171443856103
9256,29264,0.006248236946559435,600,1.5558831184674697,2.697227112703966
9257,29265,0.006248236946559435,600,1.1087961706879514,2.9439635356541354
9258,29266,0.006248236946559435,600,1.1454875232470727,2.926533721738413
9259,29267,0.006248236946559435,600,1.1211460980344672,2.919232916721252
9260,29268,0.006248236946559435,600,1.4884197886381174,2.762110732187734
9261,29269,0.006248236946559435,600,1.4138347737446826,2.782887572400026
9262,29270,0.006248236946559435,600,1.3899018795840714,2.7984711603358443
9263,29271,0.006248236946559435,600,2.0232770004452467,2.3821368887478913
9264,29272,0.006248236946559435,600,1.537963204629083,2.748999382525322
9265,29273,0.006248236946559435,600,1.124483165607258,2.9211054082450625
9266,29274,0.006248236946559435,600,1.5914236647940592,2.6994683833768556
9267,29275,0.006248236946559435,600,1.356239801467803,2.8384023248108456
9268,29276,0.006248236946559435,600,1.1051372583411827,2.9582057185423976
9269,29277,0.006248236946559435,600,1.8341519356554472,2.530842737673926
9270,29278,0.006248236946559435,600,1.704703739998323,2.617457853937771
9271,29279,0.006248236946559435,600,1.2698618918362894,2.869044832415562
9272,29280,0.006248236946559435,600,1.741814492425156,2.5862269953364665
9273,29281,0.006248236946559435,600,2.2227907028012543,2.1664422249538493
9274,29282,0.006248236946559435,600,1.4895295105738569,2.7538426812770695
9275,29283,0.006248236946559435,600,1.7113712704223887,2.646634186269693
9276,29284,0.006248236946559435,600,1.2118556300827268,2.902952776036945
9277,29285,0.006248236946559435,600,1.356813170847576,2.8267777467001203
9278,29286,0.006248236946559435,600,1.644967548825663,2.6526368585236937
9279,29287,0.006248236946559435,600,1.8838059956926294,2.4891539849457494
9280,29288,0.006248236946559435,600,1.8893927532053745,2.4697605871822277
9281,29289,0.006248236946559435,600,1.255601555719157,2.894230388954729
9282,29290,0.006248236946559435,600,1.6896452339739252,2.573775831358258
9283,29291,0.006248236946559435,600,1.4860729515376674,2.7418700437671246
9284,29292,0.006248236946559435,600,1.7002697550916763,2.6230293155433273
9285,29293,0.006248236946559435,600,1.6173499012153028,2.687384317828363
9286,29294,0.006248236946559435,600,1.8101613860390606,2.494529147604659
9287,29295,0.006248236946559435,600,1.5426889494217533,2.7059903788150197
9288,29296,0.006248236946559435,600,1.644008167971478,2.651368254130406
9289,29297,0.006248236946559435,600,1.328680302721269,2.8323294919935136
9290,29298,0.006248236946559435,600,1.4293143820244039,2.7907980416857225
9291,29299,0.006248236946559435,600,1.4543144952578744,2.7740481442054916
9292,29300,0.006248236946559435,800,2.087076263993905,2.294540353245581
9293,29301,0.006248236946559435,800,2.342858713594742,2.01230511566667
9294,29302,0.006248236946559435,800,1.0529996403593267,2.977671273682509
9295,29303,0.006248236946559435,800,1.30268679732302,2.8587858192927085
9296,29304,0.006248236946559435,800,1.3267634436255629,2.8412242137996246
9297,29305,0.006248236946559435,800,1.3089447112114425,2.8416722354852633
9298,29306,0.006248236946559435,800,1.2099063519501994,2.895161339195425
9299,29307,0.006248236946559435,800,1.0504742192308387,2.9722212650949187
9300,29308,0.006248236946559435,800,1.2819264636297074,2.8525504761567393
9301,29309,0.006248236946559435,800,1.6211422827715591,2.6940948086848375
9302,29310,0.006248236946559435,800,1.8006520579254766,2.5439389165034347
9303,29311,0.006248236946559435,800,1.5486994879517857,2.7163752427347125
9304,29312,0.006248236946559435,800,1.033923114472787,2.9743997503924433
9305,29313,0.006248236946559435,800,1.0795034037705762,2.938305390195888
9306,29314,0.006248236946559435,800,1.223833633886223,2.878332535043147
9307,29315,0.006248236946559435,800,1.193235041560064,2.918054924668241
9308,29316,0.006248236946559435,800,1.2790107253830238,2.8786625587614303
9309,29317,0.006248236946559435,800,1.8887367942536433,2.492224218634761
9310,29318,0.006248236946559435,800,1.0593442118129215,2.9326376421886247
9311,29319,0.006248236946559435,800,1.1754578576595334,2.9202616020390195
9312,29320,0.006248236946559435,800,1.963176477187183,2.4266142180196955
9313,29321,0.006248236946559435,800,1.5519172881119747,2.7094397377015
9314,29322,0.006248236946559435,800,2.054688516355801,2.290989757312013
9315,29323,0.006248236946559435,800,1.3510653323924589,2.8285084652356316
9316,29324,0.006248236946559435,800,1.627858326194151,2.6818317348753076
9317,29325,0.006248236946559435,800,1.4980370152438536,2.738549342844384
9318,29326,0.006248236946559435,800,1.173510837762284,2.923669067704199
9319,29327,0.006248236946559435,800,2.2050193429409677,2.2193524768732105
9320,29328,0.006248236946559435,800,1.0477314372398632,2.9886952868053585
9321,29329,0.006248236946559435,800,1.7289621768323395,2.6417918048536224
9322,29330,0.006248236946559435,800,2.33095593761943,1.999366213028992
9323,29331,0.006248236946559435,800,1.1966635007162105,2.8916245326434735
9324,29332,0.006248236946559435,800,1.98135549802778,2.4411709508167516
9325,29333,0.006248236946559435,800,1.4398116580996105,2.771837308986391
9326,29334,0.006248236946559435,800,2.1350863031273324,2.193755029764925
9327,29335,0.006248236946559435,800,2.3873093945970387,1.9923229172726926
9328,29336,0.006248236946559435,800,1.0494025952748902,2.9690762224997895
9329,29337,0.006248236946559435,800,2.0539060550801556,2.3665450098195064
9330,29338,0.006248236946559435,800,1.138671246594431,2.9269932074407885
9331,29339,0.006248236946559435,800,2.068859217193798,2.259150656697575
9332,29340,0.006248236946559435,800,2.0814970711070098,2.3157775640118317
9333,29341,0.006248236946559435,800,1.368485488063461,2.8290149831461733
9334,29342,0.006248236946559435,800,1.3977098638015657,2.8190164457753903
9335,29343,0.006248236946559435,800,2.3248402913226838,2.0490917162276308
9336,29344,0.006248236946559435,800,1.4787631509615322,2.7620269497882353
9337,29345,0.006248236946559435,800,1.1442845037700256,2.942238569170224
9338,29346,0.006248236946559435,800,1.4518262961980937,2.7669956919776366
9339,29347,0.006248236946559435,800,1.1278632164848967,2.9461937012012305
9340,29348,0.006248236946559435,800,1.852349391907693,2.505352990209175
9341,29349,0.006248236946559435,800,1.9234314499406033,2.459212713194421
9342,29350,0.006248236946559435,800,1.7605733839295028,2.589615948456308
9343,29351,0.006248236946559435,800,2.2847609020698587,2.0479753429359278
9344,29352,0.006248236946559435,800,1.3968608553700452,2.7913147490189503
9345,29353,0.006248236946559435,800,1.5427453603890493,2.686598192585686
9346,29354,0.006248236946559435,800,1.1919099349470452,2.917027008848774
9347,29355,0.006248236946559435,800,2.3237755885375804,2.1122244721237338
9348,29356,0.006248236946559435,800,1.9296960617737782,2.4062207558468565
9349,29357,0.006248236946559435,800,1.0258805111192753,2.9790585390919553
9350,29358,0.006248236946559435,800,1.2856740857082285,2.8683874239828384
9351,29359,0.006248236946559435,800,1.320539462102254,2.8372654526840524
9352,29360,0.006248236946559435,800,1.2530796608922474,2.8719242000367466
9353,29361,0.006248236946559435,800,2.221413021890812,2.229142878836077
9354,29362,0.006248236946559435,800,2.3749775456319817,1.9847191881589001
9355,29363,0.006248236946559435,800,1.0450711002108044,2.950297216888029
9356,29364,0.006248236946559435,800,1.6175855026777075,2.6740247283964775
9357,29365,0.006248236946559435,800,1.7526524335972262,2.598404113833085
9358,29366,0.006248236946559435,800,1.450117045115508,2.735435752723496
9359,29367,0.006248236946559435,800,1.4566240128115857,2.777419661976081
9360,29368,0.006248236946559435,800,1.1251861565789214,2.924522510902325
9361,29369,0.006248236946559435,800,1.7446568237176567,2.5944957949864493
9362,29370,0.006248236946559435,800,1.2380083805652944,2.878126298896506
9363,29371,0.006248236946559435,800,1.3371076336089067,2.8449589540058553
9364,29372,0.006248236946559435,800,2.1289636939551437,2.2990127019343642
9365,29373,0.006248236946559435,800,1.3857550364846445,2.8024497947135147
9366,29374,0.006248236946559435,800,1.9460468095699348,2.4610497664086974
9367,29375,0.006248236946559435,800,1.5816175581535081,2.6898960111412964
9368,29376,0.006248236946559435,800,1.6529367896351101,2.6394569119879536
9369,29377,0.006248236946559435,800,2.4295776110510525,1.9253863720266573
9370,29378,0.006248236946559435,800,1.2561142338647637,2.889583215304386
9371,29379,0.006248236946559435,800,1.7841292392892671,2.5750156006371356
9372,29380,0.006248236946559435,800,1.8974979517278314,2.482136707961799
9373,29381,0.006248236946559435,800,2.1768474696024533,2.24339956066019
9374,29382,0.006248236946559435,800,2.0852721806792722,2.333009679721873
9375,29383,0.006248236946559435,800,1.9295097891096291,2.4234361514162925
9376,29384,0.006248236946559435,800,1.4544870130964227,2.7563653068858303
9377,29385,0.006248236946559435,800,2.200161309487366,2.274376957106795
9378,29386,0.006248236946559435,800,1.4813253990147175,2.73254603583798
9379,29387,0.006248236946559435,800,1.1701097400128382,2.939995766455402
9380,29388,0.006248236946559435,800,1.0262015755365368,2.98112147954958
9381,29389,0.006248236946559435,800,1.053897845916097,2.9546393598094447
9382,29390,0.006248236946559435,800,1.0759836964140645,2.9391243274187326
9383,29391,0.006248236946559435,800,1.1129334519682046,2.957645955650503
9384,29392,0.006248236946559435,800,1.6624078113551803,2.6428842051120034
9385,29393,0.006248236946559435,800,1.87344051144376,2.5135302460380777
9386,29394,0.006248236946559435,800,1.1239123384541854,2.948256739187518
9387,29395,0.006248236946559435,800,1.2277268761988567,2.8781152731881643
9388,29396,0.006248236946559435,800,1.7457863674109366,2.588001539305999
9389,29397,0.006248236946559435,800,1.169624424403011,2.9141855815584163
9390,29398,0.006248236946559435,800,1.1514500092542954,2.9083524807624586
9391,29399,0.006248236946559435,800,1.0724599751484187,2.9469237752801467
9392,29400,0.006248236946559435,1000,1.374113176024617,2.8330166262649934
9393,29401,0.006248236946559435,1000,1.5503133625358332,2.7487960220712573
9394,29402,0.006248236946559435,1000,1.174916052523931,2.9241981266710493
9395,29403,0.006248236946559435,1000,1.1005510658199147,2.9576820531035817
9396,29404,0.006248236946559435,1000,1.899598414510557,2.509720841678914
9397,29405,0.006248236946559435,1000,1.1720369428140323,2.8969150298340534
9398,29406,0.006248236946559435,1000,1.3135561950706733,2.8444254472987374
9399,29407,0.006248236946559435,1000,1.8737772932604166,2.4956754945386637
9400,29408,0.006248236946559435,1000,1.1503999782968126,2.9054452994671744
9401,29409,0.006248236946559435,1000,1.1915435106288481,2.899493773388386
9402,29410,0.006248236946559435,1000,1.2971581571491264,2.863615719867828
9403,29411,0.006248236946559435,1000,1.5922213817699382,2.697957081267101
9404,29412,0.006248236946559435,1000,1.3389992555132149,2.842641729400087
9405,29413,0.006248236946559435,1000,1.0699685355103339,2.958262840800264
9406,29414,0.006248236946559435,1000,1.124872981020375,2.932775956989355
9407,29415,0.006248236946559435,1000,1.2542743307333626,2.869426038541097
9408,29416,0.006248236946559435,1000,1.3857545920077683,2.8213051949604275
9409,29417,0.006248236946559435,1000,1.4110621162940025,2.8126493791892955
9410,29418,0.006248236946559435,1000,1.3710026695246342,2.8200738620711627
9411,29419,0.006248236946559435,1000,1.1048339588576133,2.946849569795261
9412,29420,0.006248236946559435,1000,1.9016281679816338,2.440643046231538
9413,29421,0.006248236946559435,1000,1.3790614786494344,2.8316322008413346
9414,29422,0.006248236946559435,1000,1.607175942725474,2.6589243288957753
9415,29423,0.006248236946559435,1000,1.0687791142798555,2.9747683900755937
9416,29424,0.006248236946559435,1000,1.6596394296814612,2.6342756013173845
9417,29425,0.006248236946559435,1000,1.3301470248978027,2.820955425129077
9418,29426,0.006248236946559435,1000,1.197772164937518,2.8980557043992805
9419,29427,0.006248236946559435,1000,1.031888753375012,2.9759622896545275
9420,29428,0.006248236946559435,1000,1.0840499315942964,2.930242214027815
9421,29429,0.006248236946559435,1000,1.6386646768665067,2.6645333870585044
9422,29430,0.006248236946559435,1000,1.1615568201868536,2.9240838255002983
9423,29431,0.006248236946559435,1000,1.3224337321144515,2.8576381733754657
9424,29432,0.006248236946559435,1000,1.56636943825418,2.693686220299431
9425,29433,0.006248236946559435,1000,1.7910108906029258,2.5623712098041174
9426,29434,0.006248236946559435,1000,1.3091887666552395,2.8457711615659305
9427,29435,0.006248236946559435,1000,1.3928605058825752,2.8072487777285415
9428,29436,0.006248236946559435,1000,1.9890760111428698,2.3522940715494385
9429,29437,0.006248236946559435,1000,1.4658035459901313,2.7730806161633095
9430,29438,0.006248236946559435,1000,2.0297529377939383,2.309298137463085
9431,29439,0.006248236946559435,1000,1.106821036881143,2.9302757200267497
9432,29440,0.006248236946559435,1000,1.3015008283657419,2.8594596215418213
9433,29441,0.006248236946559435,1000,1.497477483352111,2.7626287276020367
9434,29442,0.006248236946559435,1000,1.5533556805036706,2.687538479474706
9435,29443,0.006248236946559435,1000,1.4710286214046597,2.7658792825975347
9436,29444,0.006248236946559435,1000,1.6599645999278039,2.6866828425415243
9437,29445,0.006248236946559435,1000,1.0607828540431141,2.9589038805975756
9438,29446,0.006248236946559435,1000,1.346239255736903,2.833271329710775
9439,29447,0.006248236946559435,1000,1.7548651350592093,2.5877535996157888
9440,29448,0.006248236946559435,1000,1.5575760987641474,2.7185596144724737
9441,29449,0.006248236946559435,1000,1.418377186138677,2.7639731998036234
9442,29450,0.006248236946559435,1000,1.1860348150595954,2.892544438791277
9443,29451,0.006248236946559435,1000,1.816307371161035,2.52451786697133
9444,29452,0.006248236946559435,1000,2.0808693779080754,2.263061979722025
9445,29453,0.006248236946559435,1000,1.1910577284304977,2.910817540611927
9446,29454,0.006248236946559435,1000,1.1103546622256653,2.9450004660932643
9447,29455,0.006248236946559435,1000,1.4217454029066448,2.7985690352338954
9448,29456,0.006248236946559435,1000,2.0129679864419403,2.378288631314676
9449,29457,0.006248236946559435,1000,1.7639028309772116,2.5944397706314226
9450,29458,0.006248236946559435,1000,1.2079481315476048,2.922899847976904
9451,29459,0.006248236946559435,1000,1.5713960974233312,2.6979837713311334
9452,29460,0.006248236946559435,1000,2.2200834906138787,2.225629687641255
9453,29461,0.006248236946559435,1000,1.9446096331095428,2.4215453178459536
9454,29462,0.006248236946559435,1000,1.0497589634869837,2.9662614011776594
9455,29463,0.006248236946559435,1000,1.198852714075904,2.9086784803017323
9456,29464,0.006248236946559435,1000,1.3334642002846633,2.8059709797693353
9457,29465,0.006248236946559435,1000,2.134289776488897,2.2571026838892414
9458,29466,0.006248236946559435,1000,1.2270791972752917,2.900719338506473
9459,29467,0.006248236946559435,1000,1.4031181008614175,2.813182020903076
9460,29468,0.006248236946559435,1000,1.4702449795467116,2.769310097582472
9461,29469,0.006248236946559435,1000,1.5311169247963323,2.7396361730535643
9462,29470,0.006248236946559435,1000,2.2475486985669955,2.1981626379774752
9463,29471,0.006248236946559435,1000,1.3703880796177754,2.8257564592471764
9464,29472,0.006248236946559435,1000,1.0719882030287635,2.964407537263046
9465,29473,0.006248236946559435,1000,1.1835557103213734,2.9091816564589066
9466,29474,0.006248236946559435,1000,1.0712199349257938,2.958382690234747
9467,29475,0.006248236946559435,1000,1.556435286116474,2.644978194441534
9468,29476,0.006248236946559435,1000,1.4087050403927666,2.806050407375859
9469,29477,0.006248236946559435,1000,1.2427487677699385,2.898025208353677
9470,29478,0.006248236946559435,1000,1.1134883505070834,2.954699718782955
9471,29479,0.006248236946559435,1000,1.669575250569419,2.657255276782737
9472,29480,0.006248236946559435,1000,1.4789400286238776,2.72194025425052
9473,29481,0.006248236946559435,1000,1.1573263713648658,2.9312888509512405
9474,29482,0.006248236946559435,1000,1.4321136099141607,2.7959782382894316
9475,29483,0.006248236946559435,1000,1.6052408722532951,2.6830353555337614
9476,29484,0.006248236946559435,1000,1.2277031929496844,2.876978272877113
9477,29485,0.006248236946559435,1000,1.6105332737582774,2.7056618454163157
9478,29486,0.006248236946559435,1000,1.023961512959778,2.976407466977073
9479,29487,0.006248236946559435,1000,1.8280186223721646,2.5382601174750623
9480,29488,0.006248236946559435,1000,1.1053497812745194,2.9434226135418973
9481,29489,0.006248236946559435,1000,1.069273357172899,2.941850186446831
9482,29490,0.006248236946559435,1000,1.062848954720668,2.946566054533295
9483,29491,0.006248236946559435,1000,1.014786878235218,2.9807021405645506
9484,29492,0.006248236946559435,1000,1.0625301843013966,2.9656470025080615
9485,29493,0.006248236946559435,1000,1.0955155968936447,2.928676017085288
9486,29494,0.006248236946559435,1000,1.5101077067333113,2.7498979641312946
9487,29495,0.006248236946559435,1000,1.1790048399091773,2.9073719816305355
9488,29496,0.006248236946559435,1000,1.6583614274795084,2.6514349511441697
9489,29497,0.006248236946559435,1000,1.9400833037720322,2.475462447552989
9490,29498,0.006248236946559435,1000,1.5138459383618939,2.7407709097705215
9491,29499,0.006248236946559435,1000,1.2568812613276472,2.873162964782493
9492,29500,0.006248236946559435,1200,1.0870660380261248,2.9213743802699565
9493,29501,0.006248236946559435,1200,1.2810934401219467,2.8720406712231212
9494,29502,0.006248236946559435,1200,1.3597145497100331,2.825369502001147
9495,29503,0.006248236946559435,1200,1.0508232128761914,2.9707909482343022
9496,29504,0.006248236946559435,1200,1.0175640051062778,2.9990074117858465
9497,29505,0.006248236946559435,1200,1.2410167665693743,2.8876045336532163
9498,29506,0.006248236946559435,1200,1.0871717549705295,2.9585104688737456
9499,29507,0.006248236946559435,1200,1.2182863586635775,2.8980633816490124
9500,29508,0.006248236946559435,1200,1.0618335637152634,2.9542969993424193
9501,29509,0.006248236946559435,1200,1.9120224888196113,2.504805732013133
9502,29510,0.006248236946559435,1200,1.4170685848460838,2.7988411103315776
9503,29511,0.006248236946559435,1200,1.455284859524746,2.777885059262951
9504,29512,0.006248236946559435,1200,1.3468815899751037,2.81797823920844
9505,29513,0.006248236946559435,1200,1.074388351254804,2.9673699540149086
9506,29514,0.006248236946559435,1200,1.1673215139524413,2.9220115446669075
9507,29515,0.006248236946559435,1200,1.2433168081258845,2.889461385658234
9508,29516,0.006248236946559435,1200,1.9288560864771216,2.455090581890662
9509,29517,0.006248236946559435,1200,1.973473978915233,2.4728791017521017
9510,29518,0.006248236946559435,1200,1.1371803756584564,2.938450349033284
9511,29519,0.006248236946559435,1200,1.467904311263323,2.7961798282105854
9512,29520,0.006248236946559435,1200,1.613894107973448,2.687346996056893
9513,29521,0.006248236946559435,1200,1.3192174043522513,2.85507903410386
9514,29522,0.006248236946559435,1200,1.2384775238624477,2.8833179145307817
9515,29523,0.006248236946559435,1200,1.9860563547311478,2.433663852302316
9516,29524,0.006248236946559435,1200,1.2633967224912117,2.886864622991987
9517,29525,0.006248236946559435,1200,1.6268758586704302,2.641454153961308
9518,29526,0.006248236946559435,1200,1.3994074753539887,2.8013892241139375
9519,29527,0.006248236946559435,1200,1.025602192428352,2.971898806543717
9520,29528,0.006248236946559435,1200,1.0924215520277043,2.96127642473791
9521,29529,0.006248236946559435,1200,1.1958219288518575,2.9196532357583203
9522,29530,0.006248236946559435,1200,1.846342557553487,2.5413542900162334
9523,29531,0.006248236946559435,1200,1.957281242537403,2.415620349952648
9524,29532,0.006248236946559435,1200,1.8978104316850744,2.4201803046573516
9525,29533,0.006248236946559435,1200,2.317240334935355,2.0543723935999223
9526,29534,0.006248236946559435,1200,1.5776179878771264,2.7258324138359966
9527,29535,0.006248236946559435,1200,1.0449599122090043,2.960982704658418
9528,29536,0.006248236946559435,1200,2.0313949790136734,2.405461741926025
9529,29537,0.006248236946559435,1200,1.68708265705857,2.6600010982282223
9530,29538,0.006248236946559435,1200,1.6799375822536267,2.65635096530145
9531,29539,0.006248236946559435,1200,1.3307299479352146,2.8611206410148404
9532,29540,0.006248236946559435,1200,1.4385393206909762,2.711216088450678
9533,29541,0.006248236946559435,1200,1.529629828104801,2.7405499053887743
9534,29542,0.006248236946559435,1200,1.3047068767398364,2.857488326844088
9535,29543,0.006248236946559435,1200,1.6851841612057907,2.593318048112182
9536,29544,0.006248236946559435,1200,1.1950886692330875,2.9043754691886967
9537,29545,0.006248236946559435,1200,1.1552325826320748,2.929898559585144
9538,29546,0.006248236946559435,1200,1.953937217191529,2.445195980306067
9539,29547,0.006248236946559435,1200,2.390513966513935,1.9791794234326985
9540,29548,0.006248236946559435,1200,2.2020723966885254,2.1832915132285944
9541,29549,0.006248236946559435,1200,1.758812705361489,2.5535169299861264
9542,29550,0.006248236946559435,1200,1.1545708916853472,2.9248441552261157
9543,29551,0.006248236946559435,1200,1.646215453909471,2.6601210414709167
9544,29552,0.006248236946559435,1200,1.8125729778447373,2.5161235969529634
9545,29553,0.006248236946559435,1200,1.0885827271442736,2.943843821890093
9546,29554,0.006248236946559435,1200,2.816817285227811,1.3646262529124158
9547,29555,0.006248236946559435,1200,1.049142480188512,2.9651232669724044
9548,29556,0.006248236946559435,1200,1.0573070118841428,2.961911853137015
9549,29557,0.006248236946559435,1200,1.5032329394774524,2.7386116513774077
9550,29558,0.006248236946559435,1200,2.0652036381030006,2.3376953193696073
9551,29559,0.006248236946559435,1200,1.2897385626438567,2.8354542791941357
9552,29560,0.006248236946559435,1200,2.396695913179987,2.0117216719866677
9553,29561,0.006248236946559435,1200,1.8008128365366516,2.5517697368751873
9554,29562,0.006248236946559435,1200,1.443287556674147,2.7606422167091167
9555,29563,0.006248236946559435,1200,1.2699318409789413,2.87197757337583
9556,29564,0.006248236946559435,1200,1.3040223948709546,2.8531209987626647
9557,29565,0.006248236946559435,1200,1.8260388552645548,2.5526313931876117
9558,29566,0.006248236946559435,1200,1.4723205005935514,2.788068063274394
9559,29567,0.006248236946559435,1200,1.534667740679603,2.7031799205624973
9560,29568,0.006248236946559435,1200,1.666463843437155,2.611860821573405
9561,29569,0.006248236946559435,1200,2.3700595196550447,1.9474273421109145
9562,29570,0.006248236946559435,1200,1.610462331904565,2.693353458512212
9563,29571,0.006248236946559435,1200,1.4751695971767687,2.7834538827457522
9564,29572,0.006248236946559435,1200,1.1718701000802456,2.9240045950116618
9565,29573,0.006248236946559435,1200,1.2807550171664437,2.871292814646357
9566,29574,0.006248236946559435,1200,2.0629994625516517,2.322942942963744
9567,29575,0.006248236946559435,1200,1.5697873088623042,2.7537145296141916
9568,29576,0.006248236946559435,1200,1.7588304945916426,2.5457377575264744
9569,29577,0.006248236946559435,1200,1.8080754058658932,2.6030244619502683
9570,29578,0.006248236946559435,1200,1.233176309763676,2.8976727273970426
9571,29579,0.006248236946559435,1200,1.7303274555750345,2.6500184353521985
9572,29580,0.006248236946559435,1200,2.4106268458088738,2.0446158201376545
9573,29581,0.006248236946559435,1200,1.6664366067053666,2.6696671819036375
9574,29582,0.006248236946559435,1200,1.2345837737569294,2.8614600697340795
9575,29583,0.006248236946559435,1200,2.0193254691389533,2.38412513431952
9576,29584,0.006248236946559435,1200,1.2071499315270415,2.866653621390993
9577,29585,0.006248236946559435,1200,1.277578672158222,2.8730549943124126
9578,29586,0.006248236946559435,1200,1.208217065179049,2.9132339785978174
9579,29587,0.006248236946559435,1200,2.0293596277197876,2.356653499610668
9580,29588,0.006248236946559435,1200,1.2446547138084818,2.884176085355123
9581,29589,0.006248236946559435,1200,1.381288821648911,2.801030984265466
9582,29590,0.006248236946559435,1200,1.0761392709269915,2.9321178513585133
9583,29591,0.006248236946559435,1200,1.0392051286138644,2.970841723203776
9584,29592,0.006248236946559435,1200,1.7873351705164506,2.5506271627263257
9585,29593,0.006248236946559435,1200,1.2044730566203974,2.901429964555767
9586,29594,0.006248236946559435,1200,1.1926904705812833,2.903862234638752
9587,29595,0.006248236946559435,1200,1.9834937996825421,2.338549498477364
9588,29596,0.006248236946559435,1200,1.0699653967625298,2.9611739058405844
9589,29597,0.006248236946559435,1200,1.8107704650916632,2.522426723003842
9590,29598,0.006248236946559435,1200,1.121719088853958,2.9382556610916537
9591,29599,0.006248236946559435,1200,1.766881327449331,2.481424234957872
9592,29600,0.006248236946559435,1400,1.9000321401539622,2.502617502760219
9593,29601,0.006248236946559435,1400,1.139354297739283,2.9519266253034453
9594,29602,0.006248236946559435,1400,1.0206309593206577,2.9908630321695777
9595,29603,0.006248236946559435,1400,1.1017302306749468,2.947195707437336
9596,29604,0.006248236946559435,1400,1.058226731761874,2.972563297103858
9597,29605,0.006248236946559435,1400,1.2603204797839296,2.8577068628838656
9598,29606,0.006248236946559435,1400,1.9357175319023874,2.4587025894824883
9599,29607,0.006248236946559435,1400,1.2788593413665585,2.9017091514929114
9600,29608,0.006248236946559435,1400,1.1759690348793244,2.921126847706879
9601,29609,0.006248236946559435,1400,1.6537653289081533,2.653528254129644
9602,29610,0.006248236946559435,1400,1.0953408057351512,2.956039979539875
9603,29611,0.006248236946559435,1400,1.3513293291354174,2.822286968518275
9604,29612,0.006248236946559435,1400,1.6272779132463693,2.676849418421603
9605,29613,0.006248236946559435,1400,1.0759365543591062,2.9497959328235046
9606,29614,0.006248236946559435,1400,2.1795655071479665,2.2275419356681363
9607,29615,0.006248236946559435,1400,1.4510831818125354,2.776948125117161
9608,29616,0.006248236946559435,1400,1.1816739844172246,2.9015774525259648
9609,29617,0.006248236946559435,1400,2.0451733175461535,2.3328733013429375
9610,29618,0.006248236946559435,1400,1.7912419162766238,2.5548101455055288
9611,29619,0.006248236946559435,1400,1.9946520996988828,2.3676755076107274
9612,29620,0.006248236946559435,1400,1.7965502073688384,2.5519281664421127
9613,29621,0.006248236946559435,1400,1.6638559257285028,2.6531933827255885
9614,29622,0.006248236946559435,1400,1.0703545156742829,2.964837242614489
9615,29623,0.006248236946559435,1400,1.1152981489019838,2.9377190612157564
9616,29624,0.006248236946559435,1400,1.2576955078955545,2.868196443997017
9617,29625,0.006248236946559435,1400,2.143662055319341,2.2959579376930974
9618,29626,0.006248236946559435,1400,1.0503770856418018,2.9710579774690298
9619,29627,0.006248236946559435,1400,1.0105325367683022,2.986821821650298
9620,29628,0.006248236946559435,1400,1.1608151284256556,2.8988476096485
9621,29629,0.006248236946559435,1400,2.4927774514403587,1.865553733137731
9622,29630,0.006248236946559435,1400,2.3650626922281734,2.093470736770168
9623,29631,0.006248236946559435,1400,1.2425944702323446,2.877772804658469
9624,29632,0.006248236946559435,1400,2.3442845995963046,2.122242223553129
9625,29633,0.006248236946559435,1400,1.4923721449050888,2.769932234910767
9626,29634,0.006248236946559435,1400,2.492138783727621,1.8867202526041222
9627,29635,0.006248236946559435,1400,2.2571659443631615,2.200867885063712
9628,29636,0.006248236946559435,1400,1.4676192164074935,2.7428568050556756
9629,29637,0.006248236946559435,1400,1.170967035055597,2.912355990342341
9630,29638,0.006248236946559435,1400,1.2555693603228704,2.8978032545303676
9631,29639,0.006248236946559435,1400,2.047261215700354,2.338174163121012
9632,29640,0.006248236946559435,1400,1.457143721430524,2.747018631060453
9633,29641,0.006248236946559435,1400,1.2208670195015947,2.9027195074158225
9634,29642,0.006248236946559435,1400,1.0796338019491525,2.952350937789839
9635,29643,0.006248236946559435,1400,1.136554742733875,2.939690325382519
9636,29644,0.006248236946559435,1400,1.7532070036447216,2.5993980025994725
9637,29645,0.006248236946559435,1400,1.4663149220503948,2.7744828459170185
9638,29646,0.006248236946559435,1400,2.523814845056941,1.7569419664525927
9639,29647,0.006248236946559435,1400,1.5630897350937907,2.720943866203856
9640,29648,0.006248236946559435,1400,1.3031630968792556,2.845729028888131
9641,29649,0.006248236946559435,1400,1.3968568035167237,2.8211357834606785
9642,29650,0.006248236946559435,1400,1.0629257357957322,2.9514035461286356
9643,29651,0.006248236946559435,1400,1.07041478971496,2.9555414521083145
9644,29652,0.006248236946559435,1400,1.3445089679467093,2.825484882344793
9645,29653,0.006248236946559435,1400,1.0621487518947554,2.96294886728879
9646,29654,0.006248236946559435,1400,1.5852239868740345,2.711663025884336
9647,29655,0.006248236946559435,1400,1.5416001155756434,2.719631159867787
9648,29656,0.006248236946559435,1400,2.0214337949394348,2.302448147959412
9649,29657,0.006248236946559435,1400,1.4994381099589047,2.7341819985357683
9650,29658,0.006248236946559435,1400,1.3949531097326289,2.835309448390029
9651,29659,0.006248236946559435,1400,1.098806550539612,2.9457533127038302
9652,29660,0.006248236946559435,1400,2.504232325405968,1.9029669960756035
9653,29661,0.006248236946559435,1400,1.5777618451172444,2.7201710756382815
9654,29662,0.006248236946559435,1400,1.828344546363001,2.5267084155600896
9655,29663,0.006248236946559435,1400,1.3304831371933201,2.862214603891115
9656,29664,0.006248236946559435,1400,1.0702724322776276,2.947233433154084
9657,29665,0.006248236946559435,1400,1.3097610663948973,2.852705148221813
9658,29666,0.006248236946559435,1400,1.7994519176455732,2.5480597021959275
9659,29667,0.006248236946559435,1400,1.62788583927296,2.686836884455804
9660,29668,0.006248236946559435,1400,1.2880609469219546,2.84607945383797
9661,29669,0.006248236946559435,1400,1.3945917028831127,2.7676744885904845
9662,29670,0.006248236946559435,1400,1.1914896302518254,2.9263818632338148
9663,29671,0.006248236946559435,1400,1.565972231770211,2.7230388208730885
9664,29672,0.006248236946559435,1400,1.2317203724566865,2.8880670610890116
9665,29673,0.006248236946559435,1400,1.1606242583851318,2.940280637370684
9666,29674,0.006248236946559435,1400,1.283183159252824,2.8404749048148052
9667,29675,0.006248236946559435,1400,1.7147945513934952,2.557108581526579
9668,29676,0.006248236946559435,1400,1.1795474983064838,2.9239404743015482
9669,29677,0.006248236946559435,1400,1.5013162790741994,2.7597935231946
9670,29678,0.006248236946559435,1400,1.3847478030589149,2.8215200275600276
9671,29679,0.006248236946559435,1400,1.8749513630612853,2.5034946351848766
9672,29680,0.006248236946559435,1400,1.3266460372359048,2.8264485854214962
9673,29681,0.006248236946559435,1400,1.375046375780156,2.7966571542013803
9674,29682,0.006248236946559435,1400,1.4018391330307094,2.7951384450799566
9675,29683,0.006248236946559435,1400,2.1720533593265943,2.223716068986867
9676,29684,0.006248236946559435,1400,1.922084346199894,2.4161562747669056
9677,29685,0.006248236946559435,1400,1.2511610958094006,2.8898335033455806
9678,29686,0.006248236946559435,1400,2.0062454086555297,2.3779618674736147
9679,29687,0.006248236946559435,1400,1.2303324758244216,2.8972528423106834
9680,29688,0.006248236946559435,1400,1.9973609763169882,2.40317808064831
9681,29689,0.006248236946559435,1400,1.2000777791512551,2.914880574311316
9682,29690,0.006248236946559435,1400,1.0517624243006538,2.973556939023008
9683,29691,0.006248236946559435,1400,1.3841915771849655,2.821548191952747
9684,29692,0.006248236946559435,1400,2.296983464851982,2.1200590225036273
9685,29693,0.006248236946559435,1400,1.6230761465048835,2.660618364325683
9686,29694,0.006248236946559435,1400,1.7425781444927844,2.62754023121614
9687,29695,0.006248236946559435,1400,1.4510276476673303,2.7659802886631684
9688,29696,0.006248236946559435,1400,1.5946202989414524,2.70419195707078
9689,29697,0.006248236946559435,1400,1.1180414782327754,2.939104180828829
9690,29698,0.006248236946559435,1400,1.5785253539681836,2.702972614455568
9691,29699,0.006248236946559435,1400,1.542961663264684,2.7216507057508355
9692,29700,0.006248236946559435,1600,1.0902611711348438,2.9365957554493276
9693,29701,0.006248236946559435,1600,1.2426165994086986,2.871718698198889
9694,29702,0.006248236946559435,1600,1.4660739313544613,2.7844007548159415
9695,29703,0.006248236946559435,1600,2.25869992946036,2.15462817937666
9696,29704,0.006248236946559435,1600,1.8435896231468007,2.5527556164912335
9697,29705,0.006248236946559435,1600,1.5689129531868973,2.672885892003395
9698,29706,0.006248236946559435,1600,1.537498851782101,2.7065198219080857
9699,29707,0.006248236946559435,1600,1.7610582384544855,2.5608205449788515
9700,29708,0.006248236946559435,1600,1.7669630935835692,2.5804808504529495
9701,29709,0.006248236946559435,1600,1.8266327249430947,2.5629960006610544
9702,29710,0.006248236946559435,1600,1.2134629567052435,2.9248011010687818
9703,29711,0.006248236946559435,1600,1.012962822824108,2.984594001526467
9704,29712,0.006248236946559435,1600,1.030834862188621,2.949765411631236
9705,29713,0.006248236946559435,1600,1.0637811896488218,2.951623360957563
9706,29714,0.006248236946559435,1600,1.4469718459249514,2.7888191005121827
9707,29715,0.006248236946559435,1600,2.0790722512149387,2.280915748984157
9708,29716,0.006248236946559435,1600,2.206767956629857,2.1822754545361667
9709,29717,0.006248236946559435,1600,1.7181268800151734,2.5963247555652447
9710,29718,0.006248236946559435,1600,2.5275526265051167,1.8451271615813787
9711,29719,0.006248236946559435,1600,1.1581765451103716,2.935708222654435
9712,29720,0.006248236946559435,1600,1.1021192851597728,2.9556922849225677
9713,29721,0.006248236946559435,1600,1.9913802734442918,2.4331047011831703
9714,29722,0.006248236946559435,1600,1.9276183226770367,2.417452386423449
9715,29723,0.006248236946559435,1600,2.1329388248568173,2.3468034504451394
9716,29724,0.006248236946559435,1600,1.0312985850185457,2.946805485797226
9717,29725,0.006248236946559435,1600,1.0428676745783796,2.98516530743868
9718,29726,0.006248236946559435,1600,1.0528697409055179,2.9397887209841063
9719,29727,0.006248236946559435,1600,1.0432840588642023,2.9649530960529553
9720,29728,0.006248236946559435,1600,1.0771338369572352,2.959007246768391
9721,29729,0.006248236946559435,1600,1.7253571065990023,2.5564610156045013
9722,29730,0.006248236946559435,1600,2.065276923043786,2.348464704750523
9723,29731,0.006248236946559435,1600,1.989387771956924,2.304119151220664
9724,29732,0.006248236946559435,1600,2.0528287416899484,2.359747971387943
9725,29733,0.006248236946559435,1600,1.3294522761875869,2.840950031325066
9726,29734,0.006248236946559435,1600,1.8431543410078806,2.482493297197314
9727,29735,0.006248236946559435,1600,1.873249151638652,2.4867654892644486
9728,29736,0.006248236946559435,1600,1.7194339150849458,2.596942990548455
9729,29737,0.006248236946559435,1600,1.2050325219787357,2.8860415297523265
9730,29738,0.006248236946559435,1600,1.414169947318406,2.793072393855173
9731,29739,0.006248236946559435,1600,1.4557602728436294,2.73286431828619
9732,29740,0.006248236946559435,1600,1.7110331947680195,2.621101234667183
9733,29741,0.006248236946559435,1600,1.3858146124774413,2.820908102056836
9734,29742,0.006248236946559435,1600,1.3294831222571315,2.830253344223253
9735,29743,0.006248236946559435,1600,1.254896269724539,2.8836706763643445
9736,29744,0.006248236946559435,1600,1.880933993466608,2.514913129112077
9737,29745,0.006248236946559435,1600,1.7467019512211124,2.616324088757529
9738,29746,0.006248236946559435,1600,1.1237435998938166,2.9329876817282754
9739,29747,0.006248236946559435,1600,2.3924160609616,2.0581266584948064
9740,29748,0.006248236946559435,1600,1.695035483762215,2.6457840433272812
9741,29749,0.006248236946559435,1600,1.0670443875025102,2.97261767557555
9742,29750,0.006248236946559435,1600,1.8180432425679776,2.5130079040382016
9743,29751,0.006248236946559435,1600,1.1093095550269214,2.961248547795607
9744,29752,0.006248236946559435,1600,2.07905046167878,2.336458511183209
9745,29753,0.006248236946559435,1600,2.095525796071116,2.3544086007508858
9746,29754,0.006248236946559435,1600,1.3140662502285054,2.8510953869582267
9747,29755,0.006248236946559435,1600,1.047058544297651,2.943183773464683
9748,29756,0.006248236946559435,1600,1.348630393060067,2.832031640520018
9749,29757,0.006248236946559435,1600,1.4611322744110342,2.7912787886924098
9750,29758,0.006248236946559435,1600,1.653400516266931,2.693357915592853
9751,29759,0.006248236946559435,1600,1.4159530434523786,2.7712253280754675
9752,29760,0.006248236946559435,1600,1.950727613524983,2.4060073347835944
9753,29761,0.006248236946559435,1600,1.9769031399554273,2.4324616506450125
9754,29762,0.006248236946559435,1600,2.2770648004935214,2.1421760451245233
9755,29763,0.006248236946559435,1600,1.6327327333806732,2.691228687757675
9756,29764,0.006248236946559435,1600,1.618829533665736,2.6585813302222303
9757,29765,0.006248236946559435,1600,1.1445119874768908,2.943928283319222
9758,29766,0.006248236946559435,1600,1.1768480637700514,2.9188441593295495
9759,29767,0.006248236946559435,1600,1.2530685837490052,2.8630463731116222
9760,29768,0.006248236946559435,1600,1.7254254852257755,2.625802136488354
9761,29769,0.006248236946559435,1600,1.6048211800159216,2.6711457801232648
9762,29770,0.006248236946559435,1600,1.1003041108306393,2.9521961740697127
9763,29771,0.006248236946559435,1600,1.5878354935668624,2.7261241713655306
9764,29772,0.006248236946559435,1600,1.270387877760387,2.866361335062224
9765,29773,0.006248236946559435,1600,1.2725486522662088,2.8815690243039094
9766,29774,0.006248236946559435,1600,1.8089701712740776,2.608102527793006
9767,29775,0.006248236946559435,1600,1.6937998194452266,2.6682132096943842
9768,29776,0.006248236946559435,1600,1.2795228121534459,2.862861272109966
9769,29777,0.006248236946559435,1600,1.6960738053177828,2.6097524954438507
9770,29778,0.006248236946559435,1600,1.320792412106225,2.8192503226489696
9771,29779,0.006248236946559435,1600,2.210529217467457,2.2249259011823606
9772,29780,0.006248236946559435,1600,1.0669900450524512,2.9449423735026556
9773,29781,0.006248236946559435,1600,2.084674002319451,2.3577275765498933
9774,29782,0.006248236946559435,1600,1.6226545490434223,2.6825090914573657
9775,29783,0.006248236946559435,1600,1.2476326976531573,2.8367477648622024
9776,29784,0.006248236946559435,1600,2.1033999194684045,2.3261924782891716
9777,29785,0.006248236946559435,1600,2.2715036102808672,2.146607406207902
9778,29786,0.006248236946559435,1600,1.485718744538009,2.7372204605963804
9779,29787,0.006248236946559435,1600,1.86910317713672,2.486058754237201
9780,29788,0.006248236946559435,1600,1.080975867360766,2.9367353924167303
9781,29789,0.006248236946559435,1600,1.2967108084859473,2.8526311456711153
9782,29790,0.006248236946559435,1600,1.8377226660612678,2.5464267066275754
9783,29791,0.006248236946559435,1600,1.0303645151427259,2.9706114142617634
9784,29792,0.006248236946559435,1600,1.6725877183736757,2.6284224801110576
9785,29793,0.006248236946559435,1600,1.8638601481714783,2.478080422333147
9786,29794,0.006248236946559435,1600,1.483501485589589,2.761249410194219
9787,29795,0.006248236946559435,1600,1.337496400145006,2.8393903517517227
9788,29796,0.006248236946559435,1600,1.9183117315553524,2.489213299395131
9789,29797,0.006248236946559435,1600,1.1875225524396664,2.925664821254992
9790,29798,0.006248236946559435,1600,1.1406303200038752,2.9414987289130807
9791,29799,0.006248236946559435,1600,2.1678044706530573,2.224622420852462
9792,29800,0.006248236946559435,1800,1.1126352436309037,2.9262991436192705
9793,29801,0.006248236946559435,1800,1.7554856511385346,2.5872741826579864
9794,29802,0.006248236946559435,1800,1.6791730195798809,2.677644165625456
9795,29803,0.006248236946559435,1800,1.5614232545497884,2.751314488410668
9796,29804,0.006248236946559435,1800,1.603834308273654,2.6895014747013195
9797,29805,0.006248236946559435,1800,1.3505870328797287,2.7873739238739574
9798,29806,0.006248236946559435,1800,1.4273332374995722,2.792509550359031
9799,29807,0.006248236946559435,1800,1.542993675812368,2.730672132276803
9800,29808,0.006248236946559435,1800,1.2650832776741239,2.871156812024899
9801,29809,0.006248236946559435,1800,1.3863075881590983,2.8466650942888783
9802,29810,0.006248236946559435,1800,1.558438117409053,2.7114999908943656
9803,29811,0.006248236946559435,1800,1.0333416068070602,2.9431366024888588
9804,29812,0.006248236946559435,1800,1.8939765733314644,2.472765435473023
9805,29813,0.006248236946559435,1800,1.033953849093576,2.9568680680042276
9806,29814,0.006248236946559435,1800,1.0583014584833932,2.9669507819584817
9807,29815,0.006248236946559435,1800,1.0562436650664133,2.963592791438697
9808,29816,0.006248236946559435,1800,1.3923758590815702,2.809261854760821
9809,29817,0.006248236946559435,1800,1.8982846404314828,2.538159921475932
9810,29818,0.006248236946559435,1800,1.2648370678242828,2.887560110687205
9811,29819,0.006248236946559435,1800,1.284988259363277,2.8465265939974502
9812,29820,0.006248236946559435,1800,1.1971010357836742,2.9025983459537326
9813,29821,0.006248236946559435,1800,2.422641034582328,1.983754230813777
9814,29822,0.006248236946559435,1800,1.4743701637514428,2.790032896670932
9815,29823,0.006248236946559435,1800,1.6615552961824736,2.6628568902543917
9816,29824,0.006248236946559435,1800,2.096487433854809,2.3342864178190843
9817,29825,0.006248236946559435,1800,1.4636519229500453,2.7277596832235993
9818,29826,0.006248236946559435,1800,1.1683464347674621,2.9229174123427475
9819,29827,0.006248236946559435,1800,1.007812789794984,3.0018552531984177
9820,29828,0.006248236946559435,1800,1.2007488809506506,2.8996599135023673
9821,29829,0.006248236946559435,1800,2.083008095349288,2.2985508702375834
9822,29830,0.006248236946559435,1800,1.7563183883370297,2.577873694748451
9823,29831,0.006248236946559435,1800,1.792843145756296,2.568034165783284
9824,29832,0.006248236946559435,1800,2.552934346871979,1.8335312331607683
9825,29833,0.006248236946559435,1800,1.7858703793070714,2.538611618889966
9826,29834,0.006248236946559435,1800,1.0266433422038936,2.9903367774514105
9827,29835,0.006248236946559435,1800,1.0299648713356047,2.9601592111370905
9828,29836,0.006248236946559435,1800,1.17253604230067,2.9212145808264713
9829,29837,0.006248236946559435,1800,1.3998398925894837,2.7993636134631403
9830,29838,0.006248236946559435,1800,1.308251021224927,2.853292904823308
9831,29839,0.006248236946559435,1800,1.5887881909664294,2.6964929926692465
9832,29840,0.006248236946559435,1800,1.8836983130861924,2.5051320053909665
9833,29841,0.006248236946559435,1800,1.596025621300073,2.7211813578751025
9834,29842,0.006248236946559435,1800,1.0663951305021246,2.976041489313221
9835,29843,0.006248236946559435,1800,1.4733375222408065,2.7391167355099
9836,29844,0.006248236946559435,1800,1.6056452377444397,2.666834943969625
9837,29845,0.006248236946559435,1800,2.115588709313948,2.304414131479473
9838,29846,0.006248236946559435,1800,1.796786644087596,2.590241808086545
9839,29847,0.006248236946559435,1800,1.6176924571274658,2.6664487273859674
9840,29848,0.006248236946559435,1800,1.920371123278231,2.461871911660533
9841,29849,0.006248236946559435,1800,1.8124839731690165,2.54687183148263
9842,29850,0.006248236946559435,1800,1.0566928733331276,2.9779650167197182
9843,29851,0.006248236946559435,1800,1.462906534624666,2.7519691794088565
9844,29852,0.006248236946559435,1800,1.9161197150875524,2.4511074429825013
9845,29853,0.006248236946559435,1800,1.163812042743959,2.9233241802880574
9846,29854,0.006248236946559435,1800,2.314294822636099,2.1363425357173855
9847,29855,0.006248236946559435,1800,1.0442156425607672,2.9629883406611937
9848,29856,0.006248236946559435,1800,1.6989366032150337,2.6114768274624187
9849,29857,0.006248236946559435,1800,1.6243277656261434,2.6905565936885902
9850,29858,0.006248236946559435,1800,2.142671469159775,2.3070731893819194
9851,29859,0.006248236946559435,1800,1.273697105073614,2.881563041458123
9852,29860,0.006248236946559435,1800,1.6122454098781351,2.6136103996048616
9853,29861,0.006248236946559435,1800,1.3065413061456295,2.7947967104219695
9854,29862,0.006248236946559435,1800,2.3761310077907014,1.9794630777132265
9855,29863,0.006248236946559435,1800,1.1853633180389562,2.917325807287249
9856,29864,0.006248236946559435,1800,1.9032486433595406,2.475571810835752
9857,29865,0.006248236946559435,1800,1.8301690501204373,2.534795616762821
9858,29866,0.006248236946559435,1800,1.1389591204951566,2.9050302500284335
9859,29867,0.006248236946559435,1800,1.3877106250583235,2.840973432676219
9860,29868,0.006248236946559435,1800,1.8505951637779199,2.5298871341231264
9861,29869,0.006248236946559435,1800,1.7846720601802026,2.5908984514148417
9862,29870,0.006248236946559435,1800,1.460771682398986,2.790927651409931
9863,29871,0.006248236946559435,1800,1.9635136919085423,2.3101516201940013
9864,29872,0.006248236946559435,1800,1.9655886848028754,2.4132522855472804
9865,29873,0.006248236946559435,1800,1.4518471449241794,2.776478558060281
9866,29874,0.006248236946559435,1800,1.6180216763892052,2.682268328965665
9867,29875,0.006248236946559435,1800,2.0905745459956253,2.33041125978047
9868,29876,0.006248236946559435,1800,1.7003782654292081,2.6218988237360663
9869,29877,0.006248236946559435,1800,1.0319361953889654,2.981045626265021
9870,29878,0.006248236946559435,1800,1.3795767328481439,2.8348277701654236
9871,29879,0.006248236946559435,1800,2.143218991372713,2.3359457771545404
9872,29880,0.006248236946559435,1800,1.3222518298730348,2.8514768472027745
9873,29881,0.006248236946559435,1800,1.4143091211125736,2.7773687763646144
9874,29882,0.006248236946559435,1800,2.3899369378487463,2.0680240663656084
9875,29883,0.006248236946559435,1800,1.28461655745489,2.8568304870951162
9876,29884,0.006248236946559435,1800,1.1372471645906557,2.9212708587245317
9877,29885,0.006248236946559435,1800,1.6138240558028234,2.6548705483882835
9878,29886,0.006248236946559435,1800,1.1833809433107638,2.8840349986115994
9879,29887,0.006248236946559435,1800,1.2761815673822612,2.8457550429823
9880,29888,0.006248236946559435,1800,1.3690275890720423,2.8190643315252824
9881,29889,0.006248236946559435,1800,1.5522707885972449,2.6714415812034806
9882,29890,0.006248236946559435,1800,1.0704244105111076,2.943387363835579
9883,29891,0.006248236946559435,1800,1.0273594054205049,2.967073931208639
9884,29892,0.006248236946559435,1800,1.18445356798369,2.9085868347879815
9885,29893,0.006248236946559435,1800,1.5289745375309758,2.7399100036834816
9886,29894,0.006248236946559435,1800,1.2998431124588838,2.8512068700131215
9887,29895,0.006248236946559435,1800,1.967947544111221,2.42334593285526
9888,29896,0.006248236946559435,1800,1.5971558435487527,2.6801554801291845
9889,29897,0.006248236946559435,1800,1.527666324103744,2.7248516527822364
9890,29898,0.006248236946559435,1800,1.1814512004371471,2.9058228701105517
9891,29899,0.006248236946559435,1800,1.156528789081728,2.9004995491936265
9892,29900,0.006248236946559435,2000,1.89609854179511,2.497868096578931
9893,29901,0.006248236946559435,2000,1.5307559204539858,2.715988741093116
9894,29902,0.006248236946559435,2000,1.0284372346333595,2.993457811065685
9895,29903,0.006248236946559435,2000,1.0940624243117543,2.9511610776257813
9896,29904,0.006248236946559435,2000,1.835159278168624,2.551943344521484
9897,29905,0.006248236946559435,2000,1.6950266091976374,2.6451057510551115
9898,29906,0.006248236946559435,2000,1.1984026314241,2.9007493649986964
9899,29907,0.006248236946559435,2000,1.159361372586336,2.909568476688336
9900,29908,0.006248236946559435,2000,1.7201920917484164,2.5895629102277318
9901,29909,0.006248236946559435,2000,2.4794583945023905,1.9466438786427431
9902,29910,0.006248236946559435,2000,1.2069964070349375,2.889743532147251
9903,29911,0.006248236946559435,2000,1.0050196770044886,2.9659236377900458
9904,29912,0.006248236946559435,2000,1.486272991493636,2.7732099744769334
9905,29913,0.006248236946559435,2000,1.0627484933444946,2.984514557670427
9906,29914,0.006248236946559435,2000,1.4873957408693173,2.7432439027295263
9907,29915,0.006248236946559435,2000,1.0304894343396955,2.9812781181067396
9908,29916,0.006248236946559435,2000,1.4071740614269543,2.805678272332926
9909,29917,0.006248236946559435,2000,2.003884697443808,2.4097460105887687
9910,29918,0.006248236946559435,2000,1.215509303478136,2.891674666530922
9911,29919,0.006248236946559435,2000,2.474682161791978,1.9622821825152585
9912,29920,0.006248236946559435,2000,1.3674402578035854,2.806195960102341
9913,29921,0.006248236946559435,2000,2.441022602685215,1.8647791305107375
9914,29922,0.006248236946559435,2000,1.8886005194576143,2.495744183024107
9915,29923,0.006248236946559435,2000,1.9218581636070902,2.467665933485384
9916,29924,0.006248236946559435,2000,2.2416426915954104,2.2018201244281785
9917,29925,0.006248236946559435,2000,1.0434765404459505,2.981521791680163
9918,29926,0.006248236946559435,2000,1.013520953713466,2.971995600069177
9919,29927,0.006248236946559435,2000,1.036122510465523,2.9673487067717206
9920,29928,0.006248236946559435,2000,1.1126467096958346,2.9221084968689466
9921,29929,0.006248236946559435,2000,1.5220558724073452,2.763466661632824
9922,29930,0.006248236946559435,2000,1.6266054370166398,2.686397707561714
9923,29931,0.006248236946559435,2000,1.4633474280106153,2.7773881923014976
9924,29932,0.006248236946559435,2000,2.4907674174543155,1.9339078602764275
9925,29933,0.006248236946559435,2000,2.4799002003929593,1.8314901479028276
9926,29934,0.006248236946559435,2000,2.3109065810966656,2.1130867023677173
9927,29935,0.006248236946559435,2000,1.0594078338435293,2.9594441846993886
9928,29936,0.006248236946559435,2000,1.4170234998422033,2.809140324044031
9929,29937,0.006248236946559435,2000,1.118026149208442,2.948048596292484
9930,29938,0.006248236946559435,2000,1.06764416682014,2.938535419308947
9931,29939,0.006248236946559435,2000,1.22709686790116,2.8930998348881056
9932,29940,0.006248236946559435,2000,1.1166692072343705,2.937896701807985
9933,29941,0.006248236946559435,2000,1.3042412233139458,2.838152150083457
9934,29942,0.006248236946559435,2000,1.787329967093435,2.5291993427973827
9935,29943,0.006248236946559435,2000,1.8135052000189038,2.544177086557538
9936,29944,0.006248236946559435,2000,1.3074414644610937,2.8514231273996287
9937,29945,0.006248236946559435,2000,1.8594478310467877,2.5426674860049383
9938,29946,0.006248236946559435,2000,2.1433071212836463,2.3025215196272995
9939,29947,0.006248236946559435,2000,1.1281402353992624,2.952262203454624
9940,29948,0.006248236946559435,2000,1.5933921056115359,2.714133634398011
9941,29949,0.006248236946559435,2000,2.1713470182796604,2.3057912424158795
9942,29950,0.006248236946559435,2000,1.1698475917999458,2.9254702635072474
9943,29951,0.006248236946559435,2000,1.1280348509647384,2.946750257037565
9944,29952,0.006248236946559435,2000,1.2131903839137728,2.9147594418560105
9945,29953,0.006248236946559435,2000,1.117007862968997,2.9400303810464004
9946,29954,0.006248236946559435,2000,2.049189021163234,2.368427522968968
9947,29955,0.006248236946559435,2000,1.416268470123787,2.7973514078497077
9948,29956,0.006248236946559435,2000,1.2959941847220362,2.872242493025334
9949,29957,0.006248236946559435,2000,1.3244556926694186,2.8431167637380734
9950,29958,0.006248236946559435,2000,1.2124906634781882,2.9287873435576706
9951,29959,0.006248236946559435,2000,2.191092278413564,2.1806914412768146
9952,29960,0.006248236946559435,2000,1.2168380109127583,2.904695497251821
9953,29961,0.006248236946559435,2000,1.2358527802880115,2.8941703246636
9954,29962,0.006248236946559435,2000,1.5276723193632282,2.7595856955419418
9955,29963,0.006248236946559435,2000,1.6025800699098192,2.6999961861524695
9956,29964,0.006248236946559435,2000,1.8425790252791683,2.5371948132499074
9957,29965,0.006248236946559435,2000,1.1699358363375862,2.924943967062461
9958,29966,0.006248236946559435,2000,1.6257055097687847,2.673775897527661
9959,29967,0.006248236946559435,2000,1.3856005818355186,2.816939790701686
9960,29968,0.006248236946559435,2000,1.1347711091272825,2.938432190189216
9961,29969,0.006248236946559435,2000,1.6642102248710215,2.6415536438062786
9962,29970,0.006248236946559435,2000,1.3297031436152138,2.853068471562891
9963,29971,0.006248236946559435,2000,1.2266953317036182,2.9021073343679573
9964,29972,0.006248236946559435,2000,2.1529041316486666,2.2495616780585395
9965,29973,0.006248236946559435,2000,1.193005772080637,2.8873954928592473
9966,29974,0.006248236946559435,2000,1.0363771046481411,2.9783906368891104
9967,29975,0.006248236946559435,2000,1.5320490216185445,2.7477617194107706
9968,29976,0.006248236946559435,2000,1.8404378861956847,2.524340443713511
9969,29977,0.006248236946559435,2000,1.026124429912183,2.9829155187424936
9970,29978,0.006248236946559435,2000,1.4786824360658228,2.7833681511926875
9971,29979,0.006248236946559435,2000,2.345137321252724,2.1245774080075437
9972,29980,0.006248236946559435,2000,1.1788681855444578,2.9218722111234454
9973,29981,0.006248236946559435,2000,1.4710809797608762,2.7547242645250387
9974,29982,0.006248236946559435,2000,1.0838764612000142,2.9481286926095462
9975,29983,0.006248236946559435,2000,1.612135883413491,2.6698231311086715
9976,29984,0.006248236946559435,2000,1.17064736589905,2.8923292507089142
9977,29985,0.006248236946559435,2000,1.8018420877517585,2.5628868759515937
9978,29986,0.006248236946559435,2000,1.2909223554032034,2.8711583604683915
9979,29987,0.006248236946559435,2000,1.7746926723384484,2.5562869247425546
9980,29988,0.006248236946559435,2000,1.9032302075854979,2.482123597278811
9981,29989,0.006248236946559435,2000,1.205540168703931,2.9203846342851856
9982,29990,0.006248236946559435,2000,1.0338513595663186,2.966209348383056
9983,29991,0.006248236946559435,2000,1.0398882865580614,2.9477494750262707
9984,29992,0.006248236946559435,2000,1.4229226624364177,2.7644602348467933
9985,29993,0.006248236946559435,2000,1.8729998301349766,2.4865463151318816
9986,29994,0.006248236946559435,2000,1.6097602258881651,2.7029003109454957
9987,29995,0.006248236946559435,2000,1.759731752813519,2.6069463372824084
9988,29996,0.006248236946559435,2000,1.5870995197395756,2.705143142091313
9989,29997,0.006248236946559435,2000,1.0346707540809685,2.969265728040073
9990,29998,0.006248236946559435,2000,1.3934349164383601,2.810601655189629
9991,29999,0.006248236946559435,2000,1.6764303494664432,2.6365959982926785
