,exp,beta_i,t0,s
0,3200,0.00011111111111111112,100.0,0.8740924729241265
1,3201,0.00011111111111111112,100.0,0.8963051901923286
2,3202,0.00011111111111111112,100.0,-0.9712251027425131
3,3203,0.00011111111111111112,100.0,0.8910729090372721
4,3204,0.00011111111111111112,100.0,0.9092233445909288
5,3205,0.00011111111111111112,100.0,0.8822724024454752
6,3206,0.00011111111111111112,100.0,-0.973913934495714
7,3207,0.00011111111111111112,100.0,0.9124925401475694
8,3208,0.00011111111111111112,100.0,0.9050174289279513
9,3209,0.00011111111111111112,100.0,0.8973351584540473
10,3210,0.00011111111111111112,100.0,0.915019671122233
11,3211,0.00011111111111111112,100.0,0.9038136800130209
12,3212,0.00011111111111111112,100.0,0.9121901194254557
13,3213,0.00011111111111111112,100.0,0.9030171500311958
14,3214,0.00011111111111111112,100.0,-0.9667992062038846
15,3215,0.00011111111111111112,100.0,0.9113648732503256
16,3216,0.00011111111111111112,100.0,0.9127417670355903
17,3217,0.00011111111111111112,100.0,-0.9799399905734592
18,3218,0.00011111111111111112,100.0,0.9063911437988281
19,3219,0.00011111111111111112,100.0,-0.9745154910617404
20,3220,0.00011111111111111112,100.0,0.9096024831136068
21,3221,0.00011111111111111112,100.0,0.8804315461052789
22,3222,0.00011111111111111112,100.0,0.9130723741319444
23,3223,0.00011111111111111112,100.0,-0.8980712890625
24,3224,0.00011111111111111112,100.0,0.9145738813612196
25,3225,0.00011111111111111112,100.0,0.8990033467610677
26,3226,0.00011111111111111112,100.0,0.9228562249077691
27,3227,0.00011111111111111112,100.0,0.9232147004869249
28,3228,0.00011111111111111112,100.0,0.9099735683865018
29,3229,0.00011111111111111112,100.0,0.843742741478814
30,3230,0.00011111111111111112,100.0,0.912257194519043
31,3231,0.00011111111111111112,100.0,-0.9959478378295898
32,3232,0.00011111111111111112,100.0,0.9025350146823459
33,3233,0.00011111111111111112,100.0,0.9087601767645942
34,3234,0.00011111111111111112,100.0,0.9188815222846137
35,3235,0.00011111111111111112,100.0,0.9007556703355577
36,3236,0.00011111111111111112,100.0,0.9123434490627713
37,3237,0.00011111111111111112,100.0,0.9170989990234375
38,3238,0.00011111111111111112,100.0,0.9045058356391059
39,3239,0.00011111111111111112,100.0,0.9208512836032443
40,3240,0.00011111111111111112,100.0,0.873653358883328
41,3241,0.00011111111111111112,100.0,0.9145904117160373
42,3242,0.00011111111111111112,100.0,0.9187402725219727
43,3243,0.00011111111111111112,100.0,0.7659395005967882
44,3244,0.00011111111111111112,100.0,0.9080265892876519
45,3245,0.00011111111111111112,100.0,0.9143332375420464
46,3246,0.00011111111111111112,100.0,0.9166144265068902
47,3247,0.00011111111111111112,100.0,0.9176039165920682
48,3248,0.00011111111111111112,100.0,0.9248204761081271
49,3249,0.00011111111111111112,100.0,0.9086893929375542
50,3250,0.00011111111111111112,200.0,0.02555988894568549
51,3251,0.00011111111111111112,200.0,0.7617078887091743
52,3252,0.00011111111111111112,200.0,-0.25359296798706055
53,3253,0.00011111111111111112,200.0,-0.8482808007134331
54,3254,0.00011111111111111112,200.0,0.7894394132826064
55,3255,0.00011111111111111112,200.0,0.6944244702657064
56,3256,0.00011111111111111112,200.0,-0.8316383361816406
57,3257,0.00011111111111111112,200.0,0.6927454736497667
58,3258,0.00011111111111111112,200.0,0.769106388092041
59,3259,0.00011111111111111112,200.0,0.7745894855923123
60,3260,0.00011111111111111112,200.0,0.7808466487460666
61,3261,0.00011111111111111112,200.0,0.7157702975802951
62,3262,0.00011111111111111112,200.0,0.8049375745985243
63,3263,0.00011111111111111112,200.0,0.776502874162462
64,3264,0.00011111111111111112,200.0,0.7190916273328993
65,3265,0.00011111111111111112,200.0,0.7628027598063151
66,3266,0.00011111111111111112,200.0,0.6950251791212294
67,3267,0.00011111111111111112,200.0,-0.9700945748223199
68,3268,0.00011111111111111112,200.0,-0.6844107839796278
69,3269,0.00011111111111111112,200.0,-0.9677321116129557
70,3270,0.00011111111111111112,200.0,0.6505071851942275
71,3271,0.00011111111111111112,200.0,0.7135172949896919
72,3272,0.00011111111111111112,200.0,0.7781198819478353
73,3273,0.00011111111111111112,200.0,-0.8047598732842339
74,3274,0.00011111111111111112,200.0,0.797983275519477
75,3275,0.00011111111111111112,200.0,-0.9372043609619141
76,3276,0.00011111111111111112,200.0,0.818157778845893
77,3277,0.00011111111111111112,200.0,0.7811788452996148
78,3278,0.00011111111111111112,200.0,0.7877347734239366
79,3279,0.00011111111111111112,200.0,0.5517989794413248
80,3280,0.00011111111111111112,200.0,0.7268011834886339
81,3281,0.00011111111111111112,200.0,-0.99101808336046
82,3282,0.00011111111111111112,200.0,0.783286624484592
83,3283,0.00011111111111111112,200.0,0.7511142624749078
84,3284,0.00011111111111111112,200.0,0.7731504970126681
85,3285,0.00011111111111111112,200.0,0.7605890697903104
86,3286,0.00011111111111111112,200.0,0.8068235715230306
87,3287,0.00011111111111111112,200.0,0.8013969527350532
88,3288,0.00011111111111111112,200.0,0.7781906127929688
89,3289,0.00011111111111111112,200.0,0.8039900991651747
90,3290,0.00011111111111111112,200.0,0.7785247166951498
91,3291,0.00011111111111111112,200.0,0.8063711060418023
92,3292,0.00011111111111111112,200.0,0.8143793212042915
93,3293,0.00011111111111111112,200.0,0.7244211832682291
94,3294,0.00011111111111111112,200.0,0.766721248626709
95,3295,0.00011111111111111112,200.0,0.7765568627251519
96,3296,0.00011111111111111112,200.0,0.3294200367397732
97,3297,0.00011111111111111112,200.0,0.7491742240058051
98,3298,0.00011111111111111112,200.0,0.806793106926812
99,3299,0.00011111111111111112,200.0,0.6683435440063477
100,3300,0.00011111111111111112,300.0,-0.9904743830362955
101,3301,0.00011111111111111112,300.0,0.8878125614590116
102,3302,0.00011111111111111112,300.0,0.7086348003811307
103,3303,0.00011111111111111112,300.0,-0.9963250690036349
104,3304,0.00011111111111111112,300.0,0.8872851795620389
105,3305,0.00011111111111111112,300.0,0.8616827858818902
106,3306,0.00011111111111111112,300.0,-0.9964543448554145
107,3307,0.00011111111111111112,300.0,-0.9890460968017578
108,3308,0.00011111111111111112,300.0,0.894134415520562
109,3309,0.00011111111111111112,300.0,0.8528913391960992
110,3310,0.00011111111111111112,300.0,0.8888249927096896
111,3311,0.00011111111111111112,300.0,0.7904812494913737
112,3312,0.00011111111111111112,300.0,0.8955503039889865
113,3313,0.00011111111111111112,300.0,0.8935477998521593
114,3314,0.00011111111111111112,300.0,0.8886751068962945
115,3315,0.00011111111111111112,300.0,-0.9920607672797309
116,3316,0.00011111111111111112,300.0,0.7627978324890137
117,3317,0.00011111111111111112,300.0,-0.9966102176242404
118,3318,0.00011111111111111112,300.0,-0.9887126286824545
119,3319,0.00011111111111111112,300.0,-0.9975919723510742
120,3320,0.00011111111111111112,300.0,-0.8929822709825304
121,3321,0.00011111111111111112,300.0,0.6139516830444336
122,3322,0.00011111111111111112,300.0,0.8567459848192003
123,3323,0.00011111111111111112,300.0,-0.9958569208780924
124,3324,0.00011111111111111112,300.0,0.8942839304606119
125,3325,0.00011111111111111112,300.0,-0.9936650594075521
126,3326,0.00011111111111111112,300.0,0.8971242904663086
127,3327,0.00011111111111111112,300.0,0.8647942543029785
128,3328,0.00011111111111111112,300.0,0.8929231431749132
129,3329,0.00011111111111111112,300.0,-0.9832018746270074
130,3330,0.00011111111111111112,300.0,-0.983453008863661
131,3331,0.00011111111111111112,300.0,-0.9990492926703559
132,3332,0.00011111111111111112,300.0,0.8646306991577148
133,3333,0.00011111111111111112,300.0,0.8844503296746148
134,3334,0.00011111111111111112,300.0,0.884125550587972
135,3335,0.00011111111111111112,300.0,0.8735913700527616
136,3336,0.00011111111111111112,300.0,0.8968619240654839
137,3337,0.00011111111111111112,300.0,0.8974493874443902
138,3338,0.00011111111111111112,300.0,0.8776615990532769
139,3339,0.00011111111111111112,300.0,0.8909025192260742
140,3340,0.00011111111111111112,300.0,0.8738250732421875
141,3341,0.00011111111111111112,300.0,0.8952932357788086
142,3342,0.00011111111111111112,300.0,0.8958626853095161
143,3343,0.00011111111111111112,300.0,0.8010259734259711
144,3344,0.00011111111111111112,300.0,0.8901707331339518
145,3345,0.00011111111111111112,300.0,0.8910374111599393
146,3346,0.00011111111111111112,300.0,-0.9914369583129883
147,3347,0.00011111111111111112,300.0,-0.9739875793457031
148,3348,0.00011111111111111112,300.0,0.8964888254801432
149,3349,0.00011111111111111112,300.0,-0.9705940882364908
150,3350,0.00011111111111111112,400.0,-0.9991114934285482
151,3351,0.00011111111111111112,400.0,0.9229204389784071
152,3352,0.00011111111111111112,400.0,-0.9974128935072157
153,3353,0.00011111111111111112,400.0,-0.9994384977552626
154,3354,0.00011111111111111112,400.0,0.9074684778849283
155,3355,0.00011111111111111112,400.0,0.8442667855156792
156,3356,0.00011111111111111112,400.0,-0.9994063907199435
157,3357,0.00011111111111111112,400.0,-0.9993412229749892
158,3358,0.00011111111111111112,400.0,0.9250991609361436
159,3359,0.00011111111111111112,400.0,-0.8408890830145942
160,3360,0.00011111111111111112,400.0,0.9159164428710938
161,3361,0.00011111111111111112,400.0,-0.9909920162624783
162,3362,0.00011111111111111112,400.0,0.9269625345865885
163,3363,0.00011111111111111112,400.0,0.9243458641899956
164,3364,0.00011111111111111112,400.0,0.9263349109225802
165,3365,0.00011111111111111112,400.0,-0.9992312325371636
166,3366,0.00011111111111111112,400.0,-0.9968820148044162
167,3367,0.00011111111111111112,400.0,-0.9994354248046875
168,3368,0.00011111111111111112,400.0,-0.9990301132202148
169,3369,0.00011111111111111112,400.0,-0.9995032416449653
170,3370,0.00011111111111111112,400.0,-0.9983883963690864
171,3371,0.00011111111111111112,400.0,-0.996697743733724
172,3372,0.00011111111111111112,400.0,-0.9847635693020291
173,3373,0.00011111111111111112,400.0,-0.9994874530368381
174,3374,0.00011111111111111112,400.0,0.9275148179796007
175,3375,0.00011111111111111112,400.0,-0.9992511537339952
176,3376,0.00011111111111111112,400.0,0.9255197313096788
177,3377,0.00011111111111111112,400.0,-0.9971161948310004
178,3378,0.00011111111111111112,400.0,0.923551877339681
179,3379,0.00011111111111111112,400.0,-0.9986777835422092
180,3380,0.00011111111111111112,400.0,-0.9990816116333008
181,3381,0.00011111111111111112,400.0,-0.9996632470024956
182,3382,0.00011111111111111112,400.0,-0.9928409788343642
183,3383,0.00011111111111111112,400.0,0.901285277472602
184,3384,0.00011111111111111112,400.0,0.900477409362793
185,3385,0.00011111111111111112,400.0,0.8263693385654025
186,3386,0.00011111111111111112,400.0,0.9267891777886285
187,3387,0.00011111111111111112,400.0,0.9274446699354384
188,3388,0.00011111111111111112,400.0,-0.9449523289998373
189,3389,0.00011111111111111112,400.0,0.9064254760742188
190,3390,0.00011111111111111112,400.0,0.8932240804036459
191,3391,0.00011111111111111112,400.0,0.9263890584309896
192,3392,0.00011111111111111112,400.0,0.9281859927707248
193,3393,0.00011111111111111112,400.0,-0.9902602301703559
194,3394,0.00011111111111111112,400.0,0.9182789060804579
195,3395,0.00011111111111111112,400.0,0.9148548973931206
196,3396,0.00011111111111111112,400.0,-0.9991287655300565
197,3397,0.00011111111111111112,400.0,-0.9987922244601779
198,3398,0.00011111111111111112,400.0,0.926550653245714
199,3399,0.00011111111111111112,400.0,-0.9986387888590494
200,3400,0.00011111111111111112,500.0,-0.9996537102593316
201,3401,0.00011111111111111112,500.0,0.9398445553249783
202,3402,0.00011111111111111112,500.0,-0.9995453092787001
203,3403,0.00011111111111111112,500.0,-0.9996661080254449
204,3404,0.00011111111111111112,500.0,0.8695836067199707
205,3405,0.00011111111111111112,500.0,-0.9991956286960177
206,3406,0.00011111111111111112,500.0,-0.9996554056803385
207,3407,0.00011111111111111112,500.0,-0.9996329413519965
208,3408,0.00011111111111111112,500.0,0.9422231250339084
209,3409,0.00011111111111111112,500.0,-0.9991274939643012
210,3410,0.00011111111111111112,500.0,0.9224675496419271
211,3411,0.00011111111111111112,500.0,-0.9994269476996528
212,3412,0.00011111111111111112,500.0,0.9442227681477865
213,3413,0.00011111111111111112,500.0,0.9437966876559787
214,3414,0.00011111111111111112,500.0,0.9439200295342339
215,3415,0.00011111111111111112,500.0,-0.9996727837456597
216,3416,0.00011111111111111112,500.0,-0.9995435078938802
217,3417,0.00011111111111111112,500.0,-0.9996674855550131
218,3418,0.00011111111111111112,500.0,-0.9996566772460938
219,3419,0.00011111111111111112,500.0,-0.9996888902452257
220,3420,0.00011111111111111112,500.0,-0.9995912975735135
221,3421,0.00011111111111111112,500.0,-0.9994831085205078
222,3422,0.00011111111111111112,500.0,-0.9991084204779731
223,3423,0.00011111111111111112,500.0,-0.9996725718180338
224,3424,0.00011111111111111112,500.0,0.9434152179294162
225,3425,0.00011111111111111112,500.0,-0.9996206495496962
226,3426,0.00011111111111111112,500.0,0.9423136181301541
227,3427,0.00011111111111111112,500.0,-0.9995010164048936
228,3428,0.00011111111111111112,500.0,0.924311531914605
229,3429,0.00011111111111111112,500.0,-0.9995190302530924
230,3430,0.00011111111111111112,500.0,-0.9996124903361002
231,3431,0.00011111111111111112,500.0,-0.999714215596517
232,3432,0.00011111111111111112,500.0,-0.9992335637410482
233,3433,0.00011111111111111112,500.0,-0.9968493779500326
234,3434,0.00011111111111111112,500.0,-0.997905413309733
235,3435,0.00011111111111111112,500.0,-0.9984925587972006
236,3436,0.00011111111111111112,500.0,0.9441104465060763
237,3437,0.00011111111111111112,500.0,0.9444395701090494
238,3438,0.00011111111111111112,500.0,-0.9992059071858724
239,3439,0.00011111111111111112,500.0,-0.9957113265991211
240,3440,0.00011111111111111112,500.0,-0.9974034627278646
241,3441,0.00011111111111111112,500.0,0.944164064195421
242,3442,0.00011111111111111112,500.0,0.9430629942152235
243,3443,0.00011111111111111112,500.0,-0.9992104636298286
244,3444,0.00011111111111111112,500.0,0.9350998136732314
245,3445,0.00011111111111111112,500.0,0.9169871012369791
246,3446,0.00011111111111111112,500.0,-0.9996842278374566
247,3447,0.00011111111111111112,500.0,-0.9996438556247287
248,3448,0.00011111111111111112,500.0,0.9445143805609809
249,3449,0.00011111111111111112,500.0,-0.9996122784084744
250,3450,0.00011111111111111112,600.0,-0.9996781879001193
251,3451,0.00011111111111111112,600.0,0.9433424207899306
252,3452,0.00011111111111111112,600.0,-0.9996808369954427
253,3453,0.00011111111111111112,600.0,-0.9996924930148654
254,3454,0.00011111111111111112,600.0,-0.9995587666829427
255,3455,0.00011111111111111112,600.0,-0.9996742672390408
256,3456,0.00011111111111111112,600.0,-0.9997067981296115
257,3457,0.00011111111111111112,600.0,-0.9997232225206163
258,3458,0.00011111111111111112,600.0,0.9503533045450846
259,3459,0.00011111111111111112,600.0,-0.9996536042955186
260,3460,0.00011111111111111112,600.0,-0.9982438617282443
261,3461,0.00011111111111111112,600.0,-0.9997083875868056
262,3462,0.00011111111111111112,600.0,0.9548661973741319
263,3463,0.00011111111111111112,600.0,0.9533717897203233
264,3464,0.00011111111111111112,600.0,0.954609129163954
265,3465,0.00011111111111111112,600.0,-0.9996750089857314
266,3466,0.00011111111111111112,600.0,-0.9997117784288194
267,3467,0.00011111111111111112,600.0,-0.9996700286865234
268,3468,0.00011111111111111112,600.0,-0.9997154871622721
269,3469,0.00011111111111111112,600.0,-0.999693340725369
270,3470,0.00011111111111111112,600.0,-0.9997224807739258
271,3471,0.00011111111111111112,600.0,-0.9996960957845052
272,3472,0.00011111111111111112,600.0,-0.9996617635091146
273,3473,0.00011111111111111112,600.0,-0.9996973673502604
274,3474,0.00011111111111111112,600.0,0.954038937886556
275,3475,0.00011111111111111112,600.0,-0.9997421900431315
276,3476,0.00011111111111111112,600.0,0.9525331921047635
277,3477,0.00011111111111111112,600.0,-0.9996791415744357
278,3478,0.00011111111111111112,600.0,0.9283080630832248
279,3479,0.00011111111111111112,600.0,-0.9996930228339301
280,3480,0.00011111111111111112,600.0,-0.9997152752346463
281,3481,0.00011111111111111112,600.0,-0.9997284147474501
282,3482,0.00011111111111111112,600.0,-0.9996568891737196
283,3483,0.00011111111111111112,600.0,-0.9995419184366862
284,3484,0.00011111111111111112,600.0,-0.9996316697862413
285,3485,0.00011111111111111112,600.0,-0.9996799892849393
286,3486,0.00011111111111111112,600.0,0.9515082041422526
287,3487,0.00011111111111111112,600.0,0.9544186062282987
288,3488,0.00011111111111111112,600.0,-0.9996727837456597
289,3489,0.00011111111111111112,600.0,-0.9994934929741753
290,3490,0.00011111111111111112,600.0,-0.999601682027181
291,3491,0.00011111111111111112,600.0,0.9548368453979492
292,3492,0.00011111111111111112,600.0,0.9544286727905273
293,3493,0.00011111111111111112,600.0,-0.9996936586168077
294,3494,0.00011111111111111112,600.0,-0.9981075922648112
295,3495,0.00011111111111111112,600.0,-0.998899883694119
296,3496,0.00011111111111111112,600.0,-0.9997101889716254
297,3497,0.00011111111111111112,600.0,-0.9996898439195421
298,3498,0.00011111111111111112,600.0,0.9530234866672092
299,3499,0.00011111111111111112,600.0,-0.9997183481852213
300,3500,0.00011111111111111112,700.0,-0.99972046746148
301,3501,0.00011111111111111112,700.0,-0.9995554818047417
302,3502,0.00011111111111111112,700.0,-0.9997040430704752
303,3503,0.00011111111111111112,700.0,-0.9997239642673068
304,3504,0.00011111111111111112,700.0,-0.9996756447686089
305,3505,0.00011111111111111112,700.0,-0.9996826383802626
306,3506,0.00011111111111111112,700.0,-0.9997091293334961
307,3507,0.00011111111111111112,700.0,-0.9996653662787544
308,3508,0.00011111111111111112,700.0,-0.9989389843410916
309,3509,0.00011111111111111112,700.0,-0.9997016059027778
310,3510,0.00011111111111111112,700.0,-0.9996746910942925
311,3511,0.00011111111111111112,700.0,-0.9996877246432834
312,3512,0.00011111111111111112,700.0,0.9623615476820204
313,3513,0.00011111111111111112,700.0,0.960479630364312
314,3514,0.00011111111111111112,700.0,0.9611097971598307
315,3515,0.00011111111111111112,700.0,-0.9996720419989692
316,3516,0.00011111111111111112,700.0,-0.9996924930148654
317,3517,0.00011111111111111112,700.0,-0.9997362560696073
318,3518,0.00011111111111111112,700.0,-0.9996953540378146
319,3519,0.00011111111111111112,700.0,-0.999720573425293
320,3520,0.00011111111111111112,700.0,-0.9996881484985352
321,3521,0.00011111111111111112,700.0,-0.9997288386027018
322,3522,0.00011111111111111112,700.0,-0.9996862411499023
323,3523,0.00011111111111111112,700.0,-0.9996856053670248
324,3524,0.00011111111111111112,700.0,0.9609470367431641
325,3525,0.00011111111111111112,700.0,-0.999662823147244
326,3526,0.00011111111111111112,700.0,0.958154042561849
327,3527,0.00011111111111111112,700.0,-0.9997242821587456
328,3528,0.00011111111111111112,700.0,-0.9995971255832248
329,3529,0.00011111111111111112,700.0,-0.9997133678860135
330,3530,0.00011111111111111112,700.0,-0.9996957778930664
331,3531,0.00011111111111111112,700.0,-0.9997289445665147
332,3532,0.00011111111111111112,700.0,-0.9997041490342882
333,3533,0.00011111111111111112,700.0,-0.9997183481852213
334,3534,0.00011111111111111112,700.0,-0.9997190899319119
335,3535,0.00011111111111111112,700.0,-0.9996902677747939
336,3536,0.00011111111111111112,700.0,0.9591811498006185
337,3537,0.00011111111111111112,700.0,0.9622833463880751
338,3538,0.00011111111111111112,700.0,-0.9997130499945747
339,3539,0.00011111111111111112,700.0,-0.9996990627712674
340,3540,0.00011111111111111112,700.0,-0.9997085995144315
341,3541,0.00011111111111111112,700.0,0.9618886311848959
342,3542,0.00011111111111111112,700.0,0.9617172876993815
343,3543,0.00011111111111111112,700.0,-0.9997270372178819
344,3544,0.00011111111111111112,700.0,-0.999633683098687
345,3545,0.00011111111111111112,700.0,-0.99964353773329
346,3546,0.00011111111111111112,700.0,-0.9997118843926324
347,3547,0.00011111111111111112,700.0,-0.9997230105929904
348,3548,0.00011111111111111112,700.0,0.9608920415242513
349,3549,0.00011111111111111112,700.0,-0.9996913274129232
350,3550,0.00011111111111111112,800.0,-0.9997411304050021
351,3551,0.00011111111111111112,800.0,-0.9997084935506185
352,3552,0.00011111111111111112,800.0,-0.9997100830078125
353,3553,0.00011111111111111112,800.0,-0.999726825290256
354,3554,0.00011111111111111112,800.0,-0.9997227986653646
355,3555,0.00011111111111111112,800.0,-0.9997283087836372
356,3556,0.00011111111111111112,800.0,-0.9997023476494683
357,3557,0.00011111111111111112,800.0,-0.9997064802381728
358,3558,0.00011111111111111112,800.0,-0.9996654722425673
359,3559,0.00011111111111111112,800.0,-0.9997065862019857
360,3560,0.00011111111111111112,800.0,-0.9996922810872396
361,3561,0.00011111111111111112,800.0,-0.9996977912055122
362,3562,0.00011111111111111112,800.0,0.9656205707126193
363,3563,0.00011111111111111112,800.0,0.9631669786241319
364,3564,0.00011111111111111112,800.0,0.96633423699273
365,3565,0.00011111111111111112,800.0,-0.9997035132514106
366,3566,0.00011111111111111112,800.0,-0.9997181362575955
367,3567,0.00011111111111111112,800.0,-0.9997453689575195
368,3568,0.00011111111111111112,800.0,-0.9997104008992513
369,3569,0.00011111111111111112,800.0,-0.9997218449910482
370,3570,0.00011111111111111112,800.0,-0.9997325473361545
371,3571,0.00011111111111111112,800.0,-0.9997081756591797
372,3572,0.00011111111111111112,800.0,-0.9997389051649306
373,3573,0.00011111111111111112,800.0,-0.9996832741631402
374,3574,0.00011111111111111112,800.0,0.9654951095581055
375,3575,0.00011111111111111112,800.0,-0.999730110168457
376,3576,0.00011111111111111112,800.0,0.9628308614095052
377,3577,0.00011111111111111112,800.0,-0.9997010760837131
378,3578,0.00011111111111111112,800.0,-0.9996914333767362
379,3579,0.00011111111111111112,800.0,-0.9996898439195421
380,3580,0.00011111111111111112,800.0,-0.9997080696953667
381,3581,0.00011111111111111112,800.0,-0.999705950419108
382,3582,0.00011111111111111112,800.0,-0.9996956719292535
383,3583,0.00011111111111111112,800.0,-0.9996806250678169
384,3584,0.00011111111111111112,800.0,-0.9997159110175239
385,3585,0.00011111111111111112,800.0,-0.9997003343370225
386,3586,0.00011111111111111112,800.0,-0.9988701078626845
387,3587,0.00011111111111111112,800.0,0.9675491121080186
388,3588,0.00011111111111111112,800.0,-0.9996854994032118
389,3589,0.00011111111111111112,800.0,-0.9996914333767362
390,3590,0.00011111111111111112,800.0,-0.999725235833062
391,3591,0.00011111111111111112,800.0,0.9679921468098959
392,3592,0.00011111111111111112,800.0,0.9658230675591363
393,3593,0.00011111111111111112,800.0,-0.9997140036688911
394,3594,0.00011111111111111112,800.0,-0.9997100830078125
395,3595,0.00011111111111111112,800.0,-0.9997081756591797
396,3596,0.00011111111111111112,800.0,-0.9997290505303277
397,3597,0.00011111111111111112,800.0,-0.9997104008992513
398,3598,0.00011111111111111112,800.0,0.9642385906643338
399,3599,0.00011111111111111112,800.0,-0.9996860292222765
400,3600,0.00035136418446315325,100.0,-0.9776099522908529
401,3601,0.00035136418446315325,100.0,0.9255000220404731
402,3602,0.00035136418446315325,100.0,0.8335509300231934
403,3603,0.00035136418446315325,100.0,0.9059815936618381
404,3604,0.00035136418446315325,100.0,0.9289140701293945
405,3605,0.00035136418446315325,100.0,0.8989424175686307
406,3606,0.00035136418446315325,100.0,-0.9851467344495985
407,3607,0.00035136418446315325,100.0,0.9329150517781576
408,3608,0.00035136418446315325,100.0,0.9266274770100912
409,3609,0.00035136418446315325,100.0,0.9165836970011393
410,3610,0.00035136418446315325,100.0,0.9304803212483724
411,3611,0.00035136418446315325,100.0,0.9215689765082465
412,3612,0.00035136418446315325,100.0,0.9349213706122504
413,3613,0.00035136418446315325,100.0,0.926006105211046
414,3614,0.00035136418446315325,100.0,0.9026465945773654
415,3615,0.00035136418446315325,100.0,0.9309922324286567
416,3616,0.00035136418446315325,100.0,0.9267992443508573
417,3617,0.00035136418446315325,100.0,-0.9885680940416124
418,3618,0.00035136418446315325,100.0,0.8880188200208876
419,3619,0.00035136418446315325,100.0,-0.9317122565375434
420,3620,0.00035136418446315325,100.0,0.9196980794270834
421,3621,0.00035136418446315325,100.0,0.9104107750786675
422,3622,0.00035136418446315325,100.0,0.929353396097819
423,3623,0.00035136418446315325,100.0,0.9002206590440538
424,3624,0.00035136418446315325,100.0,0.9312105178833008
425,3625,0.00035136418446315325,100.0,-0.9888236787584093
426,3626,0.00035136418446315325,100.0,0.9332856072319878
427,3627,0.00035136418446315325,100.0,0.9353611204359267
428,3628,0.00035136418446315325,100.0,0.9277131822374132
429,3629,0.00035136418446315325,100.0,0.9147020975748698
430,3630,0.00035136418446315325,100.0,0.9336164262559679
431,3631,0.00035136418446315325,100.0,-0.9981334474351671
432,3632,0.00035136418446315325,100.0,0.9166440963745117
433,3633,0.00035136418446315325,100.0,0.9251409106784396
434,3634,0.00035136418446315325,100.0,0.9310568703545464
435,3635,0.00035136418446315325,100.0,0.9236869812011719
436,3636,0.00035136418446315325,100.0,0.9358488718668619
437,3637,0.00035136418446315325,100.0,0.9376362694634331
438,3638,0.00035136418446315325,100.0,0.9331779479980469
439,3639,0.00035136418446315325,100.0,0.9349081251356337
440,3640,0.00035136418446315325,100.0,0.9289361106024848
441,3641,0.00035136418446315325,100.0,0.9344026777479384
442,3642,0.00035136418446315325,100.0,0.9377569622463651
443,3643,0.00035136418446315325,100.0,0.9196122487386068
444,3644,0.00035136418446315325,100.0,0.9248064888848199
445,3645,0.00035136418446315325,100.0,0.936894522772895
446,3646,0.00035136418446315325,100.0,0.9273525873819987
447,3647,0.00035136418446315325,100.0,0.9326710171169705
448,3648,0.00035136418446315325,100.0,0.9368980195787218
449,3649,0.00035136418446315325,100.0,0.9227013058132596
450,3650,0.00035136418446315325,200.0,-0.9303194681803385
451,3651,0.00035136418446315325,200.0,0.8258571624755859
452,3652,0.00035136418446315325,200.0,-0.8947138256496854
453,3653,0.00035136418446315325,200.0,-0.8933833440144857
454,3654,0.00035136418446315325,200.0,0.8316299650404189
455,3655,0.00035136418446315325,200.0,0.7939576043023003
456,3656,0.00035136418446315325,200.0,-0.9813690185546875
457,3657,0.00035136418446315325,200.0,-0.4156869782341851
458,3658,0.00035136418446315325,200.0,0.8357498910692003
459,3659,0.00035136418446315325,200.0,0.7652568817138672
460,3660,0.00035136418446315325,200.0,0.829744921790229
461,3661,0.00035136418446315325,200.0,0.8097947968377007
462,3662,0.00035136418446315325,200.0,0.8490362167358398
463,3663,0.00035136418446315325,200.0,0.8313321537441678
464,3664,0.00035136418446315325,200.0,0.808617115020752
465,3665,0.00035136418446315325,200.0,0.4065272543165419
466,3666,0.00035136418446315325,200.0,0.7874911096360948
467,3667,0.00035136418446315325,200.0,-0.9851223627726237
468,3668,0.00035136418446315325,200.0,-0.7835817337036133
469,3669,0.00035136418446315325,200.0,-0.9861355887518989
470,3670,0.00035136418446315325,200.0,0.7864739629957411
471,3671,0.00035136418446315325,200.0,0.7344643274943033
472,3672,0.00035136418446315325,200.0,0.8303335507710775
473,3673,0.00035136418446315325,200.0,-0.9732672373453776
474,3674,0.00035136418446315325,200.0,0.8430779245164659
475,3675,0.00035136418446315325,200.0,-0.9543663660685221
476,3676,0.00035136418446315325,200.0,0.8569186528523763
477,3677,0.00035136418446315325,200.0,0.8400891092088487
478,3678,0.00035136418446315325,200.0,0.851499981350369
479,3679,0.00035136418446315325,200.0,-0.8911144468519423
480,3680,0.00035136418446315325,200.0,0.7448946105109321
481,3681,0.00035136418446315325,200.0,-0.9953808254665799
482,3682,0.00035136418446315325,200.0,0.8083756764729818
483,3683,0.00035136418446315325,200.0,0.8339445855882432
484,3684,0.00035136418446315325,200.0,0.8220189412434896
485,3685,0.00035136418446315325,200.0,0.7992241117689345
486,3686,0.00035136418446315325,200.0,0.8466842439439561
487,3687,0.00035136418446315325,200.0,0.8528315226236979
488,3688,0.00035136418446315325,200.0,0.8294879595438639
489,3689,0.00035136418446315325,200.0,0.8514081637064616
490,3690,0.00035136418446315325,200.0,0.8266993628607856
491,3691,0.00035136418446315325,200.0,0.8523289362589518
492,3692,0.00035136418446315325,200.0,0.8564994070265028
493,3693,0.00035136418446315325,200.0,0.8086744414435493
494,3694,0.00035136418446315325,200.0,0.8176540268792046
495,3695,0.00035136418446315325,200.0,0.8462867736816406
496,3696,0.00035136418446315325,200.0,0.46733808517456055
497,3697,0.00035136418446315325,200.0,0.774611579047309
498,3698,0.00035136418446315325,200.0,0.8538711335923936
499,3699,0.00035136418446315325,200.0,0.5563422309027778
500,3700,0.00035136418446315325,300.0,-0.9980450736151801
501,3701,0.00035136418446315325,300.0,0.9067584143744575
502,3702,0.00035136418446315325,300.0,-0.9921118418375651
503,3703,0.00035136418446315325,300.0,-0.9984404246012369
504,3706,0.00035136418446315325,300.0,-0.9987164603339301
505,3707,0.00035136418446315325,300.0,-0.9979063669840494
506,3708,0.00035136418446315325,300.0,0.9089188045925565
507,3709,0.00035136418446315325,300.0,0.8023994233873155
508,3710,0.00035136418446315325,300.0,0.9050141440497504
509,3711,0.00035136418446315325,300.0,-0.8852642907036675
510,3712,0.00035136418446315325,300.0,0.9131310780843099
511,3713,0.00035136418446315325,300.0,0.9116888046264648
512,3714,0.00035136418446315325,300.0,0.9095634884304471
513,3715,0.00035136418446315325,300.0,-0.9956847296820747
514,3716,0.00035136418446315325,300.0,-0.9548353619045682
515,3717,0.00035136418446315325,300.0,-0.9988200929429796
516,3718,0.00035136418446315325,300.0,-0.9971231884426541
517,3719,0.00035136418446315325,300.0,-0.9990051057603624
518,3720,0.00035136418446315325,300.0,-0.9890542560153537
519,3721,0.00035136418446315325,300.0,-0.9812930425008138
520,3722,0.00035136418446315325,300.0,0.8851184844970703
521,3723,0.00035136418446315325,300.0,-0.9986945258246528
522,3724,0.00035136418446315325,300.0,0.9140953487820096
523,3725,0.00035136418446315325,300.0,-0.9978239271375868
524,3726,0.00035136418446315325,300.0,0.9134019215901693
525,3727,0.00035136418446315325,300.0,0.8687073919508193
526,3728,0.00035136418446315325,300.0,0.9076801935831705
527,3729,0.00035136418446315325,300.0,-0.994823243882921
528,3730,0.00035136418446315325,300.0,-0.9943295584784614
529,3731,0.00035136418446315325,300.0,-0.9994952943589952
530,3732,0.00035136418446315325,300.0,0.8797691663106283
531,3733,0.00035136418446315325,300.0,0.8976580301920573
532,3734,0.00035136418446315325,300.0,0.8925416734483507
533,3735,0.00035136418446315325,300.0,0.8748071988423666
534,3736,0.00035136418446315325,300.0,0.9133239322238498
535,3737,0.00035136418446315325,300.0,0.9140176773071289
536,3738,0.00035136418446315325,300.0,0.8800035052829318
537,3739,0.00035136418446315325,300.0,0.9003942277696397
538,3740,0.00035136418446315325,300.0,0.8908059861924913
539,3741,0.00035136418446315325,300.0,0.9151272243923612
540,3742,0.00035136418446315325,300.0,0.9151006274753146
541,3743,0.00035136418446315325,300.0,0.8844541973537869
542,3744,0.00035136418446315325,300.0,0.9071841769748263
543,3745,0.00035136418446315325,300.0,0.9035819371541342
544,3746,0.00035136418446315325,300.0,-0.9980447557237413
545,3747,0.00035136418446315325,300.0,-0.9928570853339301
546,3748,0.00035136418446315325,300.0,0.9135647879706489
547,3749,0.00035136418446315325,300.0,-0.9929943084716797
548,3750,0.00035136418446315325,400.0,-0.999548700120714
549,3751,0.00035136418446315325,400.0,0.9346646202935113
550,3752,0.00035136418446315325,400.0,-0.9992437362670898
551,3753,0.00035136418446315325,400.0,-0.9995905558268229
552,3754,0.00035136418446315325,400.0,0.9013026555379232
553,3755,0.00035136418446315325,400.0,-0.9977361891004775
554,3756,0.00035136418446315325,400.0,-0.9996112187703451
555,3757,0.00035136418446315325,400.0,-0.9996051788330078
556,3758,0.00035136418446315325,400.0,0.936115476820204
557,3759,0.00035136418446315325,400.0,-0.998016251458062
558,3760,0.00035136418446315325,400.0,0.9245425330268012
559,3761,0.00035136418446315325,400.0,-0.9986665513780382
560,3762,0.00035136418446315325,400.0,0.937440554300944
561,3763,0.00035136418446315325,400.0,0.9378789265950521
562,3764,0.00035136418446315325,400.0,0.9367076026068794
563,3765,0.00035136418446315325,400.0,-0.9995783699883355
564,3766,0.00035136418446315325,400.0,-0.9991766611735026
565,3767,0.00035136418446315325,400.0,-0.9996416303846571
566,3768,0.00035136418446315325,400.0,-0.9995463689168295
567,3769,0.00035136418446315325,400.0,-0.9996896319919162
568,3770,0.00035136418446315325,400.0,-0.9993564817640517
569,3771,0.00035136418446315325,400.0,-0.9990932676527235
570,3772,0.00035136418446315325,400.0,-0.9967260360717773
571,3773,0.00035136418446315325,400.0,-0.9996978971693251
572,3774,0.00035136418446315325,400.0,0.9377593994140625
573,3775,0.00035136418446315325,400.0,-0.9995990329318576
574,3776,0.00035136418446315325,400.0,0.9369856516520182
575,3777,0.00035136418446315325,400.0,-0.999068472120497
576,3778,0.00035136418446315325,400.0,0.9325182172987196
577,3779,0.00035136418446315325,400.0,-0.9994877709282769
578,3780,0.00035136418446315325,400.0,-0.9995442496405708
579,3781,0.00035136418446315325,400.0,-0.9997031953599718
580,3782,0.00035136418446315325,400.0,-0.9976861741807725
581,3783,0.00035136418446315325,400.0,0.9079122543334961
582,3784,0.00035136418446315325,400.0,-0.9938182830810547
583,3785,0.00035136418446315325,400.0,-0.9941756990220811
584,3786,0.00035136418446315325,400.0,0.937189949883355
585,3787,0.00035136418446315325,400.0,0.9381585650973849
586,3788,0.00035136418446315325,400.0,-0.9955601162380643
587,3789,0.00035136418446315325,400.0,0.8731677267286513
588,3790,0.00035136418446315325,400.0,0.912592781914605
589,3791,0.00035136418446315325,400.0,0.9377528296576606
590,3792,0.00035136418446315325,400.0,0.9376835293240018
591,3793,0.00035136418446315325,400.0,-0.9972440931532118
592,3794,0.00035136418446315325,400.0,0.9331303702460395
593,3795,0.00035136418446315325,400.0,0.9264978832668729
594,3796,0.00035136418446315325,400.0,-0.9995758268568251
595,3797,0.00035136418446315325,400.0,-0.9994330936008029
596,3798,0.00035136418446315325,400.0,0.9370821846856011
597,3799,0.00035136418446315325,400.0,-0.9995010164048936
598,3800,0.00035136418446315325,500.0,-0.9997146394517686
599,3801,0.00035136418446315325,500.0,0.9464935726589627
600,3802,0.00035136418446315325,500.0,-0.9996988508436415
601,3803,0.00035136418446315325,500.0,-0.9996866650051541
602,3804,0.00035136418446315325,500.0,-0.9993198182847765
603,3805,0.00035136418446315325,500.0,-0.9995688332451714
604,3806,0.00035136418446315325,500.0,-0.9996945063273112
605,3807,0.00035136418446315325,500.0,-0.9996536042955186
606,3808,0.00035136418446315325,500.0,0.9482252332899306
607,3809,0.00035136418446315325,500.0,-0.9996171527438693
608,3810,0.00035136418446315325,500.0,-0.9964622921413846
609,3811,0.00035136418446315325,500.0,-0.9996584786309136
610,3812,0.00035136418446315325,500.0,0.9524617724948459
611,3813,0.00035136418446315325,500.0,0.9513424767388238
612,3814,0.00035136418446315325,500.0,0.951966921488444
613,3815,0.00035136418446315325,500.0,-0.9996673795912001
614,3816,0.00035136418446315325,500.0,-0.9996914333767362
615,3817,0.00035136418446315325,500.0,-0.9996952480740018
616,3818,0.00035136418446315325,500.0,-0.9996936586168077
617,3819,0.00035136418446315325,500.0,-0.9997190899319119
618,3820,0.00035136418446315325,500.0,-0.9996987448798286
619,3821,0.00035136418446315325,500.0,-0.9996465047200521
620,3822,0.00035136418446315325,500.0,-0.9996175765991211
621,3823,0.00035136418446315325,500.0,-0.9996998045179579
622,3824,0.00035136418446315325,500.0,0.9516636530558268
623,3825,0.00035136418446315325,500.0,-0.9997010760837131
624,3826,0.00035136418446315325,500.0,0.9512203004625108
625,3827,0.00035136418446315325,500.0,-0.9996734195285373
626,3828,0.00035136418446315325,500.0,0.9415959252251519
627,3829,0.00035136418446315325,500.0,-0.9996828503078885
628,3830,0.00035136418446315325,500.0,-0.9996759626600478
629,3831,0.00035136418446315325,500.0,-0.9996965196397569
630,3832,0.00035136418446315325,500.0,-0.9996350606282552
631,3833,0.00035136418446315325,500.0,-0.9994739956325955
632,3834,0.00035136418446315325,500.0,-0.9995032416449653
633,3835,0.00035136418446315325,500.0,-0.9995226330227323
634,3836,0.00035136418446315325,500.0,0.949858029683431
635,3837,0.00035136418446315325,500.0,0.952705807156033
636,3838,0.00035136418446315325,500.0,-0.999609629313151
637,3839,0.00035136418446315325,500.0,-0.9994487762451172
638,3840,0.00035136418446315325,500.0,-0.9994553460015191
639,3841,0.00035136418446315325,500.0,0.952037599351671
640,3842,0.00035136418446315325,500.0,0.9525041580200195
641,3843,0.00035136418446315325,500.0,-0.9995754030015733
642,3844,0.00035136418446315325,500.0,0.922980096605089
643,3845,0.00035136418446315325,500.0,0.9065676795111762
644,3846,0.00035136418446315325,500.0,-0.9996971554226346
645,3847,0.00035136418446315325,500.0,-0.9997066921657987
646,3848,0.00035136418446315325,500.0,0.9523493448893229
647,3849,0.00035136418446315325,500.0,-0.9996718300713433
648,3850,0.00035136418446315325,600.0,-0.9996904797024198
649,3851,0.00035136418446315325,600.0,0.8947373496161567
650,3852,0.00035136418446315325,600.0,-0.9997275670369467
651,3853,0.00035136418446315325,600.0,-0.9996992746988932
652,3854,0.00035136418446315325,600.0,-0.9996589024861654
653,3855,0.00035136418446315325,600.0,-0.9997239642673068
654,3856,0.00035136418446315325,600.0,-0.9997049967447916
655,3857,0.00035136418446315325,600.0,-0.9997137917412652
656,3858,0.00035136418446315325,600.0,0.9525178273518881
657,3859,0.00035136418446315325,600.0,-0.9996879365709093
658,3860,0.00035136418446315325,600.0,-0.9996267954508463
659,3861,0.00035136418446315325,600.0,-0.9996863471137153
660,3862,0.00035136418446315325,600.0,0.9599733352661133
661,3863,0.00035136418446315325,600.0,0.960266007317437
662,3864,0.00035136418446315325,600.0,0.9602527618408203
663,3865,0.00035136418446315325,600.0,-0.9996777640448676
664,3866,0.00035136418446315325,600.0,-0.9996918572319878
665,3867,0.00035136418446315325,600.0,-0.9997146394517686
666,3868,0.00035136418446315325,600.0,-0.9997265073988173
667,3869,0.00035136418446315325,600.0,-0.9996756447686089
668,3870,0.00035136418446315325,600.0,-0.9997196197509766
669,3871,0.00035136418446315325,600.0,-0.9996753268771701
670,3872,0.00035136418446315325,600.0,-0.9996843338012695
671,3873,0.00035136418446315325,600.0,-0.9996976852416992
672,3874,0.00035136418446315325,600.0,0.9602647357516818
673,3875,0.00035136418446315325,600.0,-0.999731699625651
674,3876,0.00035136418446315325,600.0,0.9603300094604492
675,3877,0.00035136418446315325,600.0,-0.999720573425293
676,3878,0.00035136418446315325,600.0,-0.9995996687147353
677,3879,0.00035136418446315325,600.0,-0.9996871948242188
678,3880,0.00035136418446315325,600.0,-0.9997047848171658
679,3881,0.00035136418446315325,600.0,-0.9996869828965929
680,3882,0.00035136418446315325,600.0,-0.999714109632704
681,3883,0.00035136418446315325,600.0,-0.9996960957845052
682,3884,0.00035136418446315325,600.0,-0.9997383753458658
683,3885,0.00035136418446315325,600.0,-0.9996891021728516
684,3886,0.00035136418446315325,600.0,0.9581474728054471
685,3887,0.00035136418446315325,600.0,0.9607138103908963
686,3888,0.00035136418446315325,600.0,-0.99970457288954
687,3889,0.00035136418446315325,600.0,-0.9997290505303277
688,3890,0.00035136418446315325,600.0,-0.9996763865152994
689,3891,0.00035136418446315325,600.0,0.9608088599310981
690,3892,0.00035136418446315325,600.0,0.9610889222886827
691,3893,0.00035136418446315325,600.0,-0.9997346666124132
692,3894,0.00035136418446315325,600.0,-0.9994982613457574
693,3895,0.00035136418446315325,600.0,-0.9996358023749458
694,3896,0.00035136418446315325,600.0,-0.9997079637315538
695,3897,0.00035136418446315325,600.0,-0.9996989568074545
696,3898,0.00035136418446315325,600.0,0.9596116807725694
697,3899,0.00035136418446315325,600.0,-0.9997077518039279
698,3900,0.00035136418446315325,700.0,-0.9996681213378906
699,3901,0.00035136418446315325,700.0,-0.9997073279486762
700,3902,0.00035136418446315325,700.0,-0.9997004403008355
701,3903,0.00035136418446315325,700.0,-0.9997037251790365
702,3904,0.00035136418446315325,700.0,-0.9997019237942166
703,3905,0.00035136418446315325,700.0,-0.9997130499945747
704,3906,0.00035136418446315325,700.0,-0.9997124142116971
705,3907,0.00035136418446315325,700.0,-0.9997056325276693
706,3908,0.00035136418446315325,700.0,-0.9995704227023654
707,3909,0.00035136418446315325,700.0,-0.9997143215603299
708,3910,0.00035136418446315325,700.0,-0.9997113545735677
709,3911,0.00035136418446315325,700.0,-0.9997178183661567
710,3912,0.00035136418446315325,700.0,0.9658951229519315
711,3913,0.00035136418446315325,700.0,0.9655622906155057
712,3914,0.00035136418446315325,700.0,0.9671941333346896
713,3915,0.00035136418446315325,700.0,-0.999696307712131
714,3916,0.00035136418446315325,700.0,-0.999694930182563
715,3917,0.00035136418446315325,700.0,-0.9997046788533529
716,3918,0.00035136418446315325,700.0,-0.9996844397650825
717,3919,0.00035136418446315325,700.0,-0.9997114605373807
718,3920,0.00035136418446315325,700.0,-0.999718878004286
719,3921,0.00035136418446315325,700.0,-0.9996999104817709
720,3922,0.00035136418446315325,700.0,-0.9997071160210503
721,3923,0.00035136418446315325,700.0,-0.9997133678860135
722,3924,0.00035136418446315325,700.0,0.9654252794053819
723,3925,0.00035136418446315325,700.0,-0.9996768103705512
724,3926,0.00035136418446315325,700.0,0.9624764124552408
725,3927,0.00035136418446315325,700.0,-0.9996925989786783
726,3928,0.00035136418446315325,700.0,-0.9997056325276693
727,3929,0.00035136418446315325,700.0,-0.9997073279486762
728,3930,0.00035136418446315325,700.0,-0.9996982150607638
729,3931,0.00035136418446315325,700.0,-0.9996881484985352
730,3932,0.00035136418446315325,700.0,-0.9997165468004015
731,3933,0.00035136418446315325,700.0,-0.9997233284844292
732,3934,0.00035136418446315325,700.0,-0.9997124142116971
733,3935,0.00035136418446315325,700.0,-0.9996823204888238
734,3936,0.00035136418446315325,700.0,0.962668948703342
735,3937,0.00035136418446315325,700.0,0.9675410588582357
736,3938,0.00035136418446315325,700.0,-0.9997213151719835
737,3939,0.00035136418446315325,700.0,-0.9996940824720595
738,3940,0.00035136418446315325,700.0,-0.999696413675944
739,3941,0.00035136418446315325,700.0,0.9669060177273221
740,3942,0.00035136418446315325,700.0,0.9679915110270182
741,3943,0.00035136418446315325,700.0,-0.999701182047526
742,3944,0.00035136418446315325,700.0,-0.9997115665011935
743,3945,0.00035136418446315325,700.0,-0.999694930182563
744,3946,0.00035136418446315325,700.0,-0.9996885723537869
745,3947,0.00035136418446315325,700.0,-0.9997146394517686
746,3948,0.00035136418446315325,700.0,0.9622181786431206
747,3949,0.00035136418446315325,700.0,-0.9997049967447916
748,3950,0.00035136418446315325,800.0,-0.9996942943996854
749,3951,0.00035136418446315325,800.0,-0.9996842278374566
750,3952,0.00035136418446315325,800.0,-0.9997444152832031
751,3953,0.00035136418446315325,800.0,-0.9996782938639323
752,3954,0.00035136418446315325,800.0,-0.9996831681993272
753,3955,0.00035136418446315325,800.0,-0.9996903737386068
754,3956,0.00035136418446315325,800.0,-0.9997222688462999
755,3957,0.00035136418446315325,800.0,-0.999710930718316
756,3958,0.00035136418446315325,800.0,-0.9996870888604058
757,3959,0.00035136418446315325,800.0,-0.9997213151719835
758,3960,0.00035136418446315325,800.0,-0.9997118843926324
759,3961,0.00035136418446315325,800.0,-0.999699698554145
760,3962,0.00035136418446315325,800.0,0.9669375949435763
761,3963,0.00035136418446315325,800.0,0.9689168930053711
762,3964,0.00035136418446315325,800.0,0.971621937221951
763,3965,0.00035136418446315325,800.0,-0.9997206793891059
764,3966,0.00035136418446315325,800.0,-0.9997387992011176
765,3967,0.00035136418446315325,800.0,-0.9997406005859375
766,3968,0.00035136418446315325,800.0,-0.9997358322143555
767,3969,0.00035136418446315325,800.0,-0.9997134738498263
768,3970,0.00035136418446315325,800.0,-0.9997078577677408
769,3971,0.00035136418446315325,800.0,-0.9997480180528429
770,3972,0.00035136418446315325,800.0,-0.9997056325276693
771,3973,0.00035136418446315325,800.0,-0.999728626675076
772,3974,0.00035136418446315325,800.0,0.9660448498196073
773,3975,0.00035136418446315325,800.0,-0.9997201495700412
774,3976,0.00035136418446315325,800.0,-0.9996780819363065
775,3977,0.00035136418446315325,800.0,-0.9997146394517686
776,3978,0.00035136418446315325,800.0,-0.9997022416856554
777,3979,0.00035136418446315325,800.0,-0.999710824754503
778,3980,0.00035136418446315325,800.0,-0.9997332890828451
779,3981,0.00035136418446315325,800.0,-0.9997294743855795
780,3982,0.00035136418446315325,800.0,-0.9996985329522027
781,3983,0.00035136418446315325,800.0,-0.9997291564941406
782,3984,0.00035136418446315325,800.0,-0.9997371037801107
783,3985,0.00035136418446315325,800.0,-0.9996888902452257
784,3986,0.00035136418446315325,800.0,-0.9996879365709093
785,3987,0.00035136418446315325,800.0,0.9714509116278754
786,3988,0.00035136418446315325,800.0,-0.9997054206000434
787,3989,0.00035136418446315325,800.0,-0.9996830622355143
788,3990,0.00035136418446315325,800.0,-0.9997311698065864
789,3991,0.00035136418446315325,800.0,0.9714852439032661
790,3992,0.00035136418446315325,800.0,0.9719625049167209
791,3993,0.00035136418446315325,800.0,-0.9997095531887479
792,3994,0.00035136418446315325,800.0,-0.9997105068630643
793,3995,0.00035136418446315325,800.0,-0.9997076458401151
794,3996,0.00035136418446315325,800.0,-0.9996990627712674
795,3997,0.00035136418446315325,800.0,-0.9997310638427734
796,3998,0.00035136418446315325,800.0,-0.9976844787597656
797,3999,0.00035136418446315325,800.0,-0.9997198316786025
798,4000,0.0011111111111111111,100.0,0.9136365254720052
799,4001,0.0011111111111111111,100.0,0.939249144660102
800,4002,0.0011111111111111111,100.0,-0.9969596862792969
801,4003,0.0011111111111111111,100.0,0.9104173448350694
802,4004,0.0011111111111111111,100.0,0.9444393581814237
803,4005,0.0011111111111111111,100.0,0.9343099594116211
804,4006,0.0011111111111111111,100.0,-0.9954130384657118
805,4007,0.0011111111111111111,100.0,0.9439185460408529
806,4008,0.0011111111111111111,100.0,0.9401267369588217
807,4009,0.0011111111111111111,100.0,0.9338778389824761
808,4010,0.0011111111111111111,100.0,0.9449919594658746
809,4011,0.0011111111111111111,100.0,0.9420893987019857
810,4012,0.0011111111111111111,100.0,0.944705433315701
811,4013,0.0011111111111111111,100.0,0.943304803636339
812,4014,0.0011111111111111111,100.0,0.9335152308146158
813,4015,0.0011111111111111111,100.0,0.9430829154120551
814,4016,0.0011111111111111111,100.0,0.9448822869194878
815,4017,0.0011111111111111111,100.0,-0.9987098905775282
816,4018,0.0011111111111111111,100.0,0.9305814107259115
817,4019,0.0011111111111111111,100.0,-0.9980582131279839
818,4020,0.0011111111111111111,100.0,0.9352948930528429
819,4021,0.0011111111111111111,100.0,0.9269169701470269
820,4022,0.0011111111111111111,100.0,0.9429747263590494
821,4023,0.0011111111111111111,100.0,0.9239150153266059
822,4024,0.0011111111111111111,100.0,0.943044556511773
823,4025,0.0011111111111111111,100.0,-0.9977690378824869
824,4026,0.0011111111111111111,100.0,0.9468596776326498
825,4027,0.0011111111111111111,100.0,0.9441980785793729
826,4028,0.0011111111111111111,100.0,0.9430272844102647
827,4029,0.0011111111111111111,100.0,0.9241157107883029
828,4030,0.0011111111111111111,100.0,0.9394786622789171
829,4031,0.0011111111111111111,100.0,-0.9991071489122179
830,4032,0.0011111111111111111,100.0,0.9415626525878906
831,4033,0.0011111111111111111,100.0,0.9365166558159722
832,4034,0.0011111111111111111,100.0,0.9444495307074653
833,4035,0.0011111111111111111,100.0,0.9373909632364908
834,4036,0.0011111111111111111,100.0,0.947198126051161
835,4037,0.0011111111111111111,100.0,0.9486105177137587
836,4038,0.0011111111111111111,100.0,0.9443412356906467
837,4039,0.0011111111111111111,100.0,0.9471620983547635
838,4040,0.0011111111111111111,100.0,0.937328126695421
839,4041,0.0011111111111111111,100.0,0.9475809733072916
840,4042,0.0011111111111111111,100.0,0.9474878311157227
841,4043,0.0011111111111111111,100.0,0.9301161236233182
842,4044,0.0011111111111111111,100.0,0.9417623943752713
843,4045,0.0011111111111111111,100.0,0.9439581765068902
844,4046,0.0011111111111111111,100.0,0.9209580951266818
845,4047,0.0011111111111111111,100.0,0.9447645611233182
846,4048,0.0011111111111111111,100.0,0.9483506944444444
847,4049,0.0011111111111111111,100.0,0.9375688764784071
848,4050,0.0011111111111111111,200.0,-0.9803453021579318
849,4051,0.0011111111111111111,200.0,0.8664651446872287
850,4052,0.0011111111111111111,200.0,-0.9424178865220811
851,4053,0.0011111111111111111,200.0,-0.984630372789171
852,4054,0.0011111111111111111,200.0,0.8669141133626302
853,4055,0.0011111111111111111,200.0,0.815149360232883
854,4056,0.0011111111111111111,200.0,-0.9889309141370985
855,4057,0.0011111111111111111,200.0,-0.745534790886773
856,4058,0.0011111111111111111,200.0,0.875647226969401
857,4059,0.0011111111111111111,200.0,0.7882839838663737
858,4060,0.0011111111111111111,200.0,0.8733623822530111
859,4061,0.0011111111111111111,200.0,0.8372587627834744
860,4062,0.0011111111111111111,200.0,0.883238951365153
861,4063,0.0011111111111111111,200.0,0.8727466265360514
862,4064,0.0011111111111111111,200.0,0.8546529346042209
863,4065,0.0011111111111111111,200.0,0.8181735674540201
864,4066,0.0011111111111111111,200.0,0.8390500280592177
865,4067,0.0011111111111111111,200.0,-0.9924481709798177
866,4068,0.0011111111111111111,200.0,-0.9849658542209201
867,4069,0.0011111111111111111,200.0,-0.9946109983656142
868,4070,0.0011111111111111111,200.0,-0.5399159325493706
869,4071,0.0011111111111111111,200.0,0.7634597884284126
870,4072,0.0011111111111111111,200.0,0.8517365985446506
871,4073,0.0011111111111111111,200.0,-0.9890964296129015
872,4074,0.0011111111111111111,200.0,0.8774318695068359
873,4075,0.0011111111111111111,200.0,-0.9892155329386393
874,4076,0.0011111111111111111,200.0,0.8860262235005697
875,4077,0.0011111111111111111,200.0,0.8537971178690592
876,4078,0.0011111111111111111,200.0,0.8751122686598036
877,4079,0.0011111111111111111,200.0,-0.9292896058824327
878,4080,0.0011111111111111111,200.0,0.684119807349311
879,4081,0.0011111111111111111,200.0,-0.998646100362142
880,4082,0.0011111111111111111,200.0,0.8574890030754937
881,4083,0.0011111111111111111,200.0,0.8656275007459853
882,4084,0.0011111111111111111,200.0,0.8695236841837565
883,4085,0.0011111111111111111,200.0,0.8384294509887695
884,4086,0.0011111111111111111,200.0,0.8835777176751031
885,4088,0.0011111111111111111,200.0,0.8693033854166666
886,4089,0.0011111111111111111,200.0,0.8770300547281901
887,4090,0.0011111111111111111,200.0,0.8605147997538248
888,4091,0.0011111111111111111,200.0,0.881924205356174
889,4092,0.0011111111111111111,200.0,0.8887791633605957
890,4093,0.0011111111111111111,200.0,0.8520771132575141
891,4094,0.0011111111111111111,200.0,0.8672826025221083
892,4095,0.0011111111111111111,200.0,0.8784272405836318
893,4096,0.0011111111111111111,200.0,-0.9644269943237305
894,4097,0.0011111111111111111,200.0,0.8150860468546549
895,4098,0.0011111111111111111,200.0,0.8857620027330186
896,4099,0.0011111111111111111,200.0,0.7025303310818143
897,4100,0.0011111111111111111,300.0,-0.9991516537136502
898,4101,0.0011111111111111111,300.0,0.9250131183200412
899,4102,0.0011111111111111111,300.0,-0.9981839921739366
900,4103,0.0011111111111111111,300.0,-0.9993184407552084
901,4104,0.0011111111111111111,300.0,0.9135345882839627
902,4105,0.0011111111111111111,300.0,-0.9735132853190104
903,4106,0.0011111111111111111,300.0,-0.9993232091267904
904,4107,0.0011111111111111111,300.0,-0.9990371068318685
905,4108,0.0011111111111111111,300.0,0.9237074322170682
906,4109,0.0011111111111111111,300.0,-0.9921997918023003
907,4110,0.0011111111111111111,300.0,0.9197697109646268
908,4111,0.0011111111111111111,300.0,-0.9851582845052084
909,4112,0.0011111111111111111,300.0,0.9286989635891385
910,4113,0.0011111111111111111,300.0,0.9267784754435221
911,4114,0.0011111111111111111,300.0,0.9240435494316949
912,4115,0.0011111111111111111,300.0,-0.9987581041124132
913,4116,0.0011111111111111111,300.0,-0.9960770077175565
914,4117,0.0011111111111111111,300.0,-0.9994325637817383
915,4118,0.0011111111111111111,300.0,-0.9990255567762587
916,4119,0.0011111111111111111,300.0,-0.9994316101074219
917,4120,0.0011111111111111111,300.0,-0.9979808595445421
918,4121,0.0011111111111111111,300.0,-0.9968381457858615
919,4122,0.0011111111111111111,300.0,0.8832828733656142
920,4123,0.0011111111111111111,300.0,-0.9993169572618272
921,4124,0.0011111111111111111,300.0,0.9278992546929253
922,4125,0.0011111111111111111,300.0,-0.9991019566853842
923,4126,0.0011111111111111111,300.0,0.9282818900214301
924,4127,0.0011111111111111111,300.0,-0.9930407206217448
925,4128,0.0011111111111111111,300.0,0.924798223707411
926,4129,0.0011111111111111111,300.0,-0.9986004299587674
927,4130,0.0011111111111111111,300.0,-0.9984767701890733
928,4131,0.0011111111111111111,300.0,-0.999665896097819
929,4132,0.0011111111111111111,300.0,-0.4302295313941108
930,4133,0.0011111111111111111,300.0,0.9145213233100044
931,4134,0.0011111111111111111,300.0,0.8695570098029243
932,4135,0.0011111111111111111,300.0,0.7260655297173394
933,4136,0.0011111111111111111,300.0,0.9282184176974826
934,4137,0.0011111111111111111,300.0,0.9288107554117838
935,4138,0.0011111111111111111,300.0,0.8409316274854872
936,4139,0.0011111111111111111,300.0,0.9123311572604709
937,4140,0.0011111111111111111,300.0,0.9044251971774631
938,4141,0.0011111111111111111,300.0,0.9282920625474718
939,4142,0.0011111111111111111,300.0,0.9277281231350369
940,4143,0.0011111111111111111,300.0,0.8810248374938965
941,4144,0.0011111111111111111,300.0,0.9227165646023221
942,4145,0.0011111111111111111,300.0,0.9185510211520724
943,4146,0.0011111111111111111,300.0,-0.9991056654188368
944,4147,0.0011111111111111111,300.0,-0.9979423946804471
945,4148,0.0011111111111111111,300.0,0.9278662999471029
946,4149,0.0011111111111111111,300.0,-0.9986278745863173
947,4150,0.0011111111111111111,400.0,-0.9996798833211263
948,4151,0.0011111111111111111,400.0,0.9448904461330838
949,4152,0.0011111111111111111,400.0,-0.999654663933648
950,4153,0.0011111111111111111,400.0,-0.999678823682997
951,4154,0.0011111111111111111,400.0,-0.9529566235012479
952,4155,0.0011111111111111111,400.0,-0.9994045893351237
953,4156,0.0011111111111111111,400.0,-0.9997105068630643
954,4157,0.0011111111111111111,400.0,-0.9996540281507704
955,4158,0.0011111111111111111,400.0,0.9441124598185221
956,4159,0.0011111111111111111,400.0,-0.9994483523898654
957,4160,0.0011111111111111111,400.0,0.8877369032965766
958,4161,0.0011111111111111111,400.0,-0.9995210435655382
959,4162,0.0011111111111111111,400.0,0.9482013914320204
960,4163,0.0011111111111111111,400.0,0.9481036927964952
961,4164,0.0011111111111111111,400.0,0.9477718141343858
962,4165,0.0011111111111111111,400.0,-0.9996576309204102
963,4166,0.0011111111111111111,400.0,-0.9996190600925021
964,4167,0.0011111111111111111,400.0,-0.9996768103705512
965,4168,0.0011111111111111111,400.0,-0.9996671676635742
966,4169,0.0011111111111111111,400.0,-0.999694718254937
967,4170,0.0011111111111111111,400.0,-0.9996709823608398
968,4171,0.0011111111111111111,400.0,-0.9995843039618598
969,4172,0.0011111111111111111,400.0,-0.9992569817437066
970,4173,0.0011111111111111111,400.0,-0.9996746910942925
971,4174,0.0011111111111111111,400.0,0.947342660692003
972,4175,0.0011111111111111111,400.0,-0.9996575249565972
973,4176,0.0011111111111111111,400.0,0.9473306867811415
974,4177,0.0011111111111111111,400.0,-0.9995715883043077
975,4178,0.0011111111111111111,400.0,0.9408596886528863
976,4179,0.0011111111111111111,400.0,-0.9996181064181857
977,4180,0.0011111111111111111,400.0,-0.9996533923678927
978,4181,0.0011111111111111111,400.0,-0.9997095531887479
979,4182,0.0011111111111111111,400.0,-0.9995022879706489
980,4183,0.0011111111111111111,400.0,-0.9965949588351779
981,4184,0.0011111111111111111,400.0,-0.9991869396633573
982,4185,0.0011111111111111111,400.0,-0.999216185675727
983,4186,0.0011111111111111111,400.0,0.9473197725084093
984,4187,0.0011111111111111111,400.0,0.9480473200480143
985,4188,0.0011111111111111111,400.0,-0.9992368486192491
986,4189,0.0011111111111111111,400.0,-0.9984854592217339
987,4190,0.0011111111111111111,400.0,-0.9986152648925781
988,4191,0.0011111111111111111,400.0,0.9488569895426432
989,4192,0.0011111111111111111,400.0,0.9496518241034614
990,4193,0.0011111111111111111,400.0,-0.9989995956420898
991,4194,0.0011111111111111111,400.0,0.9435479905870225
992,4195,0.0011111111111111111,400.0,0.9211210674709744
993,4196,0.0011111111111111111,400.0,-0.9996585845947266
994,4197,0.0011111111111111111,400.0,-0.999624146355523
995,4198,0.0011111111111111111,400.0,0.9482513003879123
996,4199,0.0011111111111111111,400.0,-0.9996423721313477
997,4200,0.0011111111111111111,500.0,-0.9997232225206163
998,4201,0.0011111111111111111,500.0,0.9514766269259982
999,4202,0.0011111111111111111,500.0,-0.9996753268771701
1000,4203,0.0011111111111111111,500.0,-0.9997297922770182
1001,4204,0.0011111111111111111,500.0,-0.9996489418877496
1002,4205,0.0011111111111111111,500.0,-0.9996565712822808
1003,4206,0.0011111111111111111,500.0,-0.9996970494588217
1004,4207,0.0011111111111111111,500.0,-0.9996776580810547
1005,4208,0.0011111111111111111,500.0,0.9513214959038628
1006,4209,0.0011111111111111111,500.0,-0.9996661080254449
1007,4210,0.0011111111111111111,500.0,-0.9995457331339518
1008,4211,0.0011111111111111111,500.0,-0.9996812608506944
1009,4212,0.0011111111111111111,500.0,0.9604413774278429
1010,4213,0.0011111111111111111,500.0,0.9591303931342231
1011,4214,0.0011111111111111111,500.0,0.9593550364176432
1012,4215,0.0011111111111111111,500.0,-0.9997209972805448
1013,4216,0.0011111111111111111,500.0,-0.9997159110175239
1014,4217,0.0011111111111111111,500.0,-0.9997153811984592
1015,4218,0.0011111111111111111,500.0,-0.9997008641560873
1016,4219,0.0011111111111111111,500.0,-0.9997422960069444
1017,4220,0.0011111111111111111,500.0,-0.9996967315673828
1018,4221,0.0011111111111111111,500.0,-0.9997186660766602
1019,4222,0.0011111111111111111,500.0,-0.9996790356106229
1020,4223,0.0011111111111111111,500.0,-0.9996940824720595
1021,4224,0.0011111111111111111,500.0,0.9593086242675781
1022,4225,0.0011111111111111111,500.0,-0.9996818966335721
1023,4226,0.0011111111111111111,500.0,0.9593413670857748
1024,4227,0.0011111111111111111,500.0,-0.9996903737386068
1025,4228,0.0011111111111111111,500.0,0.9362851248847114
1026,4229,0.0011111111111111111,500.0,-0.9996845457288954
1027,4230,0.0011111111111111111,500.0,-0.9997261895073785
1028,4231,0.0011111111111111111,500.0,-0.99972046746148
1029,4232,0.0011111111111111111,500.0,-0.9997070100572374
1030,4233,0.0011111111111111111,500.0,-0.9996457629733615
1031,4234,0.0011111111111111111,500.0,-0.9996785057915581
1032,4235,0.0011111111111111111,500.0,-0.9997357262505425
1033,4236,0.0011111111111111111,500.0,0.9546785354614258
1034,4237,0.0011111111111111111,500.0,0.9599435594346788
1035,4238,0.0011111111111111111,500.0,-0.9997130499945747
1036,4239,0.0011111111111111111,500.0,-0.9996475643581815
1037,4240,0.0011111111111111111,500.0,-0.9996224509345161
1038,4241,0.0011111111111111111,500.0,0.959721671210395
1039,4242,0.0011111111111111111,500.0,0.9602559407552084
1040,4243,0.0011111111111111111,500.0,-0.9996718300713433
1041,4244,0.0011111111111111111,500.0,-0.9991412692599826
1042,4245,0.0011111111111111111,500.0,-0.9996171527438693
1043,4246,0.0011111111111111111,500.0,-0.999688466389974
1044,4247,0.0011111111111111111,500.0,-0.9997395409478081
1045,4248,0.0011111111111111111,500.0,0.9589585198296441
1046,4249,0.0011111111111111111,500.0,-0.9997120963202583
1047,4250,0.0011111111111111111,600.0,-0.9996956719292535
1048,4251,0.0011111111111111111,600.0,-0.999476432800293
1049,4252,0.0011111111111111111,600.0,-0.9997125201755099
1050,4253,0.0011111111111111111,600.0,-0.9996914333767362
1051,4254,0.0011111111111111111,600.0,-0.9997145334879557
1052,4255,0.0011111111111111111,600.0,-0.9996910095214844
1053,4256,0.0011111111111111111,600.0,-0.9997000164455838
1054,4257,0.0011111111111111111,600.0,-0.9996781879001193
1055,4258,0.0011111111111111111,600.0,-0.9996099472045898
1056,4259,0.0011111111111111111,600.0,-0.9997000164455838
1057,4260,0.0011111111111111111,600.0,-0.9996842278374566
1058,4261,0.0011111111111111111,600.0,-0.9997222688462999
1059,4262,0.0011111111111111111,600.0,0.9669436348809136
1060,4263,0.0011111111111111111,600.0,0.9663370980156792
1061,4264,0.0011111111111111111,600.0,0.9668188095092773
1062,4265,0.0011111111111111111,600.0,-0.9996987448798286
1063,4266,0.0011111111111111111,600.0,-0.9996646245320638
1064,4267,0.0011111111111111111,600.0,-0.9996840159098307
1065,4268,0.0011111111111111111,600.0,-0.9997177124023438
1066,4269,0.0011111111111111111,600.0,-0.9996984269883897
1067,4270,0.0011111111111111111,600.0,-0.9997149573432075
1068,4271,0.0011111111111111111,600.0,-0.9997140036688911
1069,4272,0.0011111111111111111,600.0,-0.9997313817342123
1070,4273,0.0011111111111111111,600.0,-0.99972046746148
1071,4274,0.0011111111111111111,600.0,0.9646451738145616
1072,4275,0.0011111111111111111,600.0,-0.9996802012125651
1073,4276,0.0011111111111111111,600.0,0.9629670249091254
1074,4277,0.0011111111111111111,600.0,-0.999736467997233
1075,4278,0.0011111111111111111,600.0,-0.9996736314561632
1076,4279,0.0011111111111111111,600.0,-0.9997036192152235
1077,4280,0.0011111111111111111,600.0,-0.9997186660766602
1078,4281,0.0011111111111111111,600.0,-0.9997094472249349
1079,4282,0.0011111111111111111,600.0,-0.9997026655409071
1080,4283,0.0011111111111111111,600.0,-0.9997080696953667
1081,4284,0.0011111111111111111,600.0,-0.9997279908921983
1082,4285,0.0011111111111111111,600.0,-0.9996808369954427
1083,4286,0.0011111111111111111,600.0,0.9612084494696723
1084,4287,0.0011111111111111111,600.0,0.9670834011501737
1085,4288,0.0011111111111111111,600.0,-0.99973021613227
1086,4289,0.0011111111111111111,600.0,-0.9997296863132052
1087,4290,0.0011111111111111111,600.0,-0.9997054206000434
1088,4291,0.0011111111111111111,600.0,0.9672895007663302
1089,4292,0.0011111111111111111,600.0,0.9673453436957465
1090,4293,0.0011111111111111111,600.0,-0.9997367858886719
1091,4294,0.0011111111111111111,600.0,-0.9997227986653646
1092,4295,0.0011111111111111111,600.0,-0.9996720419989692
1093,4296,0.0011111111111111111,600.0,-0.9997018178304037
1094,4297,0.0011111111111111111,600.0,-0.9997162289089627
1095,4298,0.0011111111111111111,600.0,0.9645339118109809
1096,4299,0.0011111111111111111,600.0,-0.9997007581922743
1097,4300,0.0011111111111111111,700.0,-0.9997116724650065
1098,4301,0.0011111111111111111,700.0,-0.9997250239054362
1099,4302,0.0011111111111111111,700.0,-0.9997124142116971
1100,4303,0.0011111111111111111,700.0,-0.9997173945109049
1101,4304,0.0011111111111111111,700.0,-0.9997129440307617
1102,4305,0.0011111111111111111,700.0,-0.9997127321031358
1103,4306,0.0011111111111111111,700.0,-0.9997064802381728
1104,4307,0.0011111111111111111,700.0,-0.9997363620334201
1105,4308,0.0011111111111111111,700.0,-0.9996882544623481
1106,4309,0.0011111111111111111,700.0,-0.9996965196397569
1107,4310,0.0011111111111111111,700.0,-0.999731699625651
1108,4311,0.0011111111111111111,700.0,-0.9997255537245009
1109,4312,0.0011111111111111111,700.0,0.9674691094292535
1110,4313,0.0011111111111111111,700.0,0.9698076248168945
1111,4314,0.0011111111111111111,700.0,0.9724235534667969
1112,4315,0.0011111111111111111,700.0,-0.9997295803493924
1113,4316,0.0011111111111111111,700.0,-0.9997120963202583
1114,4317,0.0011111111111111111,700.0,-0.9997123082478842
1115,4318,0.0011111111111111111,700.0,-0.9997395409478081
1116,4319,0.0011111111111111111,700.0,-0.9997137917412652
1117,4320,0.0011111111111111111,700.0,-0.9997422960069444
1118,4321,0.0011111111111111111,700.0,-0.9996974733140733
1119,4322,0.0011111111111111111,700.0,-0.9997030893961588
1120,4323,0.0011111111111111111,700.0,-0.9996973673502604
1121,4324,0.0011111111111111111,700.0,0.967858632405599
1122,4325,0.0011111111111111111,700.0,-0.9996986389160156
1123,4326,0.0011111111111111111,700.0,0.965519905090332
1124,4327,0.0011111111111111111,700.0,-0.9997266133626302
1125,4328,0.0011111111111111111,700.0,-0.999696413675944
1126,4329,0.0011111111111111111,700.0,-0.9997224807739258
1127,4330,0.0011111111111111111,700.0,-0.9997062683105469
1128,4331,0.0011111111111111111,700.0,-0.99970457288954
1129,4332,0.0011111111111111111,700.0,-0.9997243881225586
1130,4333,0.0011111111111111111,700.0,-0.9996875127156576
1131,4334,0.0011111111111111111,700.0,-0.9997042549981011
1132,4335,0.0011111111111111111,700.0,-0.9997082816229926
1133,4336,0.0011111111111111111,700.0,-0.999723752339681
1134,4337,0.0011111111111111111,700.0,0.9722066455417209
1135,4338,0.0011111111111111111,700.0,-0.9997308519151475
1136,4339,0.0011111111111111111,700.0,-0.9997077518039279
1137,4340,0.0011111111111111111,700.0,-0.9997323354085287
1138,4341,0.0011111111111111111,700.0,0.9721536636352539
1139,4342,0.0011111111111111111,700.0,0.9720693164401584
1140,4343,0.0011111111111111111,700.0,-0.9996805191040039
1141,4344,0.0011111111111111111,700.0,-0.9997113545735677
1142,4345,0.0011111111111111111,700.0,-0.9996875127156576
1143,4346,0.0011111111111111111,700.0,-0.9997064802381728
1144,4347,0.0011111111111111111,700.0,-0.999690055847168
1145,4348,0.0011111111111111111,700.0,0.9677464167277018
1146,4349,0.0011111111111111111,700.0,-0.9997288386027018
1147,4350,0.0011111111111111111,800.0,-0.9997453689575195
1148,4351,0.0011111111111111111,800.0,-0.9997098710801866
1149,4352,0.0011111111111111111,800.0,-0.9996901618109809
1150,4353,0.0011111111111111111,800.0,-0.9997025595770942
1151,4354,0.0011111111111111111,800.0,-0.9996873007880317
1152,4355,0.0011111111111111111,800.0,-0.9996945063273112
1153,4356,0.0011111111111111111,800.0,-0.999680307176378
1154,4357,0.0011111111111111111,800.0,-0.9997115665011935
1155,4358,0.0011111111111111111,800.0,-0.9996937645806206
1156,4359,0.0011111111111111111,800.0,-0.9997340308295356
1157,4360,0.0011111111111111111,800.0,-0.9997434616088867
1158,4361,0.0011111111111111111,800.0,-0.999693234761556
1159,4362,0.0011111111111111111,800.0,0.9657927619086372
1160,4363,0.0011111111111111111,800.0,-0.9996556176079644
1161,4364,0.0011111111111111111,800.0,0.9750822914971246
1162,4365,0.0011111111111111111,800.0,-0.9997216330634223
1163,4366,0.0011111111111111111,800.0,-0.9997267193264432
1164,4367,0.0011111111111111111,800.0,-0.9996822145250108
1165,4368,0.0011111111111111111,800.0,-0.9996681213378906
1166,4369,0.0011111111111111111,800.0,-0.9997134738498263
1167,4370,0.0011111111111111111,800.0,-0.9997211032443576
1168,4371,0.0011111111111111111,800.0,-0.9997170766194662
1169,4372,0.0011111111111111111,800.0,-0.9997265073988173
1170,4373,0.0011111111111111111,800.0,-0.9996802012125651
1171,4374,0.0011111111111111111,800.0,0.9673474629720052
1172,4375,0.0011111111111111111,800.0,-0.9996757507324219
1173,4376,0.0011111111111111111,800.0,-0.9997259775797526
1174,4377,0.0011111111111111111,800.0,-0.9997236463758681
1175,4378,0.0011111111111111111,800.0,-0.9997100830078125
1176,4379,0.0011111111111111111,800.0,-0.9996944003634982
1177,4380,0.0011111111111111111,800.0,-0.9996921751234267
1178,4381,0.0011111111111111111,800.0,-0.9997251298692491
1179,4382,0.0011111111111111111,800.0,-0.9997043609619141
1180,4383,0.0011111111111111111,800.0,-0.9997043609619141
1181,4384,0.0011111111111111111,800.0,-0.9997078577677408
1182,4385,0.0011111111111111111,800.0,-0.9997282028198242
1183,4386,0.0011111111111111111,800.0,-0.9997272491455078
1184,4387,0.0011111111111111111,800.0,0.9758664237128364
1185,4388,0.0011111111111111111,800.0,-0.9996693929036459
1186,4389,0.0011111111111111111,800.0,-0.9997145334879557
1187,4390,0.0011111111111111111,800.0,-0.9997632768419054
1188,4391,0.0011111111111111111,800.0,0.9750648074679904
1189,4392,0.0011111111111111111,800.0,0.9761785931057401
1190,4393,0.0011111111111111111,800.0,-0.9997227986653646
1191,4394,0.0011111111111111111,800.0,-0.9997034072875977
1192,4395,0.0011111111111111111,800.0,-0.9997126261393229
1193,4396,0.0011111111111111111,800.0,-0.9997206793891059
1194,4397,0.0011111111111111111,800.0,-0.9997211032443576
1195,4398,0.0011111111111111111,800.0,-0.9996906916300455
1196,4399,0.0011111111111111111,800.0,-0.9997232225206163
1197,4400,0.0035136418446315323,100.0,0.7024357053968642
1198,4401,0.0035136418446315323,100.0,0.9504782358805338
1199,4402,0.0035136418446315323,100.0,-0.9979067908393012
1200,4403,0.0035136418446315323,100.0,0.929844856262207
1201,4404,0.0035136418446315323,100.0,0.9523247612847222
1202,4405,0.0035136418446315323,100.0,0.9464420742458768
1203,4406,0.0035136418446315323,100.0,-0.9983842637803819
1204,4407,0.0035136418446315323,100.0,0.9507247077094184
1205,4408,0.0035136418446315323,100.0,0.9504321416219076
1206,4409,0.0035136418446315323,100.0,0.9388168123033311
1207,4410,0.0035136418446315323,100.0,0.9525263044569228
1208,4411,0.0035136418446315323,100.0,0.9524671766493056
1209,4412,0.0035136418446315323,100.0,0.9528043535020616
1210,4413,0.0035136418446315323,100.0,0.9514049953884549
1211,4414,0.0035136418446315323,100.0,0.9416730668809679
1212,4415,0.0035136418446315323,100.0,0.949525515238444
1213,4416,0.0035136418446315323,100.0,0.9516128963894315
1214,4417,0.0035136418446315323,100.0,-0.9993315802680122
1215,4418,0.0035136418446315323,100.0,0.9075404273139106
1216,4419,0.0035136418446315323,100.0,-0.9987939198811849
1217,4420,0.0035136418446315323,100.0,0.9459918340047201
1218,4421,0.0035136418446315323,100.0,0.944878896077474
1219,4422,0.0035136418446315323,100.0,0.9503936767578125
1220,4423,0.0035136418446315323,100.0,-0.9962107340494791
1221,4424,0.0035136418446315323,100.0,0.9519839816623263
1222,4425,0.0035136418446315323,100.0,-0.9991154140896268
1223,4426,0.0035136418446315323,100.0,0.9548361036512587
1224,4427,0.0035136418446315323,100.0,0.9532129499647353
1225,4428,0.0035136418446315323,100.0,0.9507909350925021
1226,4429,0.0035136418446315323,100.0,0.9387569427490234
1227,4430,0.0035136418446315323,100.0,0.9499917560153537
1228,4431,0.0035136418446315323,100.0,-0.9995605680677626
1229,4432,0.0035136418446315323,100.0,0.9496608310275607
1230,4433,0.0035136418446315323,100.0,0.9495114220513238
1231,4434,0.0035136418446315323,100.0,0.9520517985026041
1232,4435,0.0035136418446315323,100.0,0.9483158323499892
1233,4436,0.0035136418446315323,100.0,0.9543562995062934
1234,4437,0.0035136418446315323,100.0,0.955238766140408
1235,4438,0.0035136418446315323,100.0,0.9517247941758897
1236,4439,0.0035136418446315323,100.0,0.953036732143826
1237,4440,0.0035136418446315323,100.0,0.948732058207194
1238,4441,0.0035136418446315323,100.0,0.9552096260918511
1239,4442,0.0035136418446315323,100.0,0.9547299279106988
1240,4443,0.0035136418446315323,100.0,0.9479022555881076
1241,4444,0.0035136418446315323,100.0,0.9483711454603407
1242,4445,0.0035136418446315323,100.0,0.9521343443128798
1243,4446,0.0035136418446315323,100.0,0.9426070319281684
1244,4447,0.0035136418446315323,100.0,0.9526360829671224
1245,4448,0.0035136418446315323,100.0,0.9545072979397244
1246,4449,0.0035136418446315323,100.0,0.9444978502061632
1247,4450,0.0035136418446315323,200.0,-0.9941172069973416
1248,4451,0.0035136418446315323,200.0,0.898933834499783
1249,4452,0.0035136418446315323,200.0,-0.9938445621066623
1250,4453,0.0035136418446315323,200.0,-0.9960914187961154
1251,4454,0.0035136418446315323,200.0,0.9002447128295898
1252,4455,0.0035136418446315323,200.0,0.8640877405802408
1253,4456,0.0035136418446315323,200.0,-0.997229258219401
1254,4457,0.0035136418446315323,200.0,-0.9899943669637045
1255,4458,0.0035136418446315323,200.0,0.9026813507080078
1256,4459,0.0035136418446315323,200.0,0.8215567800733778
1257,4460,0.0035136418446315323,200.0,0.9040714899698893
1258,4461,0.0035136418446315323,200.0,0.8754578166537814
1259,4462,0.0035136418446315323,200.0,0.9095772637261285
1260,4463,0.0035136418446315323,200.0,0.9014431635538737
1261,4464,0.0035136418446315323,200.0,0.8938602871365018
1262,4465,0.0035136418446315323,200.0,-0.958777215745714
1263,4466,0.0035136418446315323,200.0,0.8586283259921603
1264,4467,0.0035136418446315323,200.0,-0.9983314938015408
1265,4468,0.0035136418446315323,200.0,-0.9915702607896593
1266,4469,0.0035136418446315323,200.0,-0.9981311162312826
1267,4470,0.0035136418446315323,200.0,-0.9837451510959201
1268,4471,0.0035136418446315323,200.0,-0.909545792473687
1269,4472,0.0035136418446315323,200.0,0.8900185690985786
1270,4473,0.0035136418446315323,200.0,-0.9964157740275065
1271,4474,0.0035136418446315323,200.0,0.9036175409952799
1272,4475,0.0035136418446315323,200.0,-0.9965197245279948
1273,4476,0.0035136418446315323,200.0,0.9116615719265408
1274,4477,0.0035136418446315323,200.0,0.8786826133728027
1275,4478,0.0035136418446315323,200.0,0.9035014046563042
1276,4479,0.0035136418446315323,200.0,-0.9865988625420464
1277,4480,0.0035136418446315323,200.0,-0.9645565880669488
1278,4481,0.0035136418446315323,200.0,-0.9992062250773112
1279,4482,0.0035136418446315323,200.0,0.8766908645629883
1280,4483,0.0035136418446315323,200.0,0.8904791937934028
1281,4484,0.0035136418446315323,200.0,0.8955254024929471
1282,4485,0.0035136418446315323,200.0,0.8785800404018826
1283,4486,0.0035136418446315323,200.0,0.9101207521226671
1284,4487,0.0035136418446315323,200.0,0.9118289947509766
1285,4488,0.0035136418446315323,200.0,0.8934017817179362
1286,4489,0.0035136418446315323,200.0,0.902416017320421
1287,4490,0.0035136418446315323,200.0,0.888178825378418
1288,4491,0.0035136418446315323,200.0,0.9114248487684462
1289,4492,0.0035136418446315323,200.0,0.9103664822048612
1290,4493,0.0035136418446315323,200.0,0.8760198487175835
1291,4494,0.0035136418446315323,200.0,0.897411134507921
1292,4495,0.0035136418446315323,200.0,0.8995768229166666
1293,4496,0.0035136418446315323,200.0,-0.993221812778049
1294,4497,0.0035136418446315323,200.0,0.8523539967007108
1295,4498,0.0035136418446315323,200.0,0.9112281799316406
1296,4499,0.0035136418446315323,200.0,-0.9752273559570312
1297,4500,0.0035136418446315323,300.0,-0.9995171229044596
1298,4501,0.0035136418446315323,300.0,0.9373599158393012
1299,4502,0.0035136418446315323,300.0,-0.9993797938028971
1300,4503,0.0035136418446315323,300.0,-0.9995990329318576
1301,4504,0.0035136418446315323,300.0,0.9248134824964735
1302,4505,0.0035136418446315323,300.0,-0.9955520629882812
1303,4506,0.0035136418446315323,300.0,-0.9996291266547309
1304,4507,0.0035136418446315323,300.0,-0.9995627933078342
1305,4508,0.0035136418446315323,300.0,0.9393096499972873
1306,4509,0.0035136418446315323,300.0,-0.9985664155748155
1307,4510,0.0035136418446315323,300.0,0.9336975945366753
1308,4511,0.0035136418446315323,300.0,-0.997836536831326
1309,4512,0.0035136418446315323,300.0,0.9423710505167643
1310,4513,0.0035136418446315323,300.0,0.941218376159668
1311,4514,0.0035136418446315323,300.0,0.9392545488145616
1312,4515,0.0035136418446315323,300.0,-0.9994825787014432
1313,4516,0.0035136418446315323,300.0,-0.9991205003526475
1314,4517,0.0035136418446315323,300.0,-0.9996317757500542
1315,4518,0.0035136418446315323,300.0,-0.9994836383395724
1316,4519,0.0035136418446315323,300.0,-0.9996635648939345
1317,4520,0.0035136418446315323,300.0,-0.9993765089246962
1318,4521,0.0035136418446315323,300.0,-0.9991266462537978
1319,4522,0.0035136418446315323,300.0,-0.9952221976386176
1320,4523,0.0035136418446315323,300.0,-0.999649895562066
1321,4524,0.0035136418446315323,300.0,0.9410167270236545
1322,4525,0.0035136418446315323,300.0,-0.9995702107747396
1323,4526,0.0035136418446315323,300.0,0.9414340125189887
1324,4527,0.0035136418446315323,300.0,-0.9983402887980143
1325,4528,0.0035136418446315323,300.0,0.935612784491645
1326,4529,0.0035136418446315323,300.0,-0.999444325764974
1327,4530,0.0035136418446315323,300.0,-0.9993987613254123
1328,4531,0.0035136418446315323,300.0,-0.9996548758612739
1329,4532,0.0035136418446315323,300.0,-0.9955102072821723
1330,4533,0.0035136418446315323,300.0,0.9169293509589301
1331,4534,0.0035136418446315323,300.0,0.8888168334960938
1332,4535,0.0035136418446315323,300.0,-0.996577262878418
1333,4536,0.0035136418446315323,300.0,0.9414442910088433
1334,4537,0.0035136418446315323,300.0,0.9433755874633789
1335,4538,0.0035136418446315323,300.0,-0.9866964552137587
1336,4539,0.0035136418446315323,300.0,0.9170007705688477
1337,4540,0.0035136418446315323,300.0,0.9057129753960503
1338,4541,0.0035136418446315323,300.0,0.9425794813368056
1339,4542,0.0035136418446315323,300.0,0.9428124957614474
1340,4543,0.0035136418446315323,300.0,-0.9865452448527018
1341,4544,0.0035136418446315323,300.0,0.9367407692803277
1342,4545,0.0035136418446315323,300.0,0.9327319463094076
1343,4546,0.0035136418446315323,300.0,-0.9995875888400607
1344,4547,0.0035136418446315323,300.0,-0.9992898305257162
1345,4548,0.0035136418446315323,300.0,0.943467034233941
1346,4549,0.0035136418446315323,300.0,-0.999421649509006
1347,4550,0.0035136418446315323,400.0,-0.99970457288954
1348,4551,0.0035136418446315323,400.0,0.9517769283718533
1349,4552,0.0035136418446315323,400.0,-0.9996373918321397
1350,4553,0.0035136418446315323,400.0,-0.9996732076009115
1351,4554,0.0035136418446315323,400.0,-0.9994639290703667
1352,4555,0.0035136418446315323,400.0,-0.9997063742743598
1353,4556,0.0035136418446315323,400.0,-0.999706056382921
1354,4557,0.0035136418446315323,400.0,-0.9996975792778863
1355,4558,0.0035136418446315323,400.0,0.9543494118584527
1356,4559,0.0035136418446315323,400.0,-0.9996596442328559
1357,4560,0.0035136418446315323,400.0,-0.9975458780924479
1358,4561,0.0035136418446315323,400.0,-0.9996629291110568
1359,4562,0.0035136418446315323,400.0,0.9584842258029513
1360,4563,0.0035136418446315323,400.0,0.9570684432983398
1361,4564,0.0035136418446315323,400.0,0.9573798709445529
1362,4565,0.0035136418446315323,400.0,-0.9997079637315538
1363,4566,0.0035136418446315323,400.0,-0.9996856053670248
1364,4567,0.0035136418446315323,400.0,-0.9996874067518446
1365,4568,0.0035136418446315323,400.0,-0.9996720419989692
1366,4569,0.0035136418446315323,400.0,-0.9996935526529948
1367,4570,0.0035136418446315323,400.0,-0.9997230105929904
1368,4571,0.0035136418446315323,400.0,-0.9996736314561632
1369,4572,0.0035136418446315323,400.0,-0.9996634589301215
1370,4573,0.0035136418446315323,400.0,-0.9996985329522027
1371,4574,0.0035136418446315323,400.0,0.9575679567125108
1372,4575,0.0035136418446315323,400.0,-0.9997479120890299
1373,4576,0.0035136418446315323,400.0,0.9574756622314453
1374,4577,0.0035136418446315323,400.0,-0.999675538804796
1375,4578,0.0035136418446315323,400.0,0.9451898998684354
1376,4579,0.0035136418446315323,400.0,-0.9996866650051541
1377,4580,0.0035136418446315323,400.0,-0.999693234761556
1378,4581,0.0035136418446315323,400.0,-0.9997107187906901
1379,4582,0.0035136418446315323,400.0,-0.9996797773573134
1380,4583,0.0035136418446315323,400.0,-0.999503665500217
1381,4584,0.0035136418446315323,400.0,-0.9996465047200521
1382,4585,0.0035136418446315323,400.0,-0.9996529685126411
1383,4586,0.0035136418446315323,400.0,0.9568876690334744
1384,4587,0.0035136418446315323,400.0,0.9585124121771919
1385,4588,0.0035136418446315323,400.0,-0.9996758566962348
1386,4589,0.0035136418446315323,400.0,-0.9995127783881294
1387,4590,0.0035136418446315323,400.0,-0.9994880888197157
1388,4591,0.0035136418446315323,400.0,0.958311504787869
1389,4592,0.0035136418446315323,400.0,0.9585403866238065
1390,4593,0.0035136418446315323,400.0,-0.9996479882134331
1391,4594,0.0035136418446315323,400.0,0.9434971279568143
1392,4595,0.0035136418446315323,400.0,-0.9911571078830295
1393,4596,0.0035136418446315323,400.0,-0.9997119903564453
1394,4597,0.0035136418446315323,400.0,-0.9997173945109049
1395,4598,0.0035136418446315323,400.0,0.958924929300944
1396,4599,0.0035136418446315323,400.0,-0.9997066921657987
1397,4600,0.0035136418446315323,500.0,-0.9997159110175239
1398,4601,0.0035136418446315323,500.0,0.9524066713121202
1399,4602,0.0035136418446315323,500.0,-0.9997089174058702
1400,4603,0.0035136418446315323,500.0,-0.9996901618109809
1401,4604,0.0035136418446315323,500.0,-0.9997004403008355
1402,4605,0.0035136418446315323,500.0,-0.9997052086724175
1403,4606,0.0035136418446315323,500.0,-0.9997190899319119
1404,4607,0.0035136418446315323,500.0,-0.9996878306070963
1405,4608,0.0035136418446315323,500.0,-0.9986536237928603
1406,4609,0.0035136418446315323,500.0,-0.9997136857774522
1407,4610,0.0035136418446315323,500.0,-0.9996973673502604
1408,4611,0.0035136418446315323,500.0,-0.9996759626600478
1409,4612,0.0035136418446315323,500.0,0.9666703542073568
1410,4613,0.0035136418446315323,500.0,0.9665122561984592
1411,4614,0.0035136418446315323,500.0,0.9671772850884331
1412,4615,0.0035136418446315323,500.0,-0.9997243881225586
1413,4616,0.0035136418446315323,500.0,-0.9997219509548612
1414,4617,0.0035136418446315323,500.0,-0.9996860292222765
1415,4618,0.0035136418446315323,500.0,-0.9997061623467339
1416,4619,0.0035136418446315323,500.0,-0.9997115665011935
1417,4620,0.0035136418446315323,500.0,-0.999675432840983
1418,4621,0.0035136418446315323,500.0,-0.9997177124023438
1419,4622,0.0035136418446315323,500.0,-0.9996880425347222
1420,4623,0.0035136418446315323,500.0,-0.9997144275241427
1421,4624,0.0035136418446315323,500.0,0.9668233659532335
1422,4625,0.0035136418446315323,500.0,-0.9997067981296115
1423,4626,0.0035136418446315323,500.0,0.9654921425713433
1424,4627,0.0035136418446315323,500.0,-0.9997073279486762
1425,4628,0.0035136418446315323,500.0,-0.999640252855089
1426,4629,0.0035136418446315323,500.0,-0.9997218449910482
1427,4630,0.0035136418446315323,500.0,-0.9997380574544271
1428,4631,0.0035136418446315323,500.0,-0.9996941884358724
1429,4632,0.0035136418446315323,500.0,-0.9997038311428494
1430,4633,0.0035136418446315323,500.0,-0.9997134738498263
1431,4634,0.0035136418446315323,500.0,-0.9996968375311958
1432,4635,0.0035136418446315323,500.0,-0.9997215270996094
1433,4636,0.0035136418446315323,500.0,0.9630445904201932
1434,4637,0.0035136418446315323,500.0,0.9672738181220161
1435,4638,0.0035136418446315323,500.0,-0.999693234761556
1436,4639,0.0035136418446315323,500.0,-0.9996921751234267
1437,4640,0.0035136418446315323,500.0,-0.9996901618109809
1438,4641,0.0035136418446315323,500.0,0.9671003553602431
1439,4642,0.0035136418446315323,500.0,0.967500262790256
1440,4643,0.0035136418446315323,500.0,-0.999680413140191
1441,4644,0.0035136418446315323,500.0,-0.9996509552001953
1442,4645,0.0035136418446315323,500.0,-0.9997081756591797
1443,4646,0.0035136418446315323,500.0,-0.9996810489230685
1444,4647,0.0035136418446315323,500.0,-0.9997276730007596
1445,4648,0.0035136418446315323,500.0,0.9666578504774306
1446,4649,0.0035136418446315323,500.0,-0.9997094472249349
1447,4650,0.0035136418446315323,600.0,-0.9997122022840712
1448,4651,0.0035136418446315323,600.0,-0.9996820025973849
1449,4652,0.0035136418446315323,600.0,-0.9997383753458658
1450,4653,0.0035136418446315323,600.0,-0.9996832741631402
1451,4654,0.0035136418446315323,600.0,-0.9997287326388888
1452,4655,0.0035136418446315323,600.0,-0.9997041490342882
1453,4656,0.0035136418446315323,600.0,-0.9997336069742838
1454,4657,0.0035136418446315323,600.0,-0.9996816847059462
1455,4658,0.0035136418446315323,600.0,-0.9996921751234267
1456,4659,0.0035136418446315323,600.0,-0.9997197257147895
1457,4660,0.0035136418446315323,600.0,-0.999754269917806
1458,4661,0.0035136418446315323,600.0,-0.9997097651163737
1459,4662,0.0035136418446315323,600.0,0.9730951521131728
1460,4663,0.0035136418446315323,600.0,0.9701802995469835
1461,4664,0.0035136418446315323,600.0,0.9724003473917643
1462,4665,0.0035136418446315323,600.0,-0.9997304280598959
1463,4666,0.0035136418446315323,600.0,-0.9996813668145074
1464,4667,0.0035136418446315323,600.0,-0.9997160169813368
1465,4668,0.0035136418446315323,600.0,-0.9997035132514106
1466,4669,0.0035136418446315323,600.0,-0.9997326532999674
1467,4670,0.0035136418446315323,600.0,-0.9997133678860135
1468,4671,0.0035136418446315323,600.0,-0.9996880425347222
1469,4672,0.0035136418446315323,600.0,-0.9997051027086046
1470,4673,0.0035136418446315323,600.0,-0.9997201495700412
1471,4674,0.0035136418446315323,600.0,0.9688263999091254
1472,4675,0.0035136418446315323,600.0,-0.9997018178304037
1473,4676,0.0035136418446315323,600.0,0.9598424699571397
1474,4677,0.0035136418446315323,600.0,-0.9996955659654405
1475,4678,0.0035136418446315323,600.0,-0.9996990627712674
1476,4679,0.0035136418446315323,600.0,-0.9997338189019097
1477,4680,0.0035136418446315323,600.0,-0.999675432840983
1478,4681,0.0035136418446315323,600.0,-0.9997328652275933
1479,4682,0.0035136418446315323,600.0,-0.9997279908921983
1480,4683,0.0035136418446315323,600.0,-0.9997321234809028
1481,4684,0.0035136418446315323,600.0,-0.9996942943996854
1482,4685,0.0035136418446315323,600.0,-0.9997236463758681
1483,4686,0.0035136418446315323,600.0,0.9528594546847873
1484,4687,0.0035136418446315323,600.0,0.9728443357679579
1485,4688,0.0035136418446315323,600.0,-0.9997145334879557
1486,4689,0.0035136418446315323,600.0,-0.99968507554796
1487,4690,0.0035136418446315323,600.0,-0.9996863471137153
1488,4691,0.0035136418446315323,600.0,0.9729021920098199
1489,4692,0.0035136418446315323,600.0,0.972998407151964
1490,4693,0.0035136418446315323,600.0,-0.9997048907809787
1491,4694,0.0035136418446315323,600.0,-0.9996999104817709
1492,4695,0.0035136418446315323,600.0,-0.9997041490342882
1493,4696,0.0035136418446315323,600.0,-0.9997324413723416
1494,4697,0.0035136418446315323,600.0,-0.9997037251790365
1495,4698,0.0035136418446315323,600.0,0.9642131593492296
1496,4699,0.0035136418446315323,600.0,-0.9997362560696073
1497,4700,0.0035136418446315323,700.0,-0.9997088114420573
1498,4701,0.0035136418446315323,700.0,-0.9997000164455838
1499,4702,0.0035136418446315323,700.0,-0.9997332890828451
1500,4703,0.0035136418446315323,700.0,-0.9997241761949327
1501,4704,0.0035136418446315323,700.0,-0.9997196197509766
1502,4705,0.0035136418446315323,700.0,-0.999678717719184
1503,4706,0.0035136418446315323,700.0,-0.9997182422214084
1504,4707,0.0035136418446315323,700.0,-0.9996857113308377
1505,4708,0.0035136418446315323,700.0,-0.9997151692708334
1506,4709,0.0035136418446315323,700.0,-0.9997262954711914
1507,4710,0.0035136418446315323,700.0,-0.9996823204888238
1508,4711,0.0035136418446315323,700.0,-0.9997338189019097
1509,4712,0.0035136418446315323,700.0,0.9635779062906901
1510,4713,0.0035136418446315323,700.0,0.9714592827690972
1511,4714,0.0035136418446315323,700.0,0.9698657989501953
1512,4715,0.0035136418446315323,700.0,-0.9996909035576714
1513,4716,0.0035136418446315323,700.0,-0.9996946122911241
1514,4717,0.0035136418446315323,700.0,-0.9997169706556532
1515,4718,0.0035136418446315323,700.0,-0.9997400707668729
1516,4719,0.0035136418446315323,700.0,-0.9997004403008355
1517,4720,0.0035136418446315323,700.0,-0.9997079637315538
1518,4721,0.0035136418446315323,700.0,-0.9997111426459419
1519,4722,0.0035136418446315323,700.0,-0.9996957778930664
1520,4723,0.0035136418446315323,700.0,-0.9997217390272353
1521,4724,0.0035136418446315323,700.0,-0.9997102949354384
1522,4725,0.0035136418446315323,700.0,-0.9997181362575955
1523,4726,0.0035136418446315323,700.0,-0.9997213151719835
1524,4727,0.0035136418446315323,700.0,-0.9997256596883138
1525,4728,0.0035136418446315323,700.0,-0.9997287326388888
1526,4729,0.0035136418446315323,700.0,-0.999688466389974
1527,4730,0.0035136418446315323,700.0,-0.9996971554226346
1528,4731,0.0035136418446315323,700.0,-0.9996956719292535
1529,4732,0.0035136418446315323,700.0,-0.9996952480740018
1530,4733,0.0035136418446315323,700.0,-0.9997090233696831
1531,4734,0.0035136418446315323,700.0,-0.9997148513793945
1532,4735,0.0035136418446315323,700.0,-0.9996922810872396
1533,4736,0.0035136418446315323,700.0,-0.9996742672390408
1534,4737,0.0035136418446315323,700.0,0.9770496156480577
1535,4738,0.0035136418446315323,700.0,-0.9997064802381728
1536,4739,0.0035136418446315323,700.0,-0.9996993806627061
1537,4740,0.0035136418446315323,700.0,-0.9997111426459419
1538,4741,0.0035136418446315323,700.0,0.9766629536946615
1539,4742,0.0035136418446315323,700.0,0.9773665534125434
1540,4743,0.0035136418446315323,700.0,-0.9997290505303277
1541,4744,0.0035136418446315323,700.0,-0.9997123082478842
1542,4745,0.0035136418446315323,700.0,-0.9997285207112631
1543,4746,0.0035136418446315323,700.0,-0.9997026655409071
1544,4747,0.0035136418446315323,700.0,-0.9997007581922743
1545,4748,0.0035136418446315323,700.0,-0.9997258716159396
1546,4749,0.0035136418446315323,700.0,-0.999709341261122
1547,4750,0.0035136418446315323,800.0,-0.999736467997233
1548,4751,0.0035136418446315323,800.0,-0.9997171825832791
1549,4752,0.0035136418446315323,800.0,-0.9997378455268012
1550,4753,0.0035136418446315323,800.0,-0.9996549818250868
1551,4754,0.0035136418446315323,800.0,-0.9997096591525607
1552,4755,0.0035136418446315323,800.0,-0.999683698018392
1553,4756,0.0035136418446315323,800.0,-0.9997282028198242
1554,4757,0.0035136418446315323,800.0,-0.9997347725762261
1555,4758,0.0035136418446315323,800.0,-0.9997113545735677
1556,4759,0.0035136418446315323,800.0,-0.9997240702311198
1557,4760,0.0035136418446315323,800.0,-0.9997133678860135
1558,4761,0.0035136418446315323,800.0,-0.9997122022840712
1559,4762,0.0035136418446315323,800.0,-0.999683592054579
1560,4763,0.0035136418446315323,800.0,-0.9996854994032118
1561,4764,0.0035136418446315323,800.0,-0.9996967315673828
1562,4765,0.0035136418446315323,800.0,-0.9997077518039279
1563,4766,0.0035136418446315323,800.0,-0.9997062683105469
1564,4767,0.0035136418446315323,800.0,-0.9996944003634982
1565,4768,0.0035136418446315323,800.0,-0.9997184541490343
1566,4769,0.0035136418446315323,800.0,-0.9997382693820529
1567,4770,0.0035136418446315323,800.0,-0.9997029834323459
1568,4771,0.0035136418446315323,800.0,-0.9996862411499023
1569,4772,0.0035136418446315323,800.0,-0.9997029834323459
1570,4773,0.0035136418446315323,800.0,-0.9996946122911241
1571,4774,0.0035136418446315323,800.0,-0.9997479120890299
1572,4775,0.0035136418446315323,800.0,-0.9997479120890299
1573,4776,0.0035136418446315323,800.0,-0.9996796713935004
1574,4777,0.0035136418446315323,800.0,-0.9997118843926324
1575,4778,0.0035136418446315323,800.0,-0.9997455808851454
1576,4779,0.0035136418446315323,800.0,-0.9997193018595377
1577,4780,0.0035136418446315323,800.0,-0.9996985329522027
1578,4781,0.0035136418446315323,800.0,-0.9997018178304037
1579,4782,0.0035136418446315323,800.0,-0.9996934466891818
1580,4783,0.0035136418446315323,800.0,-0.9997087054782443
1581,4784,0.0035136418446315323,800.0,-0.9997014999389648
1582,4785,0.0035136418446315323,800.0,-0.9997199376424154
1583,4786,0.0035136418446315323,800.0,-0.9997152752346463
1584,4787,0.0035136418446315323,800.0,0.980014271206326
1585,4788,0.0035136418446315323,800.0,-0.9997005462646484
1586,4789,0.0035136418446315323,800.0,-0.999741448296441
1587,4790,0.0035136418446315323,800.0,-0.9997132619222006
1588,4791,0.0035136418446315323,800.0,0.9773483276367188
1589,4792,0.0035136418446315323,800.0,0.9804086685180664
1590,4793,0.0035136418446315323,800.0,-0.9996861351860894
1591,4794,0.0035136418446315323,800.0,-0.9997185601128472
1592,4795,0.0035136418446315323,800.0,-0.9997221628824869
1593,4796,0.0035136418446315323,800.0,-0.9997274610731337
1594,4797,0.0035136418446315323,800.0,-0.9997140036688911
1595,4798,0.0035136418446315323,800.0,-0.9996830622355143
1596,4799,0.0035136418446315323,800.0,-0.9997019237942166
1597,4800,0.011111111111111112,100.0,-0.9983113606770834
1598,4801,0.011111111111111112,100.0,0.9563242594401041
1599,4802,0.011111111111111112,100.0,-0.9992745717366537
1600,4803,0.011111111111111112,100.0,0.9441373613145616
1601,4804,0.011111111111111112,100.0,0.9586324691772461
1602,4805,0.011111111111111112,100.0,0.9515874650743272
1603,4806,0.011111111111111112,100.0,-0.9993345472547743
1604,4807,0.011111111111111112,100.0,0.9576120376586914
1605,4808,0.011111111111111112,100.0,0.9578475952148438
1606,4809,0.011111111111111112,100.0,0.9477062225341797
1607,4810,0.011111111111111112,100.0,0.9584476682874892
1608,4811,0.011111111111111112,100.0,0.9561661614312066
1609,4812,0.011111111111111112,100.0,0.9596624374389648
1610,4813,0.011111111111111112,100.0,0.957656012641059
1611,4814,0.011111111111111112,100.0,0.9518257776896158
1612,4815,0.011111111111111112,100.0,0.9577668507893881
1613,4816,0.011111111111111112,100.0,0.9585890240139432
1614,4817,0.011111111111111112,100.0,-0.9995338651869032
1615,4818,0.011111111111111112,100.0,-0.9959796269734701
1616,4819,0.011111111111111112,100.0,-0.999444325764974
1617,4820,0.011111111111111112,100.0,0.9517020119561089
1618,4821,0.011111111111111112,100.0,0.948720826043023
1619,4822,0.011111111111111112,100.0,0.9581514994303385
1620,4823,0.011111111111111112,100.0,-0.9976384904649522
1621,4824,0.011111111111111112,100.0,0.9583364062839084
1622,4825,0.011111111111111112,100.0,-0.9994610680474175
1623,4826,0.011111111111111112,100.0,0.9601122538248698
1624,4827,0.011111111111111112,100.0,0.9587399164835612
1625,4828,0.011111111111111112,100.0,0.9575209087795682
1626,4829,0.011111111111111112,100.0,0.9401069217258029
1627,4830,0.011111111111111112,100.0,0.9561824798583984
1628,4831,0.011111111111111112,100.0,-0.9996537102593316
1629,4832,0.011111111111111112,100.0,0.9565010070800781
1630,4833,0.011111111111111112,100.0,0.9558642705281576
1631,4834,0.011111111111111112,100.0,0.9578786426120334
1632,4835,0.011111111111111112,100.0,0.9538099500868056
1633,4836,0.011111111111111112,100.0,0.9596553378634982
1634,4837,0.011111111111111112,100.0,0.9602571063571506
1635,4838,0.011111111111111112,100.0,0.9582095675998263
1636,4839,0.011111111111111112,100.0,0.9590135150485568
1637,4840,0.011111111111111112,100.0,0.9553012847900391
1638,4841,0.011111111111111112,100.0,0.9607693354288737
1639,4842,0.011111111111111112,100.0,0.9603318108452691
1640,4843,0.011111111111111112,100.0,0.9553516176011827
1641,4844,0.011111111111111112,100.0,0.955315801832411
1642,4845,0.011111111111111112,100.0,0.9593773947821723
1643,4846,0.011111111111111112,100.0,0.9482490751478407
1644,4847,0.011111111111111112,100.0,0.9586331049601237
1645,4848,0.011111111111111112,100.0,0.9602567884657118
1646,4849,0.011111111111111112,100.0,0.9530839920043945
1647,4850,0.011111111111111112,200.0,-0.9981451034545898
1648,4851,0.011111111111111112,200.0,0.9242543114556206
1649,4852,0.011111111111111112,200.0,-0.9979254404703776
1650,4853,0.011111111111111112,200.0,-0.9984969033135308
1651,4854,0.011111111111111112,200.0,0.9253062142266167
1652,4855,0.011111111111111112,200.0,0.8872145016988119
1653,4856,0.011111111111111112,200.0,-0.9989153544108073
1654,4857,0.011111111111111112,200.0,-0.995973163180881
1655,4858,0.011111111111111112,200.0,0.926441510518392
1656,4859,0.011111111111111112,200.0,-0.868002626630995
1657,4860,0.011111111111111112,200.0,0.9275170432196723
1658,4861,0.011111111111111112,200.0,0.895478778415256
1659,4862,0.011111111111111112,200.0,0.9294229083591037
1660,4863,0.011111111111111112,200.0,0.9260725445217557
1661,4864,0.011111111111111112,200.0,0.9156113730536567
1662,4865,0.011111111111111112,200.0,-0.9928015602959527
1663,4866,0.011111111111111112,200.0,0.8512923452589247
1664,4867,0.011111111111111112,200.0,-0.9993369844224718
1665,4868,0.011111111111111112,200.0,-0.9980382919311523
1666,4869,0.011111111111111112,200.0,-0.9991368187798394
1667,4870,0.011111111111111112,200.0,-0.9923714531792535
1668,4871,0.011111111111111112,200.0,-0.9913335376315646
1669,4872,0.011111111111111112,200.0,0.9108503129747179
1670,4873,0.011111111111111112,200.0,-0.9988126754760742
1671,4874,0.011111111111111112,200.0,0.9276100794474283
1672,4875,0.011111111111111112,200.0,-0.9987620247734917
1673,4876,0.011111111111111112,200.0,0.9314364327324761
1674,4877,0.011111111111111112,200.0,0.9080864588419596
1675,4878,0.011111111111111112,200.0,0.9252845976087782
1676,4879,0.011111111111111112,200.0,-0.997452629937066
1677,4880,0.011111111111111112,200.0,-0.9920727411905924
1678,4881,0.011111111111111112,200.0,-0.9995778401692709
1679,4882,0.011111111111111112,200.0,0.9055278566148546
1680,4883,0.011111111111111112,200.0,0.9159704844156901
1681,4884,0.011111111111111112,200.0,0.9181144502427843
1682,4885,0.011111111111111112,200.0,0.897133297390408
1683,4886,0.011111111111111112,200.0,0.9306997723049588
1684,4887,0.011111111111111112,200.0,0.9302274915907118
1685,4888,0.011111111111111112,200.0,0.9134415520562066
1686,4889,0.011111111111111112,200.0,0.9234354231092665
1687,4890,0.011111111111111112,200.0,0.9122632344563802
1688,4891,0.011111111111111112,200.0,0.9330352147420248
1689,4892,0.011111111111111112,200.0,0.93236329820421
1690,4893,0.011111111111111112,200.0,0.9049802356296115
1691,4894,0.011111111111111112,200.0,0.9206536610921224
1692,4895,0.011111111111111112,200.0,0.9255817201402452
1693,4896,0.011111111111111112,200.0,-0.9976524776882596
1694,4897,0.011111111111111112,200.0,0.876851929558648
1695,4898,0.011111111111111112,200.0,0.9325952529907227
1696,4899,0.011111111111111112,200.0,-0.9949821896023221
1697,4900,0.011111111111111112,300.0,-0.9996967315673828
1698,4901,0.011111111111111112,300.0,0.9525497224595811
1699,4902,0.011111111111111112,300.0,-0.9996767044067383
1700,4903,0.011111111111111112,300.0,-0.99969482421875
1701,4904,0.011111111111111112,300.0,0.9420077006022135
1702,4905,0.011111111111111112,300.0,-0.999365594651964
1703,4906,0.011111111111111112,300.0,-0.9997180302937826
1704,4907,0.011111111111111112,300.0,-0.9996669557359483
1705,4908,0.011111111111111112,300.0,0.9530202017890083
1706,4909,0.011111111111111112,300.0,-0.9994760089450412
1707,4910,0.011111111111111112,300.0,0.9463833702935113
1708,4911,0.011111111111111112,300.0,-0.9992238150702583
1709,4912,0.011111111111111112,300.0,0.9555547502305772
1710,4913,0.011111111111111112,300.0,0.9541412989298502
1711,4914,0.011111111111111112,300.0,0.9522387186686198
1712,4915,0.011111111111111112,300.0,-0.9996716181437174
1713,4916,0.011111111111111112,300.0,-0.9995636410183377
1714,4917,0.011111111111111112,300.0,-0.9996967315673828
1715,4918,0.011111111111111112,300.0,-0.999649789598253
1716,4919,0.011111111111111112,300.0,-0.9997120963202583
1717,4920,0.011111111111111112,300.0,-0.9996573130289713
1718,4921,0.011111111111111112,300.0,-0.9995912975735135
1719,4922,0.011111111111111112,300.0,-0.9987910588582357
1720,4923,0.011111111111111112,300.0,-0.9997114605373807
1721,4924,0.011111111111111112,300.0,0.9543727238972982
1722,4925,0.011111111111111112,300.0,-0.9996752209133573
1723,4926,0.011111111111111112,300.0,0.9553100797865126
1724,4927,0.011111111111111112,300.0,-0.999439557393392
1725,4928,0.011111111111111112,300.0,0.9498412874009874
1726,4929,0.011111111111111112,300.0,-0.9996561474270291
1727,4930,0.011111111111111112,300.0,-0.9996592203776041
1728,4931,0.011111111111111112,300.0,-0.9996935526529948
1729,4932,0.011111111111111112,300.0,-0.9990611606174045
1730,4933,0.011111111111111112,300.0,0.9219640096028646
1731,4934,0.011111111111111112,300.0,-0.9983685811360677
1732,4935,0.011111111111111112,300.0,-0.9990912543402778
1733,4936,0.011111111111111112,300.0,0.9554091559516059
1734,4937,0.011111111111111112,300.0,0.9557737774319119
1735,4938,0.011111111111111112,300.0,-0.9988351398044162
1736,4939,0.011111111111111112,300.0,0.9319986767239041
1737,4940,0.011111111111111112,300.0,0.9174174202813042
1738,4941,0.011111111111111112,300.0,0.9564137988620334
1739,4942,0.011111111111111112,300.0,0.955911848280165
1740,4943,0.011111111111111112,300.0,-0.9986685646904839
1741,4944,0.011111111111111112,300.0,0.948470327589247
1742,4945,0.011111111111111112,300.0,0.947193357679579
1743,4946,0.011111111111111112,300.0,-0.9996920691596137
1744,4947,0.011111111111111112,300.0,-0.9995821846856011
1745,4948,0.011111111111111112,300.0,0.9564959208170573
1746,4949,0.011111111111111112,300.0,-0.9996967315673828
1747,4950,0.011111111111111112,400.0,-0.9997262954711914
1748,4951,0.011111111111111112,400.0,0.964893658955892
1749,4952,0.011111111111111112,400.0,-0.9997116724650065
1750,4953,0.011111111111111112,400.0,-0.9997303220960829
1751,4954,0.011111111111111112,400.0,-0.9996670616997613
1752,4955,0.011111111111111112,400.0,-0.9997021357218424
1753,4956,0.011111111111111112,400.0,-0.9997209972805448
1754,4957,0.011111111111111112,400.0,-0.9997008641560873
1755,4958,0.011111111111111112,400.0,0.9633458455403646
1756,4959,0.011111111111111112,400.0,-0.9996592203776041
1757,4960,0.011111111111111112,400.0,-0.9994454913669162
1758,4961,0.011111111111111112,400.0,-0.9997078577677408
1759,4962,0.011111111111111112,400.0,0.9671034283108182
1760,4963,0.011111111111111112,400.0,0.965910381740994
1761,4964,0.011111111111111112,400.0,0.9670093324449327
1762,4965,0.011111111111111112,400.0,-0.9997077518039279
1763,4966,0.011111111111111112,400.0,-0.9997164408365885
1764,4967,0.011111111111111112,400.0,-0.9997197257147895
1765,4968,0.011111111111111112,400.0,-0.9996708763970269
1766,4969,0.011111111111111112,400.0,-0.9997150633070204
1767,4970,0.011111111111111112,400.0,-0.9997128380669488
1768,4971,0.011111111111111112,400.0,-0.9997344546847873
1769,4972,0.011111111111111112,400.0,-0.9996631410386827
1770,4973,0.011111111111111112,400.0,-0.999725235833062
1771,4974,0.011111111111111112,400.0,0.9669240315755209
1772,4975,0.011111111111111112,400.0,-0.9997055265638564
1773,4976,0.011111111111111112,400.0,0.966409789191352
1774,4977,0.011111111111111112,400.0,-0.9996839099460177
1775,4978,0.011111111111111112,400.0,0.9560344484117296
1776,4979,0.011111111111111112,400.0,-0.999726931254069
1777,4980,0.011111111111111112,400.0,-0.9996950361463759
1778,4981,0.011111111111111112,400.0,-0.9996976852416992
1779,4982,0.011111111111111112,400.0,-0.9997267193264432
1780,4983,0.011111111111111112,400.0,-0.9996573130289713
1781,4984,0.011111111111111112,400.0,-0.999718983968099
1782,4985,0.011111111111111112,400.0,-0.9997404946221246
1783,4986,0.011111111111111112,400.0,0.9663613637288412
1784,4987,0.011111111111111112,400.0,0.9683606889512804
1785,4988,0.011111111111111112,400.0,-0.9996852874755859
1786,4989,0.011111111111111112,400.0,-0.9997111426459419
1787,4990,0.011111111111111112,400.0,-0.999678823682997
1788,4991,0.011111111111111112,400.0,0.9683636559380425
1789,4992,0.011111111111111112,400.0,0.9681294759114584
1790,4993,0.011111111111111112,400.0,-0.9996878306070963
1791,4994,0.011111111111111112,400.0,0.9558655420939127
1792,4995,0.011111111111111112,400.0,-0.9995893902248807
1793,4996,0.011111111111111112,400.0,-0.9997117784288194
1794,4997,0.011111111111111112,400.0,-0.9996962017483182
1795,4998,0.011111111111111112,400.0,0.9674918916490343
1796,4999,0.011111111111111112,400.0,-0.9997115665011935
1797,5000,0.011111111111111112,500.0,-0.9997402826944987
1798,5001,0.011111111111111112,500.0,-0.9997132619222006
1799,5002,0.011111111111111112,500.0,-0.9997279908921983
1800,5003,0.011111111111111112,500.0,-0.9997393290201823
1801,5004,0.011111111111111112,500.0,-0.9996983210245768
1802,5005,0.011111111111111112,500.0,-0.9996984269883897
1803,5006,0.011111111111111112,500.0,-0.9996892081366645
1804,5007,0.011111111111111112,500.0,-0.9996757507324219
1805,5008,0.011111111111111112,500.0,0.960396236843533
1806,5009,0.011111111111111112,500.0,-0.9996945063273112
1807,5010,0.011111111111111112,500.0,-0.9997134738498263
1808,5011,0.011111111111111112,500.0,-0.9997164408365885
1809,5012,0.011111111111111112,500.0,0.9731442133585612
1810,5013,0.011111111111111112,500.0,0.9732480578952365
1811,5014,0.011111111111111112,500.0,0.9744856092664931
1812,5015,0.011111111111111112,500.0,-0.9996998045179579
1813,5016,0.011111111111111112,500.0,-0.9997247060139974
1814,5017,0.011111111111111112,500.0,-0.9997128380669488
1815,5018,0.011111111111111112,500.0,-0.9997410244411893
1816,5019,0.011111111111111112,500.0,-0.9997187720404731
1817,5020,0.011111111111111112,500.0,-0.9997181362575955
1818,5021,0.011111111111111112,500.0,-0.999723752339681
1819,5022,0.011111111111111112,500.0,-0.9997197257147895
1820,5023,0.011111111111111112,500.0,-0.9997244940863715
1821,5024,0.011111111111111112,500.0,0.973901006910536
1822,5025,0.011111111111111112,500.0,-0.9997128380669488
1823,5026,0.011111111111111112,500.0,0.9733200073242188
1824,5027,0.011111111111111112,500.0,-0.9997236463758681
1825,5028,0.011111111111111112,500.0,-0.9997277789645724
1826,5029,0.011111111111111112,500.0,-0.9996746910942925
1827,5030,0.011111111111111112,500.0,-0.9997266133626302
1828,5031,0.011111111111111112,500.0,-0.9997057384914823
1829,5032,0.011111111111111112,500.0,-0.9997006522284614
1830,5033,0.011111111111111112,500.0,-0.9997021357218424
1831,5034,0.011111111111111112,500.0,-0.9997264014350044
1832,5035,0.011111111111111112,500.0,-0.9997122022840712
1833,5036,0.011111111111111112,500.0,0.9726982116699219
1834,5037,0.011111111111111112,500.0,0.9744414223564996
1835,5038,0.011111111111111112,500.0,-0.9997471703423394
1836,5039,0.011111111111111112,500.0,-0.9996895260281033
1837,5040,0.011111111111111112,500.0,-0.9997082816229926
1838,5041,0.011111111111111112,500.0,0.9746120240953233
1839,5042,0.011111111111111112,500.0,0.9748251173231337
1840,5043,0.011111111111111112,500.0,-0.9996983210245768
1841,5044,0.011111111111111112,500.0,-0.999696413675944
1842,5045,0.011111111111111112,500.0,-0.9996952480740018
1843,5046,0.011111111111111112,500.0,-0.9997180302937826
1844,5047,0.011111111111111112,500.0,-0.9996721479627821
1845,5048,0.011111111111111112,500.0,0.9742072423299154
1846,5049,0.011111111111111112,500.0,-0.9997289445665147
1847,5050,0.011111111111111112,600.0,-0.9997259775797526
1848,5051,0.011111111111111112,600.0,-0.9997052086724175
1849,5052,0.011111111111111112,600.0,-0.9996920691596137
1850,5053,0.011111111111111112,600.0,-0.9997150633070204
1851,5054,0.011111111111111112,600.0,-0.9997114605373807
1852,5055,0.011111111111111112,600.0,-0.9997275670369467
1853,5056,0.011111111111111112,600.0,-0.9997177124023438
1854,5057,0.011111111111111112,600.0,-0.9996937645806206
1855,5058,0.011111111111111112,600.0,-0.9997010760837131
1856,5059,0.011111111111111112,600.0,-0.9996777640448676
1857,5060,0.011111111111111112,600.0,-0.9996976852416992
1858,5061,0.011111111111111112,600.0,-0.999715593126085
1859,5062,0.011111111111111112,600.0,0.9750539991590712
1860,5063,0.011111111111111112,600.0,0.9764844046698676
1861,5064,0.011111111111111112,600.0,0.9782489140828451
1862,5065,0.011111111111111112,600.0,-0.9997265073988173
1863,5066,0.011111111111111112,600.0,-0.9997100830078125
1864,5067,0.011111111111111112,600.0,-0.9997202555338541
1865,5068,0.011111111111111112,600.0,-0.9997241761949327
1866,5069,0.011111111111111112,600.0,-0.999705950419108
1867,5070,0.011111111111111112,600.0,-0.9996993806627061
1868,5071,0.011111111111111112,600.0,-0.9997042549981011
1869,5072,0.011111111111111112,600.0,-0.9996745851304796
1870,5073,0.011111111111111112,600.0,-0.9996779759724935
1871,5074,0.011111111111111112,600.0,0.9760143491956923
1872,5075,0.011111111111111112,600.0,-0.9997314876980252
1873,5076,0.011111111111111112,600.0,0.9713313844468858
1874,5077,0.011111111111111112,600.0,-0.9997180302937826
1875,5078,0.011111111111111112,600.0,-0.999714109632704
1876,5079,0.011111111111111112,600.0,-0.9997158050537109
1877,5080,0.011111111111111112,600.0,-0.9997087054782443
1878,5081,0.011111111111111112,600.0,-0.9997076458401151
1879,5082,0.011111111111111112,600.0,-0.9996768103705512
1880,5083,0.011111111111111112,600.0,-0.9996832741631402
1881,5084,0.011111111111111112,600.0,-0.999706056382921
1882,5085,0.011111111111111112,600.0,-0.9996985329522027
1883,5086,0.011111111111111112,600.0,-0.9996798833211263
1884,5087,0.011111111111111112,600.0,0.978719499376085
1885,5088,0.011111111111111112,600.0,-0.999696413675944
1886,5089,0.011111111111111112,600.0,-0.999710824754503
1887,5090,0.011111111111111112,600.0,-0.9997361501057943
1888,5091,0.011111111111111112,600.0,0.9791782167222765
1889,5092,0.011111111111111112,600.0,0.978517108493381
1890,5093,0.011111111111111112,600.0,-0.9997312757703993
1891,5094,0.011111111111111112,600.0,-0.9997033013237847
1892,5095,0.011111111111111112,600.0,-0.9997146394517686
1893,5096,0.011111111111111112,600.0,-0.9997255537245009
1894,5097,0.011111111111111112,600.0,-0.9996710883246528
1895,5098,0.011111111111111112,600.0,0.9778966903686523
1896,5099,0.011111111111111112,600.0,-0.9996940824720595
1897,5100,0.011111111111111112,700.0,-0.9996791415744357
1898,5101,0.011111111111111112,700.0,-0.9997160169813368
1899,5102,0.011111111111111112,700.0,-0.9997232225206163
1900,5103,0.011111111111111112,700.0,-0.999693234761556
1901,5104,0.011111111111111112,700.0,-0.999699698554145
1902,5105,0.011111111111111112,700.0,-0.9997249179416232
1903,5106,0.011111111111111112,700.0,-0.9996864530775282
1904,5107,0.011111111111111112,700.0,-0.9996951421101888
1905,5108,0.011111111111111112,700.0,-0.9996954600016276
1906,5109,0.011111111111111112,700.0,-0.999701182047526
1907,5110,0.011111111111111112,700.0,-0.9996775521172417
1908,5111,0.011111111111111112,700.0,-0.9997123082478842
1909,5112,0.011111111111111112,700.0,-0.9997061623467339
1910,5113,0.011111111111111112,700.0,-0.9996986389160156
1911,5114,0.011111111111111112,700.0,0.9811704423692491
1912,5115,0.011111111111111112,700.0,-0.9997145334879557
1913,5116,0.011111111111111112,700.0,-0.9996966256035699
1914,5117,0.011111111111111112,700.0,-0.9997136857774522
1915,5118,0.011111111111111112,700.0,-0.9996939765082465
1916,5119,0.011111111111111112,700.0,-0.9996878306070963
1917,5120,0.011111111111111112,700.0,-0.9997064802381728
1918,5121,0.011111111111111112,700.0,-0.9997242821587456
1919,5122,0.011111111111111112,700.0,-0.9996984269883897
1920,5123,0.011111111111111112,700.0,-0.9997061623467339
1921,5124,0.011111111111111112,700.0,-0.9997234344482422
1922,5125,0.011111111111111112,700.0,-0.9997249179416232
1923,5126,0.011111111111111112,700.0,-0.9997000164455838
1924,5127,0.011111111111111112,700.0,-0.9997138977050781
1925,5128,0.011111111111111112,700.0,-0.9997289445665147
1926,5129,0.011111111111111112,700.0,-0.9997482299804688
1927,5130,0.011111111111111112,700.0,-0.9996834860907661
1928,5131,0.011111111111111112,700.0,-0.9997099770439996
1929,5132,0.011111111111111112,700.0,-0.9997128380669488
1930,5133,0.011111111111111112,700.0,-0.9997056325276693
1931,5134,0.011111111111111112,700.0,-0.9997088114420573
1932,5135,0.011111111111111112,700.0,-0.9997470643785265
1933,5136,0.011111111111111112,700.0,-0.9997083875868056
1934,5137,0.011111111111111112,700.0,0.9819157918294271
1935,5138,0.011111111111111112,700.0,-0.9997007581922743
1936,5139,0.011111111111111112,700.0,-0.9997487597995334
1937,5140,0.011111111111111112,700.0,-0.9996587965223525
1938,5141,0.011111111111111112,700.0,0.9809630711873373
1939,5142,0.011111111111111112,700.0,0.9822041193644205
1940,5143,0.011111111111111112,700.0,-0.99973021613227
1941,5144,0.011111111111111112,700.0,-0.9997265073988173
1942,5145,0.011111111111111112,700.0,-0.9997231165568033
1943,5146,0.011111111111111112,700.0,-0.9997486538357205
1944,5147,0.011111111111111112,700.0,-0.9996927049424913
1945,5148,0.011111111111111112,700.0,0.9582646687825521
1946,5149,0.011111111111111112,700.0,-0.999702877468533
1947,5150,0.011111111111111112,800.0,-0.9997063742743598
1948,5151,0.011111111111111112,800.0,-0.9997170766194662
1949,5152,0.011111111111111112,800.0,-0.9996904797024198
1950,5153,0.011111111111111112,800.0,-0.999696307712131
1951,5154,0.011111111111111112,800.0,-0.9997081756591797
1952,5155,0.011111111111111112,800.0,-0.9996982150607638
1953,5156,0.011111111111111112,800.0,-0.9997300042046441
1954,5157,0.011111111111111112,800.0,-0.9997152752346463
1955,5158,0.011111111111111112,800.0,-0.9996907975938585
1956,5159,0.011111111111111112,800.0,-0.9997234344482422
1957,5160,0.011111111111111112,800.0,-0.9997243881225586
1958,5161,0.011111111111111112,800.0,-0.9996857113308377
1959,5162,0.011111111111111112,800.0,-0.9997152752346463
1960,5163,0.011111111111111112,800.0,-0.9997194078233507
1961,5164,0.011111111111111112,800.0,-0.9997294743855795
1962,5165,0.011111111111111112,800.0,-0.9997222688462999
1963,5166,0.011111111111111112,800.0,-0.9996893141004775
1964,5167,0.011111111111111112,800.0,-0.9996777640448676
1965,5168,0.011111111111111112,800.0,-0.9996681213378906
1966,5169,0.011111111111111112,800.0,-0.9997135798136393
1967,5170,0.011111111111111112,800.0,-0.9996901618109809
1968,5171,0.011111111111111112,800.0,-0.9997391170925565
1969,5172,0.011111111111111112,800.0,-0.9996710883246528
1970,5173,0.011111111111111112,800.0,-0.9997147454155816
1971,5174,0.011111111111111112,800.0,-0.99969482421875
1972,5175,0.011111111111111112,800.0,-0.9996764924791124
1973,5176,0.011111111111111112,800.0,-0.9996952480740018
1974,5177,0.011111111111111112,800.0,-0.9997039371066623
1975,5178,0.011111111111111112,800.0,-0.999670664469401
1976,5179,0.011111111111111112,800.0,-0.9997039371066623
1977,5180,0.011111111111111112,800.0,-0.9997127321031358
1978,5181,0.011111111111111112,800.0,-0.9997006522284614
1979,5182,0.011111111111111112,800.0,-0.9997448391384549
1980,5183,0.011111111111111112,800.0,-0.9996966256035699
1981,5184,0.011111111111111112,800.0,-0.9997384813096788
1982,5185,0.011111111111111112,800.0,-0.9997229046291776
1983,5186,0.011111111111111112,800.0,-0.9996983210245768
1984,5187,0.011111111111111112,800.0,0.9838876724243164
1985,5188,0.011111111111111112,800.0,-0.9996705585055881
1986,5189,0.011111111111111112,800.0,-0.9997058444552951
1987,5190,0.011111111111111112,800.0,-0.9997250239054362
1988,5191,0.011111111111111112,800.0,0.9819047715928819
1989,5192,0.011111111111111112,800.0,0.9827277925279405
1990,5193,0.011111111111111112,800.0,-0.999691539340549
1991,5194,0.011111111111111112,800.0,-0.9997222688462999
1992,5195,0.011111111111111112,800.0,-0.9997379514906142
1993,5196,0.011111111111111112,800.0,-0.9997213151719835
1994,5197,0.011111111111111112,800.0,-0.9996957778930664
1995,5198,0.011111111111111112,800.0,-0.9997112486097548
1996,5199,0.011111111111111112,800.0,-0.9996896319919162
1997,5200,0.03513641844631533,100.0,-0.999325328403049
1998,5201,0.03513641844631533,100.0,0.9621359507242838
1999,5202,0.03513641844631533,100.0,-0.999566396077474
2000,5203,0.03513641844631533,100.0,0.9512606726752387
2001,5204,0.03513641844631533,100.0,0.9643626742892795
2002,5205,0.03513641844631533,100.0,0.9580597347683377
2003,5206,0.03513641844631533,100.0,-0.9995994567871094
2004,5207,0.03513641844631533,100.0,0.9631400638156467
2005,5208,0.03513641844631533,100.0,0.9635664621988932
2006,5209,0.03513641844631533,100.0,0.9535942077636719
2007,5210,0.03513641844631533,100.0,0.9650254779391818
2008,5211,0.03513641844631533,100.0,0.9623261557685004
2009,5212,0.03513641844631533,100.0,0.9651672575208876
2010,5213,0.03513641844631533,100.0,0.9629608790079752
2011,5214,0.03513641844631533,100.0,0.957900153266059
2012,5215,0.03513641844631533,100.0,0.9639160368177626
2013,5216,0.03513641844631533,100.0,0.9634806315104166
2014,5217,0.03513641844631533,100.0,-0.9996986389160156
2015,5218,0.03513641844631533,100.0,-0.9986982345581055
2016,5219,0.03513641844631533,100.0,-0.9995967017279731
2017,5220,0.03513641844631533,100.0,0.9586640463935004
2018,5221,0.03513641844631533,100.0,0.9525190989176432
2019,5222,0.03513641844631533,100.0,0.9634598626030816
2020,5223,0.03513641844631533,100.0,-0.9993713166978624
2021,5224,0.03513641844631533,100.0,0.9637419382731119
2022,5225,0.03513641844631533,100.0,-0.9996536042955186
2023,5226,0.03513641844631533,100.0,0.9659189648098416
2024,5227,0.03513641844631533,100.0,0.9649653964572482
2025,5228,0.03513641844631533,100.0,0.9638760884602865
2026,5229,0.03513641844631533,100.0,0.9451042811075846
2027,5230,0.03513641844631533,100.0,0.9624020258585612
2028,5231,0.03513641844631533,100.0,-0.9997006522284614
2029,5232,0.03513641844631533,100.0,0.9624368879530165
2030,5233,0.03513641844631533,100.0,0.9616914325290256
2031,5234,0.03513641844631533,100.0,0.9637627071804471
2032,5235,0.03513641844631533,100.0,0.9592917760213217
2033,5236,0.03513641844631533,100.0,0.9648894204033746
2034,5237,0.03513641844631533,100.0,0.9652171664767795
2035,5238,0.03513641844631533,100.0,0.9630131191677518
2036,5239,0.03513641844631533,100.0,0.9655049641927084
2037,5240,0.03513641844631533,100.0,0.9615685145060221
2038,5241,0.03513641844631533,100.0,0.9657963646782769
2039,5242,0.03513641844631533,100.0,0.9651772181193033
2040,5243,0.03513641844631533,100.0,0.9603428310818143
2041,5244,0.03513641844631533,100.0,0.961928579542372
2042,5245,0.03513641844631533,100.0,0.9641323089599609
2043,5246,0.03513641844631533,100.0,0.9568186865912544
2044,5247,0.03513641844631533,100.0,0.964101685418023
2045,5248,0.03513641844631533,100.0,0.9659966362847222
2046,5249,0.03513641844631533,100.0,0.9587517844306098
2047,5250,0.03513641844631533,200.0,-0.9993524551391602
2048,5251,0.03513641844631533,200.0,0.9438922670152452
2049,5252,0.03513641844631533,200.0,-0.9993699391682943
2050,5253,0.03513641844631533,200.0,-0.9992668363783095
2051,5254,0.03513641844631533,200.0,0.9447608523898654
2052,5255,0.03513641844631533,200.0,0.8918289608425565
2053,5256,0.03513641844631533,200.0,-0.9995172288682725
2054,5257,0.03513641844631533,200.0,-0.9964978959825304
2055,5258,0.03513641844631533,200.0,0.9456077151828342
2056,5259,0.03513641844631533,200.0,-0.9956823984781901
2057,5260,0.03513641844631533,200.0,0.9458648893568251
2058,5261,0.03513641844631533,200.0,0.9337576760186089
2059,5262,0.03513641844631533,200.0,0.9491922590467665
2060,5263,0.03513641844631533,200.0,0.9462240007188585
2061,5264,0.03513641844631533,200.0,0.9381336636013455
2062,5265,0.03513641844631533,200.0,-0.9798369937472873
2063,5266,0.03513641844631533,200.0,0.9241824679904513
2064,5269,0.03513641844631533,200.0,-0.9996148215399848
2065,5270,0.03513641844631533,200.0,-0.9978482988145616
2066,5271,0.03513641844631533,200.0,-0.9979037178887261
2067,5272,0.03513641844631533,200.0,0.9388596216837565
2068,5273,0.03513641844631533,200.0,-0.9994678497314453
2069,5274,0.03513641844631533,200.0,0.9466192457411025
2070,5275,0.03513641844631533,200.0,-0.9994537565443251
2071,5276,0.03513641844631533,200.0,0.9496573342217339
2072,5277,0.03513641844631533,200.0,0.9398073620266385
2073,5278,0.03513641844631533,200.0,0.9456613328721788
2074,5279,0.03513641844631533,200.0,-0.9989680184258355
2075,5280,0.03513641844631533,200.0,-0.9959885279337565
2076,5281,0.03513641844631533,200.0,-0.999725235833062
2077,5282,0.03513641844631533,200.0,0.9318009482489692
2078,5283,0.03513641844631533,200.0,0.9387410481770834
2079,5284,0.03513641844631533,200.0,0.9418420791625977
2080,5285,0.03513641844631533,200.0,0.9127080705430772
2081,5286,0.03513641844631533,200.0,0.9495192633734809
2082,5287,0.03513641844631533,200.0,0.9497621324327257
2083,5288,0.03513641844631533,200.0,0.9395421346028646
2084,5289,0.03513641844631533,200.0,0.9460724724663628
2085,5290,0.03513641844631533,200.0,0.9363214704725478
2086,5291,0.03513641844631533,200.0,0.9506315655178494
2087,5292,0.03513641844631533,200.0,0.9504749510023329
2088,5293,0.03513641844631533,200.0,0.9282372792561849
2089,5294,0.03513641844631533,200.0,0.9415313932630751
2090,5295,0.03513641844631533,200.0,0.9464042451646593
2091,5296,0.03513641844631533,200.0,-0.9989513821072049
2092,5297,0.03513641844631533,200.0,0.9341471989949545
2093,5298,0.03513641844631533,200.0,0.9512181811862521
2094,5299,0.03513641844631533,200.0,-0.9976836310492622
2095,5300,0.03513641844631533,300.0,-0.9997140036688911
2096,5301,0.03513641844631533,300.0,0.9652714199490018
2097,5302,0.03513641844631533,300.0,-0.999691539340549
2098,5303,0.03513641844631533,300.0,-0.9996775521172417
2099,5304,0.03513641844631533,300.0,0.9613918728298612
2100,5305,0.03513641844631533,300.0,-0.9996612336900499
2101,5306,0.03513641844631533,300.0,-0.9997415542602539
2102,5307,0.03513641844631533,300.0,-0.999710930718316
2103,5308,0.03513641844631533,300.0,0.9659272299872504
2104,5309,0.03513641844631533,300.0,-0.9996887842814127
2105,5310,0.03513641844631533,300.0,0.9652916590372721
2106,5311,0.03513641844631533,300.0,-0.9996468226114908
2107,5312,0.03513641844631533,300.0,0.9678947660658095
2108,5313,0.03513641844631533,300.0,0.9662421544392904
2109,5314,0.03513641844631533,300.0,0.9640203052096896
2110,5315,0.03513641844631533,300.0,-0.9997166527642144
2111,5316,0.03513641844631533,300.0,-0.999688360426161
2112,5317,0.03513641844631533,300.0,-0.9997148513793945
2113,5318,0.03513641844631533,300.0,-0.9997234344482422
2114,5319,0.03513641844631533,300.0,-0.9996967315673828
2115,5320,0.03513641844631533,300.0,-0.9996838039822049
2116,5321,0.03513641844631533,300.0,-0.9996972613864474
2117,5322,0.03513641844631533,300.0,-0.9986960093180338
2118,5323,0.03513641844631533,300.0,-0.999739858839247
2119,5324,0.03513641844631533,300.0,0.9665694766574435
2120,5325,0.03513641844631533,300.0,-0.9997168646918403
2121,5326,0.03513641844631533,300.0,0.9679959615071615
2122,5327,0.03513641844631533,300.0,-0.999577522277832
2123,5328,0.03513641844631533,300.0,0.9643087387084961
2124,5329,0.03513641844631533,300.0,-0.9997094472249349
2125,5330,0.03513641844631533,300.0,-0.9996809429592557
2126,5331,0.03513641844631533,300.0,-0.9997266133626302
2127,5332,0.03513641844631533,300.0,-0.9995908737182617
2128,5333,0.03513641844631533,300.0,-0.9958714379204644
2129,5334,0.03513641844631533,300.0,0.9118709564208984
2130,5335,0.03513641844631533,300.0,-0.9996014700995551
2131,5336,0.03513641844631533,300.0,0.9677871068318685
2132,5337,0.03513641844631533,300.0,0.9678064982096354
2133,5338,0.03513641844631533,300.0,0.9346625010172526
2134,5339,0.03513641844631533,300.0,0.9630312389797635
2135,5340,0.03513641844631533,300.0,0.8948354721069336
2136,5341,0.03513641844631533,300.0,0.968231307135688
2137,5342,0.03513641844631533,300.0,0.9679659737481011
2138,5343,0.03513641844631533,300.0,-0.9995366202460395
2139,5344,0.03513641844631533,300.0,0.9642894532945421
2140,5345,0.03513641844631533,300.0,0.9655208587646484
2141,5346,0.03513641844631533,300.0,-0.9997229046291776
2142,5347,0.03513641844631533,300.0,-0.9996181064181857
2143,5348,0.03513641844631533,300.0,0.9682160483466254
2144,5349,0.03513641844631533,300.0,-0.9997411304050021
2145,5350,0.03513641844631533,400.0,-0.9996852874755859
2146,5351,0.03513641844631533,400.0,0.9739227294921875
2147,5352,0.03513641844631533,400.0,-0.9996839099460177
2148,5353,0.03513641844631533,400.0,-0.9997110366821289
2149,5354,0.03513641844631533,400.0,-0.9997033013237847
2150,5355,0.03513641844631533,400.0,-0.9996806250678169
2151,5356,0.03513641844631533,400.0,-0.9997248119778104
2152,5357,0.03513641844631533,400.0,-0.9996906916300455
2153,5358,0.03513641844631533,400.0,0.9747027291191949
2154,5359,0.03513641844631533,400.0,-0.9997083875868056
2155,5360,0.03513641844631533,400.0,0.9707555770874023
2156,5361,0.03513641844631533,400.0,-0.9996967315673828
2157,5362,0.03513641844631533,400.0,0.9754203160603842
2158,5363,0.03513641844631533,400.0,0.9756650924682617
2159,5364,0.03513641844631533,400.0,0.9747446907891167
2160,5365,0.03513641844631533,400.0,-0.9996902677747939
2161,5366,0.03513641844631533,400.0,-0.999751091003418
2162,5367,0.03513641844631533,400.0,-0.9997193018595377
2163,5368,0.03513641844631533,400.0,-0.9996925989786783
2164,5369,0.03513641844631533,400.0,-0.9997216330634223
2165,5370,0.03513641844631533,400.0,-0.9997100830078125
2166,5371,0.03513641844631533,400.0,-0.9997187720404731
2167,5372,0.03513641844631533,400.0,-0.9997215270996094
2168,5373,0.03513641844631533,400.0,-0.9997374216715494
2169,5374,0.03513641844631533,400.0,0.9757428699069552
2170,5375,0.03513641844631533,400.0,-0.9996986389160156
2171,5376,0.03513641844631533,400.0,0.9758831659952799
2172,5377,0.03513641844631533,400.0,-0.9997270372178819
2173,5378,0.03513641844631533,400.0,0.9714294009738498
2174,5379,0.03513641844631533,400.0,-0.9996925989786783
2175,5380,0.03513641844631533,400.0,-0.9997255537245009
2176,5381,0.03513641844631533,400.0,-0.9997166527642144
2177,5382,0.03513641844631533,400.0,-0.9997310638427734
2178,5383,0.03513641844631533,400.0,-0.9997049967447916
2179,5384,0.03513641844631533,400.0,-0.9997107187906901
2180,5385,0.03513641844631533,400.0,-0.9996648364596896
2181,5386,0.03513641844631533,400.0,0.9762705696953667
2182,5387,0.03513641844631533,400.0,0.9765703413221571
2183,5388,0.03513641844631533,400.0,-0.9997311698065864
2184,5389,0.03513641844631533,400.0,-0.9997069040934244
2185,5390,0.03513641844631533,400.0,-0.9997145334879557
2186,5391,0.03513641844631533,400.0,0.9763237635294596
2187,5392,0.03513641844631533,400.0,0.9764686160617404
2188,5393,0.03513641844631533,400.0,-0.9997076458401151
2189,5394,0.03513641844631533,400.0,0.9712520175509982
2190,5395,0.03513641844631533,400.0,0.9671707153320312
2191,5396,0.03513641844631533,400.0,-0.9997322294447157
2192,5397,0.03513641844631533,400.0,-0.9997164408365885
2193,5398,0.03513641844631533,400.0,0.9761404461330838
2194,5399,0.03513641844631533,400.0,-0.9997381634182401
2195,5400,0.03513641844631533,500.0,-0.9997013939751519
2196,5401,0.03513641844631533,500.0,0.9793483946058485
2197,5402,0.03513641844631533,500.0,-0.9997161229451498
2198,5403,0.03513641844631533,500.0,-0.9996868769327799
2199,5404,0.03513641844631533,500.0,-0.9996839099460177
2200,5405,0.03513641844631533,500.0,-0.9997158050537109
2201,5406,0.03513641844631533,500.0,-0.9997057384914823
2202,5407,0.03513641844631533,500.0,-0.9997438854641385
2203,5408,0.03513641844631533,500.0,0.9787873162163628
2204,5409,0.03513641844631533,500.0,-0.9996892081366645
2205,5410,0.03513641844631533,500.0,-0.9997382693820529
2206,5411,0.03513641844631533,500.0,-0.9997214211357964
2207,5412,0.03513641844631533,500.0,0.9808323118421767
2208,5413,0.03513641844631533,500.0,0.9805266062418619
2209,5414,0.03513641844631533,500.0,0.9799776077270508
2210,5415,0.03513641844631533,500.0,-0.9997363620334201
2211,5416,0.03513641844631533,500.0,-0.9997206793891059
2212,5417,0.03513641844631533,500.0,-0.9997023476494683
2213,5418,0.03513641844631533,500.0,-0.9997148513793945
2214,5419,0.03513641844631533,500.0,-0.9997227986653646
2215,5420,0.03513641844631533,500.0,-0.9996907975938585
2216,5421,0.03513641844631533,500.0,-0.9997178183661567
2217,5422,0.03513641844631533,500.0,-0.9997147454155816
2218,5423,0.03513641844631533,500.0,-0.9997608396742079
2219,5424,0.03513641844631533,500.0,0.980479876200358
2220,5425,0.03513641844631533,500.0,-0.9996991687350802
2221,5426,0.03513641844631533,500.0,0.9810231526692709
2222,5427,0.03513641844631533,500.0,-0.9996886783175998
2223,5428,0.03513641844631533,500.0,-0.9997267193264432
2224,5429,0.03513641844631533,500.0,-0.9997056325276693
2225,5430,0.03513641844631533,500.0,-0.9997243881225586
2226,5431,0.03513641844631533,500.0,-0.9997442033555772
2227,5432,0.03513641844631533,500.0,-0.9997431437174479
2228,5433,0.03513641844631533,500.0,-0.9997077518039279
2229,5434,0.03513641844631533,500.0,-0.9997124142116971
2230,5435,0.03513641844631533,500.0,-0.9997114605373807
2231,5436,0.03513641844631533,500.0,0.9808554119533963
2232,5437,0.03513641844631533,500.0,0.9811717139350044
2233,5438,0.03513641844631533,500.0,-0.9997227986653646
2234,5439,0.03513641844631533,500.0,-0.999710930718316
2235,5440,0.03513641844631533,500.0,-0.9997118843926324
2236,5441,0.03513641844631533,500.0,0.9808530807495117
2237,5442,0.03513641844631533,500.0,0.9812228944566515
2238,5443,0.03513641844631533,500.0,-0.9997152752346463
2239,5444,0.03513641844631533,500.0,-0.9997400707668729
2240,5445,0.03513641844631533,500.0,-0.9997193018595377
2241,5446,0.03513641844631533,500.0,-0.9996580547756619
2242,5447,0.03513641844631533,500.0,-0.9996797773573134
2243,5448,0.03513641844631533,500.0,0.9816993077596029
2244,5449,0.03513641844631533,500.0,-0.999746216668023
2245,5450,0.03513641844631533,600.0,-0.9997020297580295
2246,5451,0.03513641844631533,600.0,-0.9996817906697592
2247,5452,0.03513641844631533,600.0,-0.9996966256035699
2248,5453,0.03513641844631533,600.0,-0.9996810489230685
2249,5454,0.03513641844631533,600.0,-0.9997102949354384
2250,5455,0.03513641844631533,600.0,-0.9997198316786025
2251,5456,0.03513641844631533,600.0,-0.9997392230563693
2252,5457,0.03513641844631533,600.0,-0.9997321234809028
2253,5458,0.03513641844631533,600.0,-0.9997308519151475
2254,5459,0.03513641844631533,600.0,-0.9996903737386068
2255,5460,0.03513641844631533,600.0,-0.9997131559583876
2256,5461,0.03513641844631533,600.0,-0.9997289445665147
2257,5462,0.03513641844631533,600.0,0.9839756223890517
2258,5463,0.03513641844631533,600.0,0.9832488165961372
2259,5464,0.03513641844631533,600.0,0.9836053848266602
2260,5465,0.03513641844631533,600.0,-0.9996976852416992
2261,5466,0.03513641844631533,600.0,-0.9996985329522027
2262,5467,0.03513641844631533,600.0,-0.9997026655409071
2263,5468,0.03513641844631533,600.0,-0.9996922810872396
2264,5469,0.03513641844631533,600.0,-0.9997264014350044
2265,5470,0.03513641844631533,600.0,-0.9997483359442817
2266,5471,0.03513641844631533,600.0,-0.9997111426459419
2267,5472,0.03513641844631533,600.0,-0.9997149573432075
2268,5473,0.03513641844631533,600.0,-0.9997296863132052
2269,5474,0.03513641844631533,600.0,0.9834157096015083
2270,5475,0.03513641844631533,600.0,-0.9996696048312717
2271,5476,0.03513641844631533,600.0,0.9838823742336698
2272,5477,0.03513641844631533,600.0,-0.9997288386027018
2273,5478,0.03513641844631533,600.0,-0.9997193018595377
2274,5479,0.03513641844631533,600.0,-0.9997111426459419
2275,5480,0.03513641844631533,600.0,-0.9997071160210503
2276,5481,0.03513641844631533,600.0,-0.9997225867377387
2277,5482,0.03513641844631533,600.0,-0.9997104008992513
2278,5483,0.03513641844631533,600.0,-0.9997438854641385
2279,5484,0.03513641844631533,600.0,-0.999731805589464
2280,5485,0.03513641844631533,600.0,-0.9996999104817709
2281,5486,0.03513641844631533,600.0,0.9837837219238281
2282,5487,0.03513641844631533,600.0,0.9841504626803927
2283,5488,0.03513641844631533,600.0,-0.9997052086724175
2284,5489,0.03513641844631533,600.0,-0.9997039371066623
2285,5490,0.03513641844631533,600.0,-0.9997265073988173
2286,5491,0.03513641844631533,600.0,0.9841265148586698
2287,5492,0.03513641844631533,600.0,0.984079466925727
2288,5493,0.03513641844631533,600.0,-0.9996967315673828
2289,5494,0.03513641844631533,600.0,-0.9996931287977431
2290,5495,0.03513641844631533,600.0,-0.9996974733140733
2291,5496,0.03513641844631533,600.0,-0.9997367858886719
2292,5497,0.03513641844631533,600.0,-0.999698109096951
2293,5498,0.03513641844631533,600.0,0.9844749238755968
2294,5499,0.03513641844631533,600.0,-0.9997010760837131
2295,5500,0.03513641844631533,700.0,-0.9997043609619141
2296,5501,0.03513641844631533,700.0,-0.9996905856662326
2297,5502,0.03513641844631533,700.0,-0.9997283087836372
2298,5503,0.03513641844631533,700.0,-0.9997114605373807
2299,5504,0.03513641844631533,700.0,-0.9997090233696831
2300,5505,0.03513641844631533,700.0,-0.9997321234809028
2301,5506,0.03513641844631533,700.0,-0.999699592590332
2302,5507,0.03513641844631533,700.0,-0.9997287326388888
2303,5508,0.03513641844631533,700.0,-0.9997173945109049
2304,5509,0.03513641844631533,700.0,-0.9996852874755859
2305,5510,0.03513641844631533,700.0,-0.999691539340549
2306,5511,0.03513641844631533,700.0,-0.999670770433214
2307,5512,0.03513641844631533,700.0,0.9859215418497721
2308,5513,0.03513641844631533,700.0,0.9855616887410482
2309,5514,0.03513641844631533,700.0,0.9859139124552408
2310,5515,0.03513641844631533,700.0,-0.9997200436062283
2311,5516,0.03513641844631533,700.0,-0.9997293684217665
2312,5517,0.03513641844631533,700.0,-0.9997223748101128
2313,5518,0.03513641844631533,700.0,-0.9996912214491103
2314,5519,0.03513641844631533,700.0,-0.9997066921657987
2315,5520,0.03513641844631533,700.0,-0.9997122022840712
2316,5521,0.03513641844631533,700.0,-0.9997221628824869
2317,5522,0.03513641844631533,700.0,-0.9996807310316298
2318,5523,0.03513641844631533,700.0,-0.9997262954711914
2319,5524,0.03513641844631533,700.0,0.9853090710110135
2320,5525,0.03513641844631533,700.0,-0.9997137917412652
2321,5526,0.03513641844631533,700.0,0.9855492909749349
2322,5527,0.03513641844631533,700.0,-0.9996918572319878
2323,5528,0.03513641844631533,700.0,-0.9996930228339301
2324,5529,0.03513641844631533,700.0,-0.9997197257147895
2325,5530,0.03513641844631533,700.0,-0.999749501546224
2326,5531,0.03513641844631533,700.0,-0.999701182047526
2327,5532,0.03513641844631533,700.0,-0.9997195137871636
2328,5533,0.03513641844631533,700.0,-0.9996920691596137
2329,5534,0.03513641844631533,700.0,-0.9997175004747179
2330,5535,0.03513641844631533,700.0,-0.9997313817342123
2331,5536,0.03513641844631533,700.0,0.9850068622165256
2332,5537,0.03513641844631533,700.0,0.9862337112426758
2333,5538,0.03513641844631533,700.0,-0.9996938705444336
2334,5539,0.03513641844631533,700.0,-0.9996935526529948
2335,5540,0.03513641844631533,700.0,-0.9996885723537869
2336,5541,0.03513641844631533,700.0,0.986262321472168
2337,5542,0.03513641844631533,700.0,0.9859991073608398
2338,5543,0.03513641844631533,700.0,-0.9997255537245009
2339,5544,0.03513641844631533,700.0,-0.999739858839247
2340,5545,0.03513641844631533,700.0,-0.9997195137871636
2341,5546,0.03513641844631533,700.0,-0.9997006522284614
2342,5547,0.03513641844631533,700.0,-0.9997099770439996
2343,5548,0.03513641844631533,700.0,0.9863676495022244
2344,5549,0.03513641844631533,700.0,-0.9996970494588217
2345,5550,0.03513641844631533,800.0,-0.9997381634182401
2346,5551,0.03513641844631533,800.0,-0.9997279908921983
2347,5552,0.03513641844631533,800.0,-0.9996993806627061
2348,5553,0.03513641844631533,800.0,-0.9996891021728516
2349,5554,0.03513641844631533,800.0,-0.9997010760837131
2350,5555,0.03513641844631533,800.0,-0.9996744791666666
2351,5556,0.03513641844631533,800.0,-0.9997187720404731
2352,5557,0.03513641844631533,800.0,-0.9997314876980252
2353,5558,0.03513641844631533,800.0,-0.9997100830078125
2354,5559,0.03513641844631533,800.0,-0.9996990627712674
2355,5560,0.03513641844631533,800.0,-0.9996962017483182
2356,5561,0.03513641844631533,800.0,-0.999751091003418
2357,5562,0.03513641844631533,800.0,0.9871257146199545
2358,5563,0.03513641844631533,800.0,0.9845004611545138
2359,5564,0.03513641844631533,800.0,0.9873165554470487
2360,5565,0.03513641844631533,800.0,-0.9997343487209744
2361,5566,0.03513641844631533,800.0,-0.9997474882337782
2362,5567,0.03513641844631533,800.0,-0.9997193018595377
2363,5568,0.03513641844631533,800.0,-0.9997246000501845
2364,5569,0.03513641844631533,800.0,-0.9997018178304037
2365,5570,0.03513641844631533,800.0,-0.9997056325276693
2366,5571,0.03513641844631533,800.0,-0.9997112486097548
2367,5572,0.03513641844631533,800.0,-0.9996913274129232
2368,5573,0.03513641844631533,800.0,-0.9997321234809028
2369,5574,0.03513641844631533,800.0,0.9871061113145616
2370,5575,0.03513641844631533,800.0,-0.9997046788533529
2371,5576,0.03513641844631533,800.0,-0.999680413140191
2372,5577,0.03513641844631533,800.0,-0.9996839099460177
2373,5578,0.03513641844631533,800.0,-0.9997420840793185
2374,5579,0.03513641844631533,800.0,-0.9996938705444336
2375,5580,0.03513641844631533,800.0,-0.9997438854641385
2376,5581,0.03513641844631533,800.0,-0.9996944003634982
2377,5582,0.03513641844631533,800.0,-0.9996907975938585
2378,5583,0.03513641844631533,800.0,-0.9996895260281033
2379,5584,0.03513641844631533,800.0,-0.99972046746148
2380,5585,0.03513641844631533,800.0,-0.9997123082478842
2381,5586,0.03513641844631533,800.0,-0.9997070100572374
2382,5587,0.03513641844631533,800.0,0.9877021577623155
2383,5588,0.03513641844631533,800.0,-0.9996834860907661
2384,5589,0.03513641844631533,800.0,-0.9997081756591797
2385,5590,0.03513641844631533,800.0,-0.9997293684217665
2386,5591,0.03513641844631533,800.0,0.9875018861558702
2387,5592,0.03513641844631533,800.0,0.9872528711954752
2388,5593,0.03513641844631533,800.0,-0.9996946122911241
2389,5594,0.03513641844631533,800.0,-0.9997051027086046
2390,5595,0.03513641844631533,800.0,-0.9996858172946506
2391,5596,0.03513641844631533,800.0,-0.9996955659654405
2392,5597,0.03513641844631533,800.0,-0.9997274610731337
2393,5598,0.03513641844631533,800.0,0.9876731236775717
2394,5599,0.03513641844631533,800.0,-0.9997190899319119
2395,5600,0.1111111111111111,100.0,-0.9994983673095703
2396,5601,0.1111111111111111,100.0,0.9678352144029405
2397,5602,0.1111111111111111,100.0,-0.9996864530775282
2398,5603,0.1111111111111111,100.0,0.9626797570122613
2399,5604,0.1111111111111111,100.0,0.969421280754937
2400,5605,0.1111111111111111,100.0,0.9655757480197482
2401,5606,0.1111111111111111,100.0,-0.9996580547756619
2402,5607,0.1111111111111111,100.0,0.969313727484809
2403,5608,0.1111111111111111,100.0,0.9688178168402778
2404,5609,0.1111111111111111,100.0,0.9604880015055338
2405,5610,0.1111111111111111,100.0,0.9697750939263238
2406,5611,0.1111111111111111,100.0,0.9685537550184462
2407,5612,0.1111111111111111,100.0,0.9698876274956597
2408,5613,0.1111111111111111,100.0,0.9690071741739908
2409,5614,0.1111111111111111,100.0,0.9631065792507596
2410,5615,0.1111111111111111,100.0,0.9696943495008681
2411,5616,0.1111111111111111,100.0,0.9689757029215494
2412,5617,0.1111111111111111,100.0,-0.9996768103705512
2413,5618,0.1111111111111111,100.0,-0.9991371366712782
2414,5619,0.1111111111111111,100.0,-0.9996609157986112
2415,5620,0.1111111111111111,100.0,0.9654724333021376
2416,5621,0.1111111111111111,100.0,0.9549073113335503
2417,5622,0.1111111111111111,100.0,0.9682379828559028
2418,5623,0.1111111111111111,100.0,-0.9992998970879449
2419,5624,0.1111111111111111,100.0,0.969051890903049
2420,5625,0.1111111111111111,100.0,-0.9997027715047201
2421,5626,0.1111111111111111,100.0,0.9704038831922743
2422,5627,0.1111111111111111,100.0,0.9698905944824219
2423,5628,0.1111111111111111,100.0,0.9691445032755533
2424,5629,0.1111111111111111,100.0,0.9486987855699327
2425,5630,0.1111111111111111,100.0,0.9685430526733398
2426,5631,0.1111111111111111,100.0,-0.9997148513793945
2427,5632,0.1111111111111111,100.0,0.9680635664198134
2428,5633,0.1111111111111111,100.0,0.9669538074069552
2429,5634,0.1111111111111111,100.0,0.9687982135348849
2430,5635,0.1111111111111111,100.0,0.9653427335951064
2431,5636,0.1111111111111111,100.0,0.9705314636230469
2432,5637,0.1111111111111111,100.0,0.9705846574571397
2433,5638,0.1111111111111111,100.0,0.9692354202270508
2434,5639,0.1111111111111111,100.0,0.9705172644721137
2435,5640,0.1111111111111111,100.0,0.9675494299994575
2436,5641,0.1111111111111111,100.0,0.9712178972032335
2437,5642,0.1111111111111111,100.0,0.9706829918755425
2438,5643,0.1111111111111111,100.0,0.9666765001085069
2439,5644,0.1111111111111111,100.0,0.9674744076199002
2440,5645,0.1111111111111111,100.0,0.9696902169121636
2441,5646,0.1111111111111111,100.0,0.9651953379313151
2442,5647,0.1111111111111111,100.0,0.9702492819892036
2443,5648,0.1111111111111111,100.0,0.9708469178941515
2444,5649,0.1111111111111111,100.0,0.9659223556518555
2445,5650,0.1111111111111111,200.0,-0.9995625813802084
2446,5651,0.1111111111111111,200.0,0.9607339435153537
2447,5652,0.1111111111111111,200.0,-0.9996612336900499
2448,5653,0.1111111111111111,200.0,-0.9993672900729709
2449,5654,0.1111111111111111,200.0,0.9628105163574219
2450,5655,0.1111111111111111,200.0,0.9512316385904948
2451,5656,0.1111111111111111,200.0,-0.9996372858683268
2452,5657,0.1111111111111111,200.0,0.9592454698350694
2453,5658,0.1111111111111111,200.0,0.9624196158515083
2454,5659,0.1111111111111111,200.0,-0.998493512471517
2455,5660,0.1111111111111111,200.0,0.9635087119208442
2456,5661,0.1111111111111111,200.0,0.9590882195366753
2457,5662,0.1111111111111111,200.0,0.9641287061903212
2458,5663,0.1111111111111111,200.0,0.9626631206936307
2459,5664,0.1111111111111111,200.0,0.95395384894477
2460,5665,0.1111111111111111,200.0,0.9610159132215712
2461,5666,0.1111111111111111,200.0,0.9607146581013998
2462,5667,0.1111111111111111,200.0,-0.9996626112196181
2463,5668,0.1111111111111111,200.0,-0.9995081159803603
2464,5669,0.1111111111111111,200.0,-0.9996463987562392
2465,5670,0.1111111111111111,200.0,0.9399914211697049
2466,5671,0.1111111111111111,200.0,-0.9991754955715604
2467,5672,0.1111111111111111,200.0,0.9600513246324327
2468,5673,0.1111111111111111,200.0,-0.9995714823404948
2469,5674,0.1111111111111111,200.0,0.9626851611667209
2470,5675,0.1111111111111111,200.0,-0.9996838039822049
2471,5676,0.1111111111111111,200.0,0.964896731906467
2472,5677,0.1111111111111111,200.0,0.9624893400404189
2473,5678,0.1111111111111111,200.0,0.9625871446397569
2474,5679,0.1111111111111111,200.0,-0.9993987613254123
2475,5680,0.1111111111111111,200.0,0.9566729863484701
2476,5681,0.1111111111111111,200.0,-0.9997096591525607
2477,5682,0.1111111111111111,200.0,0.9592585033840604
2478,5683,0.1111111111111111,200.0,0.9569499757554796
2479,5684,0.1111111111111111,200.0,0.9615627924601237
2480,5685,0.1111111111111111,200.0,0.950804180569119
2481,5686,0.1111111111111111,200.0,0.9650047090318468
2482,5687,0.1111111111111111,200.0,0.9650955200195312
2483,5688,0.1111111111111111,200.0,0.961671405368381
2484,5689,0.1111111111111111,200.0,0.9643318388197157
2485,5690,0.1111111111111111,200.0,0.9585336049397787
2486,5691,0.1111111111111111,200.0,0.9659313625759549
2487,5692,0.1111111111111111,200.0,0.9652877383761935
2488,5693,0.1111111111111111,200.0,0.9551082187228732
2489,5694,0.1111111111111111,200.0,0.9599227905273438
2490,5695,0.1111111111111111,200.0,0.963337156507704
2491,5696,0.1111111111111111,200.0,-0.99773195054796
2492,5697,0.1111111111111111,200.0,0.9628405041164823
2493,5698,0.1111111111111111,200.0,0.9655465020073785
2494,5699,0.1111111111111111,200.0,0.9398084216647677
2495,5700,0.1111111111111111,300.0,-0.9997329711914062
2496,5701,0.1111111111111111,300.0,0.9752204683091905
2497,5702,0.1111111111111111,300.0,-0.9996925989786783
2498,5703,0.1111111111111111,300.0,-0.9996871948242188
2499,5704,0.1111111111111111,300.0,0.9760208129882812
2500,5705,0.1111111111111111,300.0,0.9624276691012912
2501,5706,0.1111111111111111,300.0,-0.9997171825832791
2502,5707,0.1111111111111111,300.0,0.9707957373725044
2503,5708,0.1111111111111111,300.0,0.9761523140801324
2504,5709,0.1111111111111111,300.0,-0.9997366799248589
2505,5710,0.1111111111111111,300.0,0.9764746559990777
2506,5711,0.1111111111111111,300.0,0.9731438954671224
2507,5712,0.1111111111111111,300.0,0.9769060346815321
2508,5713,0.1111111111111111,300.0,0.9763433668348525
2509,5714,0.1111111111111111,300.0,0.9729457431369357
2510,5715,0.1111111111111111,300.0,0.9736907747056749
2511,5716,0.1111111111111111,300.0,0.9743460549248589
2512,5717,0.1111111111111111,300.0,-0.9997239642673068
2513,5718,0.1111111111111111,300.0,-0.9997187720404731
2514,5719,0.1111111111111111,300.0,-0.9997041490342882
2515,5720,0.1111111111111111,300.0,-0.9996854994032118
2516,5721,0.1111111111111111,300.0,-0.9996828503078885
2517,5722,0.1111111111111111,300.0,0.9744469324747721
2518,5723,0.1111111111111111,300.0,-0.999722056918674
2519,5724,0.1111111111111111,300.0,0.9761535856458876
2520,5725,0.1111111111111111,300.0,-0.9997062683105469
2521,5726,0.1111111111111111,300.0,0.9769177966647677
2522,5727,0.1111111111111111,300.0,0.9754501978556315
2523,5728,0.1111111111111111,300.0,0.9763262006971571
2524,5729,0.1111111111111111,300.0,-0.999688360426161
2525,5730,0.1111111111111111,300.0,0.9670934677124023
2526,5731,0.1111111111111111,300.0,-0.9997307459513346
2527,5732,0.1111111111111111,300.0,0.973599010043674
2528,5733,0.1111111111111111,300.0,0.9723020129733615
2529,5734,0.1111111111111111,300.0,0.9757050408257378
2530,5735,0.1111111111111111,300.0,0.9582434760199653
2531,5736,0.1111111111111111,300.0,0.9767902162339952
2532,5737,0.1111111111111111,300.0,0.9772083494398329
2533,5738,0.1111111111111111,300.0,0.9752229054768881
2534,5739,0.1111111111111111,300.0,0.9764626820882162
2535,5740,0.1111111111111111,300.0,0.9736076990763346
2536,5741,0.1111111111111111,300.0,0.9777474933200412
2537,5742,0.1111111111111111,300.0,0.9772404564751519
2538,5743,0.1111111111111111,300.0,0.969986703660753
2539,5744,0.1111111111111111,300.0,0.9745799170600044
2540,5745,0.1111111111111111,300.0,0.9763045840793185
2541,5746,0.1111111111111111,300.0,-0.9997273551093208
2542,5747,0.1111111111111111,300.0,0.9754870732625326
2543,5748,0.1111111111111111,300.0,0.9773177040947808
2544,5749,0.1111111111111111,300.0,-0.9996818966335721
2545,5750,0.1111111111111111,400.0,-0.9996770222981771
2546,5751,0.1111111111111111,400.0,0.9819356070624458
2547,5752,0.1111111111111111,400.0,-0.999705950419108
2548,5753,0.1111111111111111,400.0,-0.9996758566962348
2549,5754,0.1111111111111111,400.0,0.9823229047987196
2550,5755,0.1111111111111111,400.0,-0.9996903737386068
2551,5756,0.1111111111111111,400.0,-0.9997272491455078
2552,5757,0.1111111111111111,400.0,-0.9997467464870877
2553,5758,0.1111111111111111,400.0,0.9826145172119141
2554,5759,0.1111111111111111,400.0,-0.9996931287977431
2555,5760,0.1111111111111111,400.0,0.9821139441596137
2556,5761,0.1111111111111111,400.0,0.9793914159138998
2557,5762,0.1111111111111111,400.0,0.9827531178792318
2558,5763,0.1111111111111111,400.0,0.9824930826822916
2559,5764,0.1111111111111111,400.0,0.9811204274495443
2560,5765,0.1111111111111111,400.0,0.9792535569932725
2561,5766,0.1111111111111111,400.0,0.9808440738254123
2562,5767,0.1111111111111111,400.0,-0.9997203614976671
2563,5768,0.1111111111111111,400.0,-0.9997111426459419
2564,5769,0.1111111111111111,400.0,-0.9997084935506185
2565,5770,0.1111111111111111,400.0,-0.999720573425293
2566,5771,0.1111111111111111,400.0,-0.9997308519151475
2567,5772,0.1111111111111111,400.0,0.9810125562879775
2568,5773,0.1111111111111111,400.0,-0.9997017118665907
2569,5774,0.1111111111111111,400.0,0.9827327728271484
2570,5775,0.1111111111111111,400.0,-0.9997131559583876
2571,5776,0.1111111111111111,400.0,0.9827391306559244
2572,5777,0.1111111111111111,400.0,0.9814025031195747
2573,5778,0.1111111111111111,400.0,0.9826207690768771
2574,5779,0.1111111111111111,400.0,-0.9997385872734917
2575,5780,0.1111111111111111,400.0,-0.9997143215603299
2576,5781,0.1111111111111111,400.0,-0.9997402826944987
2577,5782,0.1111111111111111,400.0,0.9803261227077908
2578,5783,0.1111111111111111,400.0,0.9794782002766927
2579,5784,0.1111111111111111,400.0,0.9820902082655165
2580,5785,0.1111111111111111,400.0,-0.9997003343370225
2581,5786,0.1111111111111111,400.0,0.9827218585544162
2582,5787,0.1111111111111111,400.0,0.9827999538845487
2583,5788,0.1111111111111111,400.0,0.9812867906358507
2584,5789,0.1111111111111111,400.0,0.9824570549858941
2585,5790,0.1111111111111111,400.0,0.9804387622409396
2586,5791,0.1111111111111111,400.0,0.9833866755167643
2587,5792,0.1111111111111111,400.0,0.9826310475667318
2588,5793,0.1111111111111111,400.0,-0.9996511671278212
2589,5794,0.1111111111111111,400.0,0.9814274046156142
2590,5795,0.1111111111111111,400.0,0.982462141248915
2591,5796,0.1111111111111111,400.0,-0.9997079637315538
2592,5797,0.1111111111111111,400.0,0.9813929663764106
2593,5798,0.1111111111111111,400.0,0.9828515582614474
2594,5799,0.1111111111111111,400.0,-0.9996957778930664
2595,5800,0.1111111111111111,500.0,-0.9997110366821289
2596,5801,0.1111111111111111,500.0,0.9857650332980685
2597,5802,0.1111111111111111,500.0,-0.9997100830078125
2598,5803,0.1111111111111111,500.0,-0.999706056382921
2599,5804,0.1111111111111111,500.0,0.985807842678494
2600,5805,0.1111111111111111,500.0,-0.9996808369954427
2601,5806,0.1111111111111111,500.0,-0.9997196197509766
2602,5807,0.1111111111111111,500.0,-0.9996892081366645
2603,5808,0.1111111111111111,500.0,0.9861667421129015
2604,5809,0.1111111111111111,500.0,-0.9997132619222006
2605,5810,0.1111111111111111,500.0,0.9860597186618381
2606,5811,0.1111111111111111,500.0,-0.9997241761949327
2607,5812,0.1111111111111111,500.0,0.9859783384535048
2608,5813,0.1111111111111111,500.0,0.9860094918145074
2609,5814,0.1111111111111111,500.0,0.9851904975043403
2610,5815,0.1111111111111111,500.0,-0.9996999104817709
2611,5816,0.1111111111111111,500.0,0.9839329189724393
2612,5817,0.1111111111111111,500.0,-0.9997315936618381
2613,5818,0.1111111111111111,500.0,-0.9996937645806206
2614,5819,0.1111111111111111,500.0,-0.9997153811984592
2615,5820,0.1111111111111111,500.0,-0.9996934466891818
2616,5821,0.1111111111111111,500.0,-0.9996940824720595
2617,5822,0.1111111111111111,500.0,0.9845124350653754
2618,5823,0.1111111111111111,500.0,-0.9997159110175239
2619,5824,0.1111111111111111,500.0,0.9860405392116971
2620,5825,0.1111111111111111,500.0,-0.9997129440307617
2621,5826,0.1111111111111111,500.0,0.9861548741658529
2622,5827,0.1111111111111111,500.0,0.9849727418687608
2623,5828,0.1111111111111111,500.0,0.9859805636935763
2624,5829,0.1111111111111111,500.0,-0.999715699089898
2625,5830,0.1111111111111111,500.0,-0.9997240702311198
2626,5831,0.1111111111111111,500.0,-0.9997260835435655
2627,5832,0.1111111111111111,500.0,0.983841684129503
2628,5833,0.1111111111111111,500.0,0.9819273418850369
2629,5834,0.1111111111111111,500.0,0.9855073293050131
2630,5835,0.1111111111111111,500.0,-0.9997071160210503
2631,5836,0.1111111111111111,500.0,0.9859886169433594
2632,5837,0.1111111111111111,500.0,0.9859880871242948
2633,5838,0.1111111111111111,500.0,0.9850899378458658
2634,5839,0.1111111111111111,500.0,0.9859336217244467
2635,5840,0.1111111111111111,500.0,0.9842409557766385
2636,5841,0.1111111111111111,500.0,0.9866536458333334
2637,5842,0.1111111111111111,500.0,0.9861294428507487
2638,5843,0.1111111111111111,500.0,-0.9997005462646484
2639,5844,0.1111111111111111,500.0,0.9852845933702257
2640,5845,0.1111111111111111,500.0,0.9859428405761719
2641,5846,0.1111111111111111,500.0,-0.9997346666124132
2642,5847,0.1111111111111111,500.0,0.9845560921563042
2643,5848,0.1111111111111111,500.0,0.9863593843248155
2644,5849,0.1111111111111111,500.0,-0.9997359381781684
2645,5850,0.1111111111111111,600.0,-0.9996829562717013
2646,5851,0.1111111111111111,600.0,0.9879349602593316
2647,5852,0.1111111111111111,600.0,-0.9996746910942925
2648,5853,0.1111111111111111,600.0,-0.9997065862019857
2649,5854,0.1111111111111111,600.0,0.9881172180175781
2650,5855,0.1111111111111111,600.0,-0.9997340308295356
2651,5856,0.1111111111111111,600.0,-0.9997038311428494
2652,5857,0.1111111111111111,600.0,-0.9997288386027018
2653,5858,0.1111111111111111,600.0,0.988162464565701
2654,5859,0.1111111111111111,600.0,-0.9996873007880317
2655,5860,0.1111111111111111,600.0,0.988226678636339
2656,5861,0.1111111111111111,600.0,-0.9997233284844292
2657,5862,0.1111111111111111,600.0,0.9880147510104709
2658,5863,0.1111111111111111,600.0,0.9882725609673394
2659,5864,0.1111111111111111,600.0,0.9875790278116862
2660,5865,0.1111111111111111,600.0,-0.9997080696953667
2661,5866,0.1111111111111111,600.0,-0.9997312757703993
2662,5867,0.1111111111111111,600.0,-0.9997030893961588
2663,5868,0.1111111111111111,600.0,-0.9997031953599718
2664,5869,0.1111111111111111,600.0,-0.9997131559583876
2665,5870,0.1111111111111111,600.0,-0.9996957778930664
2666,5871,0.1111111111111111,600.0,-0.9997128380669488
2667,5872,0.1111111111111111,600.0,0.9864361021253798
2668,5873,0.1111111111111111,600.0,-0.9997217390272353
2669,5874,0.1111111111111111,600.0,0.9880629645453559
2670,5875,0.1111111111111111,600.0,-0.9996848636203342
2671,5876,0.1111111111111111,600.0,0.9882806142171224
2672,5877,0.1111111111111111,600.0,0.9872624079386393
2673,5878,0.1111111111111111,600.0,0.9880802366468642
2674,5879,0.1111111111111111,600.0,-0.9997025595770942
2675,5880,0.1111111111111111,600.0,-0.9997260835435655
2676,5881,0.1111111111111111,600.0,-0.9997473822699653
2677,5882,0.1111111111111111,600.0,-0.9997393290201823
2678,5883,0.1111111111111111,600.0,-0.9997080696953667
2679,5884,0.1111111111111111,600.0,0.9879015816582574
2680,5885,0.1111111111111111,600.0,-0.9996958838568794
2681,5886,0.1111111111111111,600.0,0.9880949656168619
2682,5887,0.1111111111111111,600.0,0.9882025188869901
2683,5888,0.1111111111111111,600.0,0.9873508877224393
2684,5889,0.1111111111111111,600.0,0.9879525502522787
2685,5890,0.1111111111111111,600.0,0.9849535624186198
2686,5891,0.1111111111111111,600.0,0.9884146584404839
2687,5892,0.1111111111111111,600.0,0.9881809022691515
2688,5893,0.1111111111111111,600.0,-0.999699698554145
2689,5894,0.1111111111111111,600.0,0.9876559575398763
2690,5895,0.1111111111111111,600.0,0.9882061216566298
2691,5896,0.1111111111111111,600.0,-0.9997111426459419
2692,5897,0.1111111111111111,600.0,0.9864464865790473
2693,5898,0.1111111111111111,600.0,0.9885281456841363
2694,5899,0.1111111111111111,600.0,-0.9997003343370225
2695,5900,0.1111111111111111,700.0,-0.9997162289089627
2696,5901,0.1111111111111111,700.0,0.9894292619493272
2697,5902,0.1111111111111111,700.0,-0.9997199376424154
2698,5903,0.1111111111111111,700.0,-0.9997072219848633
2699,5904,0.1111111111111111,700.0,0.9896643956502279
2700,5905,0.1111111111111111,700.0,-0.9997161229451498
2701,5906,0.1111111111111111,700.0,-0.9997038311428494
2702,5907,0.1111111111111111,700.0,-0.9997181362575955
2703,5908,0.1111111111111111,700.0,0.9896854824490018
2704,5909,0.1111111111111111,700.0,-0.9996864530775282
2705,5910,0.1111111111111111,700.0,0.989688343471951
2706,5911,0.1111111111111111,700.0,-0.9996901618109809
2707,5912,0.1111111111111111,700.0,0.9895841810438368
2708,5913,0.1111111111111111,700.0,0.9896678924560547
2709,5914,0.1111111111111111,700.0,0.9893473519219292
2710,5915,0.1111111111111111,700.0,-0.9997125201755099
2711,5916,0.1111111111111111,700.0,-0.9997078577677408
2712,5917,0.1111111111111111,700.0,-0.9997206793891059
2713,5918,0.1111111111111111,700.0,-0.9997163348727756
2714,5919,0.1111111111111111,700.0,-0.999709235297309
2715,5920,0.1111111111111111,700.0,-0.9997369978162978
2716,5921,0.1111111111111111,700.0,-0.9996920691596137
2717,5922,0.1111111111111111,700.0,-0.9996904797024198
2718,5923,0.1111111111111111,700.0,-0.9997323354085287
2719,5924,0.1111111111111111,700.0,0.9894011815388998
2720,5925,0.1111111111111111,700.0,-0.9997345606486002
2721,5926,0.1111111111111111,700.0,0.9898309707641602
2722,5927,0.1111111111111111,700.0,0.9863950941297743
2723,5928,0.1111111111111111,700.0,0.9895842870076498
2724,5929,0.1111111111111111,700.0,-0.9996876186794705
2725,5930,0.1111111111111111,700.0,-0.9997313817342123
2726,5931,0.1111111111111111,700.0,-0.9997236463758681
2727,5932,0.1111111111111111,700.0,-0.9997225867377387
2728,5933,0.1111111111111111,700.0,-0.9997070100572374
2729,5934,0.1111111111111111,700.0,0.989338239034017
2730,5935,0.1111111111111111,700.0,-0.999714215596517
2731,5936,0.1111111111111111,700.0,0.989715470208062
2732,5937,0.1111111111111111,700.0,0.9895904329087999
2733,5938,0.1111111111111111,700.0,0.9884781307644315
2734,5939,0.1111111111111111,700.0,0.9894717534383138
2735,5940,0.1111111111111111,700.0,-0.9996886783175998
2736,5941,0.1111111111111111,700.0,0.9898249308268229
2737,5942,0.1111111111111111,700.0,0.9895050260755751
2738,5943,0.1111111111111111,700.0,-0.9997123082478842
2739,5944,0.1111111111111111,700.0,0.9892323811848959
2740,5945,0.1111111111111111,700.0,0.989551756117079
2741,5946,0.1111111111111111,700.0,-0.9997000164455838
2742,5947,0.1111111111111111,700.0,-0.9997207853529189
2743,5948,0.1111111111111111,700.0,0.990017467074924
2744,5949,0.1111111111111111,700.0,-0.9997417661878798
2745,5950,0.1111111111111111,800.0,-0.9996901618109809
2746,5951,0.1111111111111111,800.0,0.9903153313530816
2747,5952,0.1111111111111111,800.0,-0.9997033013237847
2748,5953,0.1111111111111111,800.0,-0.9996738433837891
2749,5954,0.1111111111111111,800.0,0.9906314214070638
2750,5955,0.1111111111111111,800.0,-0.9997065862019857
2751,5956,0.1111111111111111,800.0,-0.9997241761949327
2752,5957,0.1111111111111111,800.0,-0.9997324413723416
2753,5958,0.1111111111111111,800.0,0.990693728129069
2754,5959,0.1111111111111111,800.0,-0.9997013939751519
2755,5960,0.1111111111111111,800.0,0.9908004336886935
2756,5961,0.1111111111111111,800.0,-0.9997005462646484
2757,5962,0.1111111111111111,800.0,0.9907152387830946
2758,5963,0.1111111111111111,800.0,0.9906459384494357
2759,5964,0.1111111111111111,800.0,0.9905598958333334
2760,5965,0.1111111111111111,800.0,-0.9997102949354384
2761,5966,0.1111111111111111,800.0,-0.9997173945109049
2762,5967,0.1111111111111111,800.0,-0.9997166527642144
2763,5968,0.1111111111111111,800.0,-0.9996738433837891
2764,5969,0.1111111111111111,800.0,-0.9997209972805448
2765,5970,0.1111111111111111,800.0,-0.9997343487209744
2766,5971,0.1111111111111111,800.0,-0.9996782938639323
2767,5972,0.1111111111111111,800.0,-0.9997167587280273
2768,5973,0.1111111111111111,800.0,-0.9997356202867296
2769,5974,0.1111111111111111,800.0,0.9904854032728407
2770,5975,0.1111111111111111,800.0,-0.9997009701199002
2771,5976,0.1111111111111111,800.0,0.990836673312717
2772,5977,0.1111111111111111,800.0,-0.9997524685329862
2773,5978,0.1111111111111111,800.0,0.9905693266126845
2774,5979,0.1111111111111111,800.0,-0.9996887842814127
2775,5980,0.1111111111111111,800.0,-0.9996733135647244
2776,5981,0.1111111111111111,800.0,-0.999696307712131
2777,5982,0.1111111111111111,800.0,-0.9997115665011935
2778,5983,0.1111111111111111,800.0,-0.9997158050537109
2779,5984,0.1111111111111111,800.0,0.9904490576850044
2780,5985,0.1111111111111111,800.0,-0.9997053146362305
2781,5986,0.1111111111111111,800.0,0.9907617568969727
2782,5987,0.1111111111111111,800.0,0.9906282424926758
2783,5988,0.1111111111111111,800.0,-0.9996944003634982
2784,5989,0.1111111111111111,800.0,0.9904425938924154
2785,5990,0.1111111111111111,800.0,-0.9997095531887479
2786,5991,0.1111111111111111,800.0,0.9908887015448676
2787,5992,0.1111111111111111,800.0,0.9906056722005209
2788,5993,0.1111111111111111,800.0,-0.9996827443440756
2789,5994,0.1111111111111111,800.0,0.9905194176567925
2790,5995,0.1111111111111111,800.0,0.9905746248033311
2791,5996,0.1111111111111111,800.0,-0.9997164408365885
2792,5997,0.1111111111111111,800.0,-0.9997025595770942
2793,5998,0.1111111111111111,800.0,0.9909720950656467
2794,5999,0.1111111111111111,800.0,-0.999686770968967
2795,6000,0.35136418446315326,100.0,0.9655622906155057
2796,6001,0.35136418446315326,100.0,0.9730290306939019
2797,6002,0.35136418446315326,100.0,-0.9997058444552951
2798,6003,0.35136418446315326,100.0,0.9727294709947374
2799,6004,0.35136418446315326,100.0,0.9744178983900282
2800,6005,0.35136418446315326,100.0,0.971721331278483
2801,6006,0.35136418446315326,100.0,-0.9996738433837891
2802,6007,0.35136418446315326,100.0,0.9748417536417643
2803,6008,0.35136418446315326,100.0,0.9737710952758789
2804,6009,0.35136418446315326,100.0,0.9688537385728624
2805,6010,0.35136418446315326,100.0,0.9747162924872504
2806,6011,0.35136418446315326,100.0,0.9741028679741753
2807,6012,0.35136418446315326,100.0,0.9747267829047309
2808,6013,0.35136418446315326,100.0,0.9740882449679904
2809,6014,0.35136418446315326,100.0,0.9682449764675565
2810,6015,0.35136418446315326,100.0,0.9749418894449869
2811,6016,0.35136418446315326,100.0,0.9743246502346463
2812,6017,0.35136418446315326,100.0,-0.9996879365709093
2813,6018,0.35136418446315326,100.0,0.967813703748915
2814,6019,0.35136418446315326,100.0,-0.9996688630845811
2815,6020,0.35136418446315326,100.0,0.9722329245673286
2816,6021,0.35136418446315326,100.0,0.9682358635796441
2817,6022,0.35136418446315326,100.0,0.9735322528415256
2818,6023,0.35136418446315326,100.0,0.9703211254543729
2819,6024,0.35136418446315326,100.0,0.9741203520033095
2820,6025,0.35136418446315326,100.0,-0.9997184541490343
2821,6026,0.35136418446315326,100.0,0.9750493367513021
2822,6027,0.35136418446315326,100.0,0.9750393761528863
2823,6028,0.35136418446315326,100.0,0.9742158253987631
2824,6029,0.35136418446315326,100.0,0.9687350591023763
2825,6030,0.35136418446315326,100.0,0.9744529724121094
2826,6031,0.35136418446315326,100.0,-0.99972046746148
2827,6032,0.35136418446315326,100.0,0.9735809961954752
2828,6033,0.35136418446315326,100.0,0.9726669523451064
2829,6034,0.35136418446315326,100.0,0.9739853541056315
2830,6035,0.35136418446315326,100.0,0.9716381496853299
2831,6036,0.35136418446315326,100.0,0.9752824571397569
2832,6037,0.35136418446315326,100.0,0.9752411312527127
2833,6038,0.35136418446315326,100.0,0.9743638568454318
2834,6039,0.35136418446315326,100.0,0.9752901924981011
2835,6040,0.35136418446315326,100.0,0.9731462266710069
2836,6041,0.35136418446315326,100.0,0.9757294125027127
2837,6042,0.35136418446315326,100.0,0.9753253724839952
2838,6043,0.35136418446315326,100.0,0.9726491504245334
2839,6044,0.35136418446315326,100.0,0.9726877212524414
2840,6045,0.35136418446315326,100.0,0.9746297200520834
2841,6046,0.35136418446315326,100.0,0.9729162851969401
2842,6047,0.35136418446315326,100.0,0.9752524693806967
2843,6048,0.35136418446315326,100.0,0.9753745396931967
2844,6049,0.35136418446315326,100.0,0.9727715386284722
2845,6050,0.35136418446315326,200.0,-0.996972295973036
2846,6051,0.35136418446315326,200.0,0.9717104170057509
2847,6052,0.35136418446315326,200.0,-0.9997029834323459
2848,6053,0.35136418446315326,200.0,0.9705957836574979
2849,6054,0.35136418446315326,200.0,0.9733065499199761
2850,6055,0.35136418446315326,200.0,0.9696844948662652
2851,6056,0.35136418446315326,200.0,-0.9996686511569552
2852,6057,0.35136418446315326,200.0,0.9737309349907769
2853,6058,0.35136418446315326,200.0,0.9726019965277778
2854,6059,0.35136418446315326,200.0,0.9642763137817383
2855,6060,0.35136418446315326,200.0,0.9736660851372613
2856,6061,0.35136418446315326,200.0,0.9727577633327908
2857,6062,0.35136418446315326,200.0,0.9737257427639432
2858,6063,0.35136418446315326,200.0,0.9729586707221137
2859,6064,0.35136418446315326,200.0,0.965831438700358
2860,6065,0.35136418446315326,200.0,0.9738180372450087
2861,6066,0.35136418446315326,200.0,0.9731762144300673
2862,6067,0.35136418446315326,200.0,-0.9996842278374566
2863,6068,0.35136418446315326,200.0,0.9602205488416884
2864,6069,0.35136418446315326,200.0,-0.9996666378445096
2865,6070,0.35136418446315326,200.0,0.9702685674031576
2866,6071,0.35136418446315326,200.0,0.9620011647542318
2867,6072,0.35136418446315326,200.0,0.9722684224446615
2868,6073,0.35136418446315326,200.0,0.9656134711371528
2869,6074,0.35136418446315326,200.0,0.9729673597547743
2870,6075,0.35136418446315326,200.0,-0.999715699089898
2871,6076,0.35136418446315326,200.0,0.9741044574313693
2872,6077,0.35136418446315326,200.0,0.973998917473687
2873,6078,0.35136418446315326,200.0,0.9730756547715929
2874,6079,0.35136418446315326,200.0,0.9638081656561958
2875,6080,0.35136418446315326,200.0,0.9731600019666884
2876,6081,0.35136418446315326,200.0,-0.9997191958957248
2877,6082,0.35136418446315326,200.0,0.9722272025214301
2878,6083,0.35136418446315326,200.0,0.9710259967380099
2879,6084,0.35136418446315326,200.0,0.9728359646267362
2880,6085,0.35136418446315326,200.0,0.9696888393825955
2881,6086,0.35136418446315326,200.0,0.9743618435329862
2882,6087,0.35136418446315326,200.0,0.9743017620510526
2883,6088,0.35136418446315326,200.0,0.9732105467054579
2884,6089,0.35136418446315326,200.0,0.9742756949530708
2885,6090,0.35136418446315326,200.0,0.9716594484117296
2886,6091,0.35136418446315326,200.0,0.9748387866550021
2887,6092,0.35136418446315326,200.0,0.9744011561075846
2888,6093,0.35136418446315326,200.0,0.9709928300645616
2889,6094,0.35136418446315326,200.0,0.9712462955050998
2890,6095,0.35136418446315326,200.0,0.9735585318671333
2891,6096,0.35136418446315326,200.0,0.9709331724378798
2892,6097,0.35136418446315326,200.0,0.9742149776882596
2893,6098,0.35136418446315326,200.0,0.9744923909505209
2894,6099,0.35136418446315326,200.0,0.9709864722357856
2895,6100,0.35136418446315326,300.0,-0.9997321234809028
2896,6101,0.35136418446315326,300.0,0.981536865234375
2897,6102,0.35136418446315326,300.0,-0.9996941884358724
2898,6103,0.35136418446315326,300.0,0.980793317159017
2899,6104,0.35136418446315326,300.0,0.9823953840467665
2900,6105,0.35136418446315326,300.0,0.9805790583292643
2901,6106,0.35136418446315326,300.0,-0.999718878004286
2902,6107,0.35136418446315326,300.0,0.9824841817220052
2903,6108,0.35136418446315326,300.0,0.9821271896362305
2904,6109,0.35136418446315326,300.0,0.9780990812513564
2905,6110,0.35136418446315326,300.0,0.9826109144422743
2906,6111,0.35136418446315326,300.0,0.9822767045762804
2907,6112,0.35136418446315326,300.0,0.9826212988959419
2908,6113,0.35136418446315326,300.0,0.982335090637207
2909,6114,0.35136418446315326,300.0,0.9792550404866537
2910,6115,0.35136418446315326,300.0,0.9825392829047309
2911,6116,0.35136418446315326,300.0,0.9824265374077691
2912,6117,0.35136418446315326,300.0,-0.999725447760688
2913,6118,0.35136418446315326,300.0,0.9747585720486112
2914,6119,0.35136418446315326,300.0,-0.999705950419108
2915,6120,0.35136418446315326,300.0,0.9809630711873373
2916,6121,0.35136418446315326,300.0,0.9764915042453342
2917,6122,0.35136418446315326,300.0,0.9820718765258789
2918,6123,0.35136418446315326,300.0,0.9782494439019097
2919,6124,0.35136418446315326,300.0,0.9821489122178819
2920,6125,0.35136418446315326,300.0,-0.9997074339124892
2921,6126,0.35136418446315326,300.0,0.9825725555419922
2922,6127,0.35136418446315326,300.0,0.9828774134318033
2923,6128,0.35136418446315326,300.0,0.9824805789523654
2924,6129,0.35136418446315326,300.0,0.9775116178724501
2925,6130,0.35136418446315326,300.0,0.9824678632948134
2926,6131,0.35136418446315326,300.0,-0.9997315936618381
2927,6132,0.35136418446315326,300.0,0.9818072848849826
2928,6133,0.35136418446315326,300.0,0.9812497033013238
2929,6134,0.35136418446315326,300.0,0.9824722078111436
2930,6135,0.35136418446315326,300.0,0.9807331297132704
2931,6136,0.35136418446315326,300.0,0.9825824101765951
2932,6137,0.35136418446315326,300.0,0.9827917946709527
2933,6138,0.35136418446315326,300.0,0.982489373948839
2934,6139,0.35136418446315326,300.0,0.9826809565226237
2935,6140,0.35136418446315326,300.0,0.9818074968126085
2936,6141,0.35136418446315326,300.0,0.9832068549262153
2937,6142,0.35136418446315326,300.0,0.9827651977539062
2938,6143,0.35136418446315326,300.0,0.9813477198282877
2939,6144,0.35136418446315326,300.0,0.9812001122368706
2940,6145,0.35136418446315326,300.0,0.982466909620497
2941,6146,0.35136418446315326,300.0,0.9813016255696615
2942,6147,0.35136418446315326,300.0,0.9828502866956923
2943,6148,0.35136418446315326,300.0,0.9828299416436089
2944,6149,0.35136418446315326,300.0,0.9810450871785482
2945,6150,0.35136418446315326,400.0,-0.9996777640448676
2946,6151,0.35136418446315326,400.0,0.9863623513115777
2947,6152,0.35136418446315326,400.0,-0.9997065862019857
2948,6153,0.35136418446315326,400.0,0.9860113991631402
2949,6154,0.35136418446315326,400.0,0.9869236416286893
2950,6155,0.35136418446315326,400.0,0.9857325024074979
2951,6156,0.35136418446315326,400.0,-0.9997278849283854
2952,6157,0.35136418446315326,400.0,0.9870783487955729
2953,6158,0.35136418446315326,400.0,0.9868379169040256
2954,6159,0.35136418446315326,400.0,0.9845475090874566
2955,6160,0.35136418446315326,400.0,0.986613909403483
2956,6161,0.35136418446315326,400.0,0.9868562486436632
2957,6162,0.35136418446315326,400.0,0.9868907928466797
2958,6163,0.35136418446315326,400.0,0.9867679807874892
2959,6164,0.35136418446315326,400.0,0.9853008058336046
2960,6165,0.35136418446315326,400.0,0.9868692821926541
2961,6166,0.35136418446315326,400.0,0.987087779574924
2962,6167,0.35136418446315326,400.0,-0.9997212092081705
2963,6168,0.35136418446315326,400.0,0.9798265033298068
2964,6169,0.35136418446315326,400.0,-0.9997094472249349
2965,6170,0.35136418446315326,400.0,0.985953860812717
2966,6171,0.35136418446315326,400.0,0.9831261105007596
2967,6172,0.35136418446315326,400.0,0.9867557949490018
2968,6173,0.35136418446315326,400.0,0.9841439988878038
2969,6174,0.35136418446315326,400.0,0.9869403839111328
2970,6175,0.35136418446315326,400.0,-0.999714109632704
2971,6176,0.35136418446315326,400.0,0.9868654674953885
2972,6177,0.35136418446315326,400.0,0.9870571560329862
2973,6178,0.35136418446315326,400.0,0.9869963328043619
2974,6179,0.35136418446315326,400.0,0.9840162065294054
2975,6180,0.35136418446315326,400.0,0.9868390825059679
2976,6181,0.35136418446315326,400.0,-0.9997407065497504
2977,6182,0.35136418446315326,400.0,0.9865636825561523
2978,6183,0.35136418446315326,400.0,0.9864168167114258
2979,6184,0.35136418446315326,400.0,0.9870002534654405
2980,6185,0.35136418446315326,400.0,0.9858182271321615
2981,6186,0.35136418446315326,400.0,0.9869443045722114
2982,6187,0.35136418446315326,400.0,0.9869253370496962
2983,6188,0.35136418446315326,400.0,0.9867870542738173
2984,6189,0.35136418446315326,400.0,0.9870034323798286
2985,6190,0.35136418446315326,400.0,0.9865503311157227
2986,6191,0.35136418446315326,400.0,0.9874248504638672
2987,6192,0.35136418446315326,400.0,0.9867989222208658
2988,6193,0.35136418446315326,400.0,0.9861154556274414
2989,6195,0.35136418446315326,400.0,0.9869019190470377
2990,6196,0.35136418446315326,400.0,0.9862161212497287
2991,6197,0.35136418446315326,400.0,0.987062136332194
2992,6198,0.35136418446315326,400.0,0.9869141048855252
2993,6199,0.35136418446315326,400.0,0.9860950046115451
2994,6200,0.35136418446315326,500.0,-0.9997120963202583
2995,6201,0.35136418446315326,500.0,0.9892462624443902
2996,6202,0.35136418446315326,500.0,-0.9997107187906901
2997,6203,0.35136418446315326,500.0,0.9889069663153754
2998,6204,0.35136418446315326,500.0,0.9895311991373698
2999,6205,0.35136418446315326,500.0,0.988648944430881
3000,6206,0.35136418446315326,500.0,-0.99972046746148
3001,6207,0.35136418446315326,500.0,0.9897434446546767
3002,6208,0.35136418446315326,500.0,0.9895382987128364
3003,6209,0.35136418446315326,500.0,0.9879145092434354
3004,6210,0.35136418446315326,500.0,0.9895588556925455
3005,6211,0.35136418446315326,500.0,0.989439328511556
3006,6212,0.35136418446315326,500.0,0.9893581602308485
3007,6213,0.35136418446315326,500.0,0.9894289440578885
3008,6214,0.35136418446315326,500.0,0.9884816275702583
3009,6215,0.35136418446315326,500.0,0.9895503785875108
3010,6216,0.35136418446315326,500.0,0.9897502263387045
3011,6217,0.35136418446315326,500.0,-0.9997322294447157
3012,6218,0.35136418446315326,500.0,-0.99969482421875
3013,6219,0.35136418446315326,500.0,-0.9997162289089627
3014,6220,0.35136418446315326,500.0,0.9889291127522787
3015,6221,0.35136418446315326,500.0,0.9869117736816406
3016,6222,0.35136418446315326,500.0,0.9893331527709961
3017,6223,0.35136418446315326,500.0,0.9878864288330078
3018,6224,0.35136418446315326,500.0,0.9894336064656576
3019,6225,0.35136418446315326,500.0,-0.9997135798136393
3020,6226,0.35136418446315326,500.0,0.989487436082628
3021,6227,0.35136418446315326,500.0,0.9896617465549045
3022,6228,0.35136418446315326,500.0,0.9895285500420464
3023,6229,0.35136418446315326,500.0,0.9875570933024088
3024,6230,0.35136418446315326,500.0,0.9894642300075955
3025,6231,0.35136418446315326,500.0,-0.999726825290256
3026,6232,0.35136418446315326,500.0,0.9892814424302843
3027,6233,0.35136418446315326,500.0,0.9891129599677192
3028,6234,0.35136418446315326,500.0,0.9894972907172309
3029,6235,0.35136418446315326,500.0,0.9887819290161133
3030,6236,0.35136418446315326,500.0,0.9894124137030708
3031,6237,0.35136418446315326,500.0,0.9893947177463107
3032,6238,0.35136418446315326,500.0,0.9895452923244901
3033,6239,0.35136418446315326,500.0,0.9896019829644097
3034,6240,0.35136418446315326,500.0,0.9894137912326388
3035,6241,0.35136418446315326,500.0,0.9899691475762261
3036,6242,0.35136418446315326,500.0,0.989501847161187
3037,6243,0.35136418446315326,500.0,0.9889722400241427
3038,6244,0.35136418446315326,500.0,0.9889582528008355
3039,6245,0.35136418446315326,500.0,0.9895154105292426
3040,6246,0.35136418446315326,500.0,0.989127688937717
3041,6247,0.35136418446315326,500.0,0.9894005457560221
3042,6248,0.35136418446315326,500.0,0.9896379046969943
3043,6249,0.35136418446315326,500.0,0.9890054066975912
3044,6250,0.35136418446315326,600.0,-0.999683592054579
3045,6251,0.35136418446315326,600.0,0.9909600151909722
3046,6252,0.35136418446315326,600.0,-0.9996753268771701
3047,6253,0.35136418446315326,600.0,0.9905470742119683
3048,6254,0.35136418446315326,600.0,0.9912786483764648
3049,6255,0.35136418446315326,600.0,0.9905961354573568
3050,6256,0.35136418446315326,600.0,-0.99970457288954
3051,6257,0.35136418446315326,600.0,0.9912566079033746
3052,6258,0.35136418446315326,600.0,0.9911278618706597
3053,6259,0.35136418446315326,600.0,0.9900614420572916
3054,6260,0.35136418446315326,600.0,0.9912630716959635
3055,6261,0.35136418446315326,600.0,0.9911608166164823
3056,6262,0.35136418446315326,600.0,0.9909724129570855
3057,6263,0.35136418446315326,600.0,0.9912099838256836
3058,6264,0.35136418446315326,600.0,0.9903999964396158
3059,6265,0.35136418446315326,600.0,0.9913883209228516
3060,6266,0.35136418446315326,600.0,0.9914960861206055
3061,6267,0.35136418446315326,600.0,-0.9997037251790365
3062,6268,0.35136418446315326,600.0,-0.9997036192152235
3063,6269,0.35136418446315326,600.0,-0.9997137917412652
3064,6270,0.35136418446315326,600.0,0.9907176759507921
3065,6271,0.35136418446315326,600.0,0.988779173956977
3066,6272,0.35136418446315326,600.0,0.9909997516208224
3067,6273,0.35136418446315326,600.0,0.9899808035956489
3068,6274,0.35136418446315326,600.0,0.9910305870903863
3069,6275,0.35136418446315326,600.0,-0.9996857113308377
3070,6276,0.35136418446315326,600.0,0.9911897447374132
3071,6277,0.35136418446315326,600.0,0.9914303885565864
3072,6278,0.35136418446315326,600.0,0.9911626180013021
3073,6279,0.35136418446315326,600.0,0.9897578557332357
3074,6280,0.35136418446315326,600.0,0.9911071989271376
3075,6281,0.35136418446315326,600.0,-0.9997477001614041
3076,6282,0.35136418446315326,600.0,0.9909532335069444
3077,6283,0.35136418446315326,600.0,0.9908745023939345
3078,6284,0.35136418446315326,600.0,0.9913235770331489
3079,6285,0.35136418446315326,600.0,0.9909491009182401
3080,6286,0.35136418446315326,600.0,0.9910497665405273
3081,6287,0.35136418446315326,600.0,0.9911580615573459
3082,6288,0.35136418446315326,600.0,0.9913036558363173
3083,6289,0.35136418446315326,600.0,0.9911458757188585
3084,6290,0.35136418446315326,600.0,0.9910709593031142
3085,6291,0.35136418446315326,600.0,0.9913814332750108
3086,6292,0.35136418446315326,600.0,0.9911227756076388
3087,6293,0.35136418446315326,600.0,0.990785174899631
3088,6294,0.35136418446315326,600.0,0.9907912148369683
3089,6295,0.35136418446315326,600.0,0.991246223449707
3090,6296,0.35136418446315326,600.0,0.9910892910427518
3091,6297,0.35136418446315326,600.0,0.9909805721706815
3092,6298,0.35136418446315326,600.0,0.9913743336995443
3093,6299,0.35136418446315326,600.0,0.9905519485473633
3094,6300,0.35136418446315326,700.0,-0.9997167587280273
3095,6301,0.35136418446315326,700.0,0.992173088921441
3096,6302,0.35136418446315326,700.0,-0.9997203614976671
3097,6303,0.35136418446315326,700.0,0.9919879701402452
3098,6304,0.35136418446315326,700.0,0.9925018946329752
3099,6305,0.35136418446315326,700.0,0.9919863806830512
3100,6306,0.35136418446315326,700.0,-0.9997043609619141
3101,6307,0.35136418446315326,700.0,0.9923674265543619
3102,6308,0.35136418446315326,700.0,0.9923619164360894
3103,6309,0.35136418446315326,700.0,0.9915555318196615
3104,6310,0.35136418446315326,700.0,0.9924216800265842
3105,6311,0.35136418446315326,700.0,0.9924548467000326
3106,6312,0.35136418446315326,700.0,0.9922576480441623
3107,6313,0.35136418446315326,700.0,0.9923459159003364
3108,6314,0.35136418446315326,700.0,0.9918619791666666
3109,6315,0.35136418446315326,700.0,0.9925115373399522
3110,6316,0.35136418446315326,700.0,0.9925508499145508
3111,6317,0.35136418446315326,700.0,-0.9997213151719835
3112,6318,0.35136418446315326,700.0,-0.9997167587280273
3113,6319,0.35136418446315326,700.0,-0.9997096591525607
3114,6320,0.35136418446315326,700.0,0.9921355777316623
3115,6321,0.35136418446315326,700.0,-0.9996929168701172
3116,6322,0.35136418446315326,700.0,0.992182731628418
3117,6323,0.35136418446315326,700.0,0.991480827331543
3118,6324,0.35136418446315326,700.0,0.9921109941270616
3119,6325,0.35136418446315326,700.0,-0.9997348785400391
3120,6326,0.35136418446315326,700.0,0.9924580256144205
3121,6327,0.35136418446315326,700.0,0.9925622940063477
3122,6328,0.35136418446315326,700.0,0.9923646714952257
3123,6329,0.35136418446315326,700.0,0.9912917878892686
3124,6330,0.35136418446315326,700.0,0.9923743142022027
3125,6331,0.35136418446315326,700.0,-0.9997242821587456
3126,6332,0.35136418446315326,700.0,0.9921748903062608
3127,6333,0.35136418446315326,700.0,0.9921980963812934
3128,6334,0.35136418446315326,700.0,0.992431746588813
3129,6335,0.35136418446315326,700.0,0.9921207427978516
3130,6336,0.35136418446315326,700.0,0.9923550287882487
3131,6337,0.35136418446315326,700.0,0.9922819137573242
3132,6338,0.35136418446315326,700.0,0.9924276140001085
3133,6339,0.35136418446315326,700.0,0.9923419952392578
3134,6340,0.35136418446315326,700.0,0.9923307630750868
3135,6341,0.35136418446315326,700.0,0.9925362269083658
3136,6342,0.35136418446315326,700.0,0.9922049840291342
3137,6343,0.35136418446315326,700.0,0.9920233620537652
3138,6344,0.35136418446315326,700.0,0.9920030170016818
3139,6345,0.35136418446315326,700.0,0.9923251469930013
3140,6346,0.35136418446315326,700.0,0.9923443264431424
3141,6347,0.35136418446315326,700.0,0.9922108120388455
3142,6348,0.35136418446315326,700.0,0.9926057391696506
3143,6349,0.35136418446315326,700.0,0.9918851852416992
3144,6350,0.35136418446315326,800.0,-0.9996907975938585
3145,6351,0.35136418446315326,800.0,0.992903815375434
3146,6352,0.35136418446315326,800.0,-0.9997035132514106
3147,6353,0.35136418446315326,800.0,0.9930228127373589
3148,6354,0.35136418446315326,800.0,0.9932869805230035
3149,6355,0.35136418446315326,800.0,0.9929869969685873
3150,6356,0.35136418446315326,800.0,-0.9997248119778104
3151,6357,0.35136418446315326,800.0,0.9932165145874023
3152,6358,0.35136418446315326,800.0,0.9931976530287001
3153,6359,0.35136418446315326,800.0,0.9926137924194336
3154,6360,0.35136418446315326,800.0,0.9933245976765951
3155,6361,0.35136418446315326,800.0,0.9933453665839301
3156,6362,0.35136418446315326,800.0,0.9931836658053927
3157,6363,0.35136418446315326,800.0,0.9931473202175565
3158,6364,0.35136418446315326,800.0,0.9928867552015517
3159,6365,0.35136418446315326,800.0,0.9933082792494032
3160,6366,0.35136418446315326,800.0,0.9934971067640517
3161,6367,0.35136418446315326,800.0,-0.9997170766194662
3162,6368,0.35136418446315326,800.0,-0.9996743732028537
3163,6369,0.35136418446315326,800.0,-0.9997214211357964
3164,6370,0.35136418446315326,800.0,0.9929913414849175
3165,6371,0.35136418446315326,800.0,-0.9996789296468099
3166,6372,0.35136418446315326,800.0,0.993119027879503
3167,6373,0.35136418446315326,800.0,0.9926026662190756
3168,6374,0.35136418446315326,800.0,0.9929900699191623
3169,6375,0.35136418446315326,800.0,-0.9997014999389648
3170,6376,0.35136418446315326,800.0,0.9932991663614908
3171,6377,0.35136418446315326,800.0,0.9932974709404839
3172,6378,0.35136418446315326,800.0,0.9931642744276259
3173,6379,0.35136418446315326,800.0,0.992402606540256
3174,6380,0.35136418446315326,800.0,0.9932643042670356
3175,6381,0.35136418446315326,800.0,-0.9996968375311958
3176,6383,0.35136418446315326,800.0,0.9931421279907227
3177,6384,0.35136418446315326,800.0,0.9933196173773872
3178,6385,0.35136418446315326,800.0,0.9930482440524631
3179,6386,0.35136418446315326,800.0,0.9932188457912869
3180,6387,0.35136418446315326,800.0,0.9931303660074869
3181,6388,0.35136418446315326,800.0,0.9932847552829318
3182,6389,0.35136418446315326,800.0,0.9931089613172743
3183,6390,0.35136418446315326,800.0,0.9932822121514214
3184,6391,0.35136418446315326,800.0,0.993409686618381
3185,6392,0.35136418446315326,800.0,0.9931058883666992
3186,6393,0.35136418446315326,800.0,0.9928828345404731
3187,6394,0.35136418446315326,800.0,0.9930232365926107
3188,6395,0.35136418446315326,800.0,0.993157704671224
3189,6396,0.35136418446315326,800.0,0.9930264155069987
3190,6397,0.35136418446315326,800.0,0.9930800331963433
3191,6398,0.35136418446315326,800.0,0.9934039645724826
3192,6399,0.35136418446315326,800.0,0.9929749170939127
