,exp,beta_i,t0,s
0,0,0.00011111111111111112,100.0,0.8926152123345269
1,1,0.00011111111111111112,100.0,0.9094351662529839
2,2,0.00011111111111111112,100.0,0.920093854268392
3,3,0.00011111111111111112,100.0,0.9159993065728081
4,4,0.00011111111111111112,100.0,-0.9143520991007487
5,5,0.00011111111111111112,100.0,0.9094984266493056
6,6,0.00011111111111111112,100.0,0.9198290506998698
7,7,0.00011111111111111112,100.0,0.8954061932033963
8,8,0.00011111111111111112,100.0,0.8994816674126519
9,9,0.00011111111111111112,100.0,0.9051573011610243
10,10,0.00011111111111111112,100.0,0.9062889946831597
11,11,0.00011111111111111112,100.0,0.9076895183987088
12,12,0.00011111111111111112,100.0,0.9102239608764648
13,13,0.00011111111111111112,100.0,0.891509903801812
14,14,0.00011111111111111112,100.0,0.8898689481947157
15,15,0.00011111111111111112,100.0,0.9055538177490234
16,16,0.00011111111111111112,100.0,0.8830766677856445
17,17,0.00011111111111111112,100.0,0.8950386047363281
18,18,0.00011111111111111112,100.0,0.9201347563001845
19,19,0.00011111111111111112,100.0,0.8937466939290365
20,20,0.00011111111111111112,100.0,0.8946404986911349
21,21,0.00011111111111111112,100.0,0.8913360171847873
22,22,0.00011111111111111112,100.0,0.911706288655599
23,23,0.00011111111111111112,100.0,0.9115530649820963
24,24,0.00011111111111111112,100.0,0.9047969182332357
25,25,0.00011111111111111112,100.0,0.9176674948798286
26,26,0.00011111111111111112,100.0,0.920716921488444
27,27,0.00011111111111111112,100.0,0.9220868216620551
28,28,0.00011111111111111112,100.0,0.9047870635986328
29,29,0.00011111111111111112,100.0,0.8875594139099121
30,30,0.00011111111111111112,100.0,-0.9922796885172526
31,31,0.00011111111111111112,100.0,0.8988978068033854
32,32,0.00011111111111111112,100.0,0.9158723619249132
33,33,0.00011111111111111112,100.0,0.9164516660902235
34,34,0.00011111111111111112,100.0,0.9217751820882162
35,35,0.00011111111111111112,100.0,0.883813222249349
36,36,0.00011111111111111112,100.0,-0.9949358834160699
37,37,0.00011111111111111112,100.0,-0.9868994818793403
38,38,0.00011111111111111112,100.0,0.913563092549642
39,39,0.00011111111111111112,100.0,0.9141224755181206
40,40,0.00011111111111111112,100.0,0.8680769602457682
41,41,0.00011111111111111112,100.0,-0.9830037222968208
42,42,0.00011111111111111112,100.0,0.908906512790256
43,43,0.00011111111111111112,100.0,0.9092353185017904
44,44,0.00011111111111111112,100.0,0.9091616736518012
45,45,0.00011111111111111112,100.0,0.8989842732747396
46,46,0.00011111111111111112,100.0,0.9126764933268229
47,47,0.00011111111111111112,100.0,0.8564632203843858
48,48,0.00011111111111111112,100.0,0.9075393676757812
49,49,0.00011111111111111112,100.0,0.9167023764716254
50,50,0.00011111111111111112,200.0,0.7363647884792752
51,51,0.00011111111111111112,200.0,0.7291416592068143
52,52,0.00011111111111111112,200.0,0.7686503728230795
53,53,0.00011111111111111112,200.0,0.8004895316229926
54,54,0.00011111111111111112,200.0,-0.9440327750311958
55,55,0.00011111111111111112,200.0,0.7785837915208604
56,56,0.00011111111111111112,200.0,0.8168751928541396
57,57,0.00011111111111111112,200.0,0.7734467188517252
58,58,0.00011111111111111112,200.0,0.7340893215603299
59,59,0.00011111111111111112,200.0,0.791274282667372
60,60,0.00011111111111111112,200.0,0.7701591915554471
61,61,0.00011111111111111112,200.0,0.7963896327548556
62,62,0.00011111111111111112,200.0,0.7860408359103732
63,63,0.00011111111111111112,200.0,0.6963668929206001
64,64,0.00011111111111111112,200.0,0.7521231439378526
65,65,0.00011111111111111112,200.0,0.7075780232747396
66,66,0.00011111111111111112,200.0,0.013745446999867758
67,67,0.00011111111111111112,200.0,0.746987607744005
68,68,0.00011111111111111112,200.0,0.8070500161912706
69,69,0.00011111111111111112,200.0,0.7666136423746744
70,70,0.00011111111111111112,200.0,0.756933954026964
71,71,0.00011111111111111112,200.0,0.7395688162909614
72,72,0.00011111111111111112,200.0,0.7865619659423828
73,73,0.00011111111111111112,200.0,0.7972817420959473
74,74,0.00011111111111111112,200.0,0.28812676005893284
75,75,0.00011111111111111112,200.0,0.80135711034139
76,76,0.00011111111111111112,200.0,0.7904746797349718
77,77,0.00011111111111111112,200.0,0.7836336029900445
78,78,0.00011111111111111112,200.0,0.7928689320882162
79,79,0.00011111111111111112,200.0,0.780248588985867
80,80,0.00011111111111111112,200.0,-0.9835121366712782
81,81,0.00011111111111111112,200.0,0.7671343485514323
82,82,0.00011111111111111112,200.0,0.7878696653578017
83,83,0.00011111111111111112,200.0,0.7216762436760796
84,84,0.00011111111111111112,200.0,0.8007388644748263
85,85,0.00011111111111111112,200.0,-0.7612074216206869
86,86,0.00011111111111111112,200.0,-0.9899817572699653
87,87,0.00011111111111111112,200.0,-0.7504422399732802
88,88,0.00011111111111111112,200.0,0.7791080474853516
89,89,0.00011111111111111112,200.0,0.7886882887946235
90,90,0.00011111111111111112,200.0,0.7413373523288302
91,91,0.00011111111111111112,200.0,-0.9020794762505425
92,92,0.00011111111111111112,200.0,0.7770860460069444
93,93,0.00011111111111111112,200.0,0.7380924224853516
94,94,0.00011111111111111112,200.0,0.7829122013515897
95,95,0.00011111111111111112,200.0,0.7308130794101291
96,96,0.00011111111111111112,200.0,0.789886368645562
97,97,0.00011111111111111112,200.0,0.6982769436306424
98,98,0.00011111111111111112,200.0,0.7085287306043837
99,99,0.00011111111111111112,200.0,0.7577945921156142
100,100,0.00011111111111111112,300.0,0.8888250456915961
101,101,0.00011111111111111112,300.0,0.8371816211276584
102,102,0.00011111111111111112,300.0,0.8812450832790799
103,103,0.00011111111111111112,300.0,0.89592530992296
104,104,0.00011111111111111112,300.0,-0.9963428709242079
105,105,0.00011111111111111112,300.0,0.8838299115498861
106,106,0.00011111111111111112,300.0,0.8942446178860135
107,107,0.00011111111111111112,300.0,0.8913164138793945
108,108,0.00011111111111111112,300.0,0.8938415315416124
109,109,0.00011111111111111112,300.0,0.8951884375678169
110,110,0.00011111111111111112,300.0,-0.9609010484483507
111,111,0.00011111111111111112,300.0,0.8950015174018012
112,112,0.00011111111111111112,300.0,0.8938448164198134
113,113,0.00011111111111111112,300.0,0.15517234802246094
114,114,0.00011111111111111112,300.0,0.8856400383843316
115,115,0.00011111111111111112,300.0,0.8694301181369357
116,116,0.00011111111111111112,300.0,-0.9936598671807183
117,117,0.00011111111111111112,300.0,0.8912938435872396
118,118,0.00011111111111111112,300.0,0.8993009991115994
119,119,0.00011111111111111112,300.0,0.8765319188435873
120,120,0.00011111111111111112,300.0,0.8864173889160156
121,121,0.00011111111111111112,300.0,0.8368757035997179
122,122,0.00011111111111111112,300.0,0.8804725541008843
123,123,0.00011111111111111112,300.0,0.8948216968112521
124,124,0.00011111111111111112,300.0,-0.9842643737792969
125,125,0.00011111111111111112,300.0,0.8849580552842882
126,126,0.00011111111111111112,300.0,0.8805905448065864
127,127,0.00011111111111111112,300.0,0.8766789966159396
128,128,0.00011111111111111112,300.0,0.8832549519009061
129,129,0.00011111111111111112,300.0,0.8891228569878472
130,130,0.00011111111111111112,300.0,-0.9987601174248589
131,131,0.00011111111111111112,300.0,0.8893992106119791
132,132,0.00011111111111111112,300.0,0.8877798716227213
133,133,0.00011111111111111112,300.0,-0.9807824028862847
134,134,0.00011111111111111112,300.0,0.8920612335205078
135,135,0.00011111111111111112,300.0,-0.9950647354125977
136,136,0.00011111111111111112,300.0,-0.999269167582194
137,137,0.00011111111111111112,300.0,-0.9936566882663302
138,138,0.00011111111111111112,300.0,0.8914733462863498
139,139,0.00011111111111111112,300.0,0.881744490729438
140,140,0.00011111111111111112,300.0,0.8757887416415744
141,141,0.00011111111111111112,300.0,-0.9957959916856554
142,142,0.00011111111111111112,300.0,0.8717524740431044
143,143,0.00011111111111111112,300.0,-0.9929139879014757
144,144,0.00011111111111111112,300.0,0.8903423945109049
145,145,0.00011111111111111112,300.0,-0.876781145731608
146,146,0.00011111111111111112,300.0,0.853595150841607
147,147,0.00011111111111111112,300.0,0.8800950050354004
148,148,0.00011111111111111112,300.0,0.8592537773980035
149,149,0.00011111111111111112,300.0,0.7099479039510092
150,150,0.00011111111111111112,400.0,0.9270522859361436
151,151,0.00011111111111111112,400.0,-0.9967349370320638
152,152,0.00011111111111111112,400.0,0.8755884170532227
153,153,0.00011111111111111112,400.0,0.927241219414605
154,154,0.00011111111111111112,400.0,-0.9994203779432509
155,155,0.00011111111111111112,400.0,0.9060638215806749
156,156,0.00011111111111111112,400.0,0.9219009611341689
157,157,0.00011111111111111112,400.0,0.92015626695421
158,158,0.00011111111111111112,400.0,0.9266056484646268
159,159,0.00011111111111111112,400.0,0.926487922668457
160,160,0.00011111111111111112,400.0,-0.9988501866658529
161,161,0.00011111111111111112,400.0,0.926875008477105
162,162,0.00011111111111111112,400.0,0.9174236721462674
163,163,0.00011111111111111112,400.0,-0.9978963004218208
164,164,0.00011111111111111112,400.0,0.9239185121324327
165,165,0.00011111111111111112,400.0,0.9036741256713867
166,166,0.00011111111111111112,400.0,-0.9993021223280165
167,167,0.00011111111111111112,400.0,0.9227874543931749
168,168,0.00011111111111111112,400.0,0.9266485638088651
169,169,0.00011111111111111112,400.0,0.8759032885233561
170,170,0.00011111111111111112,400.0,0.9164385265774198
171,171,0.00011111111111111112,400.0,-0.9912185668945312
172,172,0.00011111111111111112,400.0,0.9060702853732638
173,173,0.00011111111111111112,400.0,0.9260491265190972
174,174,0.00011111111111111112,400.0,-0.9986671871609158
175,175,0.00011111111111111112,400.0,0.852499802907308
176,176,0.00011111111111111112,400.0,0.9028877682156033
177,177,0.00011111111111111112,400.0,-0.9938058853149414
178,178,0.00011111111111111112,400.0,0.8941894107394748
179,179,0.00011111111111111112,400.0,0.9230161243014865
180,180,0.00011111111111111112,400.0,-0.9995843039618598
181,181,0.00011111111111111112,400.0,0.9231928719414605
182,182,0.00011111111111111112,400.0,0.921695179409451
183,183,0.00011111111111111112,400.0,-0.9987116919623481
184,184,0.00011111111111111112,400.0,0.9080144034491645
185,185,0.00011111111111111112,400.0,-0.9992672602335612
186,186,0.00011111111111111112,400.0,-0.9996773401896158
187,187,0.00011111111111111112,400.0,-0.9992562399970161
188,188,0.00011111111111111112,400.0,0.921558698018392
189,189,0.00011111111111111112,400.0,0.879494825998942
190,190,0.00011111111111111112,400.0,0.8776501019795736
191,191,0.00011111111111111112,400.0,-0.9994354248046875
192,192,0.00011111111111111112,400.0,0.9012330373128256
193,193,0.00011111111111111112,400.0,-0.9991885291205512
194,194,0.00011111111111111112,400.0,0.9199910693698459
195,195,0.00011111111111111112,400.0,-0.9978237152099609
196,196,0.00011111111111111112,400.0,-0.9852475060356988
197,197,0.00011111111111111112,400.0,0.9176936679416232
198,198,0.00011111111111111112,400.0,-0.9948753780788846
199,199,0.00011111111111111112,400.0,-0.9984781477186415
200,200,0.00011111111111111112,500.0,0.9424269994099935
201,201,0.00011111111111111112,500.0,-0.9995382097032335
202,202,0.00011111111111111112,500.0,-0.9984463585747613
203,203,0.00011111111111111112,500.0,0.9447051154242622
204,204,0.00011111111111111112,500.0,-0.9996585845947266
205,205,0.00011111111111111112,500.0,0.9169751273261176
206,206,0.00011111111111111112,500.0,0.939082039727105
207,207,0.00011111111111111112,500.0,0.9341780344645182
208,208,0.00011111111111111112,500.0,0.9429483413696289
209,209,0.00011111111111111112,500.0,0.9440824720594618
210,210,0.00011111111111111112,500.0,-0.9996293385823568
211,211,0.00011111111111111112,500.0,0.9442915386623807
212,212,0.00011111111111111112,500.0,0.9320139355129666
213,213,0.00011111111111111112,500.0,-0.9995787938435873
214,214,0.00011111111111111112,500.0,0.9415328767564561
215,215,0.00011111111111111112,500.0,-0.9979333877563477
216,216,0.00011111111111111112,500.0,-0.9996433258056641
217,217,0.00011111111111111112,500.0,0.935943603515625
218,218,0.00011111111111111112,500.0,0.9447426266140408
219,219,0.00011111111111111112,500.0,-0.9986944198608398
220,220,0.00011111111111111112,500.0,-0.9853328069051107
221,221,0.00011111111111111112,500.0,-0.9994010925292969
222,222,0.00011111111111111112,500.0,-0.9961822297837999
223,223,0.00011111111111111112,500.0,0.944331169128418
224,224,0.00011111111111111112,500.0,-0.9996105829874674
225,225,0.00011111111111111112,500.0,-0.9982954661051432
226,226,0.00011111111111111112,500.0,-0.9991768731011285
227,227,0.00011111111111111112,500.0,-0.9992646111382378
228,228,0.00011111111111111112,500.0,-0.9884875615437826
229,229,0.00011111111111111112,500.0,0.9395702150132921
230,230,0.00011111111111111112,500.0,-0.999667591518826
231,231,0.00011111111111111112,500.0,0.9298185772365994
232,232,0.00011111111111111112,500.0,0.9394204881456163
233,233,0.00011111111111111112,500.0,-0.9996715121799045
234,234,0.00011111111111111112,500.0,-0.995473755730523
235,235,0.00011111111111111112,500.0,-0.9996767044067383
236,236,0.00011111111111111112,500.0,-0.9996863471137153
237,237,0.00011111111111111112,500.0,-0.9996327294243706
238,238,0.00011111111111111112,500.0,0.9412947760687934
239,239,0.00011111111111111112,500.0,-0.9978866577148438
240,240,0.00011111111111111112,500.0,-0.9968237347073026
241,241,0.00011111111111111112,500.0,-0.9997017118665907
242,242,0.00011111111111111112,500.0,-0.997979482014974
243,243,0.00011111111111111112,500.0,-0.9996777640448676
244,244,0.00011111111111111112,500.0,0.9308565987481011
245,245,0.00011111111111111112,500.0,-0.9995536804199219
246,246,0.00011111111111111112,500.0,-0.9992667304144965
247,247,0.00011111111111111112,500.0,0.925063239203559
248,248,0.00011111111111111112,500.0,-0.999322149488661
249,249,0.00011111111111111112,500.0,-0.9996109008789062
250,250,0.00011111111111111112,600.0,0.9538272221883138
251,251,0.00011111111111111112,600.0,-0.999709235297309
252,252,0.00011111111111111112,600.0,-0.9996324115329318
253,253,0.00011111111111111112,600.0,0.9534818861219618
254,254,0.00011111111111111112,600.0,-0.9997209972805448
255,255,0.00011111111111111112,600.0,-0.9991596009996202
256,256,0.00011111111111111112,600.0,0.9410320917765299
257,257,0.00011111111111111112,600.0,0.8613637288411459
258,258,0.00011111111111111112,600.0,0.9541954464382596
259,259,0.00011111111111111112,600.0,0.9544180764092339
260,260,0.00011111111111111112,600.0,-0.9997163348727756
261,261,0.00011111111111111112,600.0,0.9544069502088759
262,262,0.00011111111111111112,600.0,-0.9988941616482205
263,263,0.00011111111111111112,600.0,-0.9996813668145074
264,264,0.00011111111111111112,600.0,0.9506414201524522
265,265,0.00011111111111111112,600.0,-0.9995975494384766
266,266,0.00011111111111111112,600.0,-0.9996895260281033
267,267,0.00011111111111111112,600.0,-0.9941540824042426
268,268,0.00011111111111111112,600.0,0.9542716344197592
269,269,0.00011111111111111112,600.0,-0.9996599621242948
270,270,0.00011111111111111112,600.0,-0.9994108412000868
271,271,0.00011111111111111112,600.0,-0.9996676974826388
272,272,0.00011111111111111112,600.0,-0.9995413886176215
273,273,0.00011111111111111112,600.0,0.9541409810384115
274,274,0.00011111111111111112,600.0,-0.9996969434950087
275,275,0.00011111111111111112,600.0,-0.9996600680881076
276,276,0.00011111111111111112,600.0,-0.9996861351860894
277,277,0.00011111111111111112,600.0,-0.9996202256944444
278,278,0.00011111111111111112,600.0,-0.9994843800862631
279,279,0.00011111111111111112,600.0,0.9388807084825304
280,280,0.00011111111111111112,600.0,-0.9996882544623481
281,281,0.00011111111111111112,600.0,-0.9955902099609375
282,282,0.00011111111111111112,600.0,0.945908334520128
283,283,0.00011111111111111112,600.0,-0.9996687571207682
284,284,0.00011111111111111112,600.0,-0.9995659722222222
285,285,0.00011111111111111112,600.0,-0.9997101889716254
286,286,0.00011111111111111112,600.0,-0.9996711942884657
287,287,0.00011111111111111112,600.0,-0.9997295803493924
288,288,0.00011111111111111112,600.0,0.9449187384711372
289,289,0.00011111111111111112,600.0,-0.9996330473158095
290,290,0.00011111111111111112,600.0,-0.999587270948622
291,291,0.00011111111111111112,600.0,-0.999705950419108
292,292,0.00011111111111111112,600.0,-0.9996266894870334
293,293,0.00011111111111111112,600.0,-0.9996986389160156
294,294,0.00011111111111111112,600.0,0.9213738971286349
295,295,0.00011111111111111112,600.0,-0.9997073279486762
296,296,0.00011111111111111112,600.0,-0.9996616575453017
297,297,0.00011111111111111112,600.0,-0.9976265165540907
298,298,0.00011111111111111112,600.0,-0.9996366500854492
299,299,0.00011111111111111112,600.0,-0.9996879365709093
300,300,0.00011111111111111112,700.0,0.9605651431613498
301,301,0.00011111111111111112,700.0,-0.9997095531887479
302,302,0.00011111111111111112,700.0,-0.9997070100572374
303,303,0.00011111111111111112,700.0,0.960534307691786
304,304,0.00011111111111111112,700.0,-0.999723858303494
305,305,0.00011111111111111112,700.0,-0.9996960957845052
306,306,0.00011111111111111112,700.0,0.9309519661797417
307,307,0.00011111111111111112,700.0,-0.9996524386935763
308,308,0.00011111111111111112,700.0,0.9616023169623481
309,309,0.00011111111111111112,700.0,0.9620884789360894
310,310,0.00011111111111111112,700.0,-0.999728626675076
311,311,0.00011111111111111112,700.0,0.9613164265950521
312,312,0.00011111111111111112,700.0,-0.9996785057915581
313,313,0.00011111111111111112,700.0,-0.9997076458401151
314,314,0.00011111111111111112,700.0,0.9345133039686415
315,315,0.00011111111111111112,700.0,-0.9997124142116971
316,316,0.00011111111111111112,700.0,-0.9997260835435655
317,317,0.00011111111111111112,700.0,-0.9996363321940104
318,318,0.00011111111111111112,700.0,0.9610688951280382
319,319,0.00011111111111111112,700.0,-0.9997039371066623
320,320,0.00011111111111111112,700.0,-0.9996830622355143
321,321,0.00011111111111111112,700.0,-0.9997091293334961
322,322,0.00011111111111111112,700.0,-0.9997101889716254
323,323,0.00011111111111111112,700.0,0.9601288901435004
324,324,0.00011111111111111112,700.0,-0.9997110366821289
325,325,0.00011111111111111112,700.0,-0.9997084935506185
326,326,0.00011111111111111112,700.0,-0.9997029834323459
327,327,0.00011111111111111112,700.0,-0.9996914333767362
328,328,0.00011111111111111112,700.0,-0.9997195137871636
329,329,0.00011111111111111112,700.0,-0.9995565414428711
330,330,0.00011111111111111112,700.0,-0.9997191958957248
331,331,0.00011111111111111112,700.0,-0.9996733135647244
332,332,0.00011111111111111112,700.0,-0.998459710015191
333,333,0.00011111111111111112,700.0,-0.9996931287977431
334,334,0.00011111111111111112,700.0,-0.9997152752346463
335,335,0.00011111111111111112,700.0,-0.9996982150607638
336,336,0.00011111111111111112,700.0,-0.9996877246432834
337,337,0.00011111111111111112,700.0,-0.9997115665011935
338,338,0.00011111111111111112,700.0,0.9411001205444336
339,339,0.00011111111111111112,700.0,-0.9996975792778863
340,340,0.00011111111111111112,700.0,-0.9996994866265191
341,341,0.00011111111111111112,700.0,-0.9997047848171658
342,342,0.00011111111111111112,700.0,-0.9996871948242188
343,343,0.00011111111111111112,700.0,-0.9996927049424913
344,344,0.00011111111111111112,700.0,-0.9996125962999132
345,345,0.00011111111111111112,700.0,-0.9996892081366645
346,346,0.00011111111111111112,700.0,-0.9996895260281033
347,347,0.00011111111111111112,700.0,-0.9996879365709093
348,348,0.00011111111111111112,700.0,-0.9997055265638564
349,349,0.00011111111111111112,700.0,-0.9997203614976671
350,350,0.00011111111111111112,800.0,0.9659156799316406
351,351,0.00011111111111111112,800.0,-0.9997052086724175
352,352,0.00011111111111111112,800.0,-0.999710930718316
353,353,0.00011111111111111112,800.0,0.962688128153483
354,354,0.00011111111111111112,800.0,-0.9997175004747179
355,355,0.00011111111111111112,800.0,-0.999728626675076
356,356,0.00011111111111111112,800.0,-0.999678717719184
357,357,0.00011111111111111112,800.0,-0.9997151692708334
358,358,0.00011111111111111112,800.0,0.9661514494154189
359,359,0.00011111111111111112,800.0,0.9670492808024088
360,360,0.00011111111111111112,800.0,-0.9997431437174479
361,361,0.00011111111111111112,800.0,0.9649648666381836
362,362,0.00011111111111111112,800.0,-0.999714109632704
363,363,0.00011111111111111112,800.0,-0.9996702406141493
364,364,0.00011111111111111112,800.0,-0.9996527565850152
365,365,0.00011111111111111112,800.0,-0.9997283087836372
366,366,0.00011111111111111112,800.0,-0.9996959898206923
367,367,0.00011111111111111112,800.0,-0.9996865590413412
368,368,0.00011111111111111112,800.0,0.9663989808824327
369,369,0.00011111111111111112,800.0,-0.9996720419989692
370,370,0.00011111111111111112,800.0,-0.9997434616088867
371,371,0.00011111111111111112,800.0,-0.9997382693820529
372,372,0.00011111111111111112,800.0,-0.9997006522284614
373,373,0.00011111111111111112,800.0,0.9645158979627821
374,374,0.00011111111111111112,800.0,-0.9997294743855795
375,375,0.00011111111111111112,800.0,-0.9997036192152235
376,376,0.00011111111111111112,800.0,-0.9997065862019857
377,377,0.00011111111111111112,800.0,-0.9997071160210503
378,378,0.00011111111111111112,800.0,-0.9997084935506185
379,379,0.00011111111111111112,800.0,-0.9997010760837131
380,380,0.00011111111111111112,800.0,-0.9996927049424913
381,381,0.00011111111111111112,800.0,-0.999704466925727
382,382,0.00011111111111111112,800.0,-0.9997016059027778
383,383,0.00011111111111111112,800.0,-0.9996999104817709
384,384,0.00011111111111111112,800.0,-0.9996952480740018
385,385,0.00011111111111111112,800.0,-0.9997153811984592
386,386,0.00011111111111111112,800.0,-0.9996772342258029
387,387,0.00011111111111111112,800.0,-0.999693234761556
388,388,0.00011111111111111112,800.0,-0.9996914333767362
389,389,0.00011111111111111112,800.0,-0.9996865590413412
390,390,0.00011111111111111112,800.0,-0.9996952480740018
391,391,0.00011111111111111112,800.0,-0.9997106128268771
392,392,0.00011111111111111112,800.0,-0.9996960957845052
393,393,0.00011111111111111112,800.0,-0.9997293684217665
394,394,0.00011111111111111112,800.0,-0.9997034072875977
395,395,0.00011111111111111112,800.0,-0.9997081756591797
396,396,0.00011111111111111112,800.0,-0.999718983968099
397,397,0.00011111111111111112,800.0,-0.9996953540378146
398,398,0.00011111111111111112,800.0,-0.9997033013237847
399,399,0.00011111111111111112,800.0,-0.9997277789645724
400,400,0.00035136418446315325,100.0,0.9194578594631619
401,401,0.00035136418446315325,100.0,0.9234027862548828
402,402,0.00035136418446315325,100.0,0.9288113911946615
403,403,0.00035136418446315325,100.0,0.9313246409098307
404,404,0.00035136418446315325,100.0,-0.9913074705335829
405,405,0.00035136418446315325,100.0,0.9304750230577257
406,406,0.00035136418446315325,100.0,0.9353170394897461
407,407,0.00035136418446315325,100.0,0.9156496259901259
408,408,0.00035136418446315325,100.0,0.9208415349324545
409,409,0.00035136418446315325,100.0,0.9300128089057075
410,410,0.00035136418446315325,100.0,0.9317077000935873
411,411,0.00035136418446315325,100.0,0.9277511172824435
412,412,0.00035136418446315325,100.0,0.9282300737169054
413,413,0.00035136418446315325,100.0,0.9243681165907118
414,414,0.00035136418446315325,100.0,0.9147027333577474
415,415,0.00035136418446315325,100.0,0.9228134155273438
416,416,0.00035136418446315325,100.0,0.9222462972005209
417,417,0.00035136418446315325,100.0,0.8992082807752821
418,418,0.00035136418446315325,100.0,0.9350236256917318
419,419,0.00035136418446315325,100.0,0.9251046710544162
420,420,0.00035136418446315325,100.0,0.9257982042100694
421,421,0.00035136418446315325,100.0,0.9247671763102213
422,422,0.00035136418446315325,100.0,0.9249022801717123
423,423,0.00035136418446315325,100.0,0.9347745047675239
424,424,0.00035136418446315325,100.0,-0.9806145562065972
425,425,0.00035136418446315325,100.0,0.9381134245130751
426,426,0.00035136418446315325,100.0,0.934337298075358
427,427,0.00035136418446315325,100.0,0.9321200052897135
428,428,0.00035136418446315325,100.0,0.9270351197984483
429,429,0.00035136418446315325,100.0,0.9202759000990126
430,430,0.00035136418446315325,100.0,-0.9973203870985243
431,431,0.00035136418446315325,100.0,0.9186062282986112
432,432,0.00035136418446315325,100.0,0.9283417595757378
433,433,0.00035136418446315325,100.0,0.9363016552395291
434,434,0.00035136418446315325,100.0,0.9360794491238065
435,435,0.00035136418446315325,100.0,-0.9821714825100369
436,436,0.00035136418446315325,100.0,-0.9986376232571073
437,437,0.00035136418446315325,100.0,0.9003050062391493
438,438,0.00035136418446315325,100.0,0.9268790351019965
439,439,0.00035136418446315325,100.0,0.9317824045817057
440,440,0.00035136418446315325,100.0,0.9234961403740777
441,441,0.00035136418446315325,100.0,0.9194091161092123
442,442,0.00035136418446315325,100.0,0.9336304134792752
443,443,0.00035136418446315325,100.0,0.9168197843763564
444,444,0.00035136418446315325,100.0,0.9333971871270074
445,445,0.00035136418446315325,100.0,0.928895632425944
446,446,0.00035136418446315325,100.0,0.9358337190416124
447,447,0.00035136418446315325,100.0,0.9153508080376519
448,448,0.00035136418446315325,100.0,0.9195538626776801
449,449,0.00035136418446315325,100.0,0.9380516476101346
450,450,0.00035136418446315325,200.0,0.8118734359741211
451,451,0.00035136418446315325,200.0,0.7578171624077691
452,452,0.00035136418446315325,200.0,0.8326339191860623
453,453,0.00035136418446315325,200.0,0.8456980917188857
454,454,0.00035136418446315325,200.0,-0.9835632112291124
455,455,0.00035136418446315325,200.0,0.8364712397257487
456,456,0.00035136418446315325,200.0,0.8548281987508138
457,457,0.00035136418446315325,200.0,0.8253435028923882
458,458,0.00035136418446315325,200.0,0.8246782620747884
459,459,0.00035136418446315325,200.0,0.8446278042263455
460,460,0.00035136418446315325,200.0,0.7844720946417915
461,461,0.00035136418446315325,200.0,0.8430340554979112
462,462,0.00035136418446315325,200.0,0.8402750227186415
463,463,0.00035136418446315325,200.0,0.7420529259575738
464,464,0.00035136418446315325,200.0,0.806865374247233
465,465,0.00035136418446315325,200.0,0.8120473225911459
466,466,0.00035136418446315325,200.0,-0.45287322998046875
467,467,0.00035136418446315325,200.0,0.8046077092488607
468,468,0.00035136418446315325,200.0,0.8551763958401151
469,469,0.00035136418446315325,200.0,0.814265251159668
470,470,0.00035136418446315325,200.0,0.823378774854872
471,471,0.00035136418446315325,200.0,0.8056546317206489
472,472,0.00035136418446315325,200.0,0.8382821083068848
473,473,0.00035136418446315325,200.0,0.845586723751492
474,474,0.00035136418446315325,200.0,0.3282238377465142
475,475,0.00035136418446315325,200.0,0.8542032241821289
476,476,0.00035136418446315325,200.0,0.8418229420979818
477,477,0.00035136418446315325,200.0,0.8367829322814941
478,478,0.00035136418446315325,200.0,0.8306927151150174
479,479,0.00035136418446315325,200.0,0.8288808398776584
480,480,0.00035136418446315325,200.0,-0.9935819837782118
481,481,0.00035136418446315325,200.0,0.8131568166944716
482,482,0.00035136418446315325,200.0,0.8412125905354818
483,483,0.00035136418446315325,200.0,0.8224217096964518
484,484,0.00035136418446315325,200.0,0.84095123079088
485,485,0.00035136418446315325,200.0,-0.8642729123433431
486,486,0.00035136418446315325,200.0,-0.996651119656033
487,487,0.00035136418446315325,200.0,-0.9643290837605795
488,488,0.00035136418446315325,200.0,0.8361589643690321
489,489,0.00035136418446315325,200.0,0.8431261910332574
490,490,0.00035136418446315325,200.0,0.8211630715264214
491,491,0.00035136418446315325,200.0,-0.9519954257541232
492,492,0.00035136418446315325,200.0,0.8361460897657607
493,493,0.00035136418446315325,200.0,0.6768486764695909
494,494,0.00035136418446315325,200.0,0.8367480701870389
495,495,0.00035136418446315325,200.0,0.7676792674594455
496,496,0.00035136418446315325,200.0,0.8311227162679037
497,497,0.00035136418446315325,200.0,0.8019173410203722
498,498,0.00035136418446315325,200.0,0.7437105178833008
499,499,0.00035136418446315325,200.0,0.8311240408155653
500,500,0.00035136418446315325,300.0,0.9103712505764432
501,501,0.00035136418446315325,300.0,0.84972169664171
502,502,0.00035136418446315325,300.0,0.8838560316297743
503,503,0.00035136418446315325,300.0,0.9143043094211154
504,504,0.00035136418446315325,300.0,-0.9984823862711588
505,505,0.00035136418446315325,300.0,0.9084848827785916
506,506,0.00035136418446315325,300.0,0.9112628300984701
507,507,0.00035136418446315325,300.0,0.9033665127224393
508,508,0.00035136418446315325,300.0,0.908357302347819
509,509,0.00035136418446315325,300.0,0.9089226192898221
510,510,0.00035136418446315325,300.0,-0.9933128356933594
511,511,0.00035136418446315325,300.0,0.9118643866644965
512,512,0.00035136418446315325,300.0,0.9091579649183485
513,513,0.00035136418446315325,300.0,-0.9898102018568251
514,514,0.00035136418446315325,300.0,0.9088780085245768
515,515,0.00035136418446315325,300.0,0.8836731380886502
516,516,0.00035136418446315325,300.0,-0.9976087146335177
517,517,0.00035136418446315325,300.0,0.9083520041571723
518,518,0.00035136418446315325,300.0,0.9139580196804471
519,519,0.00035136418446315325,300.0,0.8874999682108561
520,520,0.00035136418446315325,300.0,0.9041511747572157
521,521,0.00035136418446315325,300.0,0.8025655746459961
522,522,0.00035136418446315325,300.0,0.8940088484022353
523,523,0.00035136418446315325,300.0,0.9128826989067925
524,524,0.00035136418446315325,300.0,-0.9861665301852756
525,525,0.00035136418446315325,300.0,0.8955965042114258
526,526,0.00035136418446315325,300.0,0.8840150303310819
527,527,0.00035136418446315325,300.0,0.8812812169392904
528,528,0.00035136418446315325,300.0,0.9018179575602213
529,529,0.00035136418446315325,300.0,0.9084241655137804
530,530,0.00035136418446315325,300.0,-0.9993739657931857
531,531,0.00035136418446315325,300.0,0.9064913855658637
532,532,0.00035136418446315325,300.0,0.9066257476806641
533,533,0.00035136418446315325,300.0,-0.9948764377170138
534,534,0.00035136418446315325,300.0,0.9024595684475369
535,535,0.00035136418446315325,300.0,-0.9978546566433377
536,536,0.00035136418446315325,300.0,-0.9995077980889214
537,537,0.00035136418446315325,300.0,-0.9975602891710069
538,538,0.00035136418446315325,300.0,0.9079531563652886
539,539,0.00035136418446315325,300.0,0.8902841144137912
540,540,0.00035136418446315325,300.0,0.8912463717990451
541,541,0.00035136418446315325,300.0,-0.9981523089938693
542,542,0.00035136418446315325,300.0,0.9041132397121854
543,543,0.00035136418446315325,300.0,-0.9971054924858941
544,544,0.00035136418446315325,300.0,0.9124962488810221
545,545,0.00035136418446315325,300.0,-0.991039064195421
546,546,0.00035136418446315325,300.0,0.8817181587219238
547,547,0.00035136418446315325,300.0,0.903435919019911
548,548,0.00035136418446315325,300.0,0.5225384500291612
549,549,0.00035136418446315325,300.0,-0.9879662195841471
550,550,0.00035136418446315325,400.0,0.9366274939643012
551,551,0.00035136418446315325,400.0,-0.9989030626085069
552,552,0.00035136418446315325,400.0,-0.9854201210869683
553,553,0.00035136418446315325,400.0,0.937042130364312
554,554,0.00035136418446315325,400.0,-0.9996580547756619
555,555,0.00035136418446315325,400.0,0.9259743160671658
556,556,0.00035136418446315325,400.0,0.934504403008355
557,557,0.00035136418446315325,400.0,0.9252433776855469
558,558,0.00035136418446315325,400.0,0.9377944734361436
559,559,0.00035136418446315325,400.0,0.9374884499443902
560,560,0.00035136418446315325,400.0,-0.9993940989176432
561,561,0.00035136418446315325,400.0,0.9378177854749892
562,562,0.00035136418446315325,400.0,0.9298236634996202
563,563,0.00035136418446315325,400.0,-0.9991934034559462
564,564,0.00035136418446315325,400.0,0.9330586327446831
565,565,0.00035136418446315325,400.0,-0.9929380416870117
566,566,0.00035136418446315325,400.0,-0.9995915095011393
567,567,0.00035136418446315325,400.0,0.9311847686767578
568,568,0.00035136418446315325,400.0,0.9392339918348525
569,569,0.00035136418446315325,400.0,-0.9694356918334961
570,570,0.00035136418446315325,400.0,0.9095069037543403
571,571,0.00035136418446315325,400.0,-0.9987139172024198
572,572,0.00035136418446315325,400.0,0.8981104956732856
573,573,0.00035136418446315325,400.0,0.9363665050930448
574,574,0.00035136418446315325,400.0,-0.9993776745266385
575,575,0.00035136418446315325,400.0,-0.9911040200127496
576,576,0.00035136418446315325,400.0,-0.9916948742336698
577,577,0.00035136418446315325,400.0,-0.9978799819946289
578,578,0.00035136418446315325,400.0,0.8987336688571506
579,579,0.00035136418446315325,400.0,0.9346849653455946
580,580,0.00035136418446315325,400.0,-0.9996941884358724
581,581,0.00035136418446315325,400.0,0.9283720652262369
582,582,0.00035136418446315325,400.0,0.9338756137424045
583,583,0.00035136418446315325,400.0,-0.9995690451727973
584,584,0.00035136418446315325,400.0,0.8964928521050347
585,585,0.00035136418446315325,400.0,-0.9996292326185439
586,586,0.00035136418446315325,400.0,-0.9996924930148654
587,587,0.00035136418446315325,400.0,-0.9995638529459635
588,588,0.00035136418446315325,400.0,0.9340457916259766
589,589,0.00035136418446315325,400.0,0.9017035166422526
590,590,0.00035136418446315325,400.0,-0.9814142651028104
591,591,0.00035136418446315325,400.0,-0.9995880126953125
592,592,0.00035136418446315325,400.0,0.2672497166527642
593,593,0.00035136418446315325,400.0,-0.9996187422010634
594,594,0.00035136418446315325,400.0,0.9340794881184896
595,595,0.00035136418446315325,400.0,-0.999209827846951
596,596,0.00035136418446315325,400.0,-0.9964567820231119
597,597,0.00035136418446315325,400.0,0.92552736070421
598,598,0.00035136418446315325,400.0,-0.9984732733832465
599,599,0.00035136418446315325,400.0,-0.9993771447075738
600,600,0.00035136418446315325,500.0,0.9518887201944987
601,601,0.00035136418446315325,500.0,-0.9996617635091146
602,602,0.00035136418446315325,500.0,-0.9994729359944662
603,603,0.00035136418446315325,500.0,0.9524797863430448
604,604,0.00035136418446315325,500.0,-0.9996923870510526
605,605,0.00035136418446315325,500.0,-0.9974917305840386
606,606,0.00035136418446315325,500.0,0.9473463694254557
607,607,0.00035136418446315325,500.0,-0.9932469262017144
608,608,0.00035136418446315325,500.0,0.9516343010796441
609,609,0.00035136418446315325,500.0,0.9521966510348849
610,610,0.00035136418446315325,500.0,-0.9996572070651584
611,611,0.00035136418446315325,500.0,0.9512685139973959
612,612,0.00035136418446315325,500.0,0.8607259326510959
613,613,0.00035136418446315325,500.0,-0.9996729956732856
614,614,0.00035136418446315325,500.0,0.9458560943603516
615,615,0.00035136418446315325,500.0,-0.9993968539767795
616,616,0.00035136418446315325,500.0,-0.9997027715047201
617,617,0.00035136418446315325,500.0,0.9402808083428277
618,618,0.00035136418446315325,500.0,0.9517953660753038
619,619,0.00035136418446315325,500.0,-0.999394416809082
620,620,0.00035136418446315325,500.0,-0.9988407558865018
621,621,0.00035136418446315325,500.0,-0.9996537102593316
622,622,0.00035136418446315325,500.0,-0.9993146260579427
623,623,0.00035136418446315325,500.0,0.9518913692898221
624,624,0.00035136418446315325,500.0,-0.9996937645806206
625,625,0.00035136418446315325,500.0,-0.999550289577908
626,626,0.00035136418446315325,500.0,-0.9996075100368924
627,627,0.00035136418446315325,500.0,-0.9996095233493381
628,628,0.00035136418446315325,500.0,-0.9986743927001953
629,629,0.00035136418446315325,500.0,0.944412973192003
630,630,0.00035136418446315325,500.0,-0.9997355143229166
631,631,0.00035136418446315325,500.0,0.9345470004611545
632,632,0.00035136418446315325,500.0,0.9447087181939019
633,633,0.00035136418446315325,500.0,-0.9996763865152994
634,634,0.00035136418446315325,500.0,-0.9993120829264323
635,635,0.00035136418446315325,500.0,-0.9996930228339301
636,636,0.00035136418446315325,500.0,-0.9997131559583876
637,637,0.00035136418446315325,500.0,-0.9996812608506944
638,638,0.00035136418446315325,500.0,0.9431403477986654
639,639,0.00035136418446315325,500.0,-0.9994626575046115
640,640,0.00035136418446315325,500.0,-0.9994387096828885
641,641,0.00035136418446315325,500.0,-0.9996958838568794
642,642,0.00035136418446315325,500.0,-0.9992526372273763
643,643,0.00035136418446315325,500.0,-0.9996991687350802
644,644,0.00035136418446315325,500.0,0.9422818289862739
645,645,0.00035136418446315325,500.0,-0.9996580547756619
646,646,0.00035136418446315325,500.0,-0.9996432198418511
647,647,0.00035136418446315325,500.0,0.9336329566107856
648,648,0.00035136418446315325,500.0,-0.9996660020616319
649,649,0.00035136418446315325,500.0,-0.9996770222981771
650,650,0.00035136418446315325,600.0,0.9598431057400174
651,651,0.00035136418446315325,600.0,-0.9997226927015517
652,652,0.00035136418446315325,600.0,-0.9996856053670248
653,653,0.00035136418446315325,600.0,0.9615127775404189
654,654,0.00035136418446315325,600.0,-0.9997132619222006
655,655,0.00035136418446315325,600.0,-0.9996362262301974
656,656,0.00035136418446315325,600.0,-0.9934974246554904
657,657,0.00035136418446315325,600.0,-0.9996630350748698
658,658,0.00035136418446315325,600.0,0.9581032858954536
659,659,0.00035136418446315325,600.0,0.9617034064398872
660,660,0.00035136418446315325,600.0,-0.999722056918674
661,661,0.00035136418446315325,600.0,0.9603602091471354
662,662,0.00035136418446315325,600.0,-0.9995603561401367
663,663,0.00035136418446315325,600.0,-0.9996822145250108
664,664,0.00035136418446315325,600.0,0.9322758780585395
665,665,0.00035136418446315325,600.0,-0.9997187720404731
666,666,0.00035136418446315325,600.0,-0.9997062683105469
667,667,0.00035136418446315325,600.0,-0.9996071921454536
668,668,0.00035136418446315325,600.0,0.960667610168457
669,669,0.00035136418446315325,600.0,-0.9997124142116971
670,670,0.00035136418446315325,600.0,-0.9996574189927843
671,671,0.00035136418446315325,600.0,-0.9997170766194662
672,672,0.00035136418446315325,600.0,-0.999688466389974
673,673,0.00035136418446315325,600.0,0.9611985948350694
674,674,0.00035136418446315325,600.0,-0.9996856053670248
675,675,0.00035136418446315325,600.0,-0.9996682273017036
676,676,0.00035136418446315325,600.0,-0.9997118843926324
677,677,0.00035136418446315325,600.0,-0.999701288011339
678,678,0.00035136418446315325,600.0,-0.999680413140191
679,679,0.00035136418446315325,600.0,-0.9986789491441515
680,680,0.00035136418446315325,600.0,-0.9997082816229926
681,681,0.00035136418446315325,600.0,-0.9994602203369141
682,682,0.00035136418446315325,600.0,0.9208863576253256
683,683,0.00035136418446315325,600.0,-0.999701288011339
684,684,0.00035136418446315325,600.0,-0.9996953540378146
685,685,0.00035136418446315325,600.0,-0.9996898439195421
686,686,0.00035136418446315325,600.0,-0.9997265073988173
687,687,0.00035136418446315325,600.0,-0.9997290505303277
688,688,0.00035136418446315325,600.0,0.9526354471842448
689,689,0.00035136418446315325,600.0,-0.9996831681993272
690,690,0.00035136418446315325,600.0,-0.9997278849283854
691,691,0.00035136418446315325,600.0,-0.9997149573432075
692,692,0.00035136418446315325,600.0,-0.9997183481852213
693,693,0.00035136418446315325,600.0,-0.9996923870510526
694,694,0.00035136418446315325,600.0,-0.9993871053059896
695,695,0.00035136418446315325,600.0,-0.9996861351860894
696,696,0.00035136418446315325,600.0,-0.9996913274129232
697,697,0.00035136418446315325,600.0,-0.9989658991495768
698,698,0.00035136418446315325,600.0,-0.9997078577677408
699,699,0.00035136418446315325,600.0,-0.9997158050537109
700,700,0.00035136418446315325,700.0,0.9634096357557509
701,701,0.00035136418446315325,700.0,-0.9997054206000434
702,702,0.00035136418446315325,700.0,-0.9997128380669488
703,703,0.00035136418446315325,700.0,0.9666083653767904
704,704,0.00035136418446315325,700.0,-0.9997234344482422
705,705,0.00035136418446315325,700.0,-0.9997378455268012
706,706,0.00035136418446315325,700.0,-0.9996814727783203
707,707,0.00035136418446315325,700.0,-0.9997067981296115
708,708,0.00035136418446315325,700.0,0.9616053899129232
709,709,0.00035136418446315325,700.0,0.9669742584228516
710,710,0.00035136418446315325,700.0,-0.999715593126085
711,711,0.00035136418446315325,700.0,0.9665345085991753
712,712,0.00035136418446315325,700.0,-0.999714215596517
713,713,0.00035136418446315325,700.0,-0.9996923870510526
714,714,0.00035136418446315325,700.0,-0.999670664469401
715,715,0.00035136418446315325,700.0,-0.9996928109063042
716,716,0.00035136418446315325,700.0,-0.9997293684217665
717,717,0.00035136418446315325,700.0,-0.9997073279486762
718,718,0.00035136418446315325,700.0,0.9673733181423612
719,719,0.00035136418446315325,700.0,-0.9996676974826388
720,720,0.00035136418446315325,700.0,-0.999693340725369
721,721,0.00035136418446315325,700.0,-0.9997111426459419
722,722,0.00035136418446315325,700.0,-0.9997179243299696
723,723,0.00035136418446315325,700.0,0.9671445422702365
724,724,0.00035136418446315325,700.0,-0.9997002283732096
725,725,0.00035136418446315325,700.0,-0.9997216330634223
726,726,0.00035136418446315325,700.0,-0.9997171825832791
727,727,0.00035136418446315325,700.0,-0.9997199376424154
728,728,0.00035136418446315325,700.0,-0.9997025595770942
729,729,0.00035136418446315325,700.0,-0.9997067981296115
730,730,0.00035136418446315325,700.0,-0.9997020297580295
731,731,0.00035136418446315325,700.0,-0.9997084935506185
732,732,0.00035136418446315325,700.0,-0.9996838039822049
733,733,0.00035136418446315325,700.0,-0.9997450510660807
734,734,0.00035136418446315325,700.0,-0.9997026655409071
735,735,0.00035136418446315325,700.0,-0.9997293684217665
736,736,0.00035136418446315325,700.0,-0.9996956719292535
737,737,0.00035136418446315325,700.0,-0.9997170766194662
738,738,0.00035136418446315325,700.0,-0.9995318518744575
739,739,0.00035136418446315325,700.0,-0.9997111426459419
740,740,0.00035136418446315325,700.0,-0.9997111426459419
741,741,0.00035136418446315325,700.0,-0.9997113545735677
742,742,0.00035136418446315325,700.0,-0.999702877468533
743,743,0.00035136418446315325,700.0,-0.9996956719292535
744,744,0.00035136418446315325,700.0,-0.9996556176079644
745,745,0.00035136418446315325,700.0,-0.9997111426459419
746,746,0.00035136418446315325,700.0,-0.9997100830078125
747,747,0.00035136418446315325,700.0,-0.999718878004286
748,748,0.00035136418446315325,700.0,-0.9996873007880317
749,749,0.00035136418446315325,700.0,-0.9996815787421333
750,750,0.00035136418446315325,800.0,0.9681575563218858
751,751,0.00035136418446315325,800.0,-0.9997111426459419
752,752,0.00035136418446315325,800.0,-0.9997369978162978
753,753,0.00035136418446315325,800.0,0.967916276719835
754,754,0.00035136418446315325,800.0,-0.9996891021728516
755,755,0.00035136418446315325,800.0,-0.9997240702311198
756,756,0.00035136418446315325,800.0,-0.999735090467665
757,757,0.00035136418446315325,800.0,-0.9997466405232748
758,758,0.00035136418446315325,800.0,0.9679034550984701
759,759,0.00035136418446315325,800.0,0.9713727103339301
760,760,0.00035136418446315325,800.0,-0.9997029834323459
761,761,0.00035136418446315325,800.0,0.9668824937608507
762,762,0.00035136418446315325,800.0,-0.9997033013237847
763,763,0.00035136418446315325,800.0,-0.999675432840983
764,764,0.00035136418446315325,800.0,-0.9996896319919162
765,765,0.00035136418446315325,800.0,-0.999705950419108
766,766,0.00035136418446315325,800.0,-0.9997038311428494
767,767,0.00035136418446315325,800.0,-0.9996986389160156
768,768,0.00035136418446315325,800.0,0.9712211820814345
769,769,0.00035136418446315325,800.0,-0.9996874067518446
770,770,0.00035136418446315325,800.0,-0.9997106128268771
771,771,0.00035136418446315325,800.0,-0.9997116724650065
772,772,0.00035136418446315325,800.0,-0.9996937645806206
773,773,0.00035136418446315325,800.0,0.9670392142401801
774,774,0.00035136418446315325,800.0,-0.9996720419989692
775,775,0.00035136418446315325,800.0,-0.9997005462646484
776,776,0.00035136418446315325,800.0,-0.9997183481852213
777,777,0.00035136418446315325,800.0,-0.9997198316786025
778,778,0.00035136418446315325,800.0,-0.9997022416856554
779,779,0.00035136418446315325,800.0,-0.9996842278374566
780,780,0.00035136418446315325,800.0,-0.9996825324164497
781,781,0.00035136418446315325,800.0,-0.9997114605373807
782,782,0.00035136418446315325,800.0,-0.9997097651163737
783,783,0.00035136418446315325,800.0,-0.9997111426459419
784,784,0.00035136418446315325,800.0,-0.9996913274129232
785,785,0.00035136418446315325,800.0,-0.9996953540378146
786,786,0.00035136418446315325,800.0,-0.999701288011339
787,787,0.00035136418446315325,800.0,-0.9997240702311198
788,788,0.00035136418446315325,800.0,-0.999689949883355
789,789,0.00035136418446315325,800.0,-0.9996958838568794
790,790,0.00035136418446315325,800.0,-0.9997326532999674
791,791,0.00035136418446315325,800.0,-0.9997175004747179
792,792,0.00035136418446315325,800.0,-0.9997433556450738
793,793,0.00035136418446315325,800.0,-0.9997491836547852
794,794,0.00035136418446315325,800.0,-0.999691539340549
795,795,0.00035136418446315325,800.0,-0.999699592590332
796,796,0.00035136418446315325,800.0,-0.9996800952487521
797,797,0.00035136418446315325,800.0,-0.9997257656521268
798,798,0.00035136418446315325,800.0,-0.9997118843926324
799,799,0.00035136418446315325,800.0,-0.9997072219848633
800,800,0.0011111111111111111,100.0,0.9337289598253038
801,801,0.0011111111111111111,100.0,0.9454832077026367
802,802,0.0011111111111111111,100.0,0.9441219965616862
803,803,0.0011111111111111111,100.0,0.9461638132731119
804,804,0.0011111111111111111,100.0,-0.9977510240342882
805,805,0.0011111111111111111,100.0,0.9422784381442599
806,806,0.0011111111111111111,100.0,0.94771851433648
807,807,0.0011111111111111111,100.0,0.9335553910997179
808,808,0.0011111111111111111,100.0,0.9351732465955946
809,809,0.0011111111111111111,100.0,0.943282339307997
810,810,0.0011111111111111111,100.0,0.9445613225301107
811,811,0.0011111111111111111,100.0,0.9436520470513238
812,812,0.0011111111111111111,100.0,0.9403292338053385
813,813,0.0011111111111111111,100.0,0.9396762847900391
814,814,0.0011111111111111111,100.0,0.9320915010240343
815,815,0.0011111111111111111,100.0,0.9403325186835395
816,816,0.0011111111111111111,100.0,0.9278392791748047
817,817,0.0011111111111111111,100.0,0.9330545001559787
818,818,0.0011111111111111111,100.0,0.9465620252821181
819,819,0.0011111111111111111,100.0,0.9383699629041884
820,820,0.0011111111111111111,100.0,0.9359697765774198
821,821,0.0011111111111111111,100.0,0.9368367724948459
822,822,0.0011111111111111111,100.0,0.9438959757486979
823,823,0.0011111111111111111,100.0,0.947774675157335
824,824,0.0011111111111111111,100.0,0.9143237007988824
825,825,0.0011111111111111111,100.0,0.9477618535359701
826,826,0.0011111111111111111,100.0,0.9461134804619683
827,827,0.0011111111111111111,100.0,0.9472645653618706
828,828,0.0011111111111111111,100.0,0.9415230221218533
829,829,0.0011111111111111111,100.0,0.9384229448106554
830,830,0.0011111111111111111,100.0,-0.9980172051323785
831,831,0.0011111111111111111,100.0,0.9385425779554579
832,832,0.0011111111111111111,100.0,0.9439168506198459
833,833,0.0011111111111111111,100.0,0.9451166788736979
834,834,0.0011111111111111111,100.0,0.9466945860120985
835,835,0.0011111111111111111,100.0,0.9180175993177626
836,836,0.0011111111111111111,100.0,-0.9992920557657877
837,837,0.0011111111111111111,100.0,0.908477889166938
838,838,0.0011111111111111111,100.0,0.9424159791734483
839,839,0.0011111111111111111,100.0,0.9445252948337131
840,840,0.0011111111111111111,100.0,0.9406408733791776
841,841,0.0011111111111111111,100.0,0.923707644144694
842,842,0.0011111111111111111,100.0,0.9460695054796007
843,843,0.0011111111111111111,100.0,0.9388473298814561
844,844,0.0011111111111111111,100.0,0.9457152684529623
845,845,0.0011111111111111111,100.0,0.9455815421210395
846,846,0.0011111111111111111,100.0,0.9454145431518555
847,847,0.0011111111111111111,100.0,0.9322505527072482
848,848,0.0011111111111111111,100.0,0.9313267601860894
849,849,0.0011111111111111111,100.0,0.9468200471666124
850,850,0.0011111111111111111,200.0,0.8690238528781467
851,851,0.0011111111111111111,200.0,0.8313067754109701
852,852,0.0011111111111111111,200.0,0.8706573910183377
853,853,0.0011111111111111111,200.0,0.880960570441352
854,854,0.0011111111111111111,200.0,-0.9925779766506619
855,855,0.0011111111111111111,200.0,0.8701435195075141
856,856,0.0011111111111111111,200.0,0.8832416004604764
857,857,0.0011111111111111111,200.0,0.8618521160549588
858,858,0.0011111111111111111,200.0,0.8717645539177789
859,859,0.0011111111111111111,200.0,0.8787217140197754
860,860,0.0011111111111111111,200.0,0.7962553766038682
861,861,0.0011111111111111111,200.0,0.8780328432718912
862,862,0.0011111111111111111,200.0,0.8719766404893663
863,863,0.0011111111111111111,200.0,0.8390381071302626
864,864,0.0011111111111111111,200.0,0.8657890425788032
865,865,0.0011111111111111111,200.0,0.8427630530463325
866,866,0.0011111111111111111,200.0,-0.951836797926161
867,867,0.0011111111111111111,200.0,0.8637457953559028
868,868,0.0011111111111111111,200.0,0.8875108295016818
869,869,0.0011111111111111111,200.0,0.8528024355570475
870,870,0.0011111111111111111,200.0,0.8615348603990343
871,871,0.0011111111111111111,200.0,0.844760364956326
872,872,0.0011111111111111111,200.0,0.8692047860887315
873,873,0.0011111111111111111,200.0,0.8855899175008138
874,874,0.0011111111111111111,200.0,-0.33179346720377606
875,875,0.0011111111111111111,200.0,0.8786146375868056
876,876,0.0011111111111111111,200.0,0.8598304854498969
877,877,0.0011111111111111111,200.0,0.8580509821573893
878,878,0.0011111111111111111,200.0,0.8684101104736328
879,879,0.0011111111111111111,200.0,0.8717119958665636
880,880,0.0011111111111111111,200.0,-0.9972699483235677
881,881,0.0011111111111111111,200.0,0.8620048628913032
882,882,0.0011111111111111111,200.0,0.8755606545342339
883,883,0.0011111111111111111,200.0,0.7947424252827963
884,884,0.0011111111111111111,200.0,0.8789598676893446
885,885,0.0011111111111111111,200.0,-0.9810428619384766
886,886,0.0011111111111111111,200.0,-0.998405032687717
887,887,0.0011111111111111111,200.0,-0.983835326300727
888,888,0.0011111111111111111,200.0,0.8723463482326932
889,889,0.0011111111111111111,200.0,0.8743758731418185
890,890,0.0011111111111111111,200.0,0.8575778537326388
891,891,0.0011111111111111111,200.0,-0.9878825081719292
892,892,0.0011111111111111111,200.0,0.8781745168897841
893,893,0.0011111111111111111,200.0,-0.9608307944403754
894,894,0.0011111111111111111,200.0,0.880284309387207
895,895,0.0011111111111111111,200.0,0.7610182232326932
896,896,0.0011111111111111111,200.0,0.864931583404541
897,897,0.0011111111111111111,200.0,0.8478483094109429
898,898,0.0011111111111111111,200.0,0.8346390724182129
899,899,0.0011111111111111111,200.0,0.8494239383273654
900,900,0.0011111111111111111,300.0,0.9258061514960395
901,901,0.0011111111111111111,300.0,-0.9940085940890842
902,902,0.0011111111111111111,300.0,0.9100077946980795
903,903,0.0011111111111111111,300.0,0.9280300140380859
904,904,0.0011111111111111111,300.0,-0.9994204839070638
905,905,0.0011111111111111111,300.0,0.9178014331393771
906,906,0.0011111111111111111,300.0,0.9275128046671549
907,907,0.0011111111111111111,300.0,0.9151993857489692
908,908,0.0011111111111111111,300.0,0.924714618259006
909,909,0.0011111111111111111,300.0,0.9281960593329536
910,910,0.0011111111111111111,300.0,-0.9974189334445529
911,911,0.0011111111111111111,300.0,0.9272470474243164
912,912,0.0011111111111111111,300.0,0.9213838577270508
913,913,0.0011111111111111111,300.0,-0.9980252583821615
914,914,0.0011111111111111111,300.0,0.9239750968085395
915,915,0.0011111111111111111,300.0,0.8954054514567057
916,916,0.0011111111111111111,300.0,-0.9990678363376193
917,917,0.0011111111111111111,300.0,0.919452985127767
918,918,0.0011111111111111111,300.0,0.9290921952989366
919,919,0.0011111111111111111,300.0,0.9065830442640517
920,920,0.0011111111111111111,300.0,0.9175080193413628
921,921,0.0011111111111111111,300.0,-0.9909039603339301
922,922,0.0011111111111111111,300.0,0.9147751066419814
923,923,0.0011111111111111111,300.0,0.9283415476481119
924,924,0.0011111111111111111,300.0,-0.9980086220635308
925,925,0.0011111111111111111,300.0,0.9124190012613932
926,926,0.0011111111111111111,300.0,0.8630227512783475
927,927,0.0011111111111111111,300.0,-0.9242622587415907
928,928,0.0011111111111111111,300.0,0.9062006208631728
929,929,0.0011111111111111111,300.0,0.923884285820855
930,930,0.0011111111111111111,300.0,-0.9996260537041558
931,931,0.0011111111111111111,300.0,0.9229633543226454
932,932,0.0011111111111111111,300.0,0.9253230624728732
933,933,0.0011111111111111111,300.0,-0.9981587727864584
934,934,0.0011111111111111111,300.0,0.9115050633748373
935,935,0.0011111111111111111,300.0,-0.9991561041937934
936,936,0.0011111111111111111,300.0,-0.9996664259168837
937,937,0.0011111111111111111,300.0,-0.9990737703111436
938,938,0.0011111111111111111,300.0,0.9282105763753256
939,939,0.0011111111111111111,300.0,0.913633770412869
940,940,0.0011111111111111111,300.0,0.9008475409613715
941,941,0.0011111111111111111,300.0,-0.9993427064683702
942,942,0.0011111111111111111,300.0,0.9171120325724283
943,943,0.0011111111111111111,300.0,-0.9989563624064127
944,944,0.0011111111111111111,300.0,0.9260819753011068
945,945,0.0011111111111111111,300.0,-0.9968401590983073
946,946,0.0011111111111111111,300.0,0.8684726291232638
947,947,0.0011111111111111111,300.0,0.9133008321126302
948,948,0.0011111111111111111,300.0,-0.9364269044664171
949,949,0.0011111111111111111,300.0,-0.9975824356079102
950,950,0.0011111111111111111,400.0,0.9478736453586154
951,951,0.0011111111111111111,400.0,-0.9995557996961806
952,952,0.0011111111111111111,400.0,-0.9981473286946615
953,953,0.0011111111111111111,400.0,0.9483264287312826
954,954,0.0011111111111111111,400.0,-0.9996692869398329
955,955,0.0011111111111111111,400.0,0.936470455593533
956,956,0.0011111111111111111,400.0,0.9436293707953559
957,957,0.0011111111111111111,400.0,0.9320907592773438
958,958,0.0011111111111111111,400.0,0.9478996064927843
959,959,0.0011111111111111111,400.0,0.948063956366645
960,960,0.0011111111111111111,400.0,-0.9996348487006294
961,961,0.0011111111111111111,400.0,0.9467819001939561
962,962,0.0011111111111111111,400.0,0.925490485297309
963,963,0.0011111111111111111,400.0,-0.9996360143025717
964,964,0.0011111111111111111,400.0,0.9431695938110352
965,965,0.0011111111111111111,400.0,-0.9985042148166232
966,966,0.0011111111111111111,400.0,-0.9996652603149414
967,967,0.0011111111111111111,400.0,0.9395007027520074
968,968,0.0011111111111111111,400.0,0.9481934441460503
969,969,0.0011111111111111111,400.0,-0.9985371695624458
970,970,0.0011111111111111111,400.0,0.9161193635728624
971,971,0.0011111111111111111,400.0,-0.9994799296061198
972,972,0.0011111111111111111,400.0,-0.9972908231947157
973,973,0.0011111111111111111,400.0,0.9481813642713759
974,974,0.0011111111111111111,400.0,-0.9995976554022895
975,975,0.0011111111111111111,400.0,-0.9982145097520616
976,976,0.0011111111111111111,400.0,-0.9992771148681641
977,977,0.0011111111111111111,400.0,-0.9994887246025933
978,978,0.0011111111111111111,400.0,-0.9983353084988065
979,979,0.0011111111111111111,400.0,0.9426901075575087
980,980,0.0011111111111111111,400.0,-0.9997339248657227
981,981,0.0011111111111111111,400.0,0.939610481262207
982,982,0.0011111111111111111,400.0,0.9451448652479384
983,983,0.0011111111111111111,400.0,-0.9996256298489041
984,984,0.0011111111111111111,400.0,-0.9984674453735352
985,985,0.0011111111111111111,400.0,-0.9996992746988932
986,986,0.0011111111111111111,400.0,-0.9996864530775282
987,987,0.0011111111111111111,400.0,-0.9996983210245768
988,988,0.0011111111111111111,400.0,0.9455000559488932
989,989,0.0011111111111111111,400.0,-0.9986809624565972
990,990,0.0011111111111111111,400.0,-0.998671637641059
991,991,0.0011111111111111111,400.0,-0.9997061623467339
992,992,0.0011111111111111111,400.0,0.7146472930908203
993,993,0.0011111111111111111,400.0,-0.9996591144137912
994,994,0.0011111111111111111,400.0,0.9432239532470703
995,995,0.0011111111111111111,400.0,-0.9996504253811307
996,996,0.0011111111111111111,400.0,-0.9994252522786459
997,997,0.0011111111111111111,400.0,0.938140869140625
998,998,0.0011111111111111111,400.0,-0.9995369381374783
999,999,0.0011111111111111111,400.0,-0.9996154573228624
1000,1000,0.0011111111111111111,500.0,0.9597591824001737
1001,1001,0.0011111111111111111,500.0,-0.9996809429592557
1002,1002,0.0011111111111111111,500.0,-0.9996600680881076
1003,1003,0.0011111111111111111,500.0,0.9600809945000542
1004,1004,0.0011111111111111111,500.0,-0.9996998045179579
1005,1005,0.0011111111111111111,500.0,-0.9994318220350478
1006,1006,0.0011111111111111111,500.0,0.9509128994411893
1007,1007,0.0011111111111111111,500.0,-0.9994839562310113
1008,1008,0.0011111111111111111,500.0,0.9583799574110243
1009,1009,0.0011111111111111111,500.0,0.9600137074788412
1010,1010,0.0011111111111111111,500.0,-0.9997052086724175
1011,1011,0.0011111111111111111,500.0,0.9589928521050347
1012,1012,0.0011111111111111111,500.0,-0.9995773103502061
1013,1013,0.0011111111111111111,500.0,-0.9997227986653646
1014,1014,0.0011111111111111111,500.0,0.9470977783203125
1015,1015,0.0011111111111111111,500.0,-0.9997125201755099
1016,1016,0.0011111111111111111,500.0,-0.9996479882134331
1017,1017,0.0011111111111111111,500.0,-0.9988505045572916
1018,1018,0.0011111111111111111,500.0,0.9596006605360243
1019,1019,0.0011111111111111111,500.0,-0.9996620814005533
1020,1020,0.0011111111111111111,500.0,-0.9996222390068902
1021,1021,0.0011111111111111111,500.0,-0.99968507554796
1022,1022,0.0011111111111111111,500.0,-0.9997033013237847
1023,1023,0.0011111111111111111,500.0,0.9591510560777452
1024,1024,0.0011111111111111111,500.0,-0.9996935526529948
1025,1025,0.0011111111111111111,500.0,-0.999699592590332
1026,1026,0.0011111111111111111,500.0,-0.9997067981296115
1027,1027,0.0011111111111111111,500.0,-0.9996828503078885
1028,1028,0.0011111111111111111,500.0,-0.9996866650051541
1029,1029,0.0011111111111111111,500.0,0.9490408367580838
1030,1030,0.0011111111111111111,500.0,-0.999694930182563
1031,1031,0.0011111111111111111,500.0,-0.9988361994425455
1032,1032,0.0011111111111111111,500.0,0.9511102040608724
1033,1033,0.0011111111111111111,500.0,-0.9997222688462999
1034,1034,0.0011111111111111111,500.0,-0.9996604919433594
1035,1035,0.0011111111111111111,500.0,-0.9997290505303277
1036,1036,0.0011111111111111111,500.0,-0.9997067981296115
1037,1037,0.0011111111111111111,500.0,-0.9996920691596137
1038,1038,0.0011111111111111111,500.0,0.9540192286173502
1039,1039,0.0011111111111111111,500.0,-0.9996853934393989
1040,1040,0.0011111111111111111,500.0,-0.9996429019504123
1041,1041,0.0011111111111111111,500.0,-0.9996871948242188
1042,1042,0.0011111111111111111,500.0,-0.9996609157986112
1043,1043,0.0011111111111111111,500.0,-0.9996956719292535
1044,1044,0.0011111111111111111,500.0,0.882148371802436
1045,1045,0.0011111111111111111,500.0,-0.9997225867377387
1046,1046,0.0011111111111111111,500.0,-0.9996936586168077
1047,1047,0.0011111111111111111,500.0,-0.9991964764065213
1048,1048,0.0011111111111111111,500.0,-0.9997197257147895
1049,1049,0.0011111111111111111,500.0,-0.9996863471137153
1050,1050,0.0011111111111111111,600.0,0.9669741524590386
1051,1051,0.0011111111111111111,600.0,-0.9996875127156576
1052,1052,0.0011111111111111111,600.0,-0.9997061623467339
1053,1053,0.0011111111111111111,600.0,0.967113282945421
1054,1054,0.0011111111111111111,600.0,-0.9997235404120551
1055,1055,0.0011111111111111111,600.0,-0.9996956719292535
1056,1056,0.0011111111111111111,600.0,-0.9996473524305556
1057,1057,0.0011111111111111111,600.0,-0.9997173945109049
1058,1058,0.0011111111111111111,600.0,0.9658802880181206
1059,1059,0.0011111111111111111,600.0,0.967243406507704
1060,1060,0.0011111111111111111,600.0,-0.9997550116644965
1061,1061,0.0011111111111111111,600.0,0.9656683603922526
1062,1062,0.0011111111111111111,600.0,-0.9996956719292535
1063,1063,0.0011111111111111111,600.0,-0.9996969434950087
1064,1064,0.0011111111111111111,600.0,-0.9996280670166016
1065,1065,0.0011111111111111111,600.0,-0.9997206793891059
1066,1066,0.0011111111111111111,600.0,-0.9997126261393229
1067,1067,0.0011111111111111111,600.0,-0.9996896319919162
1068,1068,0.0011111111111111111,600.0,0.9668404261271158
1069,1069,0.0011111111111111111,600.0,-0.9997455808851454
1070,1070,0.0011111111111111111,600.0,-0.9997087054782443
1071,1071,0.0011111111111111111,600.0,-0.9997297922770182
1072,1072,0.0011111111111111111,600.0,-0.999686770968967
1073,1073,0.0011111111111111111,600.0,0.9670189751519097
1074,1074,0.0011111111111111111,600.0,-0.9997274610731337
1075,1075,0.0011111111111111111,600.0,-0.9997362560696073
1076,1076,0.0011111111111111111,600.0,-0.9997063742743598
1077,1077,0.0011111111111111111,600.0,-0.9996869828965929
1078,1078,0.0011111111111111111,600.0,-0.9997380574544271
1079,1079,0.0011111111111111111,600.0,-0.9996693929036459
1080,1080,0.0011111111111111111,600.0,-0.9997130499945747
1081,1081,0.0011111111111111111,600.0,-0.9996913274129232
1082,1082,0.0011111111111111111,600.0,-0.9995198779635959
1083,1083,0.0011111111111111111,600.0,-0.9996993806627061
1084,1084,0.0011111111111111111,600.0,-0.9997001224093967
1085,1085,0.0011111111111111111,600.0,-0.999702877468533
1086,1086,0.0011111111111111111,600.0,-0.9997076458401151
1087,1087,0.0011111111111111111,600.0,-0.9997345606486002
1088,1088,0.0011111111111111111,600.0,-0.9990088144938151
1089,1089,0.0011111111111111111,600.0,-0.9997035132514106
1090,1090,0.0011111111111111111,600.0,-0.999725447760688
1091,1091,0.0011111111111111111,600.0,-0.9997275670369467
1092,1092,0.0011111111111111111,600.0,-0.9997274610731337
1093,1093,0.0011111111111111111,600.0,-0.9997143215603299
1094,1094,0.0011111111111111111,600.0,-0.9996718300713433
1095,1095,0.0011111111111111111,600.0,-0.9996765984429253
1096,1096,0.0011111111111111111,600.0,-0.9997341367933485
1097,1097,0.0011111111111111111,600.0,-0.9996817906697592
1098,1098,0.0011111111111111111,600.0,-0.999698109096951
1099,1099,0.0011111111111111111,600.0,-0.9996736314561632
1100,1100,0.0011111111111111111,700.0,0.9704838858710395
1101,1101,0.0011111111111111111,700.0,-0.999710930718316
1102,1102,0.0011111111111111111,700.0,-0.9997065862019857
1103,1103,0.0011111111111111111,700.0,0.9716902838812934
1104,1104,0.0011111111111111111,700.0,-0.9996937645806206
1105,1105,0.0011111111111111111,700.0,-0.999739752875434
1106,1106,0.0011111111111111111,700.0,-0.9997394349839952
1107,1107,0.0011111111111111111,700.0,-0.9996956719292535
1108,1108,0.0011111111111111111,700.0,0.9698407914903429
1109,1109,0.0011111111111111111,700.0,0.9726473490397135
1110,1110,0.0011111111111111111,700.0,-0.9997325473361545
1111,1111,0.0011111111111111111,700.0,0.9644985198974609
1112,1112,0.0011111111111111111,700.0,-0.9996859232584635
1113,1113,0.0011111111111111111,700.0,-0.9997071160210503
1114,1114,0.0011111111111111111,700.0,-0.9996920691596137
1115,1115,0.0011111111111111111,700.0,-0.9997183481852213
1116,1116,0.0011111111111111111,700.0,-0.9997208913167318
1117,1117,0.0011111111111111111,700.0,-0.9997165468004015
1118,1118,0.0011111111111111111,700.0,0.9721350140041776
1119,1119,0.0011111111111111111,700.0,-0.9997128380669488
1120,1120,0.0011111111111111111,700.0,-0.9997335010104709
1121,1121,0.0011111111111111111,700.0,-0.999699698554145
1122,1122,0.0011111111111111111,700.0,-0.9996841218736436
1123,1123,0.0011111111111111111,700.0,0.9687943988376193
1124,1124,0.0011111111111111111,700.0,-0.9997101889716254
1125,1125,0.0011111111111111111,700.0,-0.9997219509548612
1126,1126,0.0011111111111111111,700.0,-0.9997047848171658
1127,1127,0.0011111111111111111,700.0,-0.9996945063273112
1128,1128,0.0011111111111111111,700.0,-0.9997550116644965
1129,1129,0.0011111111111111111,700.0,-0.9996977912055122
1130,1130,0.0011111111111111111,700.0,-0.9997320175170898
1131,1131,0.0011111111111111111,700.0,-0.9996936586168077
1132,1132,0.0011111111111111111,700.0,-0.9997048907809787
1133,1133,0.0011111111111111111,700.0,-0.999728626675076
1134,1134,0.0011111111111111111,700.0,-0.9997143215603299
1135,1135,0.0011111111111111111,700.0,-0.9996965196397569
1136,1136,0.0011111111111111111,700.0,-0.99966918097602
1137,1137,0.0011111111111111111,700.0,-0.9997226927015517
1138,1138,0.0011111111111111111,700.0,-0.9997042549981011
1139,1139,0.0011111111111111111,700.0,-0.9996863471137153
1140,1140,0.0011111111111111111,700.0,-0.9997444152832031
1141,1141,0.0011111111111111111,700.0,-0.9996945063273112
1142,1142,0.0011111111111111111,700.0,-0.9997166527642144
1143,1143,0.0011111111111111111,700.0,-0.9997165468004015
1144,1144,0.0011111111111111111,700.0,-0.999725447760688
1145,1145,0.0011111111111111111,700.0,-0.9997147454155816
1146,1146,0.0011111111111111111,700.0,-0.9996705585055881
1147,1147,0.0011111111111111111,700.0,-0.9997107187906901
1148,1148,0.0011111111111111111,700.0,-0.9997166527642144
1149,1149,0.0011111111111111111,700.0,-0.9996970494588217
1150,1150,0.0011111111111111111,800.0,-0.9996423721313477
1151,1151,0.0011111111111111111,800.0,-0.9996808369954427
1152,1152,0.0011111111111111111,800.0,-0.9997082816229926
1153,1153,0.0011111111111111111,800.0,0.9752063751220703
1154,1154,0.0011111111111111111,800.0,-0.9997026655409071
1155,1155,0.0011111111111111111,800.0,-0.99972046746148
1156,1156,0.0011111111111111111,800.0,-0.9997359381781684
1157,1157,0.0011111111111111111,800.0,-0.9997223748101128
1158,1158,0.0011111111111111111,800.0,-0.9997246000501845
1159,1159,0.0011111111111111111,800.0,0.9758097330729166
1160,1160,0.0011111111111111111,800.0,-0.9997477001614041
1161,1161,0.0011111111111111111,800.0,-0.9996469285753038
1162,1162,0.0011111111111111111,800.0,-0.999694718254937
1163,1163,0.0011111111111111111,800.0,-0.9997195137871636
1164,1164,0.0011111111111111111,800.0,-0.9997083875868056
1165,1165,0.0011111111111111111,800.0,-0.9997355143229166
1166,1166,0.0011111111111111111,800.0,-0.9997082816229926
1167,1167,0.0011111111111111111,800.0,-0.9996965196397569
1168,1168,0.0011111111111111111,800.0,0.9755383597479926
1169,1169,0.0011111111111111111,800.0,-0.9997017118665907
1170,1170,0.0011111111111111111,800.0,-0.9996994866265191
1171,1171,0.0011111111111111111,800.0,-0.999699592590332
1172,1172,0.0011111111111111111,800.0,-0.9997048907809787
1173,1173,0.0011111111111111111,800.0,-0.9997004403008355
1174,1174,0.0011111111111111111,800.0,-0.9997131559583876
1175,1175,0.0011111111111111111,800.0,-0.9996993806627061
1176,1176,0.0011111111111111111,800.0,-0.9996914333767362
1177,1177,0.0011111111111111111,800.0,-0.9997007581922743
1178,1178,0.0011111111111111111,800.0,-0.9997280968560113
1179,1179,0.0011111111111111111,800.0,-0.9997125201755099
1180,1180,0.0011111111111111111,800.0,-0.9997257656521268
1181,1181,0.0011111111111111111,800.0,-0.9997307459513346
1182,1182,0.0011111111111111111,800.0,-0.999709341261122
1183,1183,0.0011111111111111111,800.0,-0.9997134738498263
1184,1184,0.0011111111111111111,800.0,-0.9997043609619141
1185,1185,0.0011111111111111111,800.0,-0.9997071160210503
1186,1186,0.0011111111111111111,800.0,-0.9996958838568794
1187,1187,0.0011111111111111111,800.0,-0.9997040430704752
1188,1188,0.0011111111111111111,800.0,-0.9997366799248589
1189,1189,0.0011111111111111111,800.0,-0.9997123082478842
1190,1190,0.0011111111111111111,800.0,-0.9997104008992513
1191,1191,0.0011111111111111111,800.0,-0.9997162289089627
1192,1192,0.0011111111111111111,800.0,-0.9997256596883138
1193,1193,0.0011111111111111111,800.0,-0.9996974733140733
1194,1194,0.0011111111111111111,800.0,-0.9997052086724175
1195,1195,0.0011111111111111111,800.0,-0.9996934466891818
1196,1196,0.0011111111111111111,800.0,-0.9997194078233507
1197,1197,0.0011111111111111111,800.0,-0.9996637768215604
1198,1198,0.0011111111111111111,800.0,-0.9997122022840712
1199,1199,0.0011111111111111111,800.0,-0.9997122022840712
1200,1200,0.0035136418446315323,100.0,0.9465419981214735
1201,1201,0.0035136418446315323,100.0,0.9503901799519857
1202,1202,0.0035136418446315323,100.0,0.9517381456163194
1203,1203,0.0035136418446315323,100.0,0.9533255894978842
1204,1204,0.0035136418446315323,100.0,-0.9992988374498155
1205,1205,0.0035136418446315323,100.0,0.9517059326171875
1206,1206,0.0035136418446315323,100.0,0.9541035758124458
1207,1207,0.0035136418446315323,100.0,0.9483414755927192
1208,1208,0.0035136418446315323,100.0,0.9470515780978732
1209,1209,0.0035136418446315323,100.0,0.9512903425428603
1210,1210,0.0035136418446315323,100.0,0.9512630038791232
1211,1211,0.0035136418446315323,100.0,0.9520227644178603
1212,1212,0.0035136418446315323,100.0,0.9502432081434462
1213,1213,0.0035136418446315323,100.0,0.9477945963541666
1214,1214,0.0035136418446315323,100.0,0.9472797181871202
1215,1215,0.0035136418446315323,100.0,0.9494561089409722
1216,1216,0.0035136418446315323,100.0,0.931905640496148
1217,1217,0.0035136418446315323,100.0,0.9466030332777235
1218,1218,0.0035136418446315323,100.0,0.9546266131930881
1219,1219,0.0035136418446315323,100.0,0.9493494033813477
1220,1220,0.0035136418446315323,100.0,0.9481211768256294
1221,1221,0.0035136418446315323,100.0,0.9486216439141167
1222,1222,0.0035136418446315323,100.0,0.9511565102471246
1223,1223,0.0035136418446315323,100.0,0.9539391199747721
1224,1224,0.0035136418446315323,100.0,0.9294082853529189
1225,1225,0.0035136418446315323,100.0,0.9544921451144748
1226,1226,0.0035136418446315323,100.0,0.9523191452026367
1227,1227,0.0035136418446315323,100.0,0.9539045757717557
1228,1228,0.0035136418446315323,100.0,0.9488371743096246
1229,1229,0.0035136418446315323,100.0,0.9490333133273654
1230,1230,0.0035136418446315323,100.0,-0.9993916617499458
1231,1231,0.0035136418446315323,100.0,0.9464501274956597
1232,1232,0.0035136418446315323,100.0,0.9513823191324869
1233,1233,0.0035136418446315323,100.0,0.9537975523206923
1234,1234,0.0035136418446315323,100.0,0.9542317920260959
1235,1235,0.0035136418446315323,100.0,-0.9940525690714518
1236,1236,0.0035136418446315323,100.0,-0.9995828204684787
1237,1237,0.0035136418446315323,100.0,-0.9825785954793295
1238,1238,0.0035136418446315323,100.0,0.9508163664076064
1239,1239,0.0035136418446315323,100.0,0.9536203808254666
1240,1240,0.0035136418446315323,100.0,0.9493536419338651
1241,1241,0.0035136418446315323,100.0,-0.9542426003350152
1242,1242,0.0035136418446315323,100.0,0.9531593322753906
1243,1243,0.0035136418446315323,100.0,0.9489753511216905
1244,1244,0.0035136418446315323,100.0,0.9520830578274198
1245,1245,0.0035136418446315323,100.0,0.9500820371839735
1246,1246,0.0035136418446315323,100.0,0.9523239135742188
1247,1247,0.0035136418446315323,100.0,0.9410732057359483
1248,1248,0.0035136418446315323,100.0,0.9423832363552518
1249,1249,0.0035136418446315323,100.0,0.9527486165364584
1250,1250,0.0035136418446315323,200.0,0.8958781560262045
1251,1251,0.0035136418446315323,200.0,0.8517608112759061
1252,1252,0.0035136418446315323,200.0,0.8971295886569552
1253,1253,0.0035136418446315323,200.0,0.9090724521213107
1254,1254,0.0035136418446315323,200.0,-0.9976444244384766
1255,1255,0.0035136418446315323,200.0,0.8984724680582682
1256,1256,0.0035136418446315323,200.0,0.9089342753092448
1257,1257,0.0035136418446315323,200.0,0.8927192687988281
1258,1258,0.0035136418446315323,200.0,0.8988442950778537
1259,1259,0.0035136418446315323,200.0,0.9041985405815972
1260,1260,0.0035136418446315323,200.0,-0.7361689673529731
1261,1261,0.0035136418446315323,200.0,0.9050956302218967
1262,1262,0.0035136418446315323,200.0,0.8997668160332574
1263,1263,0.0035136418446315323,200.0,0.8256277508205838
1264,1264,0.0035136418446315323,200.0,0.8973531723022461
1265,1265,0.0035136418446315323,200.0,0.8888973659939237
1266,1266,0.0035136418446315323,200.0,-0.9940000110202365
1267,1267,0.0035136418446315323,200.0,0.8930299546983507
1268,1268,0.0035136418446315323,200.0,0.9089586469862196
1269,1269,0.0035136418446315323,200.0,0.8891542222764757
1270,1270,0.0035136418446315323,200.0,0.893329832288954
1271,1271,0.0035136418446315323,200.0,0.8784903950161405
1272,1272,0.0035136418446315323,200.0,0.8931427001953125
1273,1273,0.0035136418446315323,200.0,0.9104284710354276
1274,1274,0.0035136418446315323,200.0,-0.9761853747897677
1275,1275,0.0035136418446315323,200.0,0.9061775207519531
1276,1276,0.0035136418446315323,200.0,0.8959471384684244
1277,1277,0.0035136418446315323,200.0,0.8862839274936252
1278,1278,0.0035136418446315323,200.0,0.8919074800279405
1279,1279,0.0035136418446315323,200.0,0.901055547926161
1280,1280,0.0035136418446315323,200.0,-0.9989390903049045
1281,1281,0.0035136418446315323,200.0,0.895506329006619
1282,1282,0.0035136418446315323,200.0,0.9041302998860677
1283,1283,0.0035136418446315323,200.0,0.8035737673441569
1284,1284,0.0035136418446315323,200.0,0.9033246570163302
1285,1285,0.0035136418446315323,200.0,-0.994360605875651
1286,1286,0.0035136418446315323,200.0,-0.9993170632256402
1287,1287,0.0035136418446315323,200.0,-0.9954459932115343
1288,1288,0.0035136418446315323,200.0,0.9020678202311198
1289,1289,0.0035136418446315323,200.0,0.9028466542561849
1290,1290,0.0035136418446315323,200.0,0.8862201902601454
1291,1291,0.0035136418446315323,200.0,-0.9953170352511935
1292,1292,0.0035136418446315323,200.0,0.8993343777126737
1293,1293,0.0035136418446315323,200.0,-0.9822589026557075
1294,1294,0.0035136418446315323,200.0,0.9056001239352756
1295,1295,0.0035136418446315323,200.0,0.8344623247782389
1296,1296,0.0035136418446315323,200.0,0.8938261667887369
1297,1297,0.0035136418446315323,200.0,0.8864919344584147
1298,1298,0.0035136418446315323,200.0,0.839664512210422
1299,1299,0.0035136418446315323,200.0,0.841603332095676
1300,1300,0.0035136418446315323,300.0,0.9396252102322049
1301,1301,0.0035136418446315323,300.0,-0.9988781611124674
1302,1302,0.0035136418446315323,300.0,0.9254106945461698
1303,1303,0.0035136418446315323,300.0,0.9423913955688477
1304,1304,0.0035136418446315323,300.0,-0.9996206495496962
1305,1305,0.0035136418446315323,300.0,0.932217174106174
1306,1306,0.0035136418446315323,300.0,0.9408126407199435
1307,1307,0.0035136418446315323,300.0,0.9289644029405382
1308,1308,0.0035136418446315323,300.0,0.939347161187066
1309,1309,0.0035136418446315323,300.0,0.9411623213026259
1310,1310,0.0035136418446315323,300.0,-0.9993513955010308
1311,1311,0.0035136418446315323,300.0,0.9412595960828993
1312,1312,0.0035136418446315323,300.0,0.9333186679416232
1313,1313,0.0035136418446315323,300.0,-0.9990290535820855
1314,1314,0.0035136418446315323,300.0,0.9369494120279948
1315,1315,0.0035136418446315323,300.0,0.8993371327718099
1316,1316,0.0035136418446315323,300.0,-0.999521361456977
1317,1317,0.0035136418446315323,300.0,0.933441162109375
1318,1318,0.0035136418446315323,300.0,0.9422620137532552
1319,1319,0.0035136418446315323,300.0,0.8872459729512533
1320,1320,0.0035136418446315323,300.0,0.9256865183512369
1321,1321,0.0035136418446315323,300.0,-0.9980784522162544
1322,1322,0.0035136418446315323,300.0,0.921137809753418
1323,1323,0.0035136418446315323,300.0,0.9436323377821181
1324,1324,0.0035136418446315323,300.0,-0.9993420706854926
1325,1325,0.0035136418446315323,300.0,0.9184271494547526
1326,1326,0.0035136418446315323,300.0,-0.9882081349690756
1327,1327,0.0035136418446315323,300.0,-0.995814323425293
1328,1328,0.0035136418446315323,300.0,0.9184741973876953
1329,1329,0.0035136418446315323,300.0,0.9376411437988281
1330,1330,0.0035136418446315323,300.0,-0.9996605979071723
1331,1331,0.0035136418446315323,300.0,0.9335149129231771
1332,1332,0.0035136418446315323,300.0,0.939321411980523
1333,1333,0.0035136418446315323,300.0,-0.9994293848673502
1334,1334,0.0035136418446315323,300.0,0.9257985221015083
1335,1335,0.0035136418446315323,300.0,-0.9996114306979709
1336,1336,0.0035136418446315323,300.0,-0.9996989568074545
1337,1337,0.0035136418446315323,300.0,-0.999569469028049
1338,1338,0.0035136418446315323,300.0,0.9389016893174913
1339,1339,0.0035136418446315323,300.0,0.9193307028876411
1340,1340,0.0035136418446315323,300.0,0.8444080352783203
1341,1341,0.0035136418446315323,300.0,-0.9995715883043077
1342,1342,0.0035136418446315323,300.0,0.9294276767306857
1343,1343,0.0035136418446315323,300.0,-0.9995780520968967
1344,1344,0.0035136418446315323,300.0,0.9385923809475369
1345,1345,0.0035136418446315323,300.0,-0.9989726808336046
1346,1346,0.0035136418446315323,300.0,-0.9915427101982964
1347,1347,0.0035136418446315323,300.0,0.929343753390842
1348,1348,0.0035136418446315323,300.0,-0.9981558057996962
1349,1349,0.0035136418446315323,300.0,-0.9991104337904189
1350,1350,0.0035136418446315323,400.0,0.9577080408732096
1351,1351,0.0035136418446315323,400.0,-0.9996865590413412
1352,1352,0.0035136418446315323,400.0,-0.9995108710394965
1353,1353,0.0035136418446315323,400.0,0.9580257203843858
1354,1354,0.0035136418446315323,400.0,-0.9996978971693251
1355,1355,0.0035136418446315323,400.0,-0.49991734822591144
1356,1356,0.0035136418446315323,400.0,0.9550176196628146
1357,1357,0.0035136418446315323,400.0,-0.9989926020304362
1358,1358,0.0035136418446315323,400.0,0.9572068320380317
1359,1359,0.0035136418446315323,400.0,0.9585071139865451
1360,1360,0.0035136418446315323,400.0,-0.9996956719292535
1361,1361,0.0035136418446315323,400.0,0.9572356541951498
1362,1362,0.0035136418446315323,400.0,0.9423982832166884
1363,1363,0.0035136418446315323,400.0,-0.9996954600016276
1364,1364,0.0035136418446315323,400.0,0.9540296130710177
1365,1365,0.0035136418446315323,400.0,-0.9996171527438693
1366,1366,0.0035136418446315323,400.0,-0.9997162289089627
1367,1367,0.0035136418446315323,400.0,0.9364985360039605
1368,1368,0.0035136418446315323,400.0,0.9582698610093858
1369,1369,0.0035136418446315323,400.0,-0.9995382097032335
1370,1370,0.0035136418446315323,400.0,-0.9993723763359917
1371,1371,0.0035136418446315323,400.0,-0.9996688630845811
1372,1372,0.0035136418446315323,400.0,-0.9992543326483833
1373,1373,0.0035136418446315323,400.0,0.9578013949924045
1374,1374,0.0035136418446315323,400.0,-0.9997112486097548
1375,1375,0.0035136418446315323,400.0,-0.9995655483669705
1376,1376,0.0035136418446315323,400.0,-0.9996970494588217
1377,1377,0.0035136418446315323,400.0,-0.9997023476494683
1378,1378,0.0035136418446315323,400.0,-0.999492433336046
1379,1379,0.0035136418446315323,400.0,0.9518235524495443
1380,1380,0.0035136418446315323,400.0,-0.9996945063273112
1381,1381,0.0035136418446315323,400.0,0.9449320899115669
1382,1382,0.0035136418446315323,400.0,0.9542258580525717
1383,1383,0.0035136418446315323,400.0,-0.9997394349839952
1384,1384,0.0035136418446315323,400.0,-0.9995087517632378
1385,1385,0.0035136418446315323,400.0,-0.999698109096951
1386,1386,0.0035136418446315323,400.0,-0.9997203614976671
1387,1387,0.0035136418446315323,400.0,-0.9996967315673828
1388,1388,0.0035136418446315323,400.0,0.9550324545966254
1389,1389,0.0035136418446315323,400.0,-0.9995595084296333
1390,1390,0.0035136418446315323,400.0,-0.9995790057712131
1391,1391,0.0035136418446315323,400.0,-0.9997153811984592
1392,1392,0.0035136418446315323,400.0,-0.9993102815416124
1393,1393,0.0035136418446315323,400.0,-0.9997083875868056
1394,1394,0.0035136418446315323,400.0,0.9508290820651584
1395,1395,0.0035136418446315323,400.0,-0.9997115665011935
1396,1396,0.0035136418446315323,400.0,-0.999674055311415
1397,1397,0.0035136418446315323,400.0,0.9283693101671007
1398,1398,0.0035136418446315323,400.0,-0.9997251298692491
1399,1399,0.0035136418446315323,400.0,-0.9996962017483182
1400,1400,0.0035136418446315323,500.0,0.9670649634467231
1401,1401,0.0035136418446315323,500.0,-0.9997122022840712
1402,1402,0.0035136418446315323,500.0,-0.9996998045179579
1403,1403,0.0035136418446315323,500.0,0.9671723047892252
1404,1404,0.0035136418446315323,500.0,-0.9997528923882378
1405,1405,0.0035136418446315323,500.0,-0.9996854994032118
1406,1406,0.0035136418446315323,500.0,-0.9985583623250326
1407,1407,0.0035136418446315323,500.0,-0.9996769163343642
1408,1408,0.0035136418446315323,500.0,0.9664522806803385
1409,1409,0.0035136418446315323,500.0,0.9671862920125326
1410,1410,0.0035136418446315323,500.0,-0.9996902677747939
1411,1411,0.0035136418446315323,500.0,0.9659153620402018
1412,1412,0.0035136418446315323,500.0,-0.99968507554796
1413,1413,0.0035136418446315323,500.0,-0.9996694988674588
1414,1414,0.0035136418446315323,500.0,0.9522261089748807
1415,1415,0.0035136418446315323,500.0,-0.9996934466891818
1416,1416,0.0035136418446315323,500.0,-0.9997184541490343
1417,1417,0.0035136418446315323,500.0,-0.9997081756591797
1418,1418,0.0035136418446315323,500.0,0.9674572414822049
1419,1419,0.0035136418446315323,500.0,-0.9996678034464518
1420,1420,0.0035136418446315323,500.0,-0.9996731016370985
1421,1421,0.0035136418446315323,500.0,-0.9997079637315538
1422,1422,0.0035136418446315323,500.0,-0.9997337129380968
1423,1423,0.0035136418446315323,500.0,0.9673068788316515
1424,1424,0.0035136418446315323,500.0,-0.9996833801269531
1425,1425,0.0035136418446315323,500.0,-0.9997233284844292
1426,1426,0.0035136418446315323,500.0,-0.9996764924791124
1427,1427,0.0035136418446315323,500.0,-0.999723858303494
1428,1428,0.0035136418446315323,500.0,-0.9996984269883897
1429,1429,0.0035136418446315323,500.0,-0.9974488152398003
1430,1430,0.0035136418446315323,500.0,-0.999693234761556
1431,1431,0.0035136418446315323,500.0,-0.9996427959865994
1432,1432,0.0035136418446315323,500.0,0.9327094819810655
1433,1433,0.0035136418446315323,500.0,-0.999709341261122
1434,1434,0.0035136418446315323,500.0,-0.9997479120890299
1435,1435,0.0035136418446315323,500.0,-0.9997151692708334
1436,1436,0.0035136418446315323,500.0,-0.9997082816229926
1437,1437,0.0035136418446315323,500.0,-0.9997110366821289
1438,1438,0.0035136418446315323,500.0,-0.9980840682983398
1439,1439,0.0035136418446315323,500.0,-0.9996869828965929
1440,1440,0.0035136418446315323,500.0,-0.9996875127156576
1441,1441,0.0035136418446315323,500.0,-0.9997321234809028
1442,1442,0.0035136418446315323,500.0,-0.999726931254069
1443,1443,0.0035136418446315323,500.0,-0.9997248119778104
1444,1444,0.0035136418446315323,500.0,-0.9996442794799805
1445,1445,0.0035136418446315323,500.0,-0.9997026655409071
1446,1446,0.0035136418446315323,500.0,-0.9997331831190321
1447,1447,0.0035136418446315323,500.0,-0.9996901618109809
1448,1448,0.0035136418446315323,500.0,-0.9997077518039279
1449,1449,0.0035136418446315323,500.0,-0.9996833801269531
1450,1450,0.0035136418446315323,600.0,0.971994505988227
1451,1451,0.0035136418446315323,600.0,-0.9997235404120551
1452,1452,0.0035136418446315323,600.0,-0.9997025595770942
1453,1453,0.0035136418446315323,600.0,0.9731209013197157
1454,1454,0.0035136418446315323,600.0,-0.9996980031331381
1455,1455,0.0035136418446315323,600.0,-0.9997175004747179
1456,1456,0.0035136418446315323,600.0,-0.9997300042046441
1457,1457,0.0035136418446315323,600.0,-0.9997191958957248
1458,1458,0.0035136418446315323,600.0,0.9701689614189996
1459,1459,0.0035136418446315323,600.0,0.9734017054239908
1460,1460,0.0035136418446315323,600.0,-0.9996823204888238
1461,1461,0.0035136418446315323,600.0,0.9718750847710503
1462,1462,0.0035136418446315323,600.0,-0.9997114605373807
1463,1463,0.0035136418446315323,600.0,-0.9997215270996094
1464,1464,0.0035136418446315323,600.0,-0.999706056382921
1465,1465,0.0035136418446315323,600.0,-0.9997087054782443
1466,1466,0.0035136418446315323,600.0,-0.9996655782063802
1467,1467,0.0035136418446315323,600.0,-0.9997307459513346
1468,1468,0.0035136418446315323,600.0,0.9735066095987955
1469,1469,0.0035136418446315323,600.0,-0.9996905856662326
1470,1470,0.0035136418446315323,600.0,-0.9997054206000434
1471,1471,0.0035136418446315323,600.0,-0.9997266133626302
1472,1472,0.0035136418446315323,600.0,-0.999725447760688
1473,1473,0.0035136418446315323,600.0,0.9725995593600802
1474,1474,0.0035136418446315323,600.0,-0.9997165468004015
1475,1475,0.0035136418446315323,600.0,-0.9997073279486762
1476,1476,0.0035136418446315323,600.0,-0.999693234761556
1477,1477,0.0035136418446315323,600.0,-0.9997129440307617
1478,1478,0.0035136418446315323,600.0,-0.9997102949354384
1479,1479,0.0035136418446315323,600.0,-0.9997053146362305
1480,1480,0.0035136418446315323,600.0,-0.9997076458401151
1481,1481,0.0035136418446315323,600.0,-0.9997176064385308
1482,1482,0.0035136418446315323,600.0,-0.9997283087836372
1483,1483,0.0035136418446315323,600.0,-0.9997361501057943
1484,1484,0.0035136418446315323,600.0,-0.9997280968560113
1485,1485,0.0035136418446315323,600.0,-0.9997159110175239
1486,1486,0.0035136418446315323,600.0,-0.9996827443440756
1487,1487,0.0035136418446315323,600.0,-0.9997176064385308
1488,1488,0.0035136418446315323,600.0,-0.9997173945109049
1489,1489,0.0035136418446315323,600.0,-0.9997034072875977
1490,1490,0.0035136418446315323,600.0,-0.9997313817342123
1491,1491,0.0035136418446315323,600.0,-0.9997136857774522
1492,1492,0.0035136418446315323,600.0,-0.9996988508436415
1493,1493,0.0035136418446315323,600.0,-0.9996918572319878
1494,1494,0.0035136418446315323,600.0,-0.9996823204888238
1495,1495,0.0035136418446315323,600.0,-0.9996860292222765
1496,1496,0.0035136418446315323,600.0,-0.9997067981296115
1497,1497,0.0035136418446315323,600.0,-0.9996993806627061
1498,1498,0.0035136418446315323,600.0,-0.9996980031331381
1499,1499,0.0035136418446315323,600.0,-0.9997078577677408
1500,1500,0.0035136418446315323,700.0,-0.9976353115505643
1501,1501,0.0035136418446315323,700.0,-0.9997023476494683
1502,1502,0.0035136418446315323,700.0,-0.9996930228339301
1503,1503,0.0035136418446315323,700.0,0.9771989186604818
1504,1504,0.0035136418446315323,700.0,-0.9997343487209744
1505,1505,0.0035136418446315323,700.0,-0.9997184541490343
1506,1506,0.0035136418446315323,700.0,-0.999715593126085
1507,1507,0.0035136418446315323,700.0,-0.9996596442328559
1508,1508,0.0035136418446315323,700.0,-0.9996990627712674
1509,1509,0.0035136418446315323,700.0,0.9773532019721137
1510,1510,0.0035136418446315323,700.0,-0.999714215596517
1511,1511,0.0035136418446315323,700.0,-0.9997138977050781
1512,1512,0.0035136418446315323,700.0,-0.9997248119778104
1513,1513,0.0035136418446315323,700.0,-0.9997002283732096
1514,1514,0.0035136418446315323,700.0,-0.9997037251790365
1515,1515,0.0035136418446315323,700.0,-0.9997022416856554
1516,1516,0.0035136418446315323,700.0,-0.9996901618109809
1517,1517,0.0035136418446315323,700.0,-0.9997077518039279
1518,1518,0.0035136418446315323,700.0,0.977518293592665
1519,1519,0.0035136418446315323,700.0,-0.9997158050537109
1520,1520,0.0035136418446315323,700.0,-0.9997216330634223
1521,1521,0.0035136418446315323,700.0,-0.9997218449910482
1522,1522,0.0035136418446315323,700.0,-0.9996966256035699
1523,1523,0.0035136418446315323,700.0,0.9759519365098741
1524,1524,0.0035136418446315323,700.0,-0.9996878306070963
1525,1525,0.0035136418446315323,700.0,-0.9997136857774522
1526,1526,0.0035136418446315323,700.0,-0.9997182422214084
1527,1527,0.0035136418446315323,700.0,-0.9997126261393229
1528,1528,0.0035136418446315323,700.0,-0.9997040430704752
1529,1529,0.0035136418446315323,700.0,-0.9997026655409071
1530,1530,0.0035136418446315323,700.0,-0.9997329711914062
1531,1531,0.0035136418446315323,700.0,-0.9997161229451498
1532,1532,0.0035136418446315323,700.0,-0.9997004403008355
1533,1533,0.0035136418446315323,700.0,-0.9997150633070204
1534,1534,0.0035136418446315323,700.0,-0.9996829562717013
1535,1535,0.0035136418446315323,700.0,-0.9996970494588217
1536,1536,0.0035136418446315323,700.0,-0.9996992746988932
1537,1537,0.0035136418446315323,700.0,-0.9997102949354384
1538,1538,0.0035136418446315323,700.0,-0.9996958838568794
1539,1539,0.0035136418446315323,700.0,-0.9997038311428494
1540,1540,0.0035136418446315323,700.0,-0.9997046788533529
1541,1541,0.0035136418446315323,700.0,-0.9997311698065864
1542,1542,0.0035136418446315323,700.0,-0.9997203614976671
1543,1543,0.0035136418446315323,700.0,-0.9997029834323459
1544,1544,0.0035136418446315323,700.0,-0.9996759626600478
1545,1545,0.0035136418446315323,700.0,-0.9997151692708334
1546,1546,0.0035136418446315323,700.0,-0.999689949883355
1547,1547,0.0035136418446315323,700.0,-0.9996906916300455
1548,1548,0.0035136418446315323,700.0,-0.9997211032443576
1549,1549,0.0035136418446315323,700.0,-0.999731699625651
1550,1550,0.0035136418446315323,800.0,-0.9996967315673828
1551,1551,0.0035136418446315323,800.0,-0.9996794594658746
1552,1552,0.0035136418446315323,800.0,-0.9997275670369467
1553,1553,0.0035136418446315323,800.0,0.9800537957085503
1554,1554,0.0035136418446315323,800.0,-0.9996781879001193
1555,1555,0.0035136418446315323,800.0,-0.9997089174058702
1556,1556,0.0035136418446315323,800.0,-0.9996982150607638
1557,1557,0.0035136418446315323,800.0,-0.9997185601128472
1558,1558,0.0035136418446315323,800.0,-0.9996832741631402
1559,1559,0.0035136418446315323,800.0,0.9796293046739366
1560,1560,0.0035136418446315323,800.0,-0.9997376335991753
1561,1561,0.0035136418446315323,800.0,-0.9996975792778863
1562,1562,0.0035136418446315323,800.0,-0.9997038311428494
1563,1563,0.0035136418446315323,800.0,-0.9997064802381728
1564,1564,0.0035136418446315323,800.0,-0.9996925989786783
1565,1565,0.0035136418446315323,800.0,-0.9996925989786783
1566,1566,0.0035136418446315323,800.0,-0.9997206793891059
1567,1567,0.0035136418446315323,800.0,-0.9997256596883138
1568,1568,0.0035136418446315323,800.0,0.9795325597127279
1569,1569,0.0035136418446315323,800.0,-0.9997006522284614
1570,1570,0.0035136418446315323,800.0,-0.9996941884358724
1571,1571,0.0035136418446315323,800.0,-0.9997564951578776
1572,1572,0.0035136418446315323,800.0,-0.9997171825832791
1573,1573,0.0035136418446315323,800.0,-0.9997152752346463
1574,1574,0.0035136418446315323,800.0,-0.9996769163343642
1575,1575,0.0035136418446315323,800.0,-0.9997167587280273
1576,1576,0.0035136418446315323,800.0,-0.9996816847059462
1577,1577,0.0035136418446315323,800.0,-0.9997304280598959
1578,1578,0.0035136418446315323,800.0,-0.9996831681993272
1579,1579,0.0035136418446315323,800.0,-0.9997226927015517
1580,1580,0.0035136418446315323,800.0,-0.9996724658542209
1581,1581,0.0035136418446315323,800.0,-0.9997075398763021
1582,1582,0.0035136418446315323,800.0,-0.9997231165568033
1583,1583,0.0035136418446315323,800.0,-0.9996911154852973
1584,1584,0.0035136418446315323,800.0,-0.9997190899319119
1585,1585,0.0035136418446315323,800.0,-0.9997499254014757
1586,1586,0.0035136418446315323,800.0,-0.9997384813096788
1587,1587,0.0035136418446315323,800.0,-0.9997119903564453
1588,1588,0.0035136418446315323,800.0,-0.9997308519151475
1589,1589,0.0035136418446315323,800.0,-0.9997041490342882
1590,1590,0.0035136418446315323,800.0,-0.9997039371066623
1591,1591,0.0035136418446315323,800.0,-0.9997224807739258
1592,1592,0.0035136418446315323,800.0,-0.999718878004286
1593,1593,0.0035136418446315323,800.0,-0.9996873007880317
1594,1594,0.0035136418446315323,800.0,-0.999726931254069
1595,1595,0.0035136418446315323,800.0,-0.9997267193264432
1596,1596,0.0035136418446315323,800.0,-0.9997140036688911
1597,1597,0.0035136418446315323,800.0,-0.9997058444552951
1598,1598,0.0035136418446315323,800.0,-0.9997236463758681
1599,1599,0.0035136418446315323,800.0,-0.9997160169813368
1600,1600,0.011111111111111112,100.0,0.9539100858900282
1601,1601,0.011111111111111112,100.0,0.9566864437527127
1602,1602,0.011111111111111112,100.0,0.9589046902126737
1603,1603,0.011111111111111112,100.0,0.9593544006347656
1604,1604,0.011111111111111112,100.0,-0.9995563295152452
1605,1605,0.011111111111111112,100.0,0.9578631718953451
1606,1606,0.011111111111111112,100.0,0.9600125418768989
1607,1607,0.011111111111111112,100.0,0.9550554487440321
1608,1608,0.011111111111111112,100.0,0.9537216822306315
1609,1609,0.011111111111111112,100.0,0.9579072528415256
1610,1610,0.011111111111111112,100.0,0.9576976564195421
1611,1611,0.011111111111111112,100.0,0.9586943520439996
1612,1612,0.011111111111111112,100.0,0.9565400017632378
1613,1613,0.011111111111111112,100.0,0.9548175599839952
1614,1614,0.011111111111111112,100.0,0.9543374379475912
1615,1615,0.011111111111111112,100.0,0.9555844200981988
1616,1616,0.011111111111111112,100.0,0.9255231221516927
1617,1617,0.011111111111111112,100.0,0.953049553765191
1618,1618,0.011111111111111112,100.0,0.9600627687242296
1619,1619,0.011111111111111112,100.0,0.9570975833468967
1620,1620,0.011111111111111112,100.0,0.9559965133666992
1621,1621,0.011111111111111112,100.0,0.9555926852756076
1622,1622,0.011111111111111112,100.0,0.9577289157443576
1623,1623,0.011111111111111112,100.0,0.9598204294840494
1624,1624,0.011111111111111112,100.0,0.9292431937323676
1625,1625,0.011111111111111112,100.0,0.9611566331651475
1626,1626,0.011111111111111112,100.0,0.9587663014729818
1627,1627,0.011111111111111112,100.0,0.9592473771837022
1628,1628,0.011111111111111112,100.0,0.9554464552137587
1629,1629,0.011111111111111112,100.0,0.9547904332478842
1630,1630,0.011111111111111112,100.0,-0.9996134440104166
1631,1631,0.011111111111111112,100.0,0.9550834231906467
1632,1632,0.011111111111111112,100.0,0.9590448803371854
1633,1633,0.011111111111111112,100.0,0.9589993158976237
1634,1634,0.011111111111111112,100.0,0.9599543677435981
1635,1635,0.011111111111111112,100.0,-0.9982985390557183
1636,1636,0.011111111111111112,100.0,-0.9996445973714193
1637,1637,0.011111111111111112,100.0,-0.9988414976331923
1638,1638,0.011111111111111112,100.0,0.9569719102647569
1639,1639,0.011111111111111112,100.0,0.9589630762736002
1640,1640,0.011111111111111112,100.0,0.9556941986083984
1641,1641,0.011111111111111112,100.0,-0.9966254764133029
1642,1642,0.011111111111111112,100.0,0.9597220950656467
1643,1643,0.011111111111111112,100.0,0.9561176300048828
1644,1644,0.011111111111111112,100.0,0.9590443505181206
1645,1645,0.011111111111111112,100.0,0.9579101138644748
1646,1646,0.011111111111111112,100.0,0.9590081108940972
1647,1647,0.011111111111111112,100.0,0.9497979482014974
1648,1648,0.011111111111111112,100.0,0.9495194753011068
1649,1649,0.011111111111111112,100.0,0.9581669701470269
1650,1650,0.011111111111111112,200.0,0.9196927812364366
1651,1651,0.011111111111111112,200.0,0.8785147137112088
1652,1652,0.011111111111111112,200.0,0.9235246446397569
1653,1653,0.011111111111111112,200.0,0.929663340250651
1654,1654,0.011111111111111112,200.0,-0.9992443720499674
1655,1655,0.011111111111111112,200.0,0.9228556950887045
1656,1656,0.011111111111111112,200.0,0.9301440980699327
1657,1657,0.011111111111111112,200.0,0.9149938159518771
1658,1658,0.011111111111111112,200.0,0.9216624365912544
1659,1659,0.011111111111111112,200.0,0.9267645941840278
1660,1660,0.011111111111111112,200.0,-0.9816531075371636
1661,1661,0.011111111111111112,200.0,0.9280666775173612
1662,1662,0.011111111111111112,200.0,0.9220699734157987
1663,1663,0.011111111111111112,200.0,0.3874020576477051
1664,1664,0.011111111111111112,200.0,0.9205963346693251
1665,1665,0.011111111111111112,200.0,0.910196410285102
1666,1666,0.011111111111111112,200.0,-0.9981446795993381
1667,1667,0.011111111111111112,200.0,0.9155527750651041
1668,1668,0.011111111111111112,200.0,0.9321050643920898
1669,1669,0.011111111111111112,200.0,0.9159450531005859
1670,1670,0.011111111111111112,200.0,0.9175516764322916
1671,1671,0.011111111111111112,200.0,0.8677831225925021
1672,1672,0.011111111111111112,200.0,0.9195292790730795
1673,1673,0.011111111111111112,200.0,0.9306356641981337
1674,1674,0.011111111111111112,200.0,-0.9962279001871744
1675,1675,0.011111111111111112,200.0,0.9272859361436632
1676,1676,0.011111111111111112,200.0,0.9165949291653104
1677,1677,0.011111111111111112,200.0,0.9179372787475586
1678,1678,0.011111111111111112,200.0,0.9112916522555881
1679,1679,0.011111111111111112,200.0,0.9223454793294271
1680,1680,0.011111111111111112,200.0,-0.9994917975531684
1681,1681,0.011111111111111112,200.0,0.918162981669108
1682,1682,0.011111111111111112,200.0,0.9257061216566298
1683,1683,0.011111111111111112,200.0,-0.9771883222791884
1684,1684,0.011111111111111112,200.0,0.92723634507921
1685,1685,0.011111111111111112,200.0,-0.9984889560275607
1686,1686,0.011111111111111112,200.0,-0.9995770984225802
1687,1687,0.011111111111111112,200.0,-0.9981908798217773
1688,1688,0.011111111111111112,200.0,0.9256863064236112
1689,1689,0.011111111111111112,200.0,0.9210086398654513
1690,1690,0.011111111111111112,200.0,0.9143182966444228
1691,1691,0.011111111111111112,200.0,-0.99876954820421
1692,1692,0.011111111111111112,200.0,0.9256467819213867
1693,1693,0.011111111111111112,200.0,-0.9970241122775607
1694,1694,0.011111111111111112,200.0,0.9266397688123915
1695,1695,0.011111111111111112,200.0,0.8555126190185547
1696,1696,0.011111111111111112,200.0,0.9163684844970703
1697,1697,0.011111111111111112,200.0,0.9124291737874349
1698,1698,0.011111111111111112,200.0,-0.9612677892049154
1699,1699,0.011111111111111112,200.0,0.8595747947692871
1700,1700,0.011111111111111112,300.0,0.9525806638929579
1701,1701,0.011111111111111112,300.0,-0.9995365142822266
1702,1702,0.011111111111111112,300.0,0.9321893056233724
1703,1703,0.011111111111111112,300.0,0.9556287129720052
1704,1704,0.011111111111111112,300.0,-0.9996574189927843
1705,1705,0.011111111111111112,300.0,0.9464152654012045
1706,1706,0.011111111111111112,300.0,0.954313702053494
1707,1707,0.011111111111111112,300.0,0.9408752653333876
1708,1708,0.011111111111111112,300.0,0.9534143871731229
1709,1709,0.011111111111111112,300.0,0.9542833964029948
1710,1710,0.011111111111111112,300.0,-0.9996521208021376
1711,1711,0.011111111111111112,300.0,0.9548373752170138
1712,1712,0.011111111111111112,300.0,0.9482503467135959
1713,1713,0.011111111111111112,300.0,-0.999627325269911
1714,1714,0.011111111111111112,300.0,0.950775040520562
1715,1715,0.011111111111111112,300.0,-0.9980074564615885
1716,1716,0.011111111111111112,300.0,-0.9997120963202583
1717,1717,0.011111111111111112,300.0,0.948497560289171
1718,1718,0.011111111111111112,300.0,0.9558497534857856
1719,1719,0.011111111111111112,300.0,-0.9937280019124349
1720,1720,0.011111111111111112,300.0,0.9339221318562826
1721,1721,0.011111111111111112,300.0,-0.999531004163954
1722,1722,0.011111111111111112,300.0,0.9079816606309679
1723,1723,0.011111111111111112,300.0,0.9557918972439237
1724,1724,0.011111111111111112,300.0,-0.9996593263414171
1725,1725,0.011111111111111112,300.0,0.9228801727294922
1726,1726,0.011111111111111112,300.0,-0.998833974202474
1727,1727,0.011111111111111112,300.0,-0.9991259045071073
1728,1728,0.011111111111111112,300.0,-0.9868653615315756
1729,1729,0.011111111111111112,300.0,0.9504574669731988
1730,1730,0.011111111111111112,300.0,-0.9997066921657987
1731,1731,0.011111111111111112,300.0,0.9483816358778212
1732,1732,0.011111111111111112,300.0,0.9529219733344184
1733,1733,0.011111111111111112,300.0,-0.9996693929036459
1734,1734,0.011111111111111112,300.0,0.9285371568467882
1735,1735,0.011111111111111112,300.0,-0.9996793535020616
1736,1736,0.011111111111111112,300.0,-0.9996953540378146
1737,1737,0.011111111111111112,300.0,-0.9997046788533529
1738,1738,0.011111111111111112,300.0,0.952927377488878
1739,1739,0.011111111111111112,300.0,0.9258618884616427
1740,1740,0.011111111111111112,300.0,-0.991331418355306
1741,1741,0.011111111111111112,300.0,-0.9996957778930664
1742,1742,0.011111111111111112,300.0,0.9459732903374566
1743,1743,0.011111111111111112,300.0,-0.9997022416856554
1744,1744,0.011111111111111112,300.0,0.952362166510688
1745,1745,0.011111111111111112,300.0,-0.9995886484781901
1746,1746,0.011111111111111112,300.0,-0.9989419513278537
1747,1747,0.011111111111111112,300.0,0.9434807035658095
1748,1748,0.011111111111111112,300.0,-0.9994510014851888
1749,1749,0.011111111111111112,300.0,-0.9996099472045898
1750,1750,0.011111111111111112,400.0,0.9669116338094076
1751,1751,0.011111111111111112,400.0,-0.9997312757703993
1752,1752,0.011111111111111112,400.0,-0.9996651543511285
1753,1753,0.011111111111111112,400.0,0.9677128261990018
1754,1754,0.011111111111111112,400.0,-0.9997255537245009
1755,1755,0.011111111111111112,400.0,-0.9994579950968424
1756,1756,0.011111111111111112,400.0,0.9637855953640408
1757,1757,0.011111111111111112,400.0,-0.9995876948038737
1758,1758,0.011111111111111112,400.0,0.9674147499932183
1759,1759,0.011111111111111112,400.0,0.9677315817938911
1760,1760,0.011111111111111112,400.0,-0.9997132619222006
1761,1761,0.011111111111111112,400.0,0.9669977823893229
1762,1762,0.011111111111111112,400.0,0.8905389573838975
1763,1763,0.011111111111111112,400.0,-0.9996749030219184
1764,1764,0.011111111111111112,400.0,0.9629289839002821
1765,1765,0.011111111111111112,400.0,-0.9996993806627061
1766,1766,0.011111111111111112,400.0,-0.9997115665011935
1767,1767,0.011111111111111112,400.0,-0.9985687467787001
1768,1768,0.011111111111111112,400.0,0.9677946302625868
1769,1769,0.011111111111111112,400.0,-0.9996919631958008
1770,1770,0.011111111111111112,400.0,-0.9997043609619141
1771,1771,0.011111111111111112,400.0,-0.9996937645806206
1772,1772,0.011111111111111112,400.0,-0.9996868769327799
1773,1773,0.011111111111111112,400.0,0.9678176244099935
1774,1774,0.011111111111111112,400.0,-0.9997119903564453
1775,1775,0.011111111111111112,400.0,-0.9997229046291776
1776,1776,0.011111111111111112,400.0,-0.9996764924791124
1777,1777,0.011111111111111112,400.0,-0.9997138977050781
1778,1778,0.011111111111111112,400.0,-0.9996956719292535
1779,1779,0.011111111111111112,400.0,0.961210568745931
1780,1780,0.011111111111111112,400.0,-0.9996912214491103
1781,1781,0.011111111111111112,400.0,-0.9965920978122287
1782,1782,0.011111111111111112,400.0,0.9635207917955186
1783,1783,0.011111111111111112,400.0,-0.9997199376424154
1784,1784,0.011111111111111112,400.0,-0.9997084935506185
1785,1785,0.011111111111111112,400.0,-0.9997401767306857
1786,1786,0.011111111111111112,400.0,-0.9996970494588217
1787,1787,0.011111111111111112,400.0,-0.9996896319919162
1788,1788,0.011111111111111112,400.0,0.9643502765231662
1789,1789,0.011111111111111112,400.0,-0.9996571011013455
1790,1790,0.011111111111111112,400.0,-0.9996858172946506
1791,1791,0.011111111111111112,400.0,-0.9996647304958768
1792,1792,0.011111111111111112,400.0,-0.9996876186794705
1793,1793,0.011111111111111112,400.0,-0.9997078577677408
1794,1794,0.011111111111111112,400.0,0.955672370062934
1795,1795,0.011111111111111112,400.0,-0.9997134738498263
1796,1796,0.011111111111111112,400.0,-0.9997126261393229
1797,1797,0.011111111111111112,400.0,-0.9995123545328776
1798,1798,0.011111111111111112,400.0,-0.9997208913167318
1799,1799,0.011111111111111112,400.0,-0.9997338189019097
1800,1800,0.011111111111111112,500.0,0.9734040366278754
1801,1801,0.011111111111111112,500.0,-0.9997232225206163
1802,1802,0.011111111111111112,500.0,-0.9997196197509766
1803,1803,0.011111111111111112,500.0,0.9747017754448785
1804,1804,0.011111111111111112,500.0,-0.9997256596883138
1805,1805,0.011111111111111112,500.0,-0.9996929168701172
1806,1806,0.011111111111111112,500.0,0.9676557117038302
1807,1807,0.011111111111111112,500.0,-0.9996869828965929
1808,1808,0.011111111111111112,500.0,0.9742818408542209
1809,1809,0.011111111111111112,500.0,0.9741118748982748
1810,1810,0.011111111111111112,500.0,-0.999714215596517
1811,1811,0.011111111111111112,500.0,0.9731651941935221
1812,1812,0.011111111111111112,500.0,-0.9997244940863715
1813,1813,0.011111111111111112,500.0,-0.9997386932373047
1814,1814,0.011111111111111112,500.0,-0.9997111426459419
1815,1815,0.011111111111111112,500.0,-0.9997223748101128
1816,1816,0.011111111111111112,500.0,-0.9997146394517686
1817,1817,0.011111111111111112,500.0,-0.9997005462646484
1818,1818,0.011111111111111112,500.0,0.9745578765869141
1819,1819,0.011111111111111112,500.0,-0.9997226927015517
1820,1820,0.011111111111111112,500.0,-0.9997002283732096
1821,1821,0.011111111111111112,500.0,-0.9997104008992513
1822,1822,0.011111111111111112,500.0,-0.9996912214491103
1823,1823,0.011111111111111112,500.0,0.9738233354356554
1824,1824,0.011111111111111112,500.0,-0.9997230105929904
1825,1825,0.011111111111111112,500.0,-0.9997133678860135
1826,1826,0.011111111111111112,500.0,-0.9997149573432075
1827,1827,0.011111111111111112,500.0,-0.999709235297309
1828,1828,0.011111111111111112,500.0,-0.9997385872734917
1829,1829,0.011111111111111112,500.0,-0.9996985329522027
1830,1830,0.011111111111111112,500.0,-0.999702877468533
1831,1831,0.011111111111111112,500.0,-0.999693340725369
1832,1832,0.011111111111111112,500.0,-0.9994878768920898
1833,1833,0.011111111111111112,500.0,-0.9997024536132812
1834,1834,0.011111111111111112,500.0,-0.9997036192152235
1835,1835,0.011111111111111112,500.0,-0.9996751149495443
1836,1836,0.011111111111111112,500.0,-0.9996929168701172
1837,1837,0.011111111111111112,500.0,-0.9997197257147895
1838,1838,0.011111111111111112,500.0,0.9676602681477865
1839,1839,0.011111111111111112,500.0,-0.9996822145250108
1840,1840,0.011111111111111112,500.0,-0.9997356202867296
1841,1841,0.011111111111111112,500.0,-0.9997177124023438
1842,1842,0.011111111111111112,500.0,-0.9997230105929904
1843,1843,0.011111111111111112,500.0,-0.999741342332628
1844,1844,0.011111111111111112,500.0,-0.9997285207112631
1845,1845,0.011111111111111112,500.0,-0.9997034072875977
1846,1846,0.011111111111111112,500.0,-0.9996776580810547
1847,1847,0.011111111111111112,500.0,-0.9996955659654405
1848,1848,0.011111111111111112,500.0,-0.9997118843926324
1849,1849,0.011111111111111112,500.0,-0.9997534222073026
1850,1850,0.011111111111111112,600.0,0.9779783884684244
1851,1851,0.011111111111111112,600.0,-0.9997224807739258
1852,1852,0.011111111111111112,600.0,-0.9997117784288194
1853,1853,0.011111111111111112,600.0,0.9784274631076388
1854,1854,0.011111111111111112,600.0,-0.999720573425293
1855,1855,0.011111111111111112,600.0,-0.999723858303494
1856,1856,0.011111111111111112,600.0,-0.9996935526529948
1857,1857,0.011111111111111112,600.0,-0.9997081756591797
1858,1858,0.011111111111111112,600.0,0.9781026840209961
1859,1859,0.011111111111111112,600.0,0.9789730707804362
1860,1860,0.011111111111111112,600.0,-0.999693340725369
1861,1861,0.011111111111111112,600.0,0.9772606955634223
1862,1862,0.011111111111111112,600.0,-0.9997105068630643
1863,1863,0.011111111111111112,600.0,-0.9997336069742838
1864,1864,0.011111111111111112,600.0,-0.9996534983317057
1865,1865,0.011111111111111112,600.0,-0.9997256596883138
1866,1866,0.011111111111111112,600.0,-0.9997085995144315
1867,1867,0.011111111111111112,600.0,-0.9997000164455838
1868,1868,0.011111111111111112,600.0,0.9786291122436523
1869,1869,0.011111111111111112,600.0,-0.9997203614976671
1870,1870,0.011111111111111112,600.0,-0.9997158050537109
1871,1871,0.011111111111111112,600.0,-0.9996785057915581
1872,1872,0.011111111111111112,600.0,-0.9997004403008355
1873,1873,0.011111111111111112,600.0,0.9783475663926866
1874,1874,0.011111111111111112,600.0,-0.9996896319919162
1875,1875,0.011111111111111112,600.0,-0.9997391170925565
1876,1876,0.011111111111111112,600.0,-0.9997165468004015
1877,1877,0.011111111111111112,600.0,-0.9997027715047201
1878,1878,0.011111111111111112,600.0,-0.9996990627712674
1879,1879,0.011111111111111112,600.0,-0.9997166527642144
1880,1880,0.011111111111111112,600.0,-0.9997224807739258
1881,1881,0.011111111111111112,600.0,-0.9996888902452257
1882,1882,0.011111111111111112,600.0,-0.9997077518039279
1883,1883,0.011111111111111112,600.0,-0.9997065862019857
1884,1884,0.011111111111111112,600.0,-0.9996743732028537
1885,1885,0.011111111111111112,600.0,-0.9997173945109049
1886,1886,0.011111111111111112,600.0,-0.9997179243299696
1887,1887,0.011111111111111112,600.0,-0.9997100830078125
1888,1888,0.011111111111111112,600.0,-0.9997175004747179
1889,1889,0.011111111111111112,600.0,-0.9997224807739258
1890,1890,0.011111111111111112,600.0,-0.9997081756591797
1891,1891,0.011111111111111112,600.0,-0.9997279908921983
1892,1892,0.011111111111111112,600.0,-0.99972046746148
1893,1893,0.011111111111111112,600.0,-0.9997164408365885
1894,1894,0.011111111111111112,600.0,-0.999691539340549
1895,1895,0.011111111111111112,600.0,-0.9996903737386068
1896,1896,0.011111111111111112,600.0,-0.9997007581922743
1897,1897,0.011111111111111112,600.0,-0.9997063742743598
1898,1898,0.011111111111111112,600.0,-0.9996910095214844
1899,1899,0.011111111111111112,600.0,-0.9997027715047201
1900,1900,0.011111111111111112,700.0,0.9782336552937826
1901,1901,0.011111111111111112,700.0,-0.9997022416856554
1902,1902,0.011111111111111112,700.0,-0.9996939765082465
1903,1903,0.011111111111111112,700.0,0.9815210766262479
1904,1904,0.011111111111111112,700.0,-0.9997295803493924
1905,1905,0.011111111111111112,700.0,-0.9997304280598959
1906,1906,0.011111111111111112,700.0,-0.9997112486097548
1907,1907,0.011111111111111112,700.0,-0.9997449451022677
1908,1908,0.011111111111111112,700.0,0.9788975185818143
1909,1909,0.011111111111111112,700.0,0.9810691409640842
1910,1910,0.011111111111111112,700.0,-0.9997375276353624
1911,1911,0.011111111111111112,700.0,0.9798443052503798
1912,1912,0.011111111111111112,700.0,-0.9997102949354384
1913,1913,0.011111111111111112,700.0,-0.9997035132514106
1914,1914,0.011111111111111112,700.0,-0.999749501546224
1915,1915,0.011111111111111112,700.0,-0.999696413675944
1916,1916,0.011111111111111112,700.0,-0.9997175004747179
1917,1917,0.011111111111111112,700.0,-0.999680413140191
1918,1918,0.011111111111111112,700.0,0.9818230734931098
1919,1919,0.011111111111111112,700.0,-0.9997396469116211
1920,1920,0.011111111111111112,700.0,-0.999683698018392
1921,1921,0.011111111111111112,700.0,-0.9997241761949327
1922,1922,0.011111111111111112,700.0,-0.9997024536132812
1923,1923,0.011111111111111112,700.0,-0.999699592590332
1924,1924,0.011111111111111112,700.0,-0.9997071160210503
1925,1925,0.011111111111111112,700.0,-0.9996965196397569
1926,1926,0.011111111111111112,700.0,-0.9996917512681749
1927,1927,0.011111111111111112,700.0,-0.9997131559583876
1928,1928,0.011111111111111112,700.0,-0.9997250239054362
1929,1929,0.011111111111111112,700.0,-0.9997047848171658
1930,1930,0.011111111111111112,700.0,-0.9997357262505425
1931,1931,0.011111111111111112,700.0,-0.999702877468533
1932,1932,0.011111111111111112,700.0,-0.9997131559583876
1933,1933,0.011111111111111112,700.0,-0.9997280968560113
1934,1934,0.011111111111111112,700.0,-0.9997120963202583
1935,1935,0.011111111111111112,700.0,-0.9996619754367404
1936,1936,0.011111111111111112,700.0,-0.999701182047526
1937,1937,0.011111111111111112,700.0,-0.9996729956732856
1938,1938,0.011111111111111112,700.0,-0.9996697107950846
1939,1939,0.011111111111111112,700.0,-0.9997326532999674
1940,1940,0.011111111111111112,700.0,-0.9997147454155816
1941,1941,0.011111111111111112,700.0,-0.999702877468533
1942,1942,0.011111111111111112,700.0,-0.9996795654296875
1943,1943,0.011111111111111112,700.0,-0.9996844397650825
1944,1944,0.011111111111111112,700.0,-0.999733395046658
1945,1945,0.011111111111111112,700.0,-0.9997144275241427
1946,1946,0.011111111111111112,700.0,-0.9997240702311198
1947,1947,0.011111111111111112,700.0,-0.9997058444552951
1948,1948,0.011111111111111112,700.0,-0.9996844397650825
1949,1949,0.011111111111111112,700.0,-0.9996980031331381
1950,1950,0.011111111111111112,800.0,-0.9997033013237847
1951,1951,0.011111111111111112,800.0,-0.9996574189927843
1952,1952,0.011111111111111112,800.0,-0.9997153811984592
1953,1953,0.011111111111111112,800.0,0.9838911692301432
1954,1954,0.011111111111111112,800.0,-0.9997077518039279
1955,1955,0.011111111111111112,800.0,-0.999723858303494
1956,1956,0.011111111111111112,800.0,-0.9997214211357964
1957,1957,0.011111111111111112,800.0,-0.9997239642673068
1958,1958,0.011111111111111112,800.0,-0.9997128380669488
1959,1959,0.011111111111111112,800.0,0.9826103846232096
1960,1960,0.011111111111111112,800.0,-0.9997102949354384
1961,1961,0.011111111111111112,800.0,-0.9997215270996094
1962,1962,0.011111111111111112,800.0,-0.9997024536132812
1963,1963,0.011111111111111112,800.0,-0.9997224807739258
1964,1964,0.011111111111111112,800.0,-0.9996993806627061
1965,1965,0.011111111111111112,800.0,-0.9997329711914062
1966,1966,0.011111111111111112,800.0,-0.9997077518039279
1967,1967,0.011111111111111112,800.0,-0.9996865590413412
1968,1968,0.011111111111111112,800.0,0.9830404917399088
1969,1969,0.011111111111111112,800.0,-0.9996959898206923
1970,1970,0.011111111111111112,800.0,-0.9997279908921983
1971,1971,0.011111111111111112,800.0,-0.9997472763061523
1972,1972,0.011111111111111112,800.0,-0.9997042549981011
1973,1973,0.011111111111111112,800.0,-0.9997421900431315
1974,1974,0.011111111111111112,800.0,-0.999726931254069
1975,1975,0.011111111111111112,800.0,-0.999736573961046
1976,1976,0.011111111111111112,800.0,-0.9996986389160156
1977,1977,0.011111111111111112,800.0,-0.9997182422214084
1978,1978,0.011111111111111112,800.0,-0.9997034072875977
1979,1979,0.011111111111111112,800.0,-0.9997006522284614
1980,1980,0.011111111111111112,800.0,-0.9997043609619141
1981,1981,0.011111111111111112,800.0,-0.9997340308295356
1982,1982,0.011111111111111112,800.0,-0.9997046788533529
1983,1983,0.011111111111111112,800.0,-0.9997070100572374
1984,1984,0.011111111111111112,800.0,-0.9996876186794705
1985,1985,0.011111111111111112,800.0,-0.9997224807739258
1986,1986,0.011111111111111112,800.0,-0.9997283087836372
1987,1987,0.011111111111111112,800.0,-0.99972046746148
1988,1988,0.011111111111111112,800.0,-0.9997133678860135
1989,1989,0.011111111111111112,800.0,-0.9997191958957248
1990,1990,0.011111111111111112,800.0,-0.9997073279486762
1991,1991,0.011111111111111112,800.0,-0.9997453689575195
1992,1992,0.011111111111111112,800.0,-0.9997381634182401
1993,1993,0.011111111111111112,800.0,-0.9997187720404731
1994,1994,0.011111111111111112,800.0,-0.9997473822699653
1995,1995,0.011111111111111112,800.0,-0.9997090233696831
1996,1996,0.011111111111111112,800.0,-0.9997470643785265
1997,1997,0.011111111111111112,800.0,-0.999699592590332
1998,1998,0.011111111111111112,800.0,-0.9997387992011176
1999,1999,0.011111111111111112,800.0,-0.9997202555338541
2000,2000,0.03513641844631533,100.0,0.9610031975640191
2001,2001,0.03513641844631533,100.0,0.9632699754503038
2002,2002,0.03513641844631533,100.0,0.9644707573784722
2003,2003,0.03513641844631533,100.0,0.964614020453559
2004,2004,0.03513641844631533,100.0,-0.9996475643581815
2005,2005,0.03513641844631533,100.0,0.963139639960395
2006,2006,0.03513641844631533,100.0,0.9648444917466905
2007,2007,0.03513641844631533,100.0,0.9606088002522787
2008,2008,0.03513641844631533,100.0,0.9603773752848307
2009,2009,0.03513641844631533,100.0,0.9635985692342123
2010,2010,0.03513641844631533,100.0,0.9629490110609267
2011,2011,0.03513641844631533,100.0,0.9637620713975694
2012,2012,0.03513641844631533,100.0,0.9626142713758681
2013,2013,0.03513641844631533,100.0,0.9611625671386719
2014,2014,0.03513641844631533,100.0,0.9611639446682401
2015,2015,0.03513641844631533,100.0,0.9608745574951172
2016,2016,0.03513641844631533,100.0,-0.9990478091769748
2017,2017,0.03513641844631533,100.0,0.9592949549357096
2018,2018,0.03513641844631533,100.0,0.9656962288750542
2019,2019,0.03513641844631533,100.0,0.9622522989908854
2020,2020,0.03513641844631533,100.0,0.9619008170233833
2021,2021,0.03513641844631533,100.0,0.9607209099663628
2022,2022,0.03513641844631533,100.0,0.9630534913804796
2023,2023,0.03513641844631533,100.0,0.9657052357991537
2024,2024,0.03513641844631533,100.0,-0.9987389246622721
2025,2025,0.03513641844631533,100.0,0.9661766688028971
2026,2026,0.03513641844631533,100.0,0.9641673829820421
2027,2027,0.03513641844631533,100.0,0.9646721945868598
2028,2028,0.03513641844631533,100.0,0.9610819286770291
2029,2029,0.03513641844631533,100.0,0.9618357552422417
2030,2030,0.03513641844631533,100.0,-0.9997112486097548
2031,2031,0.03513641844631533,100.0,0.9605149163140191
2032,2032,0.03513641844631533,100.0,0.9639515346950955
2033,2033,0.03513641844631533,100.0,0.9639415740966797
2034,2034,0.03513641844631533,100.0,0.9646428426106771
2035,2035,0.03513641844631533,100.0,-0.9990619023640951
2036,2036,0.03513641844631533,100.0,-0.9996612336900499
2037,2037,0.03513641844631533,100.0,-0.9993813832600912
2038,2038,0.03513641844631533,100.0,0.9630842208862305
2039,2039,0.03513641844631533,100.0,0.9642223782009549
2040,2040,0.03513641844631533,100.0,0.9613620969984267
2041,2041,0.03513641844631533,100.0,-0.9993460973103842
2042,2042,0.03513641844631533,100.0,0.9652401606241862
2043,2043,0.03513641844631533,100.0,0.9617843627929688
2044,2044,0.03513641844631533,100.0,0.9641670650906033
2045,2045,0.03513641844631533,100.0,0.9636928770277235
2046,2046,0.03513641844631533,100.0,0.964013417561849
2047,2047,0.03513641844631533,100.0,0.9556655883789062
2048,2048,0.03513641844631533,100.0,0.956054581536187
2049,2049,0.03513641844631533,100.0,0.9644814597235786
2050,2050,0.03513641844631533,200.0,0.9417813618977865
2051,2051,0.03513641844631533,200.0,0.9300586912367079
2052,2052,0.03513641844631533,200.0,0.94485961066352
2053,2053,0.03513641844631533,200.0,0.9496714274088541
2054,2054,0.03513641844631533,200.0,-0.9994979434543185
2055,2055,0.03513641844631533,200.0,0.9446580674913194
2056,2056,0.03513641844631533,200.0,0.9490193261040581
2057,2057,0.03513641844631533,200.0,0.9387760162353516
2058,2058,0.03513641844631533,200.0,0.9402893914116753
2059,2059,0.03513641844631533,200.0,0.9467473559909396
2060,2060,0.03513641844631533,200.0,-0.9267989264594184
2061,2061,0.03513641844631533,200.0,0.9466739230685763
2062,2062,0.03513641844631533,200.0,0.9429594675699869
2063,2063,0.03513641844631533,200.0,-0.9741488562689887
2064,2064,0.03513641844631533,200.0,0.9417400360107422
2065,2065,0.03513641844631533,200.0,0.9354943169487847
2066,2066,0.03513641844631533,200.0,-0.9992107815212674
2067,2067,0.03513641844631533,200.0,0.9373741149902344
2068,2068,0.03513641844631533,200.0,0.9505863189697266
2069,2069,0.03513641844631533,200.0,0.9382903840806749
2070,2070,0.03513641844631533,200.0,0.93764771355523
2071,2071,0.03513641844631533,200.0,0.9023575252956815
2072,2072,0.03513641844631533,200.0,0.9413037829928927
2073,2073,0.03513641844631533,200.0,0.9509449005126953
2074,2074,0.03513641844631533,200.0,-0.9989568922254775
2075,2075,0.03513641844631533,200.0,0.9473836686876085
2076,2076,0.03513641844631533,200.0,0.9423080020480685
2077,2077,0.03513641844631533,200.0,0.9419003592597114
2078,2078,0.03513641844631533,200.0,0.9386106067233615
2079,2079,0.03513641844631533,200.0,0.9429776933458116
2080,2080,0.03513641844631533,200.0,-0.9996526506212022
2081,2081,0.03513641844631533,200.0,0.9384165869818794
2082,2082,0.03513641844631533,200.0,0.9457713233100044
2083,2083,0.03513641844631533,200.0,0.8989550272623698
2084,2084,0.03513641844631533,200.0,0.9471005333794488
2085,2085,0.03513641844631533,200.0,-0.9993185467190213
2086,2086,0.03513641844631533,200.0,-0.999699592590332
2087,2087,0.03513641844631533,200.0,-0.999291737874349
2088,2088,0.03513641844631533,200.0,0.9443668789333768
2089,2089,0.03513641844631533,200.0,0.9433405134412978
2090,2090,0.03513641844631533,200.0,0.9341692394680448
2091,2091,0.03513641844631533,200.0,-0.9994077682495117
2092,2092,0.03513641844631533,200.0,0.9476597044203017
2093,2093,0.03513641844631533,200.0,-0.998013072543674
2094,2094,0.03513641844631533,200.0,0.9469900131225586
2095,2095,0.03513641844631533,200.0,0.9244361453586154
2096,2096,0.03513641844631533,200.0,0.9427034589979384
2097,2097,0.03513641844631533,200.0,0.9293589062160916
2098,2098,0.03513641844631533,200.0,-0.9951842625935873
2099,2099,0.03513641844631533,200.0,0.9328440560234917
2100,2100,0.03513641844631533,300.0,0.9652372996012369
2101,2101,0.03513641844631533,300.0,-0.9996432198418511
2102,2102,0.03513641844631533,300.0,0.9619984096950955
2103,2103,0.03513641844631533,300.0,0.9675659603542752
2104,2104,0.03513641844631533,300.0,-0.9997409184773763
2105,2105,0.03513641844631533,300.0,0.9635233349270291
2106,2106,0.03513641844631533,300.0,0.9669813579983182
2107,2107,0.03513641844631533,300.0,0.9571259816487631
2108,2108,0.03513641844631533,300.0,0.9636862013075087
2109,2109,0.03513641844631533,300.0,0.9671013090345595
2110,2110,0.03513641844631533,300.0,-0.9996756447686089
2111,2111,0.03513641844631533,300.0,0.9660993152194552
2112,2112,0.03513641844631533,300.0,0.9637182023790147
2113,2113,0.03513641844631533,300.0,-0.9996654722425673
2114,2114,0.03513641844631533,300.0,0.9642169740464952
2115,2115,0.03513641844631533,300.0,-0.9993305206298828
2116,2116,0.03513641844631533,300.0,-0.999718983968099
2117,2117,0.03513641844631533,300.0,0.9581747055053711
2118,2118,0.03513641844631533,300.0,0.96767701043023
2119,2119,0.03513641844631533,300.0,0.912565549214681
2120,2120,0.03513641844631533,300.0,0.9532610575358073
2121,2121,0.03513641844631533,300.0,-0.9996542400783963
2122,2122,0.03513641844631533,300.0,0.9536650975545248
2123,2123,0.03513641844631533,300.0,0.9684722688462999
2124,2124,0.03513641844631533,300.0,-0.9996906916300455
2125,2125,0.03513641844631533,300.0,0.9640766779581705
2126,2126,0.03513641844631533,300.0,0.9497702916463217
2127,2127,0.03513641844631533,300.0,-0.9977859920925565
2128,2128,0.03513641844631533,300.0,0.7705816692776151
2129,2129,0.03513641844631533,300.0,0.9641637802124023
2130,2130,0.03513641844631533,300.0,-0.9997025595770942
2131,2131,0.03513641844631533,300.0,0.9588972727457682
2132,2132,0.03513641844631533,300.0,0.9663108189900717
2133,2133,0.03513641844631533,300.0,-0.9997035132514106
2134,2134,0.03513641844631533,300.0,0.9622715844048394
2135,2135,0.03513641844631533,300.0,-0.9997035132514106
2136,2136,0.03513641844631533,300.0,-0.9997347725762261
2137,2137,0.03513641844631533,300.0,-0.9997087054782443
2138,2138,0.03513641844631533,300.0,0.9648514853583442
2139,2139,0.03513641844631533,300.0,0.9595380359225802
2140,2140,0.03513641844631533,300.0,0.9390496148003472
2141,2141,0.03513641844631533,300.0,-0.9996980031331381
2142,2142,0.03513641844631533,300.0,0.964055167304145
2143,2143,0.03513641844631533,300.0,-0.9996993806627061
2144,2144,0.03513641844631533,300.0,0.9664496315850152
2145,2145,0.03513641844631533,300.0,-0.9996471405029297
2146,2146,0.03513641844631533,300.0,-0.9962443245781792
2147,2147,0.03513641844631533,300.0,0.9494776195949979
2148,2148,0.03513641844631533,300.0,-0.9996849695841471
2149,2149,0.03513641844631533,300.0,-0.9996751149495443
2150,2150,0.03513641844631533,400.0,0.9752964443630643
2151,2151,0.03513641844631533,400.0,-0.9996928109063042
2152,2152,0.03513641844631533,400.0,-0.9997342427571615
2153,2153,0.03513641844631533,400.0,0.976205931769477
2154,2154,0.03513641844631533,400.0,-0.9997492896185981
2155,2155,0.03513641844631533,400.0,0.9117266337076823
2156,2156,0.03513641844631533,400.0,0.9756232367621528
2157,2157,0.03513641844631533,400.0,-0.9997255537245009
2158,2158,0.03513641844631533,400.0,0.9745519426133897
2159,2159,0.03513641844631533,400.0,0.9756561915079752
2160,2160,0.03513641844631533,400.0,-0.999718983968099
2161,2161,0.03513641844631533,400.0,0.9754568735758463
2162,2162,0.03513641844631533,400.0,0.9697529474894205
2163,2163,0.03513641844631533,400.0,-0.9997148513793945
2164,2164,0.03513641844631533,400.0,0.9730600780910916
2165,2165,0.03513641844631533,400.0,-0.999693340725369
2166,2166,0.03513641844631533,400.0,-0.9997270372178819
2167,2167,0.03513641844631533,400.0,0.9601419236924913
2168,2168,0.03513641844631533,400.0,0.9764555825127496
2169,2169,0.03513641844631533,400.0,-0.9997010760837131
2170,2170,0.03513641844631533,400.0,-0.9997273551093208
2171,2171,0.03513641844631533,400.0,-0.9997360441419814
2172,2172,0.03513641844631533,400.0,-0.9997074339124892
2173,2173,0.03513641844631533,400.0,0.9770277871025933
2174,2174,0.03513641844631533,400.0,-0.9996906916300455
2175,2175,0.03513641844631533,400.0,-0.9996768103705512
2176,2176,0.03513641844631533,400.0,-0.9997353023952908
2177,2177,0.03513641844631533,400.0,-0.9996857113308377
2178,2178,0.03513641844631533,400.0,-0.9997346666124132
2179,2179,0.03513641844631533,400.0,0.9733585781521268
2180,2180,0.03513641844631533,400.0,-0.9997353023952908
2181,2181,0.03513641844631533,400.0,-0.9997080696953667
2182,2182,0.03513641844631533,400.0,0.9739586512247721
2183,2183,0.03513641844631533,400.0,-0.9997099770439996
2184,2184,0.03513641844631533,400.0,-0.9996760686238607
2185,2185,0.03513641844631533,400.0,-0.9997250239054362
2186,2186,0.03513641844631533,400.0,-0.9997201495700412
2187,2187,0.03513641844631533,400.0,-0.9997132619222006
2188,2188,0.03513641844631533,400.0,0.9742606480916342
2189,2189,0.03513641844631533,400.0,-0.999714109632704
2190,2190,0.03513641844631533,400.0,-0.9997146394517686
2191,2191,0.03513641844631533,400.0,-0.9997111426459419
2192,2192,0.03513641844631533,400.0,0.9666242599487305
2193,2193,0.03513641844631533,400.0,-0.9996808369954427
2194,2194,0.03513641844631533,400.0,0.9750038782755533
2195,2195,0.03513641844631533,400.0,-0.9997234344482422
2196,2196,0.03513641844631533,400.0,-0.9997347725762261
2197,2197,0.03513641844631533,400.0,-0.9996957778930664
2198,2198,0.03513641844631533,400.0,-0.9997076458401151
2199,2199,0.03513641844631533,400.0,-0.9996928109063042
2200,2200,0.03513641844631533,500.0,0.9801454544067383
2201,2201,0.03513641844631533,500.0,-0.9997214211357964
2202,2202,0.03513641844631533,500.0,-0.9997111426459419
2203,2203,0.03513641844631533,500.0,0.9811902576022677
2204,2204,0.03513641844631533,500.0,-0.999715593126085
2205,2205,0.03513641844631533,500.0,-0.9997040430704752
2206,2206,0.03513641844631533,500.0,0.9805142084757487
2207,2207,0.03513641844631533,500.0,-0.9997181362575955
2208,2208,0.03513641844631533,500.0,0.9805258644951714
2209,2209,0.03513641844631533,500.0,0.9806898964775933
2210,2210,0.03513641844631533,500.0,-0.9997134738498263
2211,2211,0.03513641844631533,500.0,0.9806609683566623
2212,2212,0.03513641844631533,500.0,-0.9996989568074545
2213,2213,0.03513641844631533,500.0,-0.9996973673502604
2214,2214,0.03513641844631533,500.0,0.9780371983846029
2215,2215,0.03513641844631533,500.0,-0.9997183481852213
2216,2216,0.03513641844631533,500.0,-0.9996453391181098
2217,2217,0.03513641844631533,500.0,-0.999725235833062
2218,2218,0.03513641844631533,500.0,0.9813172022501627
2219,2219,0.03513641844631533,500.0,-0.9996769163343642
2220,2220,0.03513641844631533,500.0,-0.9997342427571615
2221,2221,0.03513641844631533,500.0,-0.9997021357218424
2222,2222,0.03513641844631533,500.0,-0.999736467997233
2223,2223,0.03513641844631533,500.0,0.9812516106499566
2224,2224,0.03513641844631533,500.0,-0.9997224807739258
2225,2225,0.03513641844631533,500.0,-0.9996825324164497
2226,2226,0.03513641844631533,500.0,-0.999710930718316
2227,2227,0.03513641844631533,500.0,-0.999693340725369
2228,2228,0.03513641844631533,500.0,-0.999714215596517
2229,2229,0.03513641844631533,500.0,0.9769836001925998
2230,2230,0.03513641844631533,500.0,-0.9997309578789605
2231,2231,0.03513641844631533,500.0,-0.9997042549981011
2232,2232,0.03513641844631533,500.0,0.9791081746419271
2233,2233,0.03513641844631533,500.0,-0.9997078577677408
2234,2234,0.03513641844631533,500.0,-0.9996868769327799
2235,2235,0.03513641844631533,500.0,-0.9996768103705512
2236,2236,0.03513641844631533,500.0,-0.9997033013237847
2237,2237,0.03513641844631533,500.0,-0.9997234344482422
2238,2238,0.03513641844631533,500.0,0.9775540033976237
2239,2239,0.03513641844631533,500.0,-0.9997181362575955
2240,2240,0.03513641844631533,500.0,-0.9996864530775282
2241,2241,0.03513641844631533,500.0,-0.9997158050537109
2242,2242,0.03513641844631533,500.0,-0.9997099770439996
2243,2243,0.03513641844631533,500.0,-0.9997088114420573
2244,2244,0.03513641844631533,500.0,0.9778599209255643
2245,2245,0.03513641844631533,500.0,-0.9997376335991753
2246,2246,0.03513641844631533,500.0,-0.9997034072875977
2247,2247,0.03513641844631533,500.0,-0.9997422960069444
2248,2248,0.03513641844631533,500.0,-0.9997278849283854
2249,2249,0.03513641844631533,500.0,-0.9997010760837131
2250,2250,0.03513641844631533,600.0,0.9836602740817599
2251,2251,0.03513641844631533,600.0,-0.9996936586168077
2252,2252,0.03513641844631533,600.0,-0.9997249179416232
2253,2253,0.03513641844631533,600.0,0.984079466925727
2254,2254,0.03513641844631533,600.0,-0.9997152752346463
2255,2255,0.03513641844631533,600.0,-0.9997231165568033
2256,2256,0.03513641844631533,600.0,0.9826061460706923
2257,2257,0.03513641844631533,600.0,-0.9997244940863715
2258,2258,0.03513641844631533,600.0,0.9833012686835395
2259,2259,0.03513641844631533,600.0,0.9841577741834853
2260,2260,0.03513641844631533,600.0,-0.9997126261393229
2261,2261,0.03513641844631533,600.0,0.9837307400173612
2262,2262,0.03513641844631533,600.0,-0.9997552235921224
2263,2263,0.03513641844631533,600.0,-0.9997171825832791
2264,2264,0.03513641844631533,600.0,-0.9997069040934244
2265,2265,0.03513641844631533,600.0,-0.9997096591525607
2266,2266,0.03513641844631533,600.0,-0.9996898439195421
2267,2267,0.03513641844631533,600.0,-0.9996744791666666
2268,2268,0.03513641844631533,600.0,0.9838541878594292
2269,2269,0.03513641844631533,600.0,-0.9997117784288194
2270,2270,0.03513641844631533,600.0,-0.9996940824720595
2271,2271,0.03513641844631533,600.0,-0.9997058444552951
2272,2272,0.03513641844631533,600.0,-0.9997326532999674
2273,2273,0.03513641844631533,600.0,0.9842512342664931
2274,2274,0.03513641844631533,600.0,-0.9997100830078125
2275,2275,0.03513641844631533,600.0,-0.9996937645806206
2276,2276,0.03513641844631533,600.0,-0.9997284147474501
2277,2277,0.03513641844631533,600.0,-0.9997283087836372
2278,2278,0.03513641844631533,600.0,-0.9996942943996854
2279,2279,0.03513641844631533,600.0,-0.9997187720404731
2280,2280,0.03513641844631533,600.0,-0.9996613396538628
2281,2281,0.03513641844631533,600.0,-0.9997227986653646
2282,2282,0.03513641844631533,600.0,-0.9996844397650825
2283,2283,0.03513641844631533,600.0,-0.9997230105929904
2284,2284,0.03513641844631533,600.0,-0.9997123082478842
2285,2285,0.03513641844631533,600.0,-0.9997442033555772
2286,2286,0.03513641844631533,600.0,-0.9997064802381728
2287,2287,0.03513641844631533,600.0,-0.9997026655409071
2288,2288,0.03513641844631533,600.0,-0.9996970494588217
2289,2289,0.03513641844631533,600.0,-0.999709341261122
2290,2290,0.03513641844631533,600.0,-0.999723752339681
2291,2291,0.03513641844631533,600.0,-0.9996973673502604
2292,2292,0.03513641844631533,600.0,-0.9997198316786025
2293,2293,0.03513641844631533,600.0,-0.9997329711914062
2294,2294,0.03513641844631533,600.0,-0.9997165468004015
2295,2295,0.03513641844631533,600.0,-0.9997070100572374
2296,2296,0.03513641844631533,600.0,-0.9996965196397569
2297,2297,0.03513641844631533,600.0,-0.9997181362575955
2298,2298,0.03513641844631533,600.0,-0.9997182422214084
2299,2299,0.03513641844631533,600.0,-0.9997303220960829
2300,2300,0.03513641844631533,700.0,0.9859360588921441
2301,2301,0.03513641844631533,700.0,-0.9997089174058702
2302,2302,0.03513641844631533,700.0,-0.9997284147474501
2303,2303,0.03513641844631533,700.0,0.9860996670193143
2304,2304,0.03513641844631533,700.0,-0.9997058444552951
2305,2305,0.03513641844631533,700.0,-0.9997054206000434
2306,2306,0.03513641844631533,700.0,-0.9997278849283854
2307,2307,0.03513641844631533,700.0,-0.999714215596517
2308,2308,0.03513641844631533,700.0,0.9852396647135416
2309,2309,0.03513641844631533,700.0,0.9859455956353081
2310,2310,0.03513641844631533,700.0,-0.9997312757703993
2311,2311,0.03513641844631533,700.0,0.9847890006171333
2312,2312,0.03513641844631533,700.0,-0.9997082816229926
2313,2313,0.03513641844631533,700.0,-0.9997020297580295
2314,2314,0.03513641844631533,700.0,-0.999722056918674
2315,2315,0.03513641844631533,700.0,-0.999720573425293
2316,2316,0.03513641844631533,700.0,-0.9996827443440756
2317,2317,0.03513641844631533,700.0,-0.9997183481852213
2318,2318,0.03513641844631533,700.0,0.9862314860026041
2319,2319,0.03513641844631533,700.0,-0.9996934466891818
2320,2320,0.03513641844631533,700.0,-0.9997169706556532
2321,2321,0.03513641844631533,700.0,-0.999726931254069
2322,2322,0.03513641844631533,700.0,-0.9997014999389648
2323,2323,0.03513641844631533,700.0,0.9860086441040039
2324,2324,0.03513641844631533,700.0,-0.9997195137871636
2325,2325,0.03513641844631533,700.0,-0.9996980031331381
2326,2326,0.03513641844631533,700.0,-0.999680307176378
2327,2327,0.03513641844631533,700.0,-0.9996769163343642
2328,2328,0.03513641844631533,700.0,-0.999680413140191
2329,2329,0.03513641844631533,700.0,-0.999725235833062
2330,2330,0.03513641844631533,700.0,-0.9997280968560113
2331,2331,0.03513641844631533,700.0,-0.9997303220960829
2332,2332,0.03513641844631533,700.0,-0.99970457288954
2333,2333,0.03513641844631533,700.0,-0.9997181362575955
2334,2334,0.03513641844631533,700.0,-0.999731699625651
2335,2335,0.03513641844631533,700.0,-0.9997273551093208
2336,2336,0.03513641844631533,700.0,-0.9997137917412652
2337,2337,0.03513641844631533,700.0,-0.9996970494588217
2338,2338,0.03513641844631533,700.0,-0.9996841218736436
2339,2339,0.03513641844631533,700.0,-0.9996779759724935
2340,2340,0.03513641844631533,700.0,-0.9996931287977431
2341,2341,0.03513641844631533,700.0,-0.9996983210245768
2342,2342,0.03513641844631533,700.0,-0.9996957778930664
2343,2343,0.03513641844631533,700.0,-0.9997201495700412
2344,2344,0.03513641844631533,700.0,-0.9997041490342882
2345,2345,0.03513641844631533,700.0,-0.9997070100572374
2346,2346,0.03513641844631533,700.0,-0.9997181362575955
2347,2347,0.03513641844631533,700.0,-0.9997278849283854
2348,2348,0.03513641844631533,700.0,-0.9997380574544271
2349,2349,0.03513641844631533,700.0,-0.9997342427571615
2350,2350,0.03513641844631533,800.0,0.9873135884602865
2351,2351,0.03513641844631533,800.0,-0.9997036192152235
2352,2352,0.03513641844631533,800.0,-0.9996852874755859
2353,2353,0.03513641844631533,800.0,0.9875950283474393
2354,2354,0.03513641844631533,800.0,-0.9997163348727756
2355,2355,0.03513641844631533,800.0,-0.9996971554226346
2356,2356,0.03513641844631533,800.0,-0.9997127321031358
2357,2357,0.03513641844631533,800.0,-0.9996854994032118
2358,2358,0.03513641844631533,800.0,0.9872549904717339
2359,2359,0.03513641844631533,800.0,0.9876512951321073
2360,2360,0.03513641844631533,800.0,-0.9997284147474501
2361,2361,0.03513641844631533,800.0,-0.9997119903564453
2362,2362,0.03513641844631533,800.0,-0.9996854994032118
2363,2363,0.03513641844631533,800.0,-0.9997002283732096
2364,2364,0.03513641844631533,800.0,-0.9997314876980252
2365,2365,0.03513641844631533,800.0,-0.9997158050537109
2366,2366,0.03513641844631533,800.0,-0.9997165468004015
2367,2367,0.03513641844631533,800.0,-0.9997162289089627
2368,2368,0.03513641844631533,800.0,0.9874909718831381
2369,2369,0.03513641844631533,800.0,-0.99972046746148
2370,2370,0.03513641844631533,800.0,-0.9997241761949327
2371,2371,0.03513641844631533,800.0,-0.9997024536132812
2372,2372,0.03513641844631533,800.0,-0.9996668497721354
2373,2373,0.03513641844631533,800.0,0.9874741236368815
2374,2374,0.03513641844631533,800.0,-0.9997116724650065
2375,2375,0.03513641844631533,800.0,-0.9997113545735677
2376,2376,0.03513641844631533,800.0,-0.9996871948242188
2377,2377,0.03513641844631533,800.0,-0.9997114605373807
2378,2378,0.03513641844631533,800.0,-0.9997211032443576
2379,2379,0.03513641844631533,800.0,-0.9997166527642144
2380,2380,0.03513641844631533,800.0,-0.9997229046291776
2381,2381,0.03513641844631533,800.0,-0.9997102949354384
2382,2382,0.03513641844631533,800.0,-0.9997065862019857
2383,2383,0.03513641844631533,800.0,-0.9996771282619901
2384,2384,0.03513641844631533,800.0,-0.999718983968099
2385,2385,0.03513641844631533,800.0,-0.9996827443440756
2386,2386,0.03513641844631533,800.0,-0.9997251298692491
2387,2387,0.03513641844631533,800.0,-0.9997143215603299
2388,2388,0.03513641844631533,800.0,-0.999710824754503
2389,2389,0.03513641844631533,800.0,-0.9996510611640083
2390,2390,0.03513641844631533,800.0,-0.9997100830078125
2391,2391,0.03513641844631533,800.0,-0.9997127321031358
2392,2392,0.03513641844631533,800.0,-0.9997114605373807
2393,2393,0.03513641844631533,800.0,-0.9997152752346463
2394,2394,0.03513641844631533,800.0,-0.9997257656521268
2395,2395,0.03513641844631533,800.0,-0.9997196197509766
2396,2396,0.03513641844631533,800.0,-0.9997448391384549
2397,2397,0.03513641844631533,800.0,-0.9997199376424154
2398,2398,0.03513641844631533,800.0,-0.9997049967447916
2399,2399,0.03513641844631533,800.0,-0.9997132619222006
2400,2400,0.1111111111111111,100.0,0.9657651053534614
2401,2401,0.1111111111111111,100.0,0.9688272476196289
2402,2402,0.1111111111111111,100.0,0.9697442584567599
2403,2403,0.1111111111111111,100.0,0.9701875050862631
2404,2404,0.1111111111111111,100.0,-0.9997026655409071
2405,2405,0.1111111111111111,100.0,0.9687712987263998
2406,2406,0.1111111111111111,100.0,0.9702135721842448
2407,2407,0.1111111111111111,100.0,0.9665300581190321
2408,2408,0.1111111111111111,100.0,0.965764045715332
2409,2409,0.1111111111111111,100.0,0.969374868604872
2410,2410,0.1111111111111111,100.0,0.9691545698377821
2411,2411,0.1111111111111111,100.0,0.9692313936021593
2412,2412,0.1111111111111111,100.0,0.9682849248250326
2413,2413,0.1111111111111111,100.0,0.9674944347805448
2414,2414,0.1111111111111111,100.0,0.9671719868977865
2415,2415,0.1111111111111111,100.0,0.9672886530558268
2416,2416,0.1111111111111111,100.0,0.9472914801703559
2417,2417,0.1111111111111111,100.0,0.9658366309271919
2418,2418,0.1111111111111111,100.0,0.9707982805040147
2419,2419,0.1111111111111111,100.0,0.9678443272908529
2420,2420,0.1111111111111111,100.0,0.9674929512871636
2421,2421,0.1111111111111111,100.0,0.9672410753038194
2422,2422,0.1111111111111111,100.0,0.9687910079956055
2423,2423,0.1111111111111111,100.0,0.9710237714979384
2424,2424,0.1111111111111111,100.0,0.9441318511962891
2425,2425,0.1111111111111111,100.0,0.9709223641289605
2426,2426,0.1111111111111111,100.0,0.9700839784410265
2427,2427,0.1111111111111111,100.0,0.9697998894585503
2428,2428,0.1111111111111111,100.0,0.9673856099446615
2429,2429,0.1111111111111111,100.0,0.967683474222819
2430,2430,0.1111111111111111,100.0,-0.99969482421875
2431,2431,0.1111111111111111,100.0,0.9663458930121528
2432,2432,0.1111111111111111,100.0,0.968998908996582
2433,2433,0.1111111111111111,100.0,0.9699566099378798
2434,2434,0.1111111111111111,100.0,0.9700944688585069
2435,2435,0.1111111111111111,100.0,0.9472200605604384
2436,2436,0.1111111111111111,100.0,-0.9997010760837131
2437,2437,0.1111111111111111,100.0,-0.9996044370863173
2438,2438,0.1111111111111111,100.0,0.9689166810777452
2439,2439,0.1111111111111111,100.0,0.969667116800944
2440,2440,0.1111111111111111,100.0,0.9671498404608833
2441,2441,0.1111111111111111,100.0,-0.9991268581814237
2442,2442,0.1111111111111111,100.0,0.969920900132921
2443,2443,0.1111111111111111,100.0,0.9679387410481771
2444,2444,0.1111111111111111,100.0,0.9695800145467123
2445,2445,0.1111111111111111,100.0,0.9694884618123373
2446,2446,0.1111111111111111,100.0,0.969288190205892
2447,2447,0.1111111111111111,100.0,0.962783071729872
2448,2448,0.1111111111111111,100.0,0.961547745598687
2449,2449,0.1111111111111111,100.0,0.969972292582194
2450,2450,0.1111111111111111,200.0,0.9579020606146919
2451,2451,0.1111111111111111,200.0,0.9596078660753038
2452,2452,0.1111111111111111,200.0,0.9632698694864908
2453,2453,0.1111111111111111,200.0,0.9645223617553711
2454,2454,0.1111111111111111,200.0,-0.9996853934393989
2455,2455,0.1111111111111111,200.0,0.9617572360568576
2456,2456,0.1111111111111111,200.0,0.9645919799804688
2457,2457,0.1111111111111111,200.0,0.9578869077894423
2458,2458,0.1111111111111111,200.0,0.9575155046251085
2459,2459,0.1111111111111111,200.0,0.9632112714979384
2460,2460,0.1111111111111111,200.0,0.9586083094278971
2461,2461,0.1111111111111111,200.0,0.9629029168023003
2462,2462,0.1111111111111111,200.0,0.9611267513699002
2463,2463,0.1111111111111111,200.0,0.9545934465196397
2464,2464,0.1111111111111111,200.0,0.9593872494167752
2465,2465,0.1111111111111111,200.0,0.9575468699137369
2466,2466,0.1111111111111111,200.0,-0.9994807773166232
2467,2467,0.1111111111111111,200.0,0.9563741683959961
2468,2468,0.1111111111111111,200.0,0.9653714497884115
2469,2469,0.1111111111111111,200.0,0.9597820705837674
2470,2470,0.1111111111111111,200.0,0.9594572914971246
2471,2471,0.1111111111111111,200.0,0.9556304083930122
2472,2472,0.1111111111111111,200.0,0.9614010916815864
2473,2473,0.1111111111111111,200.0,0.9656652874416776
2474,2474,0.1111111111111111,200.0,-0.9993980195787218
2475,2475,0.1111111111111111,200.0,0.9651602639092339
2476,2476,0.1111111111111111,200.0,0.9636175367567275
2477,2477,0.1111111111111111,200.0,0.9628591537475586
2478,2478,0.1111111111111111,200.0,0.9578187730577257
2479,2479,0.1111111111111111,200.0,0.9603634940253364
2480,2480,0.1111111111111111,200.0,-0.999688466389974
2481,2481,0.1111111111111111,200.0,0.9572646882798936
2482,2482,0.1111111111111111,200.0,0.9626540078057183
2483,2483,0.1111111111111111,200.0,0.9614324569702148
2484,2484,0.1111111111111111,200.0,0.9639703962537978
2485,2485,0.1111111111111111,200.0,-0.9994822608100044
2486,2486,0.1111111111111111,200.0,-0.9996950361463759
2487,2487,0.1111111111111111,200.0,-0.9995876948038737
2488,2488,0.1111111111111111,200.0,0.9621962441338433
2489,2489,0.1111111111111111,200.0,0.9630776511298286
2490,2490,0.1111111111111111,200.0,0.957000838385688
2491,2491,0.1111111111111111,200.0,-0.9995230568779839
2492,2492,0.1111111111111111,200.0,0.9638537300957574
2493,2493,0.1111111111111111,200.0,0.9541909959581163
2494,2494,0.1111111111111111,200.0,0.9636009004380968
2495,2495,0.1111111111111111,200.0,0.961380746629503
2496,2496,0.1111111111111111,200.0,0.9623396131727431
2497,2497,0.1111111111111111,200.0,0.9505013359917535
2498,2498,0.1111111111111111,200.0,-0.9976466496785482
2499,2499,0.1111111111111111,200.0,0.9625488917032877
2500,2500,0.1111111111111111,300.0,0.9744706683688693
2501,2501,0.1111111111111111,300.0,0.9732466803656684
2502,2502,0.1111111111111111,300.0,0.9761783811781142
2503,2503,0.1111111111111111,300.0,0.9771074718899198
2504,2504,0.1111111111111111,300.0,-0.9996697107950846
2505,2505,0.1111111111111111,300.0,0.975386725531684
2506,2506,0.1111111111111111,300.0,0.977527830335829
2507,2507,0.1111111111111111,300.0,0.9740671581692166
2508,2508,0.1111111111111111,300.0,0.9743914074367948
2509,2509,0.1111111111111111,300.0,0.976368268330892
2510,2510,0.1111111111111111,300.0,0.970743391248915
2511,2511,0.1111111111111111,300.0,0.9762207667032877
2512,2512,0.1111111111111111,300.0,0.9754326078626845
2513,2513,0.1111111111111111,300.0,0.9631316926744249
2514,2514,0.1111111111111111,300.0,0.9748935699462891
2515,2515,0.1111111111111111,300.0,0.9731424119737413
2516,2516,0.1111111111111111,300.0,-0.9997024536132812
2517,2517,0.1111111111111111,300.0,0.9730045530531142
2518,2518,0.1111111111111111,300.0,0.9777339299519857
2519,2519,0.1111111111111111,300.0,0.9744256337483724
2520,2520,0.1111111111111111,300.0,0.9745800230238173
2521,2521,0.1111111111111111,300.0,0.9696979522705078
2522,2522,0.1111111111111111,300.0,0.975321027967665
2523,2523,0.1111111111111111,300.0,0.9772446950276693
2524,2524,0.1111111111111111,300.0,-0.9997211032443576
2525,2525,0.1111111111111111,300.0,0.9771829181247287
2526,2526,0.1111111111111111,300.0,0.9762442906697592
2527,2527,0.1111111111111111,300.0,0.9757467905680338
2528,2528,0.1111111111111111,300.0,0.9728354348076714
2529,2529,0.1111111111111111,300.0,0.9754767947726779
2530,2530,0.1111111111111111,300.0,-0.9997277789645724
2531,2531,0.1111111111111111,300.0,0.9734579722086588
2532,2532,0.1111111111111111,300.0,0.976347287495931
2533,2533,0.1111111111111111,300.0,0.974212540520562
2534,2534,0.1111111111111111,300.0,0.9767105314466689
2535,2535,0.1111111111111111,300.0,-0.9997026655409071
2536,2536,0.1111111111111111,300.0,-0.9996886783175998
2537,2537,0.1111111111111111,300.0,-0.9997058444552951
2538,2538,0.1111111111111111,300.0,0.9757339689466689
2539,2539,0.1111111111111111,300.0,0.9761300616794162
2540,2540,0.1111111111111111,300.0,0.9720359378390842
2541,2541,0.1111111111111111,300.0,-0.9997143215603299
2542,2542,0.1111111111111111,300.0,0.9764421251085069
2543,2543,0.1111111111111111,300.0,-0.9989421632554796
2544,2544,0.1111111111111111,300.0,0.9767445458306206
2545,2545,0.1111111111111111,300.0,0.9743980831570096
2546,2546,0.1111111111111111,300.0,0.9756347868177626
2547,2547,0.1111111111111111,300.0,0.9699005550808377
2548,2548,0.1111111111111111,300.0,-0.9997186660766602
2549,2549,0.1111111111111111,300.0,0.975239117940267
2550,2550,0.1111111111111111,400.0,0.9815973705715604
2551,2551,0.1111111111111111,400.0,0.9791120953030057
2552,2552,0.1111111111111111,400.0,0.9822582668728299
2553,2553,0.1111111111111111,400.0,0.9826768239339193
2554,2554,0.1111111111111111,400.0,-0.9997165468004015
2555,2555,0.1111111111111111,400.0,0.9820501539442275
2556,2556,0.1111111111111111,400.0,0.9831728405422635
2557,2557,0.1111111111111111,400.0,0.9812739690144857
2558,2558,0.1111111111111111,400.0,0.9814655515882704
2559,2559,0.1111111111111111,400.0,0.9828066296047635
2560,2560,0.1111111111111111,400.0,-0.9997212092081705
2561,2561,0.1111111111111111,400.0,0.9825223286946615
2562,2562,0.1111111111111111,400.0,0.9821573893229166
2563,2563,0.1111111111111111,400.0,-0.9997276730007596
2564,2564,0.1111111111111111,400.0,0.9818065431382921
2565,2565,0.1111111111111111,400.0,0.9797402487860786
2566,2566,0.1111111111111111,400.0,-0.9996913274129232
2567,2567,0.1111111111111111,400.0,0.9804763793945312
2568,2568,0.1111111111111111,400.0,0.9830717510647244
2569,2569,0.1111111111111111,400.0,0.9809486601087782
2570,2570,0.1111111111111111,400.0,0.9814736048380533
2571,2571,0.1111111111111111,400.0,-0.9997177124023438
2572,2572,0.1111111111111111,400.0,0.9816694259643555
2573,2573,0.1111111111111111,400.0,0.9829379187689887
2574,2574,0.1111111111111111,400.0,-0.9997004403008355
2575,2575,0.1111111111111111,400.0,0.982966423034668
2576,2576,0.1111111111111111,400.0,0.9822159873114692
2577,2577,0.1111111111111111,400.0,0.9820137023925781
2578,2578,0.1111111111111111,400.0,0.9795727199978299
2579,2579,0.1111111111111111,400.0,0.9821490181816949
2580,2580,0.1111111111111111,400.0,-0.9996662139892578
2581,2581,0.1111111111111111,400.0,0.9808229870266385
2582,2582,0.1111111111111111,400.0,0.9824376636081271
2583,2583,0.1111111111111111,400.0,0.9796818627251519
2584,2584,0.1111111111111111,400.0,0.9826449288262261
2585,2585,0.1111111111111111,400.0,-0.9996584786309136
2586,2586,0.1111111111111111,400.0,-0.9997381634182401
2587,2587,0.1111111111111111,400.0,-0.9997209972805448
2588,2588,0.1111111111111111,400.0,0.9822352727254232
2589,2589,0.1111111111111111,400.0,0.982116593254937
2590,2590,0.1111111111111111,400.0,0.9788710276285807
2591,2591,0.1111111111111111,400.0,-0.9997055265638564
2592,2592,0.1111111111111111,400.0,0.9824807908799913
2593,2593,0.1111111111111111,400.0,-0.99972046746148
2594,2594,0.1111111111111111,400.0,0.9826345443725586
2595,2595,0.1111111111111111,400.0,0.9806598027547201
2596,2596,0.1111111111111111,400.0,0.9816483391655816
2597,2597,0.1111111111111111,400.0,0.9781579971313477
2598,2598,0.1111111111111111,400.0,-0.9997164408365885
2599,2599,0.1111111111111111,400.0,0.9813767539130317
2600,2600,0.1111111111111111,500.0,0.9853219985961914
2601,2601,0.1111111111111111,500.0,-0.9997270372178819
2602,2602,0.1111111111111111,500.0,0.9858539369371202
2603,2603,0.1111111111111111,500.0,0.9860968059963651
2604,2604,0.1111111111111111,500.0,-0.9997197257147895
2605,2605,0.1111111111111111,500.0,0.9855994118584527
2606,2606,0.1111111111111111,500.0,0.9864656660291884
2607,2607,0.1111111111111111,500.0,0.9851280848185221
2608,2608,0.1111111111111111,500.0,0.9851998223198785
2609,2609,0.1111111111111111,500.0,0.9858830769856771
2610,2610,0.1111111111111111,500.0,-0.9997116724650065
2611,2611,0.1111111111111111,500.0,0.9858980178833008
2612,2612,0.1111111111111111,500.0,0.9856644736395942
2613,2613,0.1111111111111111,500.0,-0.9996942943996854
2614,2614,0.1111111111111111,500.0,0.9855641259087456
2615,2615,0.1111111111111111,500.0,0.9826902813381619
2616,2616,0.1111111111111111,500.0,-0.999736573961046
2617,2617,0.1111111111111111,500.0,0.9845786624484592
2618,2618,0.1111111111111111,500.0,0.9863407346937392
2619,2619,0.1111111111111111,500.0,0.98476685418023
2620,2620,0.1111111111111111,500.0,0.9852416780259874
2621,2621,0.1111111111111111,500.0,-0.9997279908921983
2622,2622,0.1111111111111111,500.0,0.9853774176703559
2623,2623,0.1111111111111111,500.0,0.9862473805745443
2624,2624,0.1111111111111111,500.0,-0.9997047848171658
2625,2625,0.1111111111111111,500.0,0.9862348768446181
2626,2626,0.1111111111111111,500.0,0.9857019848293729
2627,2627,0.1111111111111111,500.0,0.9854949315388998
2628,2628,0.1111111111111111,500.0,0.98305786980523
2629,2629,0.1111111111111111,500.0,0.985831790500217
2630,2630,0.1111111111111111,500.0,-0.9997644424438477
2631,2631,0.1111111111111111,500.0,0.9849084218343099
2632,2632,0.1111111111111111,500.0,0.9857855902777778
2633,2633,0.1111111111111111,500.0,0.9785406324598525
2634,2634,0.1111111111111111,500.0,0.9859630796644423
2635,2635,0.1111111111111111,500.0,-0.999726825290256
2636,2636,0.1111111111111111,500.0,-0.9996918572319878
2637,2637,0.1111111111111111,500.0,-0.9997112486097548
2638,2638,0.1111111111111111,500.0,0.9857818815443251
2639,2639,0.1111111111111111,500.0,0.9859080844455295
2640,2640,0.1111111111111111,500.0,0.9777544869316949
2641,2641,0.1111111111111111,500.0,-0.9997373157077365
2642,2642,0.1111111111111111,500.0,0.9858842425876193
2643,2643,0.1111111111111111,500.0,-0.9997090233696831
2644,2644,0.1111111111111111,500.0,0.9860680898030599
2645,2645,0.1111111111111111,500.0,0.9840929243299696
2646,2646,0.1111111111111111,500.0,0.9851450390285916
2647,2647,0.1111111111111111,500.0,0.9818247689141167
2648,2648,0.1111111111111111,500.0,-0.9997184541490343
2649,2649,0.1111111111111111,500.0,0.9846149020724826
2650,2650,0.1111111111111111,600.0,0.9877933926052518
2651,2651,0.1111111111111111,600.0,-0.9996916453043619
2652,2652,0.1111111111111111,600.0,0.9878885481092665
2653,2653,0.1111111111111111,600.0,0.9882596333821615
2654,2654,0.1111111111111111,600.0,-0.999699698554145
2655,2655,0.1111111111111111,600.0,0.9877083036634657
2656,2656,0.1111111111111111,600.0,0.9884411493937174
2657,2657,0.1111111111111111,600.0,0.9873596827189127
2658,2658,0.1111111111111111,600.0,0.9877445432874892
2659,2659,0.1111111111111111,600.0,0.9880519443088107
2660,2660,0.1111111111111111,600.0,-0.9997091293334961
2661,2661,0.1111111111111111,600.0,0.9879893196953667
2662,2662,0.1111111111111111,600.0,0.9879224565294054
2663,2663,0.1111111111111111,600.0,-0.9997222688462999
2664,2664,0.1111111111111111,600.0,0.9879176881578233
2665,2665,0.1111111111111111,600.0,-0.9996869828965929
2666,2666,0.1111111111111111,600.0,-0.9997106128268771
2667,2667,0.1111111111111111,600.0,0.9869669808281792
2668,2668,0.1111111111111111,600.0,0.9884405136108398
2669,2669,0.1111111111111111,600.0,0.9870681762695312
2670,2670,0.1111111111111111,600.0,0.9876230027940538
2671,2671,0.1111111111111111,600.0,-0.9997186660766602
2672,2672,0.1111111111111111,600.0,0.9876540501912435
2673,2673,0.1111111111111111,600.0,0.9883730146620009
2674,2674,0.1111111111111111,600.0,-0.9997363620334201
2675,2675,0.1111111111111111,600.0,0.9884681701660156
2676,2676,0.1111111111111111,600.0,0.9879378212822808
2677,2677,0.1111111111111111,600.0,0.9876534144083658
2678,2678,0.1111111111111111,600.0,-0.9997122022840712
2679,2679,0.1111111111111111,600.0,0.9879403644137912
2680,2680,0.1111111111111111,600.0,-0.9997102949354384
2681,2681,0.1111111111111111,600.0,0.987270885043674
2682,2682,0.1111111111111111,600.0,0.9880121019151475
2683,2683,0.1111111111111111,600.0,-0.9997053146362305
2684,2684,0.1111111111111111,600.0,0.9878850513034396
2685,2685,0.1111111111111111,600.0,-0.9997260835435655
2686,2686,0.1111111111111111,600.0,-0.9997046788533529
2687,2687,0.1111111111111111,600.0,-0.9997180302937826
2688,2688,0.1111111111111111,600.0,0.9880070156521268
2689,2689,0.1111111111111111,600.0,0.988212161593967
2690,2690,0.1111111111111111,600.0,-0.9997270372178819
2691,2691,0.1111111111111111,600.0,-0.9996969434950087
2692,2692,0.1111111111111111,600.0,0.9878121482001411
2693,2693,0.1111111111111111,600.0,-0.999701182047526
2694,2694,0.1111111111111111,600.0,0.9881711535983615
2695,2695,0.1111111111111111,600.0,-0.9997240702311198
2696,2696,0.1111111111111111,600.0,0.9875307083129883
2697,2697,0.1111111111111111,600.0,-0.9997166527642144
2698,2698,0.1111111111111111,600.0,-0.9996718300713433
2699,2699,0.1111111111111111,600.0,0.9867293039957682
2700,2700,0.1111111111111111,700.0,0.989378399319119
2701,2701,0.1111111111111111,700.0,-0.9997165468004015
2702,2702,0.1111111111111111,700.0,0.9895057678222656
2703,2703,0.1111111111111111,700.0,0.9896017710367838
2704,2704,0.1111111111111111,700.0,-0.9996970494588217
2705,2705,0.1111111111111111,700.0,0.9892074796888564
2706,2706,0.1111111111111111,700.0,0.9896258248223199
2707,2707,0.1111111111111111,700.0,0.9890953699747721
2708,2708,0.1111111111111111,700.0,0.9893912209404839
2709,2709,0.1111111111111111,700.0,0.9895450803968642
2710,2710,0.1111111111111111,700.0,-0.9996912214491103
2711,2711,0.1111111111111111,700.0,0.9895810021294488
2712,2712,0.1111111111111111,700.0,0.9893603854709201
2713,2713,0.1111111111111111,700.0,-0.9996955659654405
2714,2714,0.1111111111111111,700.0,0.9893469280666776
2715,2715,0.1111111111111111,700.0,-0.9997387992011176
2716,2716,0.1111111111111111,700.0,-0.9996987448798286
2717,2717,0.1111111111111111,700.0,0.9885517756144205
2718,2718,0.1111111111111111,700.0,0.9898274739583334
2719,2719,0.1111111111111111,700.0,0.9888270696004232
2720,2720,0.1111111111111111,700.0,0.9892574946085612
2721,2721,0.1111111111111111,700.0,-0.9997293684217665
2722,2722,0.1111111111111111,700.0,0.989426400926378
2723,2723,0.1111111111111111,700.0,0.9896697998046875
2724,2724,0.1111111111111111,700.0,-0.9997242821587456
2725,2725,0.1111111111111111,700.0,0.9898819393581815
2726,2726,0.1111111111111111,700.0,0.9893048604329427
2727,2727,0.1111111111111111,700.0,0.9892832438151041
2728,2728,0.1111111111111111,700.0,-0.9997242821587456
2729,2729,0.1111111111111111,700.0,0.9895777172512479
2730,2730,0.1111111111111111,700.0,-0.9997240702311198
2731,2731,0.1111111111111111,700.0,0.9887716505262587
2732,2732,0.1111111111111111,700.0,0.9896470175849067
2733,2733,0.1111111111111111,700.0,-0.9997287326388888
2734,2734,0.1111111111111111,700.0,0.9895776112874349
2735,2735,0.1111111111111111,700.0,-0.9997191958957248
2736,2736,0.1111111111111111,700.0,-0.9997013939751519
2737,2737,0.1111111111111111,700.0,-0.9997027715047201
2738,2738,0.1111111111111111,700.0,0.9893238279554579
2739,2739,0.1111111111111111,700.0,0.9897006352742513
2740,2740,0.1111111111111111,700.0,-0.9997053146362305
2741,2741,0.1111111111111111,700.0,-0.9996982150607638
2742,2742,0.1111111111111111,700.0,0.9893531799316406
2743,2743,0.1111111111111111,700.0,-0.9997246000501845
2744,2744,0.1111111111111111,700.0,0.9898014068603516
2745,2745,0.1111111111111111,700.0,-0.9997029834323459
2746,2746,0.1111111111111111,700.0,0.9891738891601562
2747,2747,0.1111111111111111,700.0,-0.9997404946221246
2748,2748,0.1111111111111111,700.0,-0.9996870888604058
2749,2749,0.1111111111111111,700.0,-0.9997054206000434
2750,2750,0.1111111111111111,800.0,0.990653567843967
2751,2751,0.1111111111111111,800.0,-0.9997247060139974
2752,2752,0.1111111111111111,800.0,0.9906072616577148
2753,2753,0.1111111111111111,800.0,0.9907254113091363
2754,2754,0.1111111111111111,800.0,-0.9997160169813368
2755,2755,0.1111111111111111,800.0,0.9902777141994901
2756,2756,0.1111111111111111,800.0,0.9906865225897895
2757,2757,0.1111111111111111,800.0,0.9901986651950412
2758,2758,0.1111111111111111,800.0,0.9902976353963217
2759,2759,0.1111111111111111,800.0,0.9907281663682725
2760,2760,0.1111111111111111,800.0,-0.9997180302937826
2761,2761,0.1111111111111111,800.0,0.9906619389851888
2762,2762,0.1111111111111111,800.0,0.9904227786593967
2763,2763,0.1111111111111111,800.0,-0.9997288386027018
2764,2764,0.1111111111111111,800.0,0.9906299379136827
2765,2765,0.1111111111111111,800.0,-0.9997016059027778
2766,2766,0.1111111111111111,800.0,-0.9997271431816949
2767,2767,0.1111111111111111,800.0,-0.999709341261122
2768,2768,0.1111111111111111,800.0,0.9907361136542426
2769,2769,0.1111111111111111,800.0,0.9894365734524198
2770,2770,0.1111111111111111,800.0,0.9903247621324327
2771,2771,0.1111111111111111,800.0,-0.9997147454155816
2772,2772,0.1111111111111111,800.0,0.9904521306355795
2773,2773,0.1111111111111111,800.0,0.9907006157769097
2774,2774,0.1111111111111111,800.0,-0.9997102949354384
2775,2775,0.1111111111111111,800.0,0.9908988740709093
2776,2776,0.1111111111111111,800.0,0.9904634687635634
2777,2777,0.1111111111111111,800.0,0.990296999613444
2778,2778,0.1111111111111111,800.0,-0.9997041490342882
2779,2779,0.1111111111111111,800.0,0.9906681908501519
2780,2780,0.1111111111111111,800.0,-0.9997046788533529
2781,2781,0.1111111111111111,800.0,0.9896262486775717
2782,2782,0.1111111111111111,800.0,0.9906342824300131
2783,2783,0.1111111111111111,800.0,-0.9996882544623481
2784,2784,0.1111111111111111,800.0,0.9906868404812283
2785,2785,0.1111111111111111,800.0,-0.9997137917412652
2786,2786,0.1111111111111111,800.0,-0.9997054206000434
2787,2787,0.1111111111111111,800.0,-0.9997052086724175
2788,2788,0.1111111111111111,800.0,0.9906304677327474
2789,2789,0.1111111111111111,800.0,0.9906965891520182
2790,2790,0.1111111111111111,800.0,-0.9997284147474501
2791,2791,0.1111111111111111,800.0,-0.9997195137871636
2792,2792,0.1111111111111111,800.0,0.9906477398342557
2793,2793,0.1111111111111111,800.0,-0.9997487597995334
2794,2794,0.1111111111111111,800.0,0.9909524917602539
2795,2795,0.1111111111111111,800.0,-0.9996909035576714
2796,2796,0.1111111111111111,800.0,0.9902877807617188
2797,2797,0.1111111111111111,800.0,-0.9997222688462999
2798,2798,0.1111111111111111,800.0,-0.9996969434950087
2799,2799,0.1111111111111111,800.0,-0.9997267193264432
2800,2800,0.35136418446315326,100.0,0.9710830052693685
2801,2801,0.35136418446315326,100.0,0.9743611017862955
2802,2802,0.35136418446315326,100.0,0.9747401343451606
2803,2803,0.35136418446315326,100.0,0.9749878777398003
2804,2804,0.35136418446315326,100.0,-0.9997194078233507
2805,2805,0.35136418446315326,100.0,0.9739376703898112
2806,2806,0.35136418446315326,100.0,0.9748789469401041
2807,2807,0.35136418446315326,100.0,0.9721059799194336
2808,2808,0.35136418446315326,100.0,0.9713360468546549
2809,2809,0.35136418446315326,100.0,0.9742999606662326
2810,2810,0.35136418446315326,100.0,0.9748290379842123
2811,2811,0.35136418446315326,100.0,0.9743155373467339
2812,2812,0.35136418446315326,100.0,0.9735128614637587
2813,2813,0.35136418446315326,100.0,0.9735307693481445
2814,2814,0.35136418446315326,100.0,0.9724841647677951
2815,2815,0.35136418446315326,100.0,0.9728484683566623
2816,2816,0.35136418446315326,100.0,0.96944702996148
2817,2817,0.35136418446315326,100.0,0.9711010191175673
2818,2818,0.35136418446315326,100.0,0.9754041035970052
2819,2819,0.35136418446315326,100.0,0.9732098049587674
2820,2820,0.35136418446315326,100.0,0.972942034403483
2821,2821,0.35136418446315326,100.0,0.9731070200602213
2822,2822,0.35136418446315326,100.0,0.973907576666938
2823,2823,0.35136418446315326,100.0,0.9755774603949653
2824,2824,0.35136418446315326,100.0,0.9671738942464193
2825,2825,0.35136418446315326,100.0,0.9755933549669054
2826,2826,0.35136418446315326,100.0,0.9748518202039931
2827,2827,0.35136418446315326,100.0,0.9748065736558702
2828,2828,0.35136418446315326,100.0,0.9730317857530382
2829,2829,0.35136418446315326,100.0,0.9729070663452148
2830,2830,0.35136418446315326,100.0,-0.9997002283732096
2831,2831,0.35136418446315326,100.0,0.9719984266493056
2832,2832,0.35136418446315326,100.0,0.9740189446343316
2833,2833,0.35136418446315326,100.0,0.9752340316772461
2834,2834,0.35136418446315326,100.0,0.9748682445949979
2835,2835,0.35136418446315326,100.0,0.9700893825954862
2836,2836,0.35136418446315326,100.0,-0.9997043609619141
2837,2837,0.35136418446315326,100.0,-0.9995343950059679
2838,2838,0.35136418446315326,100.0,0.9739791022406684
2839,2839,0.35136418446315326,100.0,0.974649535285102
2840,2840,0.35136418446315326,100.0,0.973007943895128
2841,2841,0.35136418446315326,100.0,0.9697092903984917
2842,2842,0.35136418446315326,100.0,0.9747842152913412
2843,2843,0.35136418446315326,100.0,0.9739842944675021
2844,2844,0.35136418446315326,100.0,0.9744395150078667
2845,2845,0.35136418446315326,100.0,0.9747222264607748
2846,2846,0.35136418446315326,100.0,0.9743268754747179
2847,2847,0.35136418446315326,100.0,0.9676636589898003
2848,2848,0.35136418446315326,100.0,0.9694729910956489
2849,2849,0.35136418446315326,100.0,0.9750738143920898
2850,2850,0.35136418446315326,200.0,0.9693885379367404
2851,2851,0.35136418446315326,200.0,0.9731374316745334
2852,2852,0.35136418446315326,200.0,0.9736932118733724
2853,2853,0.35136418446315326,200.0,0.974026256137424
2854,2854,0.35136418446315326,200.0,-0.999715593126085
2855,2855,0.35136418446315326,200.0,0.9727359347873263
2856,2856,0.35136418446315326,200.0,0.9739067289564345
2857,2857,0.35136418446315326,200.0,0.9705141915215386
2858,2858,0.35136418446315326,200.0,0.9696431689792209
2859,2859,0.35136418446315326,200.0,0.973173565334744
2860,2860,0.35136418446315326,200.0,0.9735859764946831
2861,2861,0.35136418446315326,200.0,0.9731900956895616
2862,2862,0.35136418446315326,200.0,0.9722423553466797
2863,2863,0.35136418446315326,200.0,0.9720520443386502
2864,2864,0.35136418446315326,200.0,0.9709262847900391
2865,2865,0.35136418446315326,200.0,0.9711840947469076
2866,2866,0.35136418446315326,200.0,0.9647635353936089
2867,2867,0.35136418446315326,200.0,0.9691363440619575
2868,2868,0.35136418446315326,200.0,0.9744762844509549
2869,2869,0.35136418446315326,200.0,0.9718765682644315
2870,2870,0.35136418446315326,200.0,0.9715083440144857
2871,2871,0.35136418446315326,200.0,0.9716127183702257
2872,2872,0.35136418446315326,200.0,0.9726734161376953
2873,2873,0.35136418446315326,200.0,0.9746711519029405
2874,2874,0.35136418446315326,200.0,0.9566276338365343
2875,2875,0.35136418446315326,200.0,0.9746700922648112
2876,2876,0.35136418446315326,200.0,0.9738017188178169
2877,2877,0.35136418446315326,200.0,0.9737254248725044
2878,2878,0.35136418446315326,200.0,0.9714411629570855
2879,2879,0.35136418446315326,200.0,0.9715124766031901
2880,2880,0.35136418446315326,200.0,-0.9996983210245768
2881,2881,0.35136418446315326,200.0,0.9702915615505643
2882,2882,0.35136418446315326,200.0,0.9728787740071615
2883,2883,0.35136418446315326,200.0,0.9741028679741753
2884,2884,0.35136418446315326,200.0,0.9738891389634874
2885,2885,0.35136418446315326,200.0,0.9662187364366319
2886,2886,0.35136418446315326,200.0,-0.9997024536132812
2887,2887,0.35136418446315326,200.0,-0.9996024237738715
2888,2888,0.35136418446315326,200.0,0.9727923075358073
2889,2889,0.35136418446315326,200.0,0.9735634062025282
2890,2890,0.35136418446315326,200.0,0.9714450836181641
2891,2891,0.35136418446315326,200.0,0.9651287926567925
2892,2892,0.35136418446315326,200.0,0.9737585915459527
2893,2893,0.35136418446315326,200.0,0.9726133346557617
2894,2894,0.35136418446315326,200.0,0.9734236399332682
2895,2895,0.35136418446315326,200.0,0.9735355377197266
2896,2896,0.35136418446315326,200.0,0.9732487996419271
2897,2897,0.35136418446315326,200.0,0.9641132354736328
2898,2898,0.35136418446315326,200.0,0.9659833908081055
2899,2899,0.35136418446315326,200.0,0.9740688535902235
2900,2900,0.35136418446315326,300.0,0.9807216856214735
2901,2901,0.35136418446315326,300.0,0.9823935826619467
2902,2902,0.35136418446315326,300.0,0.9825432035658095
2903,2903,0.35136418446315326,300.0,0.9827975167168511
2904,2904,0.35136418446315326,300.0,-0.9996716181437174
2905,2905,0.35136418446315326,300.0,0.9819841384887695
2906,2906,0.35136418446315326,300.0,0.9830524656507704
2907,2907,0.35136418446315326,300.0,0.9813710318671333
2908,2908,0.35136418446315326,300.0,0.9809783299763998
2909,2909,0.35136418446315326,300.0,0.9822538163926866
2910,2910,0.35136418446315326,300.0,0.9823316997951932
2911,2911,0.35136418446315326,300.0,0.9822376039293077
2912,2912,0.35136418446315326,300.0,0.9819371965196397
2913,2913,0.35136418446315326,300.0,0.9815386666191949
2914,2914,0.35136418446315326,300.0,0.9814352459377713
2915,2915,0.35136418446315326,300.0,0.981636471218533
2916,2916,0.35136418446315326,300.0,0.9781439039442275
2917,2917,0.35136418446315326,300.0,0.9805427127414279
2918,2918,0.35136418446315326,300.0,0.9832429885864258
2919,2919,0.35136418446315326,300.0,0.9817924499511719
2920,2920,0.35136418446315326,300.0,0.9817335340711806
2921,2921,0.35136418446315326,300.0,0.982054180569119
2922,2922,0.35136418446315326,300.0,0.9821779463026259
2923,2923,0.35136418446315326,300.0,0.9828392664591471
2924,2924,0.35136418446315326,300.0,0.9584813647800021
2925,2925,0.35136418446315326,300.0,0.983091778225369
2926,2926,0.35136418446315326,300.0,0.9826440811157227
2927,2927,0.35136418446315326,300.0,0.9825155470106337
2928,2928,0.35136418446315326,300.0,0.9814688364664713
2929,2929,0.35136418446315326,300.0,0.9818291134304471
2930,2930,0.35136418446315326,300.0,-0.9997289445665147
2931,2931,0.35136418446315326,300.0,0.9810465706719292
2932,2932,0.35136418446315326,300.0,0.9823344548543295
2933,2933,0.35136418446315326,300.0,0.9828740225897895
2934,2934,0.35136418446315326,300.0,0.9827733569675021
2935,2935,0.35136418446315326,300.0,0.9787367714775933
2936,2936,0.35136418446315326,300.0,-0.9996905856662326
2937,2937,0.35136418446315326,300.0,-0.9997077518039279
2938,2938,0.35136418446315326,300.0,0.9819828669230143
2939,2939,0.35136418446315326,300.0,0.9825525283813477
2940,2940,0.35136418446315326,300.0,0.9814425574408637
2941,2941,0.35136418446315326,300.0,0.9777691099378798
2942,2942,0.35136418446315326,300.0,0.9824612935384115
2943,2943,0.35136418446315326,300.0,0.9821333355373807
2944,2944,0.35136418446315326,300.0,0.9825718137953017
2945,2945,0.35136418446315326,300.0,0.9824439154730903
2946,2946,0.35136418446315326,300.0,0.9824503792656792
2947,2947,0.35136418446315326,300.0,0.9783711963229709
2948,2948,0.35136418446315326,300.0,0.9788667890760634
2949,2949,0.35136418446315326,300.0,0.9827475017971463
2950,2950,0.35136418446315326,400.0,0.9858909183078342
2951,2951,0.35136418446315326,400.0,0.9868898391723633
2952,2952,0.35136418446315326,400.0,0.986853387620714
2953,2953,0.35136418446315326,400.0,0.9868738386366103
2954,2954,0.35136418446315326,400.0,-0.9997179243299696
2955,2955,0.35136418446315326,400.0,0.986705462137858
2956,2956,0.35136418446315326,400.0,0.9872554143269857
2957,2957,0.35136418446315326,400.0,0.9864087634616427
2958,2958,0.35136418446315326,400.0,0.9860017564561632
2959,2959,0.35136418446315326,400.0,0.9869611528184679
2960,2960,0.35136418446315326,400.0,0.9868970447116427
2961,2961,0.35136418446315326,400.0,0.9867868423461914
2962,2962,0.35136418446315326,400.0,0.9867419136895074
2963,2963,0.35136418446315326,400.0,0.9862486521402994
2964,2964,0.35136418446315326,400.0,0.9863323635525174
2965,2965,0.35136418446315326,400.0,0.9863271713256836
2966,2966,0.35136418446315326,400.0,0.9844934675428603
2967,2967,0.35136418446315326,400.0,0.9858652750651041
2968,2968,0.35136418446315326,400.0,0.9871916241115994
2969,2969,0.35136418446315326,400.0,0.986329714457194
2970,2970,0.35136418446315326,400.0,0.9865863588121202
2971,2971,0.35136418446315326,400.0,0.9865549935234917
2972,2972,0.35136418446315326,400.0,0.9866611692640517
2973,2973,0.35136418446315326,400.0,0.9870651033189561
2974,2974,0.35136418446315326,400.0,-0.9997008641560873
2975,2975,0.35136418446315326,400.0,0.9873129526774088
2976,2976,0.35136418446315326,400.0,0.9869350857204862
2977,2977,0.35136418446315326,400.0,0.986954583062066
2978,2978,0.35136418446315326,400.0,0.9861917495727539
2979,2979,0.35136418446315326,400.0,0.9865856170654297
2980,2980,0.35136418446315326,400.0,-0.9996672736273872
2981,2981,0.35136418446315326,400.0,0.9861672719319662
2982,2982,0.35136418446315326,400.0,0.9867498609754775
2983,2983,0.35136418446315326,400.0,0.9869197209676107
2984,2984,0.35136418446315326,400.0,0.9870903227064345
2985,2985,0.35136418446315326,400.0,0.9847528669569228
2986,2986,0.35136418446315326,400.0,-0.9997391170925565
2987,2987,0.35136418446315326,400.0,-0.9997219509548612
2988,2988,0.35136418446315326,400.0,0.9866739908854166
2989,2989,0.35136418446315326,400.0,0.986792352464464
2990,2990,0.35136418446315326,400.0,0.9862859514024522
2991,2991,0.35136418446315326,400.0,0.9841520521375868
2992,2992,0.35136418446315326,400.0,0.9868182076348199
2993,2993,0.35136418446315326,400.0,0.9866687986585829
2994,2994,0.35136418446315326,400.0,0.9868783950805664
2995,2995,0.35136418446315326,400.0,0.9868715074327257
2996,2996,0.35136418446315326,400.0,0.9867161644829644
2997,2997,0.35136418446315326,400.0,0.9846844143337674
2998,2998,0.35136418446315326,400.0,0.9847558339436849
2999,2999,0.35136418446315326,400.0,0.9870489968193902
3000,3000,0.35136418446315326,500.0,0.98873413933648
3001,3001,0.35136418446315326,500.0,0.9894099765353732
3002,3002,0.35136418446315326,500.0,0.9895377688937717
3003,3003,0.35136418446315326,500.0,0.9894847869873047
3004,3004,0.35136418446315326,500.0,-0.99972046746148
3005,3005,0.35136418446315326,500.0,0.9893399344550239
3006,3006,0.35136418446315326,500.0,0.9898031022813585
3007,3007,0.35136418446315326,500.0,0.9892349243164062
3008,3008,0.35136418446315326,500.0,0.9887901941935221
3009,3009,0.35136418446315326,500.0,0.9893148210313585
3010,3010,0.35136418446315326,500.0,0.9894798066880968
3011,3011,0.35136418446315326,500.0,0.9893610212537978
3012,3012,0.35136418446315326,500.0,0.9893548753526475
3013,3013,0.35136418446315326,500.0,0.9892332288953993
3014,3014,0.35136418446315326,500.0,0.9891381793551974
3015,3015,0.35136418446315326,500.0,0.9889878167046441
3016,3016,0.35136418446315326,500.0,0.9878811306423612
3017,3017,0.35136418446315326,500.0,0.9888968997531467
3018,3018,0.35136418446315326,500.0,0.9896884494357638
3019,3019,0.35136418446315326,500.0,0.989082760281033
3020,3020,0.35136418446315326,500.0,0.9893025292290581
3021,3021,0.35136418446315326,500.0,0.9892381032307943
3022,3022,0.35136418446315326,500.0,0.9893861346774631
3023,3023,0.35136418446315326,500.0,0.98963377210829
3024,3024,0.35136418446315326,500.0,-0.9997054206000434
3025,3025,0.35136418446315326,500.0,0.9897716310289171
3026,3026,0.35136418446315326,500.0,0.9895043902926974
3027,3027,0.35136418446315326,500.0,0.9895144568549262
3028,3028,0.35136418446315326,500.0,0.9890244801839193
3029,3029,0.35136418446315326,500.0,0.9893502129448785
3030,3030,0.35136418446315326,500.0,-0.9997649722629123
3031,3031,0.35136418446315326,500.0,0.989172617594401
3032,3032,0.35136418446315326,500.0,0.9892873764038086
3033,3033,0.35136418446315326,500.0,0.9894684685601128
3034,3034,0.35136418446315326,500.0,0.9895931879679362
3035,3035,0.35136418446315326,500.0,0.9882142808702257
3036,3036,0.35136418446315326,500.0,-0.9996923870510526
3037,3037,0.35136418446315326,500.0,-0.9997118843926324
3038,3038,0.35136418446315326,500.0,0.9893289142184787
3039,3039,0.35136418446315326,500.0,0.9895985921223959
3040,3040,0.35136418446315326,500.0,0.988962279425727
3041,3041,0.35136418446315326,500.0,0.9875758488972982
3042,3042,0.35136418446315326,500.0,0.9893804126315646
3043,3043,0.35136418446315326,500.0,0.989476203918457
3044,3044,0.35136418446315326,500.0,0.9895303514268663
3045,3045,0.35136418446315326,500.0,0.9895588556925455
3046,3046,0.35136418446315326,500.0,0.9892797470092773
3047,3047,0.35136418446315326,500.0,0.9881883197360568
3048,3048,0.35136418446315326,500.0,0.9880721833970811
3049,3049,0.35136418446315326,500.0,0.9894316991170248
3050,3050,0.35136418446315326,600.0,0.9906830257839627
3051,3051,0.35136418446315326,600.0,0.9910630120171441
3052,3052,0.35136418446315326,600.0,0.9911085764567057
3053,3053,0.35136418446315326,600.0,0.9911798901028104
3054,3054,0.35136418446315326,600.0,-0.9997002283732096
3055,3055,0.35136418446315326,600.0,0.9909593794080946
3056,3056,0.35136418446315326,600.0,0.9913740158081055
3057,3057,0.35136418446315326,600.0,0.990936173333062
3058,3058,0.35136418446315326,600.0,0.9907610151502821
3059,3059,0.35136418446315326,600.0,0.9910236994425455
3060,3060,0.35136418446315326,600.0,0.9909969965616862
3061,3061,0.35136418446315326,600.0,0.9909953011406792
3062,3062,0.35136418446315326,600.0,0.9911037021213107
3063,3063,0.35136418446315326,600.0,0.990973260667589
3064,3064,0.35136418446315326,600.0,0.9909695519341363
3065,3065,0.35136418446315326,600.0,0.99089601304796
3066,3066,0.35136418446315326,600.0,0.9900045394897461
3067,3067,0.35136418446315326,600.0,0.9907480875651041
3068,3068,0.35136418446315326,600.0,0.991363631354438
3069,3069,0.35136418446315326,600.0,0.9908076392279731
3070,3070,0.35136418446315326,600.0,0.9910927878485786
3071,3071,0.35136418446315326,600.0,0.9909424251980252
3072,3072,0.35136418446315326,600.0,0.9910798602634006
3073,3073,0.35136418446315326,600.0,0.9913267559475369
3074,3074,0.35136418446315326,600.0,-0.9997368918524848
3075,3075,0.35136418446315326,600.0,0.9915137820773654
3076,3076,0.35136418446315326,600.0,0.9912132687038846
3077,3077,0.35136418446315326,600.0,0.9911582734849718
3078,3078,0.35136418446315326,600.0,0.9907160864935981
3079,3079,0.35136418446315326,600.0,0.9909873538547092
3080,3080,0.35136418446315326,600.0,-0.9997107187906901
3081,3081,0.35136418446315326,600.0,0.9909498426649306
3082,3082,0.35136418446315326,600.0,0.991011831495497
3083,3083,0.35136418446315326,600.0,0.9911920759412978
3084,3084,0.35136418446315326,600.0,0.9910870658026801
3085,3085,0.35136418446315326,600.0,0.9902260038587782
3086,3086,0.35136418446315326,600.0,-0.9997052086724175
3087,3087,0.35136418446315326,600.0,-0.9997184541490343
3088,3088,0.35136418446315326,600.0,0.9910701115926107
3089,3089,0.35136418446315326,600.0,0.9913606643676758
3090,3090,0.35136418446315326,600.0,0.9908635881212022
3091,3091,0.35136418446315326,600.0,0.9898005591498481
3092,3092,0.35136418446315326,600.0,0.9909074571397569
3093,3093,0.35136418446315326,600.0,0.9913460413614908
3094,3094,0.35136418446315326,600.0,0.9911920759412978
3095,3095,0.35136418446315326,600.0,0.991135385301378
3096,3096,0.35136418446315326,600.0,0.9910626941257052
3097,3097,0.35136418446315326,600.0,0.9902374479505751
3098,3098,0.35136418446315326,600.0,0.9901776843600802
3099,3099,0.35136418446315326,600.0,0.9911393059624566
3100,3100,0.35136418446315326,700.0,0.9919718636406792
3101,3101,0.35136418446315326,700.0,0.9923555586073134
3102,3102,0.35136418446315326,700.0,0.99236085679796
3103,3103,0.35136418446315326,700.0,0.9922764036390517
3104,3104,0.35136418446315326,700.0,-0.9996974733140733
3105,3105,0.35136418446315326,700.0,0.9921202129787869
3106,3106,0.35136418446315326,700.0,0.992343372768826
3107,3107,0.35136418446315326,700.0,0.9923170937432183
3108,3108,0.35136418446315326,700.0,0.9920727411905924
3109,3109,0.35136418446315326,700.0,0.9922191831800673
3110,3110,0.35136418446315326,700.0,0.9922332763671875
3111,3111,0.35136418446315326,700.0,0.9922590255737305
3112,3112,0.35136418446315326,700.0,0.9922371970282661
3113,3113,0.35136418446315326,700.0,0.9923623402913412
3114,3114,0.35136418446315326,700.0,0.9921233918931749
3115,3115,0.35136418446315326,700.0,0.992102305094401
3116,3116,0.35136418446315326,700.0,0.991424560546875
3117,3117,0.35136418446315326,700.0,0.9920742246839735
3118,3118,0.35136418446315326,700.0,0.9924865298800998
3119,3119,0.35136418446315326,700.0,0.9922183354695638
3120,3120,0.35136418446315326,700.0,0.9923334121704102
3121,3121,0.35136418446315326,700.0,0.9923164579603407
3122,3122,0.35136418446315326,700.0,0.9924325942993164
3123,3123,0.35136418446315326,700.0,0.9923902087741427
3124,3124,0.35136418446315326,700.0,-0.9997247060139974
3125,3125,0.35136418446315326,700.0,0.9926305347018771
3126,3126,0.35136418446315326,700.0,0.992280536227756
3127,3127,0.35136418446315326,700.0,0.9923929638332791
3128,3128,0.35136418446315326,700.0,0.9920200771755643
3129,3129,0.35136418446315326,700.0,0.992287105984158
3130,3130,0.35136418446315326,700.0,-0.9997249179416232
3131,3131,0.35136418446315326,700.0,0.9921552870008681
3132,3132,0.35136418446315326,700.0,0.9923265245225694
3133,3133,0.35136418446315326,700.0,0.9923468695746528
3134,3134,0.35136418446315326,700.0,0.9923960367838541
3135,3135,0.35136418446315326,700.0,0.9916341569688585
3136,3136,0.35136418446315326,700.0,-0.9997020297580295
3137,3137,0.35136418446315326,700.0,-0.9997031953599718
3138,3138,0.35136418446315326,700.0,0.9921342002020942
3139,3139,0.35136418446315326,700.0,0.9925190607706705
3140,3140,0.35136418446315326,700.0,0.9920288721720377
3141,3141,0.35136418446315326,700.0,0.991390758090549
3142,3142,0.35136418446315326,700.0,0.9921370612250434
3143,3143,0.35136418446315326,700.0,0.9924659729003906
3144,3144,0.35136418446315326,700.0,0.9924900266859267
3145,3145,0.35136418446315326,700.0,0.9923571480645074
3146,3146,0.35136418446315326,700.0,0.9923184712727865
3147,3147,0.35136418446315326,700.0,0.9917572869194878
3148,3148,0.35136418446315326,700.0,0.9916797214084201
3149,3149,0.35136418446315326,700.0,0.9923265245225694
3150,3150,0.35136418446315326,800.0,0.9930133819580078
3151,3151,0.35136418446315326,800.0,0.9932207531399198
3152,3152,0.35136418446315326,800.0,0.9932382371690538
3153,3153,0.35136418446315326,800.0,0.993201043870714
3154,3154,0.35136418446315326,800.0,-0.9997163348727756
3155,3155,0.35136418446315326,800.0,0.9929617775811089
3156,3156,0.35136418446315326,800.0,0.9932110044691298
3157,3157,0.35136418446315326,800.0,0.9932334687974718
3158,3158,0.35136418446315326,800.0,0.9928261439005533
3159,3159,0.35136418446315326,800.0,0.9931768841213651
3160,3160,0.35136418446315326,800.0,0.9931288825141059
3161,3161,0.35136418446315326,800.0,0.9931504991319444
3162,3162,0.35136418446315326,800.0,0.9930801391601562
3163,3163,0.35136418446315326,800.0,0.993223508199056
3164,3164,0.35136418446315326,800.0,0.9931517706976997
3165,3165,0.35136418446315326,800.0,0.9929634730021158
3166,3166,0.35136418446315326,800.0,0.9925017886691623
3167,3167,0.35136418446315326,800.0,0.9929325315687392
3168,3168,0.35136418446315326,800.0,0.9932372834947374
3169,3169,0.35136418446315326,800.0,0.9930469724867079
3170,3170,0.35136418446315326,800.0,0.9931668175591363
3171,3171,0.35136418446315326,800.0,0.9932004080878364
3172,3172,0.35136418446315326,800.0,0.9932452307807075
3173,3173,0.35136418446315326,800.0,0.9932253095838759
3174,3174,0.35136418446315326,800.0,-0.9997102949354384
3175,3175,0.35136418446315326,800.0,0.9934563106960721
3176,3176,0.35136418446315326,800.0,0.993168830871582
3177,3177,0.35136418446315326,800.0,0.993183453877767
3178,3178,0.35136418446315326,800.0,0.992969724867079
3179,3179,0.35136418446315326,800.0,0.9931742350260416
3180,3180,0.35136418446315326,800.0,-0.9997051027086046
3181,3181,0.35136418446315326,800.0,0.992951922946506
3182,3182,0.35136418446315326,800.0,0.9931419160630968
3183,3183,0.35136418446315326,800.0,0.9931513468424479
3184,3184,0.35136418446315326,800.0,0.993274900648329
3185,3185,0.35136418446315326,800.0,0.9927189085218642
3186,3186,0.35136418446315326,800.0,-0.9997057384914823
3187,3187,0.35136418446315326,800.0,-0.9997055265638564
3188,3188,0.35136418446315326,800.0,0.9931628968980577
3189,3189,0.35136418446315326,800.0,0.9933135774400499
3190,3190,0.35136418446315326,800.0,0.9929663340250651
3191,3191,0.35136418446315326,800.0,0.9924648072984483
3192,3192,0.35136418446315326,800.0,0.9931684070163302
3193,3193,0.35136418446315326,800.0,0.9932585822211372
3194,3194,0.35136418446315326,800.0,0.9934202829996744
3195,3195,0.35136418446315326,800.0,0.9931939442952474
3196,3196,0.35136418446315326,800.0,0.9931990305582682
3197,3197,0.35136418446315326,800.0,0.9927662743462456
3198,3198,0.35136418446315326,800.0,0.9928055869208442
3199,3199,0.35136418446315326,800.0,0.993199348449707
